dataset,level,file_name,tolerance,density,shape,reference_sha256,noisy_sha256,method,h,psnr,ssim,score,sigma,h_source,h_at_grid_boundary,time_calibration_s,time_filter_call_s,cpu_worker_limit,numba_thread_limit,nlm_backend,processed_pixels,fallback_pixels,nonlocal_pixels,fallback_fraction,gamma
set50,high,19.gif,0,0.1,"[512, 512]",d17c7663feb48c0fe318904421cb04ec7e850a109d952f66a49ac464a4176a1e,b36a0e2777a4778ee716a1dfe989dd541a6b3d7c5af5fd33a1b733957ca06fd4,nlm,387.0,22.109668820688867,0.5205316498336225,37.08141690202556,21.05504523500798,current_noise_full_reference_sweep,False,16.224875595999038,0.018115667000529356,8.0,8.0,NLM_fast_cuda_global,,,,,
set50,high,22.gif,0,0.1,"[512, 512]",dfe4f6c6370dbe0651bccc46e98ac3b787e8c63a3a37fb138fe6c81f3e32edd4,455a61e743daec9940c17a770102e9f6d8150016e197a7b40ba5ed8b526bdc6d,nlm,364.0,23.255227400159548,0.581738226262128,40.714525013186176,25.457679985315423,current_noise_full_reference_sweep,False,16.128390227000637,0.01883526499841537,8.0,8.0,NLM_fast_cuda_global,,,,,
set50,high,10.gif,0,0.1,"[512, 512]",e233b9bc584bbcbbdcbcbf3674e9c18c92aff37cf54afeec01dc2e7dc1811878,40725b43529bab17a6c41cf7934a73bda5b434a8803e87e4fc1465424cfe2303,nlm,480.0,23.427760520059376,0.6894048241192758,46.184121465993485,20.589459872835803,current_noise_full_reference_sweep,False,16.303651819998777,0.01746260700019775,8.0,8.0,NLM_fast_cuda_global,,,,,
set50,high,14.gif,0,0.1,"[512, 512]",83fe92c5398701971c09c467a97dc4bfdb94eb4b3ded548d26e5e7fcf62e4d2a,6b7ebb5297b454e99889eaa9e3c4e7c51d253902665731705f49dc1a7a3fe113,nlm,294.0,19.233693765421563,0.4976497119891949,34.49933248217053,26.003088181736842,current_noise_full_reference_sweep,False,16.279392649999863,0.01671718800025701,8.0,8.0,NLM_fast_cuda_global,,,,,
set50,high,5.gif,0,0.1,"[512, 512]",49db903e1a87a0044a734fb77708aad9985011bc9ee9fb379099de1b4e946109,e06f2bc488a0ff103329561f1b985093b78f631466c577b7e6aeacf6ec8eefe8,nlm,396.0,24.83215023316271,0.543565069302625,39.59432858171261,21.702792936220124,current_noise_full_reference_sweep,False,16.399736387000303,0.017011167998134624,8.0,8.0,NLM_fast_cuda_global,,,,,
set50,high,44.gif,0,0.1,"[512, 512]",f968969e97bf6f8f47fd5940af0bd7481b61f2df6d5d553882b8938123b37289,ec7bcd577aab4cb2bedb2657569a7b495db193526b6667e04b6672396e29b078,nlm,266.0,16.657489503327454,0.6243058926690486,39.54403938511616,36.43815176501487,current_noise_full_reference_sweep,False,16.153038339001796,0.017057777997251833,8.0,8.0,NLM_fast_cuda_global,,,,,
set50,high,42.gif,0,0.1,"[512, 512]",f9b953242d46fc204da43e46262ac3754e9428050546213f592efb0fb7398f12,d0610cf35e287c81eb1f642f3b1f542f30070d26d13b0067e7baf4d73663ef18,nlm,362.0,23.228042593366066,0.5802689537437933,40.627468983872696,23.91444889190755,current_noise_full_reference_sweep,False,16.139710796000145,0.018347951998293865,8.0,8.0,NLM_fast_cuda_global,,,,,
set50,high,38.gif,0,0.1,"[512, 512]",e39779dc60dbc76330293a5fdb44dfabe4d22433c36132e18afcf31a515217b4,b024231c1c516936430ae7117c8c77dd3ee6a417718598f0b9968ffc86f3b5f5,nlm,383.0,24.765764785375872,0.5725365195235109,41.009708368863485,22.550395353143223,current_noise_full_reference_sweep,False,16.189113716001884,0.01744973400127492,8.0,8.0,NLM_fast_cuda_global,,,,,
set50,high,48.gif,0,0.1,"[512, 512]",9b261d731fc3d639b0cc3dac391980b0c49dd558b24b95a14bb3f3eb9f3569d0,f7e02ffabb7c26975ac77d2ba941fa8dfff992fc0d3c3a52904286975a396ab4,nlm,400.0,24.076554216254884,0.626687271583177,43.37264068728629,21.760626491960036,current_noise_full_reference_sweep,False,16.441354897000565,0.017120756998338038,8.0,8.0,NLM_fast_cuda_global,,,,,
set50,high,17.gif,0,0.1,"[512, 512]",6f8a02e1689062bed722742a554760dd74359b35fc8b969bab8beed8e59421a0,e7c516b92404f02e0645aab2369f6d006b10771e2148c9e3305e1e93828f5d9b,nlm,336.0,19.695374006544583,0.4800868402290181,33.8520290147232,23.532742899481224,current_noise_full_reference_sweep,False,15.99079174399958,0.016954059999989113,8.0,8.0,NLM_fast_cuda_global,,,,,
set50,high,0.png,0,0.1,"[512, 512]",0a372ced9fd4d1f9633532a58073e3974b41da8cfc87f04ec8e9a8dc6a89bba1,5c64fdfe33f4ceb5a47428c2edc3ca4f989b1078a7da5d038a7aac327de869fd,nlm,468.0,25.10918929514593,0.7020772821645891,47.658458755802414,20.733669780436248,current_noise_full_reference_sweep,False,16.184361306000937,0.017359187999318237,8.0,8.0,NLM_fast_cuda_global,,,,,
set50,high,16.gif,0,0.1,"[512, 512]",2d68b31ae4d4c10bc0e60742ba3064c10d62113ffb3ca9a7c14b80e40b0e6170,6ca2d5d1195f31115e9e15bd7978d65bde8735913f5134a99256e529c86a3d8a,nlm,312.0,19.773286722567672,0.42807790176419397,31.290538449493532,29.482504091852217,current_noise_full_reference_sweep,False,16.22400990999995,0.01702203100103361,8.0,8.0,NLM_fast_cuda_global,,,,,
set50,high,32.gif,0,0.1,"[512, 512]",c3cc3fb5da093d47d6808c6219ed907c3e69ab01954b1b929a8739cbbcc26493,810d3fc722ad3d6be42c77a540abbe450d08f86c4c996feebc699bf3e2187fb0,nlm,349.0,20.881801073561657,0.44393321471648595,32.637561272605126,25.89444259527485,current_noise_full_reference_sweep,False,16.151703562001785,0.017197869001392974,8.0,8.0,NLM_fast_cuda_global,,,,,
set50,high,30.gif,0,0.1,"[512, 512]",b1cccc0e8d64bae511f9cd0c5596628364bd1e09c90c5e793604a1f7a55f642f,8f3d6ba7eafb9220ec09f0fc23d98c4362582f25fe465748fde08df029299774,nlm,388.0,22.75332274484527,0.44726202227556183,33.73976248620073,21.74257356577645,current_noise_full_reference_sweep,False,16.139027868000994,0.017498650999186793,8.0,8.0,NLM_fast_cuda_global,,,,,
set50,high,43.gif,0,0.1,"[512, 512]",443801cafadb33c7829b313f4efd834e70cc313567a260dd2b5554dc7ee6be98,f9f8d19328bf1d7475a95984514a389b0136e60eba80c85712e9c05f9a967619,nlm,418.0,23.223286171916545,0.6140873713338267,42.31601165264961,20.714731740547233,current_noise_full_reference_sweep,False,16.132189519998064,0.018222930000774795,8.0,8.0,NLM_fast_cuda_global,,,,,
set50,high,47.gif,0,0.1,"[512, 512]",9005ddf994846f88305becd36c72a046818a094c026c69a8106c34b34a31a8fe,5e23fe352e87a835d6f7372654af688603bdc568b1d6edc31757a6b71ff6f072,nlm,293.0,20.67265088990313,0.5049297334450087,35.582812117201996,27.121283714822397,current_noise_full_reference_sweep,False,16.23862338500112,0.017536034996737726,8.0,8.0,NLM_fast_cuda_global,,,,,
set50,high,25.gif,0,0.1,"[512, 512]",30838b6c4e963b60da10cc6158a119a7052a4ffa1ebdcc87bcf0054f681427c6,2539e5cf1bcc6130b9238ebc011a1069fdfddd7401c69aa83c14b2efb244dee4,nlm,499.0,27.174414785500574,0.6870426656158614,47.939340673543356,22.277514514975355,current_noise_full_reference_sweep,False,16.09539379599846,0.017122643999755383,8.0,8.0,NLM_fast_cuda_global,,,,,
set50,high,7.gif,0,0.1,"[512, 512]",5e3769e24988284e1036ce844ee8e0f11dbe28fe111f6a962e37864dc34b60dc,bfb32fd0573f98e26541bf24de61f68beccaeb66008181d1d775350c1789035f,nlm,380.0,20.354965148407103,0.5581205651487351,38.08351083164031,25.318165704896657,current_noise_full_reference_sweep,False,16.42799242000183,0.01800806100072805,8.0,8.0,NLM_fast_cuda_global,,,,,
set50,high,15.gif,0,0.1,"[512, 512]",51e2066df33af18b47bcd356b17c6cdf04f2a5fd219ace410fcabb06698c6c71,bf8b02c350afda2a086d62f94ecfc2be823c619bb2256328323737766f031044,nlm,325.0,21.13227513311592,0.47276443257080447,34.204359195098185,23.691332369995756,current_noise_full_reference_sweep,False,16.34515339400059,0.017362186999889673,8.0,8.0,NLM_fast_cuda_global,,,,,
set50,high,41.gif,0,0.1,"[512, 512]",1569598ab7f33ee44bcf70502565ffcd7528912a2c13cd1977fe64573770f1e6,70ff830e123ba0b8a56a22fa8d8361dd52e6efc94cce0dc0117077a8d211d455,nlm,349.0,23.47188100103136,0.5430722763293547,38.889554316983414,22.49967664111852,current_noise_full_reference_sweep,False,16.143194520001998,0.01682212699961383,8.0,8.0,NLM_fast_cuda_global,,,,,
set50,high,6.gif,0,0.1,"[512, 512]",ca956c8aa0ec2de8bd2e4d7545c7f969215d4f7f65cb72ee9d31cb17df0033b6,91c0d484c15597d9172a55a9609dcaaab6020d9ca89b915718e7c130aa54ed16,nlm,368.0,22.43718459159041,0.5266941960873234,37.553302100161375,22.34808890074662,current_noise_full_reference_sweep,False,16.331873279999854,0.017051205002644565,8.0,8.0,NLM_fast_cuda_global,,,,,
set50,high,21.gif,0,0.1,"[512, 512]",74d2fa3fc2447fd331660c09f2f468f3cce983dc347509d32564e992fdebaf9a,93925f5a9a6755a73923c2bef7adff8c2bdab08e8e089892c36ace4313afb948,nlm,420.0,24.31144600535536,0.5621164130488316,40.26154365511926,22.219897288943002,current_noise_full_reference_sweep,False,16.222301214000254,0.01770569499967678,8.0,8.0,NLM_fast_cuda_global,,,,,
set50,high,27.gif,0,0.1,"[512, 512]",bc7a1c1300b1b1bda264e18fbde62fa845194fac5839cb705a788c6ac331f517,144439eafed501fe7aa53d4e6967a995d40da47c2ef83b7b5e02b718dafccd80,nlm,524.0,25.424192735606326,0.720566345646502,48.74041365012826,20.55923592624273,current_noise_full_reference_sweep,False,16.17665546599892,0.0170404039999994,8.0,8.0,NLM_fast_cuda_global,,,,,
set50,high,46.gif,0,0.1,"[512, 512]",14cdebcd7b2b9e534cc9717933df6ccb4861289237cde90700810e2e6e2e245f,f9ffe1409fcf91d55fa900020b1f0f613dd8b50d40a2f9d090f6f53caa03f076,nlm,315.0,21.12869759403615,0.4707424388626755,34.10147074015185,24.391892798244967,current_noise_full_reference_sweep,False,16.315692609998223,0.018325106000702363,8.0,8.0,NLM_fast_cuda_global,,,,,
set50,high,20.gif,0,0.1,"[512, 512]",c3a4da195ffc62103521cd979723e50840fe46cfd989b567c826985f8b23dcf4,bd08cc1fb18acc1d47463e9c075d7d5d446aa4ae53b1672824ff6a737dc1f69d,nlm,336.0,22.17539090858642,0.47263049511467903,34.71922021002716,22.80452761665614,current_noise_full_reference_sweep,False,16.151023297999927,0.01708541800144303,8.0,8.0,NLM_fast_cuda_global,,,,,
set50,high,2.gif,0,0.1,"[512, 512]",b101b795e2638a1e9dbdaa513bdc8be6090aed4d6ac294b155e5f3a2c7c0bb80,13d3b6b9e05ddc640a63ea227d1f32df0b4e453f33794f15001a41ae53644828,nlm,393.0,24.598155767597785,0.5336963542834249,38.98389559797014,22.035409052066885,current_noise_full_reference_sweep,False,16.17548391299897,0.01708478299951821,8.0,8.0,NLM_fast_cuda_global,,,,,
set50,high,40.gif,0,0.1,"[512, 512]",911cad3f1d559f196f94ed9e80a9602969b74319acb1d70da238efdb48af38e2,d5f4e4babce2a4896b57ee8a524799a4a612a77617adc6237c295f1b8268313a,nlm,411.0,27.30274412335983,0.6204649408107293,44.67461910221638,22.60516211714659,current_noise_full_reference_sweep,False,16.127174324003136,0.018716382997808978,8.0,8.0,NLM_fast_cuda_global,,,,,
set50,high,31.gif,0,0.1,"[512, 512]",33781418a1e6e85521011be7d450b002a8f8a8f1ba68a79c1219f3b3ba59b160,85c7dd0dbdad648e1bc43c9d6bbf15a1baffa81644e4a28e665df8f4296b38c0,nlm,320.0,18.851151930472348,0.49425302989307274,34.13822745988981,31.02373873070407,current_noise_full_reference_sweep,False,16.214887645001,0.017348247001791606,8.0,8.0,NLM_fast_cuda_global,,,,,
set50,high,29.gif,0,0.1,"[512, 512]",1eeb76c0386fbcd563a08eb25bbeffde427bdc62658e4bcc02c8aafbf733f219,a7c813ed42caac8cc5e59ba0b313601fb3411f9081c2c98c849a0f386c717927,nlm,300.0,19.24292479954,0.41922828966501063,30.582876883020532,28.487477927947783,current_noise_full_reference_sweep,False,16.18910819300072,0.01693534500009264,8.0,8.0,NLM_fast_cuda_global,,,,,
set50,high,33.gif,0,0.1,"[512, 512]",7a10c4eca50167d8d459c2505f2b0f21cfb399e7b01adccaa0422695496c2e72,0b9b79cc55914de4df60ffdc521344bb95f073f3bbae4f345c20bb3d16868469,nlm,388.0,23.391902559597206,0.4914412560322609,36.26801408141165,22.87697120421427,current_noise_full_reference_sweep,False,16.159497100998124,0.018308781000087038,8.0,8.0,NLM_fast_cuda_global,,,,,
set50,high,24.gif,0,0.1,"[512, 512]",b8f6ebed7641854cd23e807c2f78d350f1373b2fe7f96e6ea18f8531797fbc3a,933931a3c3cf3e69d505146c4f660b276aa0eb49b9bdfff9b8e7b90470c69978,nlm,432.0,25.236815641546233,0.6083721491712786,43.03701527933705,22.183440784500835,current_noise_full_reference_sweep,False,16.10285997399842,0.01705624600072042,8.0,8.0,NLM_fast_cuda_global,,,,,
set50,high,3.gif,0,0.1,"[512, 512]",e3e2313cc250162bd613776c7b0063891d9d56b3576c9808ac5c8c0e7e8fcb8d,735ba2525df2e7b6a619ada7a3ef29d9102198e0392841695017c0dd0b5ee365,nlm,430.0,24.092766897669264,0.5810697686145277,41.09987187956102,21.46946650046343,current_noise_full_reference_sweep,False,16.10787907300255,0.017054315001587383,8.0,8.0,NLM_fast_cuda_global,,,,,
set50,high,1.gif,0,0.1,"[512, 512]",95f21dff4cd5a318a519cb05a1e35fb41f49c007ca46345fd6917258be8d9d73,3c777b4aafc995f531dbb45a128a3eae2ac912519ef53a690559aa448818fa5c,nlm,381.0,23.655838966268682,0.6395841752083409,43.80712824355139,24.387014775427502,current_noise_full_reference_sweep,False,16.219202217000202,0.01780948500163504,8.0,8.0,NLM_fast_cuda_global,,,,,
set50,high,23.gif,0,0.1,"[512, 512]",05918015ae96873f255fec3e75ace895a76214abbeffdbfff55b5cf6214224c6,5f89d28e00ddcbb3c400744e705cf34f0576d46a30918f8130ebe8b81f0dbd6b,nlm,500.0,26.118617385806722,0.7131868320886203,48.71865029733438,21.812428266442183,current_noise_full_reference_sweep,False,16.12311167400003,0.018024205999608967,8.0,8.0,NLM_fast_cuda_global,,,,,
set50,high,35.gif,0,0.1,"[512, 512]",353590d221e21b53b97858fbc575a2320a10336f21bbed5dd461fa942bab100f,7fd0001b7f292822b216f02c457dbcecd3cc83fe14deb66f3451f8f3ef72671e,nlm,374.0,24.494733009064618,0.6357995465925164,44.03734383415812,22.993376381755173,current_noise_full_reference_sweep,False,16.136231227999815,0.016958085001533618,8.0,8.0,NLM_fast_cuda_global,,,,,
set50,high,36.gif,0,0.1,"[512, 512]",99a41bcc709d43204ca0f73a6593656300237e5367043081c5065ca77d5e3628,ff4228673bf5f8b1cc0996ca7aebcbc4b4745a91c7d8bae3aa2dd541df188359,nlm,340.0,21.409217062254502,0.45504878558554934,33.45704781040472,21.438339059209383,current_noise_full_reference_sweep,False,16.17669083600049,0.017604005999601213,8.0,8.0,NLM_fast_cuda_global,,,,,
set50,high,26.gif,0,0.1,"[512, 512]",3efcc155fe7f35f9428c0536c9c1dc2b826188d5f0a5b0a90ecbf681233221e2,82c2e5bf1fd025c58e0731a894ed6f185e49d9f6da055c0ddcccab37d1acaf68,nlm,424.0,26.00881301994622,0.5884757065715889,42.42819183855256,22.008571443052894,current_noise_full_reference_sweep,False,16.204329655000038,0.018046678998871357,8.0,8.0,NLM_fast_cuda_global,,,,,
set50,high,37.gif,0,0.1,"[512, 512]",74881a36c4896c931da56c784ac35afb478dc71ae7af27894deeb074f83e518a,6711e4fc698c6f6b88662c31c7011be6475f79e420b41957137edbe48c02cc84,nlm,353.0,24.284250519395812,0.43094409104531606,33.68932981196371,22.98442627032487,current_noise_full_reference_sweep,False,16.050257500999578,0.017336050001176773,8.0,8.0,NLM_fast_cuda_global,,,,,
set50,high,13.gif,0,0.1,"[512, 512]",c34b796bde09761f5bc3c358f20b72f49e020580ed0a76d5456c61f0da4499eb,b23b2328bee24b6db72c9714ba291238b97ab3df260f49344564758f266b6c76,nlm,418.0,23.153762308129444,0.5956415771015234,41.358960009140894,21.59444427288615,current_noise_full_reference_sweep,False,16.25055606800015,0.016673898999215453,8.0,8.0,NLM_fast_cuda_global,,,,,
set50,high,28.gif,0,0.1,"[512, 512]",f509179793e6551fbec77f8fdd91e45d53d2dd6e0a87394377c4bb4c52eb9a43,d1611978754e5fc4a32fa267275458c29f71665a67a3d6e772e5a8d97a888b76,nlm,425.0,25.540714254334674,0.5975858944006407,42.64965184719937,23.111131852568736,current_noise_full_reference_sweep,False,16.18464147099803,0.016994809000607347,8.0,8.0,NLM_fast_cuda_global,,,,,
set50,high,9.gif,0,0.1,"[512, 512]",8b76cd61996084e7d23b9f638b4d32839d9f6ac7965ef9b585f78bdbdaff16b3,bf30a7802fc17f31bf72e321b90d3ed5f0390b5768e85c9c5499096eb9fcde3e,nlm,362.0,22.718259138459366,0.5652597886942552,39.622119003942444,23.50683282176238,current_noise_full_reference_sweep,False,16.12177702199915,0.017086621999624185,8.0,8.0,NLM_fast_cuda_global,,,,,
set50,high,18.gif,0,0.1,"[512, 512]",539caf0cced15a86b729848a1a182b75776a621cf01b5e9a62085f53b86f3407,57502a7add237e5d5309882c717ca9c474cb1f376e21798057c8e0f71c0150ec,nlm,345.0,19.34588284022985,0.4858963523318498,33.96775903670741,24.885984194626673,current_noise_full_reference_sweep,False,16.17088317299931,0.01841861299908487,8.0,8.0,NLM_fast_cuda_global,,,,,
set50,high,49.gif,0,0.1,"[512, 512]",8311e02cd6238d6e74f6a9bf6fa5c250d748ceec5882a86242e2452c587cdf2b,16522de1ffa2356a43b6b1339c41f1a31b67ef45f92c4bb401a90a78555d2b30,nlm,409.0,18.898468835766835,0.6828265027729761,43.59055955653222,24.185652821361934,current_noise_full_reference_sweep,False,16.695472073999554,0.01881903299727128,8.0,8.0,NLM_fast_cuda_global,,,,,
set50,high,4.gif,0,0.1,"[512, 512]",fd89b9bfe327e11c7cfbc851fff026261f2c33ef17edc9373682def6616fdc4f,3c0d019d5056b98dbdd01251831763caa26e55b8875f2444b402a81535401593,nlm,391.0,24.716528556304795,0.5127298391291528,37.99475623461004,21.988071021942634,current_noise_full_reference_sweep,False,16.12831081100012,0.01777745499930461,8.0,8.0,NLM_fast_cuda_global,,,,,
set50,high,8.gif,0,0.1,"[512, 512]",fd53a01b9f6a3a02a5408efee91cfa235b1325372804d49874a677719089b14e,22ebb86ce1395a6ea03d541a188eef6e92c3804779678fd6b9d986ea4a3704f1,nlm,560.0,23.980159994049068,0.5374979426250338,38.86497712827622,19.478345249393687,current_noise_full_reference_sweep,False,16.037048838003102,0.01800038899818901,8.0,8.0,NLM_fast_cuda_global,,,,,
set50,high,39.gif,0,0.1,"[512, 512]",e43557540646572e4a7b69124c49ff2c37c4d1695507c5d64a44d09a5043958e,2cd48e49bed02f86e876dc092a5fe09f97580929bf9971223e5d235b9fc21e5d,nlm,485.0,26.538465358739497,0.7176584770362523,49.152156531182364,21.9888953371028,current_noise_full_reference_sweep,False,16.071943973998714,0.016978272000415018,8.0,8.0,NLM_fast_cuda_global,,,,,
set50,high,12.gif,0,0.1,"[512, 512]",3c3ec23125fea9974f2e94c0d93a534edf2ec60d33b6af79f9a60fef58295de4,c499ec126eb1d4bd4772ea5064bf8c5aec9aedea33c962227fa457abfe5821f2,nlm,388.0,22.613464337197662,0.4964349274900199,36.128478543099824,21.550532170091383,current_noise_full_reference_sweep,False,16.326657238001644,0.017111675000705873,8.0,8.0,NLM_fast_cuda_global,,,,,
set50,high,45.gif,0,0.1,"[512, 512]",72644242bceb1596c04ab4ddde11989c7aa206ee2094402fadeac9f9c500d55a,1c77a0ba17abe22ce790d8efab4ac203a1f91fa751c993883c8b6bb7b35b8ec7,nlm,410.0,23.046404469965523,0.5931424263827789,41.180323554121706,22.044667397982465,current_noise_full_reference_sweep,False,16.16809626599934,0.018843437999748858,8.0,8.0,NLM_fast_cuda_global,,,,,
set50,high,11.gif,0,0.1,"[512, 512]",b12e0216f269d1ad8f5dfe769baf0fb60142ab5235a6d1d62707dc52ca591071,9cf4a3983f4c78b315b6e3696a2902c630e21959314e7d5ba80f4b5e3a698a9f,nlm,426.0,20.29878410920613,0.5935182619015767,39.8253051496819,23.779501571981662,current_noise_full_reference_sweep,False,16.29927067999961,0.017913962999955402,8.0,8.0,NLM_fast_cuda_global,,,,,
set50,high,34.gif,0,0.1,"[512, 512]",42a4b02f48b536770f4d42c1c4884a5b2a4a662af62778249a90a16c1d9f5398,aeee58b67027a3d070fc355f6fa808729e4818e31921fdad3e72e016da9f0e59,nlm,340.0,22.17233698784306,0.4695228829124311,34.56231263954308,22.811877171034453,current_noise_full_reference_sweep,False,16.078645753001183,0.017232367001270177,8.0,8.0,NLM_fast_cuda_global,,,,,
set50,medium,19.gif,0,0.05,"[512, 512]",d17c7663feb48c0fe318904421cb04ec7e850a109d952f66a49ac464a4176a1e,ab0f62ff71690b1f079d2442492232894b3d5cb0bd28f2a635a0154933a3ad9c,nlm,287.0,23.913702235232638,0.6171057404053567,42.812138137884155,9.560419952910303,current_noise_full_reference_sweep,False,16.04092823099927,0.01815518900002644,8.0,8.0,NLM_fast_cuda_global,,,,,
set50,medium,22.gif,0,0.05,"[512, 512]",dfe4f6c6370dbe0651bccc46e98ac3b787e8c63a3a37fb138fe6c81f3e32edd4,620f2e4a57fed79f61ab777b3e184c38652054c24847572fdb76c0001885adc8,nlm,261.0,24.81325091715791,0.6501438578400284,44.91381835058037,13.34341855263076,current_noise_full_reference_sweep,False,16.22868817700146,0.018262298999616178,8.0,8.0,NLM_fast_cuda_global,,,,,
set50,medium,10.gif,0,0.05,"[512, 512]",e233b9bc584bbcbbdcbcbf3674e9c18c92aff37cf54afeec01dc2e7dc1811878,bf39e4c2af1601555be9f4f79c87f5f72e4d70b0d0c6fbe349afddc726c4b64a,nlm,333.0,26.037375240578534,0.7517076044268249,50.60406784163051,6.2085141453237584,current_noise_full_reference_sweep,False,16.159678552001424,0.017660007000813494,8.0,8.0,NLM_fast_cuda_global,,,,,
set50,medium,14.gif,0,0.05,"[512, 512]",83fe92c5398701971c09c467a97dc4bfdb94eb4b3ded548d26e5e7fcf62e4d2a,15c8aaec04915b3a2e6edfedfb300a609784bb53adf334bf8a8dfad53fca7e0e,nlm,206.0,20.143758825297592,0.6179012995348256,40.96694438939008,15.460870697235201,current_noise_full_reference_sweep,False,16.191675543999736,0.017243325999515946,8.0,8.0,NLM_fast_cuda_global,,,,,
set50,medium,5.gif,0,0.05,"[512, 512]",49db903e1a87a0044a734fb77708aad9985011bc9ee9fb379099de1b4e946109,c2224edd221ea21c84e5117528a8db3adfc3696f14b7d240e12cc2d0730553af,nlm,265.0,25.95559408512856,0.6067748584086029,43.316539962994426,8.704290186534417,current_noise_full_reference_sweep,False,16.122743726000408,0.0169965940003749,8.0,8.0,NLM_fast_cuda_global,,,,,
set50,medium,44.gif,0,0.05,"[512, 512]",f968969e97bf6f8f47fd5940af0bd7481b61f2df6d5d553882b8938123b37289,b3d71aafdd8875b49cb64bc4e793cabad947e6ab2f446605040bc133a31cd1d0,nlm,190.0,18.66153002288439,0.7611588482405751,47.388707423470954,28.381985382321425,current_noise_full_reference_sweep,False,16.192571567000414,0.01742428500074311,8.0,8.0,NLM_fast_cuda_global,,,,,
set50,medium,42.gif,0,0.05,"[512, 512]",f9b953242d46fc204da43e46262ac3754e9428050546213f592efb0fb7398f12,6e3b11e5a5fc79d6e322f09ce90be37d3ffe0078940e736dc490e04f24ae9a34,nlm,260.0,24.94729675231657,0.6596124105878146,45.45426890554902,12.080704877459485,current_noise_full_reference_sweep,False,16.20278711100036,0.018061664999549976,8.0,8.0,NLM_fast_cuda_global,,,,,
set50,medium,38.gif,0,0.05,"[512, 512]",e39779dc60dbc76330293a5fdb44dfabe4d22433c36132e18afcf31a515217b4,2e0bec2731efda949bbf711f73c2cbc227dfc6737900f9055cfc90cf3cdf2fde,nlm,260.0,26.064121985689624,0.6420126422308128,45.13269310438545,8.062732625581653,current_noise_full_reference_sweep,False,16.242016140000487,0.01705547799974738,8.0,8.0,NLM_fast_cuda_global,,,,,
set50,medium,48.gif,0,0.05,"[512, 512]",9b261d731fc3d639b0cc3dac391980b0c49dd558b24b95a14bb3f3eb9f3569d0,a747073b330968ee1aae040e4dc878fcf916f0a11f16fe05636a80b9fc875feb,nlm,290.0,26.07335608045706,0.6981155213176014,47.9424541061086,7.505672317264953,current_noise_full_reference_sweep,False,16.271308620998752,0.018070649999572197,8.0,8.0,NLM_fast_cuda_global,,,,,
set50,medium,17.gif,0,0.05,"[512, 512]",6f8a02e1689062bed722742a554760dd74359b35fc8b969bab8beed8e59421a0,6af0ecd76919ca281da513ca27a3a90b46d370abb3eb6578013f06f4b900ca86,nlm,255.0,21.50447563354853,0.6028100914872907,40.892742391138796,12.113978648753214,current_noise_full_reference_sweep,False,16.087926414998947,0.017686496999886003,8.0,8.0,NLM_fast_cuda_global,,,,,
set50,medium,0.png,0,0.05,"[512, 512]",0a372ced9fd4d1f9633532a58073e3974b41da8cfc87f04ec8e9a8dc6a89bba1,95660ff47115848bd895ed7581195e91c2ab4a1746122ef36b82c4d90108493b,nlm,345.0,27.719776652281936,0.7691422456516936,52.31700060872565,4.2321626989935,current_noise_full_reference_sweep,False,16.277528265,0.018125500999303767,8.0,8.0,NLM_fast_cuda_global,,,,,
set50,medium,16.gif,0,0.05,"[512, 512]",2d68b31ae4d4c10bc0e60742ba3064c10d62113ffb3ca9a7c14b80e40b0e6170,7455aaabfc63093d044293a592276a820637f19bca9681cbe7c6ff4252ab18b7,nlm,209.0,20.111854614101922,0.532261528085266,36.66900371131426,20.95173295349308,current_noise_full_reference_sweep,False,16.15608697099924,0.018079056999340537,8.0,8.0,NLM_fast_cuda_global,,,,,
set50,medium,32.gif,0,0.05,"[512, 512]",c3cc3fb5da093d47d6808c6219ed907c3e69ab01954b1b929a8739cbbcc26493,d2e3e8ae3b57d5960df96ffa19753233b3b3181989f99a93fa4b43c98c09e669,nlm,251.0,22.067567955380476,0.5576607291730721,38.91682043634384,14.350226909038941,current_noise_full_reference_sweep,False,16.155535390000296,0.01803055299933476,8.0,8.0,NLM_fast_cuda_global,,,,,
set50,medium,30.gif,0,0.05,"[512, 512]",b1cccc0e8d64bae511f9cd0c5596628364bd1e09c90c5e793604a1f7a55f642f,50942175cdb95f83dc200d5959fee5536d4754b54986e42ca9e7c656cbeb2d35,nlm,262.0,23.79519303259474,0.5381999528854556,38.80759416057015,10.164384218016483,current_noise_full_reference_sweep,False,16.220602813998994,0.01797102199998335,8.0,8.0,NLM_fast_cuda_global,,,,,
set50,medium,43.gif,0,0.05,"[512, 512]",443801cafadb33c7829b313f4efd834e70cc313567a260dd2b5554dc7ee6be98,0f28e2bbe65b808a1ad16efa6f1a2414cb8e1679bad1f815c763acec68cff608,nlm,298.0,25.158351100271336,0.6885825967416347,47.0083053872174,6.996010130657936,current_noise_full_reference_sweep,False,16.167013775999294,0.017699359999824082,8.0,8.0,NLM_fast_cuda_global,,,,,
set50,medium,47.gif,0,0.05,"[512, 512]",9005ddf994846f88305becd36c72a046818a094c026c69a8106c34b34a31a8fe,f0b3f05cda30a32f8298ccca20c4e29bcc50c140242aed6be8d436ed2cbce168,nlm,216.0,21.85715629583636,0.6226735076248914,42.062253529162746,15.956978343048126,current_noise_full_reference_sweep,False,16.19420986899968,0.017126720000305795,8.0,8.0,NLM_fast_cuda_global,,,,,
set50,medium,25.gif,0,0.05,"[512, 512]",30838b6c4e963b60da10cc6158a119a7052a4ffa1ebdcc87bcf0054f681427c6,c89a7c0b0f09eb3263a9d11fe8efddbb4c1176dcd1ec6708e3bfd021c89ed096,nlm,322.0,28.73124586786176,0.7228436928993138,50.50780757889657,7.508218786567634,current_noise_full_reference_sweep,False,16.27674779699919,0.01766187499924854,8.0,8.0,NLM_fast_cuda_global,,,,,
set50,medium,7.gif,0,0.05,"[512, 512]",5e3769e24988284e1036ce844ee8e0f11dbe28fe111f6a962e37864dc34b60dc,0b7b6c2421211e0fc8eb9beafb206d75c70b2b199d5853ec2da992719afaceeb,nlm,286.0,22.29741516521632,0.6531211336992742,43.80476426757187,14.38071808644723,current_noise_full_reference_sweep,False,16.229336977999992,0.018014160999882733,8.0,8.0,NLM_fast_cuda_global,,,,,
set50,medium,15.gif,0,0.05,"[512, 512]",51e2066df33af18b47bcd356b17c6cdf04f2a5fd219ace410fcabb06698c6c71,39199cb66df82a184e9e3590d2a8fb0d07979479d1aa4b27f16430a55727c97d,nlm,234.0,22.159284065804407,0.5888578943883023,40.52253675231732,12.637099229617629,current_noise_full_reference_sweep,False,16.192902102999142,0.017122287999882246,8.0,8.0,NLM_fast_cuda_global,,,,,
set50,medium,41.gif,0,0.05,"[512, 512]",1569598ab7f33ee44bcf70502565ffcd7528912a2c13cd1977fe64573770f1e6,639175861e9da8475bf7aae7e80671d5d0dab0e21f7e6410bb02e7d02ad6a8fb,nlm,251.0,24.88538454047093,0.6323922446208344,44.06230450127718,8.47043847962506,current_noise_full_reference_sweep,False,16.40356257700114,0.01733878800041566,8.0,8.0,NLM_fast_cuda_global,,,,,
set50,medium,6.gif,0,0.05,"[512, 512]",ca956c8aa0ec2de8bd2e4d7545c7f969215d4f7f65cb72ee9d31cb17df0033b6,55397b364b569ec357ea88a4f227d75702d9c46065e68167ce5415a085e5c604,nlm,260.0,23.567450299445504,0.6208679270022363,42.82712149983456,9.936260299638587,current_noise_full_reference_sweep,False,16.197593848000906,0.017075580000891932,8.0,8.0,NLM_fast_cuda_global,,,,,
set50,medium,21.gif,0,0.05,"[512, 512]",74d2fa3fc2447fd331660c09f2f468f3cce983dc347509d32564e992fdebaf9a,b6c46b122a5935b040c7876069901e8fa2e88d65c0dccd7d3eab28bd325feb1d,nlm,275.0,25.8126125949636,0.6249612979963173,44.154371197297664,9.658659090695041,current_noise_full_reference_sweep,False,16.371281271000043,0.017192911000165623,8.0,8.0,NLM_fast_cuda_global,,,,,
set50,medium,27.gif,0,0.05,"[512, 512]",bc7a1c1300b1b1bda264e18fbde62fa845194fac5839cb705a788c6ac331f517,bc5c0abc5cb89f2602601bed2e468d7abc51acd7e1e351256ff9700481db427e,nlm,353.0,27.778823632017374,0.7675237268664774,52.26559815933256,6.593418424014753,current_noise_full_reference_sweep,False,16.291187785000147,0.01794924999921932,8.0,8.0,NLM_fast_cuda_global,,,,,
set50,medium,46.gif,0,0.05,"[512, 512]",14cdebcd7b2b9e534cc9717933df6ccb4861289237cde90700810e2e6e2e245f,d878c43c275cd0166300fe04d75a53c09d3d75d67cb3d908e5882e20a295ecc9,nlm,220.0,21.76742703245135,0.5750930945910424,39.6383682457778,12.896673669891248,current_noise_full_reference_sweep,False,16.241737656000623,0.018018550001215772,8.0,8.0,NLM_fast_cuda_global,,,,,
set50,medium,20.gif,0,0.05,"[512, 512]",c3a4da195ffc62103521cd979723e50840fe46cfd989b567c826985f8b23dcf4,5bfaaf6ce3c548fbb6ee19f84702519c6eb63441cab262540222464802072c15,nlm,236.0,22.729079574112887,0.5596525935001166,39.347169462062276,11.640445644187713,current_noise_full_reference_sweep,False,16.363860630001,0.017151594000097248,8.0,8.0,NLM_fast_cuda_global,,,,,
set50,medium,2.gif,0,0.05,"[512, 512]",b101b795e2638a1e9dbdaa513bdc8be6090aed4d6ac294b155e5f3a2c7c0bb80,47bd00b70c71b3de67094cd318e7fb07d41c4b8231d7032dbe43d4a7fd0afd84,nlm,266.0,25.94446061744391,0.5966309205353318,42.80377633548855,8.700073878116541,current_noise_full_reference_sweep,False,16.156021025999507,0.01715840399992885,8.0,8.0,NLM_fast_cuda_global,,,,,
set50,medium,40.gif,0,0.05,"[512, 512]",911cad3f1d559f196f94ed9e80a9602969b74319acb1d70da238efdb48af38e2,dc1d71ab921c00086086b6fde9eb97f5acf18f1ed049f18da885c811f2618fe2,nlm,269.0,28.486911890631287,0.6626859435706646,47.377753123848876,6.899691095767725,current_noise_full_reference_sweep,False,16.26890562799963,0.018047193001621054,8.0,8.0,NLM_fast_cuda_global,,,,,
set50,medium,31.gif,0,0.05,"[512, 512]",33781418a1e6e85521011be7d450b002a8f8a8f1ba68a79c1219f3b3ba59b160,a83f1584e818989261cb11cf48877cb0c510282d8114787afbbd003206284810,nlm,230.0,20.06366159995575,0.6107760679187771,40.57063419591673,21.860549608056544,current_noise_full_reference_sweep,False,16.218917127000168,0.017500354999356205,8.0,8.0,NLM_fast_cuda_global,,,,,
set50,medium,29.gif,0,0.05,"[512, 512]",1eeb76c0386fbcd563a08eb25bbeffde427bdc62658e4bcc02c8aafbf733f219,83a2de1c8dcf51614771b01920c82a7c23337d67875efe46d6c405c5127135c7,nlm,210.0,20.234473285810036,0.5449356215015125,37.364017717980644,18.879175585845193,current_noise_full_reference_sweep,False,16.109240437999688,0.01709931200093706,8.0,8.0,NLM_fast_cuda_global,,,,,
set50,medium,33.gif,0,0.05,"[512, 512]",7a10c4eca50167d8d459c2505f2b0f21cfb399e7b01adccaa0422695496c2e72,08d26c934a289bb92e048127732aeadfa9b78a9f4b5882efb73995bdf3cd72d1,nlm,265.0,24.54634830674201,0.5584887218011004,40.19761024342603,10.957238251891756,current_noise_full_reference_sweep,False,16.206824598999447,0.018420279000565642,8.0,8.0,NLM_fast_cuda_global,,,,,
set50,medium,24.gif,0,0.05,"[512, 512]",b8f6ebed7641854cd23e807c2f78d350f1373b2fe7f96e6ea18f8531797fbc3a,7df6a26996b27055fbd6fade2729c1bef1483650ee3f0c3831c8b73955e45a96,nlm,291.0,26.709666679991876,0.6614236173011745,46.426014205054656,8.265634338153951,current_noise_full_reference_sweep,False,16.07911678399978,0.01779942199937068,8.0,8.0,NLM_fast_cuda_global,,,,,
set50,medium,3.gif,0,0.05,"[512, 512]",e3e2313cc250162bd613776c7b0063891d9d56b3576c9808ac5c8c0e7e8fcb8d,796ec59771c5391e193cc91c432e0a5596e1920f3a4db227d9eb10f6a3d518d5,nlm,303.0,25.84158276345233,0.6487510317087494,45.35834296716364,8.031951594643632,current_noise_full_reference_sweep,False,16.06834024700038,0.017115573999035405,8.0,8.0,NLM_fast_cuda_global,,,,,
set50,medium,1.gif,0,0.05,"[512, 512]",95f21dff4cd5a318a519cb05a1e35fb41f49c007ca46345fd6917258be8d9d73,e24ed88e7f0eb2dddfa6a9612b63b2c33becdf037cb98dd934bdb9f01a47ea78,nlm,282.0,25.82880474202441,0.734019921096996,49.615398425862,10.728431410319414,current_noise_full_reference_sweep,False,16.242565151000235,0.018087644000843284,8.0,8.0,NLM_fast_cuda_global,,,,,
set50,medium,23.gif,0,0.05,"[512, 512]",05918015ae96873f255fec3e75ace895a76214abbeffdbfff55b5cf6214224c6,655503e7d7fab0b5c67c003c7369ebf5019a3bde7ab7b4ded0a31511df31d745,nlm,334.0,28.62587832912764,0.7585824064859934,52.24205948886349,6.849127914905318,current_noise_full_reference_sweep,False,16.16675313700034,0.017084212000554544,8.0,8.0,NLM_fast_cuda_global,,,,,
set50,medium,35.gif,0,0.05,"[512, 512]",353590d221e21b53b97858fbc575a2320a10336f21bbed5dd461fa942bab100f,d8405f20d92cf2c558f2ca882734d0a50ace70c0b016ae8d28e3ae1f7bf374d8,nlm,272.0,26.250710158030508,0.7057249857989971,48.411604368965115,11.185565067740466,current_noise_full_reference_sweep,False,16.1652337430005,0.017108355999880587,8.0,8.0,NLM_fast_cuda_global,,,,,
set50,medium,36.gif,0,0.05,"[512, 512]",99a41bcc709d43204ca0f73a6593656300237e5367043081c5065ca77d5e3628,57e4e3e6cfe9d42cb759240f0c415ccaf8f59eecb6632db03e3d83df22720313,nlm,246.0,22.6914805001852,0.5721613928329454,39.95380989173987,10.530278346915944,current_noise_full_reference_sweep,False,16.22589641900049,0.017611663999559823,8.0,8.0,NLM_fast_cuda_global,,,,,
set50,medium,26.gif,0,0.05,"[512, 512]",3efcc155fe7f35f9428c0536c9c1dc2b826188d5f0a5b0a90ecbf681233221e2,854fb7772003d6ba3ae6e98b9a7fb849cc21ff8676ba7f04a3260e753a54d7cd,nlm,288.0,27.345916020007635,0.6334367296115032,45.34479449057898,8.04525657861822,current_noise_full_reference_sweep,False,16.29539114399995,0.017486836999523803,8.0,8.0,NLM_fast_cuda_global,,,,,
set50,medium,37.gif,0,0.05,"[512, 512]",74881a36c4896c931da56c784ac35afb478dc71ae7af27894deeb074f83e518a,036505e5dfbec15ce66a6908c05abf048cc47a82646c9b6094a5edfac7c701dc,nlm,237.0,24.635500875670164,0.4903702541749639,36.83626314658328,11.077817320260818,current_noise_full_reference_sweep,False,16.2115139790003,0.017753170999640133,8.0,8.0,NLM_fast_cuda_global,,,,,
set50,medium,13.gif,0,0.05,"[512, 512]",c34b796bde09761f5bc3c358f20b72f49e020580ed0a76d5456c61f0da4499eb,e2de224a77a3db31067ae6e062087f6bfac38a8df3f2a2d549c5cef396b3bc18,nlm,282.0,25.040563031872843,0.668962061724824,45.96838460217762,7.4409232804815,current_noise_full_reference_sweep,False,16.236220597000283,0.017542867999509326,8.0,8.0,NLM_fast_cuda_global,,,,,
set50,medium,28.gif,0,0.05,"[512, 512]",f509179793e6551fbec77f8fdd91e45d53d2dd6e0a87394377c4bb4c52eb9a43,58a9abd4838209bd106b4a74ece0597005b07fe99a36d69bd1aa86ba516bad88,nlm,279.0,26.89203471500192,0.6469632038273956,45.794177548870735,10.07094038874926,current_noise_full_reference_sweep,False,16.166837662000034,0.017123383999205544,8.0,8.0,NLM_fast_cuda_global,,,,,
set50,medium,9.gif,0,0.05,"[512, 512]",8b76cd61996084e7d23b9f638b4d32839d9f6ac7965ef9b585f78bdbdaff16b3,e0f43ad256990bfaa3242b836c5dd9d4cf4e80021e09d929388010da18ae0559,nlm,259.0,24.104911014663326,0.6620060269301951,45.15275685384142,11.47685584680537,current_noise_full_reference_sweep,False,16.26697584899921,0.017921450000358163,8.0,8.0,NLM_fast_cuda_global,,,,,
set50,medium,18.gif,0,0.05,"[512, 512]",539caf0cced15a86b729848a1a182b75776a621cf01b5e9a62085f53b86f3407,4a90c942e2032c8804b9ebb9792d42187fe4daeee7ef4378cd6b6eb20be33093,nlm,251.0,20.60925307831967,0.5964710462732608,40.12817885282287,14.72059750757321,current_noise_full_reference_sweep,False,16.17734535499949,0.01715501700164168,8.0,8.0,NLM_fast_cuda_global,,,,,
set50,medium,49.gif,0,0.05,"[512, 512]",8311e02cd6238d6e74f6a9bf6fa5c250d748ceec5882a86242e2452c587cdf2b,5a601ed1dcc9698d64a9477467d78dda4fff8dd35cfeaf9d23934a7ad5017559,nlm,350.0,21.657616113593082,0.7853156974198657,50.094592927789826,10.56354222077207,current_noise_full_reference_sweep,False,16.295920294000098,0.017111782000938547,8.0,8.0,NLM_fast_cuda_global,,,,,
set50,medium,4.gif,0,0.05,"[512, 512]",fd89b9bfe327e11c7cfbc851fff026261f2c33ef17edc9373682def6616fdc4f,1bddc85da101df43df7bb7612200d6defe6021e2962e858d3d0572298eb96ac2,nlm,261.0,25.823180266299126,0.5761827198050538,41.72072612340225,8.16583706090694,current_noise_full_reference_sweep,False,16.234205869001016,0.017806257999836816,8.0,8.0,NLM_fast_cuda_global,,,,,
set50,medium,8.gif,0,0.05,"[512, 512]",fd53a01b9f6a3a02a5408efee91cfa235b1325372804d49874a677719089b14e,e2dea4fbc7e21862ca9af16abc32c18c40a4dd5dd02696d500714675394acfb8,nlm,381.0,25.61603794076507,0.5991046158256559,42.76324976166533,7.543811386099229,current_noise_full_reference_sweep,False,16.284495066998716,0.017161132000182988,8.0,8.0,NLM_fast_cuda_global,,,,,
set50,medium,39.gif,0,0.05,"[512, 512]",e43557540646572e4a7b69124c49ff2c37c4d1695507c5d64a44d09a5043958e,3302c586943fdd9db0f9ba7e02a73af0dce174011bc328f077b07b2e455337b4,nlm,335.0,28.36341516203155,0.7543655794057543,51.899986551303485,7.571946266398734,current_noise_full_reference_sweep,False,16.262228843999765,0.017090497000026517,8.0,8.0,NLM_fast_cuda_global,,,,,
set50,medium,12.gif,0,0.05,"[512, 512]",3c3ec23125fea9974f2e94c0d93a534edf2ec60d33b6af79f9a60fef58295de4,59d963dcd00180e7f3f72547745489e101cd7eff2175e5f3bb993ec828ffbb2f,nlm,279.0,24.08702992240618,0.5958673546162853,41.836882692017355,8.95453417098994,current_noise_full_reference_sweep,False,16.172136256000158,0.017092314999899827,8.0,8.0,NLM_fast_cuda_global,,,,,
set50,medium,45.gif,0,0.05,"[512, 512]",72644242bceb1596c04ab4ddde11989c7aa206ee2094402fadeac9f9c500d55a,81ad42bbcf0b5e8f33c2ad489cebceb574e8a1035bc12ec2a3d57de309ae0f6a,nlm,292.0,24.921245280893842,0.6613909486145038,45.53017007117211,10.593243724051794,current_noise_full_reference_sweep,False,16.20281680900007,0.01708462100032193,8.0,8.0,NLM_fast_cuda_global,,,,,
set50,medium,11.gif,0,0.05,"[512, 512]",b12e0216f269d1ad8f5dfe769baf0fb60142ab5235a6d1d62707dc52ca591071,901e5232f1e9d4af8b7e7854cd94540c565ee392f1959e992aa40cca5ec504b7,nlm,330.0,22.778437703510676,0.6991542543057122,46.34693156704095,12.458126693324388,current_noise_full_reference_sweep,False,16.331540749999476,0.017146482001408003,8.0,8.0,NLM_fast_cuda_global,,,,,
set50,medium,34.gif,0,0.05,"[512, 512]",42a4b02f48b536770f4d42c1c4884a5b2a4a662af62778249a90a16c1d9f5398,f88df87e1cc3de2cabfeea22db517da9ce53ffbe36b4b8fcb3fda6b33e5bcef7,nlm,244.0,22.96842013895673,0.5563562403839274,39.30202208867473,12.084279266352977,current_noise_full_reference_sweep,False,16.21739614999933,0.016958390000581858,8.0,8.0,NLM_fast_cuda_global,,,,,
set50,extreme,10.gif,0,0.2,"[512, 512]",e233b9bc584bbcbbdcbcbf3674e9c18c92aff37cf54afeec01dc2e7dc1811878,c2298b7f30afbb2db5aebc17d7f29055d6f3492e431507d9548fbcca879a142f,nlm,628.0,20.953287092671438,0.6071029958970421,40.83179334118782,44.133248312679356,current_noise_full_reference_sweep,True,16.478269057002763,0.017599617000087164,8.0,8.0,NLM_fast_cuda_global,,,,,
set50,extreme,14.gif,0,0.2,"[512, 512]",83fe92c5398701971c09c467a97dc4bfdb94eb4b3ded548d26e5e7fcf62e4d2a,36c3db98b37020897cb790eee3f380ca4e3c589a7337e0f1731d5083be74de8b,nlm,410.0,18.350539689479987,0.3668712476787613,27.518832228678058,48.11465660222107,current_noise_full_reference_sweep,False,16.19707211200148,0.017006493002554635,8.0,8.0,NLM_fast_cuda_global,,,,,
set50,extreme,17.gif,0,0.2,"[512, 512]",6f8a02e1689062bed722742a554760dd74359b35fc8b969bab8beed8e59421a0,17e6123b721dbc81875513fc7c9915a2eba92d8c973008e05f4954fdda41b490,nlm,449.0,17.580564954098964,0.3394566569885232,25.763115326475642,46.1366027966235,current_noise_full_reference_sweep,False,16.315486264000356,0.01775586500298232,8.0,8.0,NLM_fast_cuda_global,,,,,
set50,extreme,0.png,0,0.2,"[512, 512]",0a372ced9fd4d1f9633532a58073e3974b41da8cfc87f04ec8e9a8dc6a89bba1,bb82ddd95a6a25e95485a996c31e0375130595fb41bbf773b1bd5b01c13959c1,nlm,628.0,21.886498483244416,0.5981345970197188,40.84997909260815,45.520164932301185,current_noise_full_reference_sweep,True,17.52322597300008,0.01889807100087637,8.0,8.0,NLM_fast_cuda_global,,,,,
set50,extreme,16.gif,0,0.2,"[512, 512]",2d68b31ae4d4c10bc0e60742ba3064c10d62113ffb3ca9a7c14b80e40b0e6170,c8d9a39d5ea106b2f8e0b3580157d89fa6290b7d7e8c0e322943dca12a068081,nlm,443.0,18.773118260288445,0.3267804861207855,25.7255834361835,49.16566267319478,current_noise_full_reference_sweep,False,16.294499297000584,0.01703394000287517,8.0,8.0,NLM_fast_cuda_global,,,,,
set50,extreme,15.gif,0,0.2,"[512, 512]",51e2066df33af18b47bcd356b17c6cdf04f2a5fd219ace410fcabb06698c6c71,c0c5b975b75787dda8b1787640e80a6419da298beb2e1a402d4d533166ac79a8,nlm,525.0,19.92980551066048,0.3568790412062642,27.80885481564345,46.740671691784314,current_noise_full_reference_sweep,False,16.279253109998535,0.017936045998794725,8.0,8.0,NLM_fast_cuda_global,,,,,
set50,extreme,1.gif,0,0.2,"[512, 512]",95f21dff4cd5a318a519cb05a1e35fb41f49c007ca46345fd6917258be8d9d73,54e822cbce4710b252fbe64e0411a8ba078cc0c39f84b7119227543ee0ff4185,nlm,580.0,21.046907770958278,0.5238600382558081,36.71645579826954,47.41821068017442,current_noise_full_reference_sweep,False,16.15514238400283,0.01759194300029776,8.0,8.0,NLM_fast_cuda_global,,,,,
set50,extreme,13.gif,0,0.2,"[512, 512]",c34b796bde09761f5bc3c358f20b72f49e020580ed0a76d5456c61f0da4499eb,a84c1c331a5b2661871dff4b6ef9f179c3d48a7adff60094eeec0c37ae9dc833,nlm,628.0,20.811193999203756,0.5233033475685339,36.57076437802857,45.70519045864705,current_noise_full_reference_sweep,True,16.276349779996963,0.01797358799740323,8.0,8.0,NLM_fast_cuda_global,,,,,
set50,extreme,12.gif,0,0.2,"[512, 512]",3c3ec23125fea9974f2e94c0d93a534edf2ec60d33b6af79f9a60fef58295de4,1d12433516009299264d8cd1854d468e863db6cbefb911afc9f1b697bfd9710b,nlm,561.0,20.256618194196907,0.39455311840816853,29.855965017506882,45.90305437548062,current_noise_full_reference_sweep,False,16.267503669998405,0.017021261002810206,8.0,8.0,NLM_fast_cuda_global,,,,,
set50,extreme,11.gif,0,0.2,"[512, 512]",b12e0216f269d1ad8f5dfe769baf0fb60142ab5235a6d1d62707dc52ca591071,fcdb2ce8ef577a9371493db0c92e2c924d780969164bcbc7ba6b5180060404fa,nlm,597.0,17.11887833842487,0.4517692133562365,31.14789983702426,46.9670091226753,current_noise_full_reference_sweep,False,16.282817299997987,0.01699973900031182,8.0,8.0,NLM_fast_cuda_global,,,,,
set50,moderate,19.gif,0,0.03,"[512, 512]",d17c7663feb48c0fe318904421cb04ec7e850a109d952f66a49ac464a4176a1e,4a77cc7feb68ac2e5a85825f247e8e4c3c9679a7c0426f5bfdcd4072c19d4627,nlm,235.0,24.826462740406342,0.669913741746462,45.90891845752627,6.494342245792931,current_noise_full_reference_sweep,False,17.65274732999933,0.01678732499931357,,,,,,,,
set50,moderate,22.gif,0,0.03,"[512, 512]",dfe4f6c6370dbe0651bccc46e98ac3b787e8c63a3a37fb138fe6c81f3e32edd4,2e45a4290be99d09ad7c8b15ab628d656e317851811cf62a814d56799172c143,nlm,205.0,25.760356379588444,0.6853885281740352,47.14960459849598,8.96475256835278,current_noise_full_reference_sweep,False,17.741605143000925,0.017141391001132433,,,,,,,,
set50,moderate,10.gif,0,0.03,"[512, 512]",e233b9bc584bbcbbdcbcbf3674e9c18c92aff37cf54afeec01dc2e7dc1811878,bf021845440d96f05ab8d1c21303bf9963fdc05185458026279984bb6cf67882,nlm,266.0,27.593164813282016,0.7894584273645378,53.26950377486789,3.1256984573040305,current_noise_full_reference_sweep,False,17.87130853200142,0.017702810000628233,,,,,,,,
set50,moderate,14.gif,0,0.03,"[512, 512]",83fe92c5398701971c09c467a97dc4bfdb94eb4b3ded548d26e5e7fcf62e4d2a,abe42801e069a3aebf3f39389e875a54b88a4e1f606a29719e6111251e33d91b,nlm,154.0,21.390084569180484,0.7103423480247605,46.21215968582827,12.124201287875028,current_noise_full_reference_sweep,True,17.718999485001405,0.01770321000003605,,,,,,,,
set50,moderate,5.gif,0,0.03,"[512, 512]",49db903e1a87a0044a734fb77708aad9985011bc9ee9fb379099de1b4e946109,af29f9154f09d34b94284c16eae6366125c9201801f5961f397ede4007ff8d2a,nlm,211.0,26.483512336702198,0.6488011381668554,45.68181307669387,5.877185756804827,current_noise_full_reference_sweep,False,16.266967317000308,0.017040300999724423,8.0,8.0,NLM_fast_cuda_global,,,,,
set50,moderate,44.gif,0,0.03,"[512, 512]",f968969e97bf6f8f47fd5940af0bd7481b61f2df6d5d553882b8938123b37289,bb1a9080a734e4376c0068ee09317d2e77d45ff3bc06189f526414812d722522,nlm,154.0,20.64448319239684,0.8408050622230682,52.36249470735183,25.35537158675716,current_noise_full_reference_sweep,True,16.180930854001417,0.01781050200042955,8.0,8.0,NLM_fast_cuda_global,,,,,
set50,moderate,42.gif,0,0.03,"[512, 512]",f9b953242d46fc204da43e46262ac3754e9428050546213f592efb0fb7398f12,5a97f335dd14d16fa2a26568a61dbdd1f0cd96c034e1d93323385c6c8ee1278b,nlm,210.0,26.021946885174643,0.7056698694247036,48.2944669138225,8.926622689996277,current_noise_full_reference_sweep,False,16.20408361799855,0.01776869000059378,8.0,8.0,NLM_fast_cuda_global,,,,,
set50,moderate,38.gif,0,0.03,"[512, 512]",e39779dc60dbc76330293a5fdb44dfabe4d22433c36132e18afcf31a515217b4,7b05a5462bc68e44134575d6e71c54256811d7816777d48e15b8ebff29020534,nlm,204.0,26.79925245989912,0.6887098748641179,47.83511997315546,4.565535968816709,current_noise_full_reference_sweep,False,16.22354171799998,0.017780231000870117,8.0,8.0,NLM_fast_cuda_global,,,,,
set50,moderate,48.gif,0,0.03,"[512, 512]",9b261d731fc3d639b0cc3dac391980b0c49dd558b24b95a14bb3f3eb9f3569d0,be699cc3e412bf91ef9e26d4f7be8e45cc78cbc1049db067c20cc8e0fdefa309,nlm,231.0,27.21951164828324,0.7415359765051643,50.68655464939984,4.3963696723062275,current_noise_full_reference_sweep,False,16.247193925999454,0.017369537001286517,8.0,8.0,NLM_fast_cuda_global,,,,,
set50,moderate,17.gif,0,0.03,"[512, 512]",6f8a02e1689062bed722742a554760dd74359b35fc8b969bab8beed8e59421a0,29b950eb5447df2cee11f6d9ed1e4ef64d57aa95f3d5eddc1297ed8706b401b4,nlm,204.0,22.56067104814447,0.6841723911243609,45.48895508029028,8.858783531801935,current_noise_full_reference_sweep,False,18.34469888000058,0.017120288001024164,,,,,,,,
set50,moderate,0.png,0,0.03,"[512, 512]",0a372ced9fd4d1f9633532a58073e3974b41da8cfc87f04ec8e9a8dc6a89bba1,1890871d8ac6fdf241ae77566f9a0eb175baed8033bd8ffbdecf5475a45749fe,nlm,288.0,28.981405231013795,0.7990540724379398,54.443406237403885,0.9696326970803544,current_noise_full_reference_sweep,False,17.691185124000185,0.0175049619992933,,,,,,,,
set50,moderate,16.gif,0,0.03,"[512, 512]",2d68b31ae4d4c10bc0e60742ba3064c10d62113ffb3ca9a7c14b80e40b0e6170,108534efa550eb43c28b1af1689dc7e2b4ce02a2879364bb26dfe0bda7ea36a0,nlm,154.0,20.965282215791625,0.6198121148416047,41.47324684997605,17.933548946925256,current_noise_full_reference_sweep,True,17.857966834999388,0.017742408999765757,,,,,,,,
set50,moderate,32.gif,0,0.03,"[512, 512]",c3cc3fb5da093d47d6808c6219ed907c3e69ab01954b1b929a8739cbbcc26493,d278879439261ffe9ed28694e5eea47639c1b8f5a8a94bace3543395b60dd533,nlm,197.0,22.855847522735736,0.6361651075503437,43.23617913888505,10.966244213148519,current_noise_full_reference_sweep,False,18.291777873000683,0.018358744000579463,,,,,,,,
set50,moderate,30.gif,0,0.03,"[512, 512]",b1cccc0e8d64bae511f9cd0c5596628364bd1e09c90c5e793604a1f7a55f642f,d28020be6943581ea586663a46ffe8f3a0fb5dabd1de0042b989c19d113e461f,nlm,204.0,24.269872217147885,0.5953272408793736,41.90129815254262,7.17802966381252,current_noise_full_reference_sweep,False,17.717849192000358,0.017856361000667675,,,,,,,,
set50,moderate,43.gif,0,0.03,"[512, 512]",443801cafadb33c7829b313f4efd834e70cc313567a260dd2b5554dc7ee6be98,1f8784755ea55d81ac618ccaca204d47bf177db66bd5c7daaede569bb788a981,nlm,239.0,26.315864232564934,0.7381397971536426,50.0649219739646,3.342515260183013,current_noise_full_reference_sweep,False,16.27930692300106,0.017664443999819923,8.0,8.0,NLM_fast_cuda_global,,,,,
set50,moderate,47.gif,0,0.03,"[512, 512]",9005ddf994846f88305becd36c72a046818a094c026c69a8106c34b34a31a8fe,4d80ef3a631443edbca7f0f765de5e35a2502b2f168084e29548ba4f32211a34,nlm,172.0,22.828490105478537,0.691169350649258,45.97271258520217,12.209119888568948,current_noise_full_reference_sweep,False,16.276887754998825,0.01719861600031436,8.0,8.0,NLM_fast_cuda_global,,,,,
set50,moderate,25.gif,0,0.03,"[512, 512]",30838b6c4e963b60da10cc6158a119a7052a4ffa1ebdcc87bcf0054f681427c6,8e83987dd80258df03bc1d39081bd12f3e414e2a92e3b00b5454514001fa330e,nlm,253.0,29.361752202590527,0.7442673473624042,51.89424346941547,3.526049101290496,current_noise_full_reference_sweep,False,17.942038036999293,0.01730296000096132,,,,,,,,
set50,moderate,7.gif,0,0.03,"[512, 512]",5e3769e24988284e1036ce844ee8e0f11dbe28fe111f6a962e37864dc34b60dc,43f856b2e4729aee32854ee85f842476fc982f3d9d390db1fb2b7253e4e7e89c,nlm,228.0,23.35176021344897,0.704619463494944,46.90685328147168,11.00469787910653,current_noise_full_reference_sweep,False,16.228446044999146,0.01772062000054575,8.0,8.0,NLM_fast_cuda_global,,,,,
set50,moderate,15.gif,0,0.03,"[512, 512]",51e2066df33af18b47bcd356b17c6cdf04f2a5fd219ace410fcabb06698c6c71,2d9093eb41be84ce7ed0d978b9b19c485cbf154d47e52c2dd0fd828853447d0c,nlm,183.0,23.047656348462162,0.6710133878411363,45.07449756628789,9.084025881918386,current_noise_full_reference_sweep,False,17.80009086999962,0.018071151000185637,,,,,,,,
set50,moderate,41.gif,0,0.03,"[512, 512]",1569598ab7f33ee44bcf70502565ffcd7528912a2c13cd1977fe64573770f1e6,ff0263a6707841b84077f68687f1b5681a02f5a5751a9c11140365b8582c92b3,nlm,201.0,25.935806784719535,0.689184569404445,47.427131862582016,5.112837757139084,current_noise_full_reference_sweep,False,16.263162939998438,0.017186596000101417,8.0,8.0,NLM_fast_cuda_global,,,,,
set50,moderate,6.gif,0,0.03,"[512, 512]",ca956c8aa0ec2de8bd2e4d7545c7f969215d4f7f65cb72ee9d31cb17df0033b6,84221910b6b9a6acdbb5afef9fc1ca7d246990555c43db357055a2f7fb1696d9,nlm,205.0,24.374150936959925,0.6868112322945193,46.52763708320593,6.411420099655028,current_noise_full_reference_sweep,False,16.23378947400124,0.01733843900001375,8.0,8.0,NLM_fast_cuda_global,,,,,
set50,moderate,21.gif,0,0.03,"[512, 512]",74d2fa3fc2447fd331660c09f2f468f3cce983dc347509d32564e992fdebaf9a,d5ccfab06b048653f8250b070ca0b04342317d22a38961fa45c8b80e0d09c15a,nlm,216.0,26.594765593166855,0.6689221360635349,46.743489599760174,6.021288559991234,current_noise_full_reference_sweep,False,18.06982734000121,0.017639611000049626,,,,,,,,
set50,moderate,27.gif,0,0.03,"[512, 512]",bc7a1c1300b1b1bda264e18fbde62fa845194fac5839cb705a788c6ac331f517,aab60ccc545edf9dca9fa48d80e67ab5ad51f1057b062d7157c1f27cece394a7,nlm,281.0,28.884573860076358,0.7918477109576265,54.03467247791951,3.5442260989240038,current_noise_full_reference_sweep,False,17.999127993000002,0.017670358000032138,,,,,,,,
set50,moderate,46.gif,0,0.03,"[512, 512]",14cdebcd7b2b9e534cc9717933df6ccb4861289237cde90700810e2e6e2e245f,f68a978e6ae4cceafd52796314ca1bd61710126b4514f19d2cf2a1dbf543f9eb,nlm,165.0,22.2860747276013,0.6560337735826306,43.94472604293218,8.968315645889016,current_noise_full_reference_sweep,False,16.23242247899907,0.018313570999453077,8.0,8.0,NLM_fast_cuda_global,,,,,
set50,moderate,20.gif,0,0.03,"[512, 512]",c3a4da195ffc62103521cd979723e50840fe46cfd989b567c826985f8b23dcf4,00025b7fcbcf353bccb34525bf06153c13450094f9fb05eda8e25b4b3cf81775,nlm,175.0,22.819513681457494,0.6259587968445749,42.70769668295749,8.544915990610122,current_noise_full_reference_sweep,False,17.933382639001138,0.017727039999954286,,,,,,,,
set50,moderate,2.gif,0,0.03,"[512, 512]",b101b795e2638a1e9dbdaa513bdc8be6090aed4d6ac294b155e5f3a2c7c0bb80,7815db9fcaba45ca1fe9659edc8745c582da03a285a37be6aefbfc147089a99b,nlm,209.0,26.666559831667417,0.6430820006241492,45.48737994704117,5.533145170127602,current_noise_full_reference_sweep,False,18.010277466000844,0.01918500200008566,,,,,,,,
set50,moderate,40.gif,0,0.03,"[512, 512]",911cad3f1d559f196f94ed9e80a9602969b74319acb1d70da238efdb48af38e2,4ed4227588674f3dfbd060c06df4a2a8737dae851b4ce97b19d6d26acd29cd88,nlm,210.0,29.16061915207103,0.6895124901140512,49.05593408173807,3.5309165197105297,current_noise_full_reference_sweep,False,16.267839938998804,0.0181479520015273,8.0,8.0,NLM_fast_cuda_global,,,,,
set50,moderate,31.gif,0,0.03,"[512, 512]",33781418a1e6e85521011be7d450b002a8f8a8f1ba68a79c1219f3b3ba59b160,6c04ab1e187ca58f545f9b32e49810d14cc9f4baabf6e8b2e3ab576507435c08,nlm,156.0,20.790802857156475,0.6925351560793539,45.02215923254593,18.568051048788416,current_noise_full_reference_sweep,False,18.337613607000094,0.018667685000764322,,,,,,,,
set50,moderate,29.gif,0,0.03,"[512, 512]",1eeb76c0386fbcd563a08eb25bbeffde427bdc62658e4bcc02c8aafbf733f219,7e36de98996efc03518db23d8b2790304e843bc1b59fa6dbd37c32ded4a6902b,nlm,154.0,20.910907895576262,0.6353529367696147,42.223100786268866,15.916707083370738,current_noise_full_reference_sweep,True,17.91414442899986,0.017675233999398188,,,,,,,,
set50,moderate,33.gif,0,0.03,"[512, 512]",7a10c4eca50167d8d459c2505f2b0f21cfb399e7b01adccaa0422695496c2e72,ba09b5b2b00094264b93b15dfe764f5f155d14fd8012fef6795bbb30e2e02af9,nlm,203.0,25.046532351068752,0.6077317165220392,42.90985200163633,7.661302453936888,current_noise_full_reference_sweep,False,17.013741402999585,0.01704829099980998,8.0,8.0,NLM_fast_cuda_global,,,,,
set50,moderate,24.gif,0,0.03,"[512, 512]",b8f6ebed7641854cd23e807c2f78d350f1373b2fe7f96e6ea18f8531797fbc3a,00361d9d18adafe8f56c1222f7c494507b310d4a76d7b0c8a82b2c1609574b41,nlm,230.0,27.4397358527466,0.6943256432626541,48.436150089506,4.599868412453793,current_noise_full_reference_sweep,False,18.141494100000273,0.01831567099907261,,,,,,,,
set50,moderate,3.gif,0,0.03,"[512, 512]",e3e2313cc250162bd613776c7b0063891d9d56b3576c9808ac5c8c0e7e8fcb8d,dd14e890ca3c05f9cb0de1181aa5a5db0779077468bd4909ced1783680752557,nlm,242.0,26.771204260987393,0.6885996329628917,47.81558377863828,4.682313007227465,current_noise_full_reference_sweep,False,17.94896400899961,0.01804995299971779,,,,,,,,
set50,moderate,1.gif,0,0.03,"[512, 512]",95f21dff4cd5a318a519cb05a1e35fb41f49c007ca46345fd6917258be8d9d73,b046c3ca53ac27d398655bff7451b2b566c0b17466b8819f428a346cbe1fb919,nlm,232.0,27.088302121528724,0.7835274047909568,52.72052130031221,6.2247883605785415,current_noise_full_reference_sweep,False,17.832396189000065,0.017223736000232748,,,,,,,,
set50,moderate,23.gif,0,0.03,"[512, 512]",05918015ae96873f255fec3e75ace895a76214abbeffdbfff55b5cf6214224c6,2daf28aacbb63227de565cd84c202daafbc0a84772d4320a0d4213b8214207da,nlm,265.0,29.852904301354457,0.7844729098758602,54.150097644470236,3.1717908242102575,current_noise_full_reference_sweep,False,18.279633508998813,0.018162802000006195,,,,,,,,
set50,moderate,35.gif,0,0.03,"[512, 512]",353590d221e21b53b97858fbc575a2320a10336f21bbed5dd461fa942bab100f,0fb08c5de87a5a41e52590493adbddf82a33f95b9154da10a9801c12a103de9f,nlm,223.0,27.213471000110303,0.7437423407536347,50.79385253773688,7.837063978688546,current_noise_full_reference_sweep,False,16.080246067998814,0.01766608800062386,8.0,8.0,NLM_fast_cuda_global,,,,,
set50,moderate,36.gif,0,0.03,"[512, 512]",99a41bcc709d43204ca0f73a6593656300237e5367043081c5065ca77d5e3628,ac5122e3551e0bbc5ce45212b3e5a5b0036fdaec4bb1859d21d61fc5d6d185a9,nlm,197.0,23.416255568587204,0.6394589697805841,43.68107627332281,7.675429632192159,current_noise_full_reference_sweep,False,16.243625544999304,0.01712913099981961,8.0,8.0,NLM_fast_cuda_global,,,,,
set50,moderate,26.gif,0,0.03,"[512, 512]",3efcc155fe7f35f9428c0536c9c1dc2b826188d5f0a5b0a90ecbf681233221e2,80df9d16ce4f4c986faf28bb5b520724b7cc3964f0373fd572fa16b065e88889,nlm,224.0,27.991664414773496,0.6629886129594196,47.14526285535773,4.312136469166153,current_noise_full_reference_sweep,False,18.15658877199894,0.018674594000913203,,,,,,,,
set50,moderate,37.gif,0,0.03,"[512, 512]",74881a36c4896c931da56c784ac35afb478dc71ae7af27894deeb074f83e518a,7173cba5345fcfbe9557abb697d95042a919f4d6122da8ce612d77d8fb82cf11,nlm,177.0,24.60899521551125,0.5442391911135479,39.51645716343302,7.885172595025992,current_noise_full_reference_sweep,False,16.2896076800007,0.018576944999949774,8.0,8.0,NLM_fast_cuda_global,,,,,
set50,moderate,13.gif,0,0.03,"[512, 512]",c34b796bde09761f5bc3c358f20b72f49e020580ed0a76d5456c61f0da4499eb,a2f2a757fc1c83f9bed8ee3c789083b32351ef8857a1a102fba848a3fe7d0f2a,nlm,223.0,26.136551913774518,0.7227033148088304,49.203441697328785,3.589009176227631,current_noise_full_reference_sweep,False,17.823482523001076,0.018317930998819065,,,,,,,,
set50,moderate,28.gif,0,0.03,"[512, 512]",f509179793e6551fbec77f8fdd91e45d53d2dd6e0a87394377c4bb4c52eb9a43,0ec572cf93ac546cce976f078eeb44740a3e46ee9a4fce5909a4ee51526b79a3,nlm,220.0,27.47572521328309,0.6838230934553616,47.92901727940962,6.185221232890457,current_noise_full_reference_sweep,False,17.966429430000062,0.018717250000918284,,,,,,,,
set50,moderate,9.gif,0,0.03,"[512, 512]",8b76cd61996084e7d23b9f638b4d32839d9f6ac7965ef9b585f78bdbdaff16b3,08ebebac1d0c3f7ebfafdfa8e93fa92ed980cc02966803336351778a3d0128df,nlm,209.0,25.046046204430223,0.7210275869478846,48.574402449609345,7.414792631296127,current_noise_full_reference_sweep,False,16.236336893000043,0.017202743998495862,8.0,8.0,NLM_fast_cuda_global,,,,,
set50,moderate,18.gif,0,0.03,"[512, 512]",539caf0cced15a86b729848a1a182b75776a621cf01b5e9a62085f53b86f3407,762e6943b9437065f73e4f6277554701b84063ead3f21c15cf1e7188d5fc83c8,nlm,185.0,21.357188016125054,0.674488621941358,44.403025105130425,11.401893361377875,current_noise_full_reference_sweep,False,18.491936623000583,0.017421880998881534,,,,,,,,
set50,moderate,49.gif,0,0.03,"[512, 512]",8311e02cd6238d6e74f6a9bf6fa5c250d748ceec5882a86242e2452c587cdf2b,51d6c89faaff83ef0b7b15a14c8357cccf0aa1dd8a38cf19b3dc5e7488c4f352,nlm,315.0,23.38927467485593,0.8253824619188923,52.96376043337258,4.0771553939305765,current_noise_full_reference_sweep,False,16.227940110999043,0.017136418999143643,8.0,8.0,NLM_fast_cuda_global,,,,,
set50,moderate,4.gif,0,0.03,"[512, 512]",fd89b9bfe327e11c7cfbc851fff026261f2c33ef17edc9373682def6616fdc4f,90c0c67bdd6ea5e7262ae4a17200e7f45a845bcba4d8cd17bc0c12abd43e6ccf,nlm,204.0,26.307741782665282,0.6242046177125418,44.36410177695973,4.846503720464134,current_noise_full_reference_sweep,False,16.300264289000552,0.018063266999888583,8.0,8.0,NLM_fast_cuda_global,,,,,
set50,moderate,8.gif,0,0.03,"[512, 512]",fd53a01b9f6a3a02a5408efee91cfa235b1325372804d49874a677719089b14e,eb3e181f36ac425d497e384772f1bc27cbb99aaccac73affe890e3b538d1fec8,nlm,280.0,26.512698105919164,0.6352646450160254,45.01958130376085,4.579017692748452,current_noise_full_reference_sweep,False,16.313888274999044,0.01815933600119024,8.0,8.0,NLM_fast_cuda_global,,,,,
set50,moderate,39.gif,0,0.03,"[512, 512]",e43557540646572e4a7b69124c49ff2c37c4d1695507c5d64a44d09a5043958e,b18d17a3f4769d559d7b4a3cbb523afee8371b8e3419c1884514b2f407e9a4ac,nlm,262.0,29.264328367228835,0.7743038916170524,53.34735876446703,3.5127458847154793,current_noise_full_reference_sweep,False,16.30413856100131,0.018136321999918437,8.0,8.0,NLM_fast_cuda_global,,,,,
set50,moderate,12.gif,0,0.03,"[512, 512]",3c3ec23125fea9974f2e94c0d93a534edf2ec60d33b6af79f9a60fef58295de4,a88e463713c8906dc55b4636147c4434d127d68a71e2e4d94601b4da5b09fa9e,nlm,226.0,24.961184795480694,0.6530864327441405,45.13491403494737,6.185352020458752,current_noise_full_reference_sweep,False,17.677268428999014,0.01695358200049668,,,,,,,,
set50,moderate,45.gif,0,0.03,"[512, 512]",72644242bceb1596c04ab4ddde11989c7aa206ee2094402fadeac9f9c500d55a,8f542b8722cb2b0dabbae2e6f726b67333642ec2c57fc7ddbf447d23110afc60,nlm,237.0,25.847416707137786,0.7000812876835995,47.92777273774886,7.775229030318656,current_noise_full_reference_sweep,False,16.233694288999686,0.017174144999444252,8.0,8.0,NLM_fast_cuda_global,,,,,
set50,moderate,11.gif,0,0.03,"[512, 512]",b12e0216f269d1ad8f5dfe769baf0fb60142ab5235a6d1d62707dc52ca591071,2b4a035721bdad7497c2bbf55e4f48957b4abd07b77f288442c504b9a2e5e739,nlm,275.0,24.268059892272284,0.7482030718510633,49.54418353868931,9.129590149832636,current_noise_full_reference_sweep,False,17.824850277000223,0.017707240000163438,,,,,,,,
set50,moderate,34.gif,0,0.03,"[512, 512]",42a4b02f48b536770f4d42c1c4884a5b2a4a662af62778249a90a16c1d9f5398,55a28dcc5b7916918ef13b18a26e0b258b3c954f785ec8c1ee8d6498ea3b939b,nlm,188.0,23.45847515009749,0.6259248875148015,43.025481950788816,9.199478077610312,current_noise_full_reference_sweep,False,16.883371560999876,0.01703040399843303,8.0,8.0,NLM_fast_cuda_global,,,,,
set50,low,19.gif,0,0.01,"[512, 512]",d17c7663feb48c0fe318904421cb04ec7e850a109d952f66a49ac464a4176a1e,4d9fcea700a23bddd85518f70e1f1a21427252e043050cf82bbd584a784dcdf2,nlm,142.0,26.2416992427439,0.7715092314134602,51.69631119204496,4.246977749162016,current_noise_full_reference_sweep,True,16.42743953200079,0.017030510000040522,,,,,,,,
set50,low,22.gif,0,0.01,"[512, 512]",dfe4f6c6370dbe0651bccc46e98ac3b787e8c63a3a37fb138fe6c81f3e32edd4,b2c86302dd35784935b349103eea4994bac78882b1f66fe05cbd0eff3c4f3692,nlm,149.0,28.054319833406822,0.7467728676256509,51.365803297985956,5.698040368833489,current_noise_full_reference_sweep,True,16.380685606000043,0.017395912000210956,,,,,,,,
set50,low,10.gif,0,0.01,"[512, 512]",e233b9bc584bbcbbdcbcbf3674e9c18c92aff37cf54afeec01dc2e7dc1811878,ed18cdba5c14f3575b15c3dbd6cb7821e1672460cf265af262fa809b2dcc9878,nlm,177.0,30.1286983665249,0.8425654723401503,57.192622800269966,1.8483828803525684,current_noise_full_reference_sweep,False,16.037983756999893,0.01756646400099271,,,,,,,,
set50,low,14.gif,0,0.01,"[512, 512]",83fe92c5398701971c09c467a97dc4bfdb94eb4b3ded548d26e5e7fcf62e4d2a,64abc2d905aabb38864450f0af1ad424bb1689ea0666689a0a39ea98c8e6c64e,nlm,154.0,25.121176905067752,0.7651669511307033,50.81893600906904,9.348102242380644,current_noise_full_reference_sweep,True,16.684497236001334,0.01660349199846678,,,,,,,,
set50,low,5.gif,0,0.01,"[512, 512]",49db903e1a87a0044a734fb77708aad9985011bc9ee9fb379099de1b4e946109,dbd952e46b4726c976e4c86376e9410d20bfc6334f5e9e484a536a9f0337370b,nlm,141.0,28.18483434874627,0.7457486916573949,51.379851757242875,4.037238321127327,current_noise_full_reference_sweep,True,16.27202644799945,0.017963762000363204,,,,,,,,
set50,low,44.gif,0,0.01,"[512, 512]",f968969e97bf6f8f47fd5940af0bd7481b61f2df6d5d553882b8938123b37289,42e3c08cf2b0cec0c123c4090e6a3f4b8b8ee6df540c5eec04ad9484bc032028,nlm,154.0,25.01160021054055,0.9196628256087107,58.48894138570581,22.654953297876144,current_noise_full_reference_sweep,True,16.383572152999477,0.017603585998585913,,,,,,,,
set50,low,42.gif,0,0.01,"[512, 512]",f9b953242d46fc204da43e46262ac3754e9428050546213f592efb0fb7398f12,fca820cfcfd19eacbd368d0e7c81d4bf941a17e29fe10943058be3157ad7ecdd,nlm,151.0,28.403477046972423,0.772965225912074,52.84999981908991,6.671711397194866,current_noise_full_reference_sweep,True,16.350239905999842,0.01814935799848172,,,,,,,,
set50,low,38.gif,0,0.01,"[512, 512]",e39779dc60dbc76330293a5fdb44dfabe4d22433c36132e18afcf31a515217b4,8a4f622d145ab8ed04f447bd3e6fea77afa39ceaa5e438fdaefe8a638cb76d4d,nlm,129.0,28.214183349976494,0.7805498577725809,53.134584563617295,2.755051437476773,current_noise_full_reference_sweep,True,16.359024290999514,0.0177442179992795,,,,,,,,
set50,low,48.gif,0,0.01,"[512, 512]",9b261d731fc3d639b0cc3dac391980b0c49dd558b24b95a14bb3f3eb9f3569d0,de7039382b2c716bf8b8bd9ef90136c7a8e43e3e8bdee5fa3447bde9a6becb68,nlm,145.0,28.830103328388045,0.8151227613191302,55.17118973015054,2.9006993013686246,current_noise_full_reference_sweep,False,16.302931410999008,0.018166022999139386,,,,,,,,
set50,low,17.gif,0,0.01,"[512, 512]",6f8a02e1689062bed722742a554760dd74359b35fc8b969bab8beed8e59421a0,da214e6323ceeebbcc7aa2be59f5915388fdb98dd02a39f8ca94705bae09da2a,nlm,151.0,25.849338964238868,0.7908706152458708,52.46820024441297,6.499452151434181,current_noise_full_reference_sweep,True,16.39110622699991,0.017140324000138207,,,,,,,,
set50,low,0.png,0,0.01,"[512, 512]",0a372ced9fd4d1f9633532a58073e3974b41da8cfc87f04ec8e9a8dc6a89bba1,580fbc14af471717cfc09261d71b2bee527d3960eb5a144e296d4af84219023d,nlm,182.0,30.66013532922024,0.8439037921043567,57.525257269827954,0.5311466516137235,current_noise_full_reference_sweep,False,16.724715467998976,0.018968001000757795,,,,,,,,
set50,low,16.gif,0,0.01,"[512, 512]",2d68b31ae4d4c10bc0e60742ba3064c10d62113ffb3ca9a7c14b80e40b0e6170,5a34727aa846ef18673a8ed97ce9030df3297566700329ed4d9163d22c8c0e23,nlm,154.0,24.638161391073183,0.6404895182278147,44.34355660692733,15.193106834306871,current_noise_full_reference_sweep,True,16.340146235001157,0.01778238899896678,,,,,,,,
set50,low,32.gif,0,0.01,"[512, 512]",c3cc3fb5da093d47d6808c6219ed907c3e69ab01954b1b929a8739cbbcc26493,ee0b605cf5805cee95dec190b897d374b300762268a951bc2923c750885eb553,nlm,153.0,25.949165967307493,0.7414238602755882,50.045775997433154,8.32811403388754,current_noise_full_reference_sweep,True,16.54294144800042,0.017481409000538406,,,,,,,,
set50,low,30.gif,0,0.01,"[512, 512]",b1cccc0e8d64bae511f9cd0c5596628364bd1e09c90c5e793604a1f7a55f642f,8ca3d59b856fd4291a18000f1171df98f2ccda8b342a7686d3fe46cb7cbe5e9a,nlm,147.0,26.5440122051822,0.6934565269020503,47.944832447693614,5.131018289571735,current_noise_full_reference_sweep,True,16.198478280999552,0.017736447000061162,,,,,,,,
set50,low,43.gif,0,0.01,"[512, 512]",443801cafadb33c7829b313f4efd834e70cc313567a260dd2b5554dc7ee6be98,0367df72489ecd2f6c17785be16d482c8ad0f56c301ac5135b7c597d340c320a,nlm,156.0,28.100912288499423,0.8144503926929512,54.772975778897276,1.7224528330406976,current_noise_full_reference_sweep,False,16.373908440999003,0.017831377001130022,,,,,,,,
set50,low,47.gif,0,0.01,"[512, 512]",9005ddf994846f88305becd36c72a046818a094c026c69a8106c34b34a31a8fe,b58103ccb1517d653cbc447db4dc4d1bbfe39e12b76ae800a60c523302295055,nlm,154.0,26.286885391021606,0.7570159576038534,50.99424057570347,9.165165075368515,current_noise_full_reference_sweep,True,16.28601726099987,0.017201106000356958,,,,,,,,
set50,low,25.gif,0,0.01,"[512, 512]",30838b6c4e963b60da10cc6158a119a7052a4ffa1ebdcc87bcf0054f681427c6,54d84616da890c632d6a16057e9dc62f9b7d564bf73fa85bad96d32d0b8e37f3,nlm,151.0,30.381322819565582,0.803320170843768,55.35666995197119,1.6794512945051876,current_noise_full_reference_sweep,False,16.250358207998943,0.017237251000551623,,,,,,,,
set50,low,7.gif,0,0.01,"[512, 512]",5e3769e24988284e1036ce844ee8e0f11dbe28fe111f6a962e37864dc34b60dc,64adbe011994dd5254c8b1aa9d24094637976f4c9b2c0e6b111ad13c8fd77d7f,nlm,153.0,25.899874855163997,0.7915266441742602,52.52626963629501,8.352946704827572,current_noise_full_reference_sweep,True,16.261841854999147,0.0172498550000455,,,,,,,,
set50,low,15.gif,0,0.01,"[512, 512]",51e2066df33af18b47bcd356b17c6cdf04f2a5fd219ace410fcabb06698c6c71,8c7914d337e62afbc812f7fa21b64172783d92b5a5d191250b56d3acae35dbbe,nlm,151.0,26.345114281508536,0.7713658030041813,51.74084729096333,6.502298371704197,current_noise_full_reference_sweep,True,16.519184525001037,0.018857975999708287,,,,,,,,
set50,low,41.gif,0,0.01,"[512, 512]",1569598ab7f33ee44bcf70502565ffcd7528912a2c13cd1977fe64573770f1e6,5ca718b9bf3bcbf2d15f3cbfb1bb2ef9abb4b101ff07a87ae2357f80b38f995c,nlm,136.0,28.125537330963887,0.7789399036087342,53.009763845918656,3.4812631961475544,current_noise_full_reference_sweep,True,16.210851673000434,0.016720621999411378,,,,,,,,
set50,low,6.gif,0,0.01,"[512, 512]",ca956c8aa0ec2de8bd2e4d7545c7f969215d4f7f65cb72ee9d31cb17df0033b6,c6a47fae86a982cf63f74e711953f9f9a442abe14bf023e0693cfabf476f7cb5,nlm,140.0,26.703588243436865,0.798204586141173,53.262023428777084,4.004213753173186,current_noise_full_reference_sweep,True,16.246264260000316,0.01700463000088348,,,,,,,,
set50,low,21.gif,0,0.01,"[512, 512]",74d2fa3fc2447fd331660c09f2f468f3cce983dc347509d32564e992fdebaf9a,d6fd972bca83abb88fbd0d7db771bbd0375fc9aad445e30f544c635990c9c919,nlm,136.0,28.060731999612468,0.7491826509459653,51.489498547104496,3.503008573516011,current_noise_full_reference_sweep,True,16.40239973700045,0.016721140000299783,,,,,,,,
set50,low,27.gif,0,0.01,"[512, 512]",bc7a1c1300b1b1bda264e18fbde62fa845194fac5839cb705a788c6ac331f517,34bf2bcdfa12b56d970deac4f2646885f4df8f2a6be51ff1c842febb5cfa07bb,nlm,181.0,30.943066906084237,0.8369131370216357,57.317190304123905,2.0749302783126473,current_noise_full_reference_sweep,False,16.370881394001117,0.01724070799900801,,,,,,,,
set50,low,46.gif,0,0.01,"[512, 512]",14cdebcd7b2b9e534cc9717933df6ccb4861289237cde90700810e2e6e2e245f,78f82fbfe7bfe1bd10a0ec830f660de577a7abe9ec75464d1c9180c2515cc412,nlm,150.0,25.832852664492933,0.7317177176917331,49.50231221683312,6.165147815516682,current_noise_full_reference_sweep,True,16.317188929999247,0.017992652001339593,,,,,,,,
set50,low,20.gif,0,0.01,"[512, 512]",c3a4da195ffc62103521cd979723e50840fe46cfd989b567c826985f8b23dcf4,926c8ffad204b1af9489027ea8e92efcf84f2315c100ce06303e326031b86775,nlm,150.0,25.73094051368695,0.6952090375432123,47.625922134004085,6.18487694345392,current_noise_full_reference_sweep,True,16.3601063469996,0.016925851999985753,,,,,,,,
set50,low,2.gif,0,0.01,"[512, 512]",b101b795e2638a1e9dbdaa513bdc8be6090aed4d6ac294b155e5f3a2c7c0bb80,7195960aa368bfaccac8b97b6cd55bb61f7a81ada3a5c613dad979b7e2a88ecd,nlm,139.0,28.082592132105795,0.7246747418846615,50.27503316028597,3.8337307439819037,current_noise_full_reference_sweep,True,16.418107274999784,0.01832225600082893,,,,,,,,
set50,low,40.gif,0,0.01,"[512, 512]",911cad3f1d559f196f94ed9e80a9602969b74319acb1d70da238efdb48af38e2,bb2b2ab1d2fb46491c3104537a7862d16c6540386d39c2d42b4dc0416f5fb0f1,nlm,132.0,30.19316526836354,0.7441411193108725,52.303638599725396,2.2505224861853512,current_noise_full_reference_sweep,False,16.33642524500101,0.017129289999502362,,,,,,,,
set50,low,31.gif,0,0.01,"[512, 512]",33781418a1e6e85521011be7d450b002a8f8a8f1ba68a79c1219f3b3ba59b160,d6d7419dbd47cf4100df960a94ea3e33a9de9181970199e822813a042cca89e3,nlm,154.0,25.015211857207174,0.7599011017604367,50.502661016625424,15.55662840602149,current_noise_full_reference_sweep,True,16.50554983300026,0.016853004999575205,,,,,,,,
set50,low,29.gif,0,0.01,"[512, 512]",1eeb76c0386fbcd563a08eb25bbeffde427bdc62658e4bcc02c8aafbf733f219,344bd3e7159aeb387f857c93bd519dbbefe06fcd40fc9b623eb0f0cfe1416ba9,nlm,154.0,24.897778621031463,0.6764716966095229,46.272474140991875,13.194033699084835,current_noise_full_reference_sweep,True,16.41348371099957,0.017977528999836068,,,,,,,,
set50,low,33.gif,0,0.01,"[512, 512]",7a10c4eca50167d8d459c2505f2b0f21cfb399e7b01adccaa0422695496c2e72,c217786b989c52b18af02ac4eccfe62dd596f977dca2d7b6dc1bd0986f48da81,nlm,147.0,27.083843469675823,0.6841731257410573,47.750578021890774,5.310342538379712,current_noise_full_reference_sweep,True,16.216452614000445,0.017908062998685637,,,,,,,,
set50,low,24.gif,0,0.01,"[512, 512]",b8f6ebed7641854cd23e807c2f78d350f1373b2fe7f96e6ea18f8531797fbc3a,23816520001755e583487cbe7dcd417d2e11a1ad056ec210acef626b034fdf36,nlm,136.0,28.408501153566323,0.7658106588941289,52.49478352148961,2.5018880624089745,current_noise_full_reference_sweep,False,16.38083204800023,0.01792786100122612,,,,,,,,
set50,low,3.gif,0,0.01,"[512, 512]",e3e2313cc250162bd613776c7b0063891d9d56b3576c9808ac5c8c0e7e8fcb8d,cc396bbe23c5212ba6baa086bf53a40beef07fa4020fe5ace7fbfa32416f23fa,nlm,150.0,28.351611344204773,0.7663981410433957,52.49571272427217,2.7020640913620357,current_noise_full_reference_sweep,False,16.368432417000804,0.018305677000171272,,,,,,,,
set50,low,1.gif,0,0.01,"[512, 512]",95f21dff4cd5a318a519cb05a1e35fb41f49c007ca46345fd6917258be8d9d73,be092100aa91ae017a208b593f7b1c88fc347faaded98e1691b9fbdb9bbdb3ae,nlm,159.0,29.320943968001867,0.8516528395105414,57.243113959528,3.8536956430219864,current_noise_full_reference_sweep,False,16.74408523100101,0.0180690239994874,,,,,,,,
set50,low,23.gif,0,0.01,"[512, 512]",05918015ae96873f255fec3e75ace895a76214abbeffdbfff55b5cf6214224c6,8825f87136cb87cb87b7ee7b3bb71b82eaa68700864d5cc6e83af9fae3f56555,nlm,175.0,31.69787886884727,0.8249235769046207,57.09511827965467,1.6546237490239142,current_noise_full_reference_sweep,False,16.51889278499948,0.018278925999766216,,,,,,,,
set50,low,35.gif,0,0.01,"[512, 512]",353590d221e21b53b97858fbc575a2320a10336f21bbed5dd461fa942bab100f,470525874460bc637beb1f22c12cf7d95266c96ae72a58df1b8b8a45d7421dd5,nlm,148.0,29.09435877810455,0.8016870756549767,54.63153317180111,5.481708540396938,current_noise_full_reference_sweep,True,16.315310146999764,0.017352511998979026,,,,,,,,
set50,low,36.gif,0,0.01,"[512, 512]",99a41bcc709d43204ca0f73a6593656300237e5367043081c5065ca77d5e3628,4c9fb2ffd6c3cd4191de57133e1f175dccaa7d659a83f2db7fb68f86bfb5eab5,nlm,149.0,26.233402301177115,0.7477162823228739,50.502515266732246,5.645765991705913,current_noise_full_reference_sweep,True,16.06868811899949,0.017725403000440565,,,,,,,,
set50,low,26.gif,0,0.01,"[512, 512]",3efcc155fe7f35f9428c0536c9c1dc2b826188d5f0a5b0a90ecbf681233221e2,fd6e5b6bb21f31fce84588fbf0def61aa7799be96bceaf1f8f821ce91540ca55,nlm,138.0,28.984848046043187,0.7242514435739053,50.70499620171685,2.538243471595648,current_noise_full_reference_sweep,False,16.522838644999865,0.017930422000063118,,,,,,,,
set50,low,37.gif,0,0.01,"[512, 512]",74881a36c4896c931da56c784ac35afb478dc71ae7af27894deeb074f83e518a,d34dc52c2c08a14e007ecacf562579826f45b0b1707e067dff6b3df9968dbbaf,nlm,149.0,26.792347907499064,0.5835764012930422,42.57499401840164,5.748653743843728,current_noise_full_reference_sweep,True,16.37247291099993,0.016305369999827235,,,,,,,,
set50,low,13.gif,0,0.01,"[512, 512]",c34b796bde09761f5bc3c358f20b72f49e020580ed0a76d5456c61f0da4499eb,21d5f13f0aba8a02886ff598d918384e41d968bbb44abcae71af497143790552,nlm,142.0,27.980533269933368,0.8095471897599286,54.46762612296311,1.916219033967638,current_noise_full_reference_sweep,False,16.331547275000048,0.01734352600033162,,,,,,,,
set50,low,28.gif,0,0.01,"[512, 512]",f509179793e6551fbec77f8fdd91e45d53d2dd6e0a87394377c4bb4c52eb9a43,dd3ba862107b756742d3029f750c4d7be7c1283c6fb9ff3273684e5e05640984,nlm,138.0,28.63904959450273,0.7546552302415857,52.052286309330654,3.7100693307600676,current_noise_full_reference_sweep,True,16.37997584600089,0.01815789499960374,,,,,,,,
set50,low,9.gif,0,0.01,"[512, 512]",8b76cd61996084e7d23b9f638b4d32839d9f6ac7965ef9b585f78bdbdaff16b3,4cd76b34e1053d8ac22d03bda2ce6fe4218266806e9f352d164ab9cdb6ad5b7d,nlm,143.0,27.64082587479734,0.818043796226052,54.72260274870127,4.419540280689178,current_noise_full_reference_sweep,True,16.348945185000048,0.017098825999710243,,,,,,,,
set50,low,18.gif,0,0.01,"[512, 512]",539caf0cced15a86b729848a1a182b75776a621cf01b5e9a62085f53b86f3407,5873c891357876f2dbe9c9d0e5fc2da0fd371a9cf25f1268ae8f5893ee21f411,nlm,154.0,25.13611694218803,0.7627571956407123,50.70591825312963,8.918185124441722,current_noise_full_reference_sweep,True,16.279904025999713,0.01755880599921511,,,,,,,,
set50,low,49.gif,0,0.01,"[512, 512]",8311e02cd6238d6e74f6a9bf6fa5c250d748ceec5882a86242e2452c587cdf2b,8125d7f83fc4d3be014d6ec00247ddfe409213305964ff8d8abbcaaaf07d5131,nlm,174.0,26.873087791933198,0.8818672603702671,57.52990691447995,0.9266334561642874,current_noise_full_reference_sweep,False,16.345376502998988,0.01814727400051197,,,,,,,,
set50,low,4.gif,0,0.01,"[512, 512]",fd89b9bfe327e11c7cfbc851fff026261f2c33ef17edc9373682def6616fdc4f,cb585c5a840cc56bfa16227eca05f3d968ee47e4d8a6d4f6a8098f24c92e5ebe,nlm,132.0,27.848260634054025,0.7223169710583359,50.03997886994381,3.0873243243267385,current_noise_full_reference_sweep,True,16.450806285,0.018335089000174776,,,,,,,,
set50,low,8.gif,0,0.01,"[512, 512]",fd53a01b9f6a3a02a5408efee91cfa235b1325372804d49874a677719089b14e,959d9223c31d5d17f16e71514f09e97be2737ed240f0e73975f0bb5c91651a10,nlm,143.0,27.092142767351607,0.7259023130304513,49.84118703519837,2.5896845198252407,current_noise_full_reference_sweep,False,16.266507337000803,0.018047251000098186,,,,,,,,
set50,low,39.gif,0,0.01,"[512, 512]",e43557540646572e4a7b69124c49ff2c37c4d1695507c5d64a44d09a5043958e,44e6529e24cceca1d712601d81f8499b0bc9587c6093ab99c831d09ccf79016a,nlm,161.0,30.38057880250291,0.8103806772436326,55.709323263433085,1.8993446098183582,current_noise_full_reference_sweep,False,16.3014740840008,0.016970433998722,,,,,,,,
set50,low,12.gif,0,0.01,"[512, 512]",3c3ec23125fea9974f2e94c0d93a534edf2ec60d33b6af79f9a60fef58295de4,fa9482fa551439d9f17531d42a955c1c9fb456df7a7ea0c45be4ad6a23db1c47,nlm,144.0,26.68283369149578,0.7466156107930892,50.672197385402356,4.50720471335745,current_noise_full_reference_sweep,True,16.183234320000338,0.01669815499917604,,,,,,,,
set50,low,45.gif,0,0.01,"[512, 512]",72644242bceb1596c04ab4ddde11989c7aa206ee2094402fadeac9f9c500d55a,c3ab35a48c81121c8b48794984160850baf0a8f64d9009ea6eeefb548e11df68,nlm,149.0,27.781156337071643,0.7770727567984427,52.744216008457954,5.825749834033991,current_noise_full_reference_sweep,True,16.366443683000398,0.01775142800033791,,,,,,,,
set50,low,11.gif,0,0.01,"[512, 512]",b12e0216f269d1ad8f5dfe769baf0fb60142ab5235a6d1d62707dc52ca591071,8948decfdbaad42c41f6d0264883a357a35557ce680c55d8a78313aad39151af,nlm,179.0,26.86102157928472,0.8220963231370129,54.53532694649301,6.6137873505968905,current_noise_full_reference_sweep,False,16.965936536998925,0.018447554000886157,,,,,,,,
set50,low,34.gif,0,0.01,"[512, 512]",42a4b02f48b536770f4d42c1c4884a5b2a4a662af62778249a90a16c1d9f5398,dd73eaa5ded2fd68bedf81c188a0c44f01c7edbdcbf0abdf70e7d6c10a63bf63,nlm,152.0,26.026445525819497,0.7021384084880073,48.12014318731011,7.040588189611264,current_noise_full_reference_sweep,True,16.147845497000162,0.018108505999407498,,,,,,,,
set12,high,02.png,0,0.1,"[512, 512]",9a0925d4efea52b4b8355baab41b735118c594bada85c1650a8c929d4bedd645,e416650380e12917a3a2eeeb4269219a30b3b8cc16efb4db753ec8cb052bd8c8,nlm,498.0,27.837343638242345,0.8121973209882134,54.52853786853184,21.310751191099406,current_noise_full_reference_sweep,False,16.290657608999027,0.018217990000266582,,,,,,,,
set12,high,10.png,0,0.1,"[512, 512]",fa9370ee1649c3bf2aa161f01d3d2575a2dedca729f26b78bd75d618679b9889,7164aae5d6477ab64a9b20611d6b33f74569a62d739a897485e7d12dad80435d,nlm,400.0,23.958677099132295,0.6239761410590823,43.17814560252026,21.650651821020244,current_noise_full_reference_sweep,False,16.253708801001267,0.017353159999402124,,,,,,,,
set12,high,09.png,0,0.1,"[512, 512]",4b3ddbef5883a30e02120d9280c878727f5282bb054525cf3a5b0fcffb889d5c,3e0d74d912d9f117e2941f19693e873a800672ebfc0237c1409a0ea272ec7872,nlm,384.0,23.474848284893326,0.6376299064170804,43.618919463300685,24.379054407757266,current_noise_full_reference_sweep,False,16.203736163999565,0.017210466001415625,,,,,,,,
set12,high,07.png,0,0.1,"[512, 512]",154769fc48745384ec8816fc554051b0dd5f1c55071de2669c9058bf3a96574e,2ba0d75dafd4a58439379072ed0bc3d150f40e4390b9b33d20349e9f1b29b718,nlm,483.0,24.65717867960852,0.7269584932596418,48.67651400278635,20.62869755724375,current_noise_full_reference_sweep,False,16.147021972999937,0.01628541399986716,,,,,,,,
set12,high,05.png,0,0.1,"[512, 512]",0a48bd94dc684e9744094acf5f9409ae1a147f367207cbcf847ffecc9506b1e3,99ebf5f91f8d5011c136e3657c039f5f484f7a9ad07790541df20dd03bf9c836,nlm,453.0,25.810255110951978,0.8020460120372818,53.00742815734007,21.144795199170677,current_noise_full_reference_sweep,False,16.501746694000758,0.01731466900127998,,,,,,,,
set12,high,08.png,0,0.1,"[512, 512]",2c394996c73fe787fca843f9f42014d5330dda4ad3053466b934f2c52d1c1f84,df4e8481f6afd5a29944a9cd59f15e3ba5659986829732fd430d6985cd4b7fc9,nlm,350.0,23.46691055630594,0.5429434860171609,38.880629579011014,22.48767670498756,current_noise_full_reference_sweep,False,16.403936794999026,0.01789016299881041,,,,,,,,
set12,high,01.png,0,0.1,"[512, 512]",0a372ced9fd4d1f9633532a58073e3974b41da8cfc87f04ec8e9a8dc6a89bba1,5c64fdfe33f4ceb5a47428c2edc3ca4f989b1078a7da5d038a7aac327de869fd,nlm,468.0,25.104715767085732,0.7019338956817288,47.649052667629306,20.733669780436248,current_noise_full_reference_sweep,False,16.355910932999905,0.017277078999541118,,,,,,,,
set12,high,04.png,0,0.1,"[512, 512]",7f6baec8e072815d469acd5d149f5da86b89ef26df1895c4edde2d5758900fd0,0a9fd41a69964cdee98a13387f66a0e0afec3986fcdb81bfef6cf0b952ec854c,nlm,454.0,24.77842103331451,0.7144010271242833,48.109261872871414,20.57662855194639,current_noise_full_reference_sweep,False,16.415020464999543,0.017313721000391524,,,,,,,,
set12,high,06.png,0,0.1,"[512, 512]",aa1ae42753ac532294aa25320a62b1fb9aa4b54ad1627f3551d0532393b63c6e,d64e7d6cff0dd1480f8ba1a2df2cb1a7e53c3656ab86e3b1aaaf93b31a9edfbf,nlm,482.0,23.35715556426552,0.688777557523327,46.11745565829911,20.529748631791083,current_noise_full_reference_sweep,False,16.52266735000012,0.017626394999751938,,,,,,,,
set12,high,03.png,0,0.1,"[512, 512]",ecaf4e62d02b750095b71c0828247049848c285190975276e63ef6d951b37cf4,4b3536cd26cb2a06a9257208afef360b062fd3e9ee7285ba6d4c75c0e03474d9,nlm,465.0,26.38301246122587,0.8010120179511498,53.24210712817043,21.448312848471524,current_noise_full_reference_sweep,False,16.33185972299907,0.01840735699988727,,,,,,,,
set12,high,11.png,0,0.1,"[512, 512]",17b452cc44e876adc0d3fd3607e8c9ab9e04406fa1702d436005e99db30c6108,efb327d0e9507fdf30c7e6389581d470feab9b99fac8c2659863071b5babac8d,nlm,377.0,22.181919472716324,0.4764440527418117,34.91316237344874,21.902472325893584,current_noise_full_reference_sweep,False,16.184448961999806,0.017306936999375466,,,,,,,,
set12,medium,02.png,0,0.05,"[512, 512]",9a0925d4efea52b4b8355baab41b735118c594bada85c1650a8c929d4bedd645,c3f9d39a11e3011c40ec0ba98de83291f1b1fcd783cfca19fa39be37ecb6240b,nlm,342.0,30.74490885127677,0.8535815643382783,58.0515326425523,5.055510738116375,current_noise_full_reference_sweep,False,21.380150154000148,0.01816128300015407,,,,,,,,
set12,medium,10.png,0,0.05,"[512, 512]",fa9370ee1649c3bf2aa161f01d3d2575a2dedca729f26b78bd75d618679b9889,87d8a8c260cdb8c52551132cb0dfe95ee2f14d151af9ff4d6168d5800396b42c,nlm,290.0,25.963148846856562,0.6968212538593687,47.82263711639672,7.602872931061451,current_noise_full_reference_sweep,False,21.13294049400065,0.016901037000934593,,,,,,,,
set12,medium,09.png,0,0.05,"[512, 512]",4b3ddbef5883a30e02120d9280c878727f5282bb054525cf3a5b0fcffb889d5c,7c56fc735c741056497fe6ad8b491244bf2746021f23f9e3f3b7401a4df3be52,nlm,281.0,25.659606944269907,0.7328880505897244,49.47420600162118,10.82821596228951,current_noise_full_reference_sweep,False,21.252593780000097,0.01810338299947034,,,,,,,,
set12,medium,07.png,0,0.05,"[512, 512]",154769fc48745384ec8816fc554051b0dd5f1c55071de2669c9058bf3a96574e,50403390a446b8878af128c5b5eb24f750286ab630615b3caace33849ff6c560,nlm,350.0,27.01626750473475,0.7815194938555726,52.584108445146,4.915456340388548,current_noise_full_reference_sweep,False,20.997712099000637,0.01785219299927121,,,,,,,,
set12,medium,05.png,0,0.05,"[512, 512]",0a48bd94dc684e9744094acf5f9409ae1a147f367207cbcf847ffecc9506b1e3,adb057f232e03a2f58a65b65c32bd3ae831f109d80147c92d9e62f40775bc731,nlm,337.0,28.662644970704598,0.8564795596693532,57.15530046881996,4.549923467961513,current_noise_full_reference_sweep,False,21.13003392199971,0.017930768999576685,,,,,,,,
set12,medium,08.png,0,0.05,"[512, 512]",2c394996c73fe787fca843f9f42014d5330dda4ad3053466b934f2c52d1c1f84,8e3d7b1e875d19f22c64e3044a9d0c41b820f9cfa02088458ff600eaf223eb5f,nlm,250.0,24.860329669822924,0.6324965464975668,44.054992159789805,8.47469861955231,current_noise_full_reference_sweep,False,20.91999303800003,0.01773742900149955,,,,,,,,
set12,medium,01.png,0,0.05,"[512, 512]",0a372ced9fd4d1f9633532a58073e3974b41da8cfc87f04ec8e9a8dc6a89bba1,95660ff47115848bd895ed7581195e91c2ab4a1746122ef36b82c4d90108493b,nlm,345.0,27.716999053546193,0.7690840019573723,52.31269962464171,4.2321626989935,current_noise_full_reference_sweep,False,22.24304310700063,0.01856819199929305,,,,,,,,
set12,medium,04.png,0,0.05,"[512, 512]",7f6baec8e072815d469acd5d149f5da86b89ef26df1895c4edde2d5758900fd0,1c72f71d2f5910501fba30fd6269d5a73022d2e2701365d87f47014e5f50f8e5,nlm,324.0,27.252463432491645,0.7812437991838871,52.68842167544018,4.077152566091263,current_noise_full_reference_sweep,False,20.94454262400177,0.018453017000865657,,,,,,,,
set12,medium,06.png,0,0.05,"[512, 512]",aa1ae42753ac532294aa25320a62b1fb9aa4b54ad1627f3551d0532393b63c6e,418ae6ffd6be74f226d8da4b414080f6be346245802a6e9c0b97dc4ff2a94400,nlm,336.0,25.965977965247,0.7512651899203491,50.54624847864095,6.213905420976799,current_noise_full_reference_sweep,False,20.88331236200065,0.017358246999719995,,,,,,,,
set12,medium,03.png,0,0.05,"[512, 512]",ecaf4e62d02b750095b71c0828247049848c285190975276e63ef6d951b37cf4,0a2b74a80e9ef7c6edfd254d6abd4f21d8fc939cbcfe8e477f4c4a919f7d715d,nlm,340.0,29.094545750583176,0.8510340709445486,57.09897642251902,4.404574294597253,current_noise_full_reference_sweep,False,21.386959831999775,0.018564181000328972,,,,,,,,
set12,medium,11.png,0,0.05,"[512, 512]",17b452cc44e876adc0d3fd3607e8c9ab9e04406fa1702d436005e99db30c6108,599e46ff8f73bb0bcb238e7a5776355ab3a55274a6828355adfafd7ae4d55c02,nlm,275.0,23.679398362340365,0.5850491168659732,41.09215502446884,9.23121703911611,current_noise_full_reference_sweep,False,20.958369529000265,0.01681799499965564,,,,,,,,
set12,extreme,02.png,0,0.2,"[512, 512]",9a0925d4efea52b4b8355baab41b735118c594bada85c1650a8c929d4bedd645,49df52a59b6c929c5f31dd1d9dcd3a8cc145517e504d2433ddbe093f2ea75a04,nlm,628.0,24.740521571817172,0.7413208287471483,49.436302223266004,46.019937457865666,current_noise_full_reference_sweep,True,21.138488172000507,0.01704030499968212,,,,,,,,
set12,extreme,10.png,0,0.2,"[512, 512]",fa9370ee1649c3bf2aa161f01d3d2575a2dedca729f26b78bd75d618679b9889,54206e07e2533ce3cdc4f253b01d2bcf15986e6aa5edcfa3142c91d69412c383,nlm,628.0,21.340945988922225,0.5354635466103269,37.44365032497746,46.34413792391256,current_noise_full_reference_sweep,True,21.084563503000027,0.017158280999865383,,,,,,,,
set12,extreme,09.png,0,0.2,"[512, 512]",4b3ddbef5883a30e02120d9280c878727f5282bb054525cf3a5b0fcffb889d5c,0b3ebc1adeda4f915d78dc938f4f6754e061d4488a42511b466d50496ed3c90d,nlm,571.0,20.85104170621035,0.5182316354504606,36.337102625628205,47.46631788259221,current_noise_full_reference_sweep,False,20.79957528399973,0.01803496699903917,,,,,,,,
set12,extreme,07.png,0,0.2,"[512, 512]",154769fc48745384ec8816fc554051b0dd5f1c55071de2669c9058bf3a96574e,a555b68256523f4ea9a6a3a1d63d525af0a21767eb731194aeaa7d0237229d14,nlm,628.0,21.41862369189259,0.6321388087948275,42.31625228568767,45.48496398851464,current_noise_full_reference_sweep,True,20.951875818998815,0.018084622999595013,,,,,,,,
set12,extreme,05.png,0,0.2,"[512, 512]",0a48bd94dc684e9744094acf5f9409ae1a147f367207cbcf847ffecc9506b1e3,47e001521556c7ceb0d8f2d01af9cf5e6eedb001280a9b295e77fef79fb60244,nlm,628.0,22.067057948498103,0.7102029915489798,46.543678551698044,46.17082530800723,current_noise_full_reference_sweep,True,21.231619090000095,0.01756946899877221,,,,,,,,
set12,extreme,08.png,0,0.2,"[512, 512]",2c394996c73fe787fca843f9f42014d5330dda4ad3053466b934f2c52d1c1f84,b513454383e7814ea07019014f0d151fde15b5a47f3e20c6d9f3194be9c69f56,nlm,526.0,21.743067926820668,0.4538470566855994,33.5638867976903,47.03901439513968,current_noise_full_reference_sweep,False,20.818218325999624,0.017709849000311806,,,,,,,,
set12,extreme,01.png,0,0.2,"[512, 512]",0a372ced9fd4d1f9633532a58073e3974b41da8cfc87f04ec8e9a8dc6a89bba1,bb82ddd95a6a25e95485a996c31e0375130595fb41bbf773b1bd5b01c13959c1,nlm,628.0,21.88313688457888,0.5979984432615152,40.8414906053652,45.520164932301185,current_noise_full_reference_sweep,True,21.167538363999483,0.018223630000647972,,,,,,,,
set12,extreme,04.png,0,0.2,"[512, 512]",7f6baec8e072815d469acd5d149f5da86b89ef26df1895c4edde2d5758900fd0,bed36c52da9f24d3ca3fb49a29cd8e86158fb485d9e63c07e1c4acb7624e204a,nlm,628.0,21.865913191714434,0.6260771781473754,42.23681550322598,45.48007748217924,current_noise_full_reference_sweep,True,20.967087177001304,0.017312639000010677,,,,,,,,
set12,extreme,06.png,0,0.2,"[512, 512]",aa1ae42753ac532294aa25320a62b1fb9aa4b54ad1627f3551d0532393b63c6e,99762f4e36329a2a9ca8ae0af403f0994ac05cc0f2d8cfc948e27d609ae70bab,nlm,628.0,20.864148489454244,0.6054488713986755,40.7045178146609,44.039140648133056,current_noise_full_reference_sweep,True,21.057906285999707,0.017193191999467672,,,,,,,,
set12,extreme,03.png,0,0.2,"[512, 512]",ecaf4e62d02b750095b71c0828247049848c285190975276e63ef6d951b37cf4,5d873642d5904df0268ba3e2ab75f110ac16583462f4036e07f029c689362f0c,nlm,628.0,22.947737138297168,0.7232412862093917,47.63593287961817,45.91402921986008,current_noise_full_reference_sweep,True,20.95081992699852,0.017618477999349125,,,,,,,,
set12,extreme,11.png,0,0.2,"[512, 512]",17b452cc44e876adc0d3fd3607e8c9ab9e04406fa1702d436005e99db30c6108,9a04391c3b1256307bf621b3151ddf799518fb0a981f8949a152baac9237f5bf,nlm,540.0,19.927705851288643,0.3743700307659166,28.68235446394015,46.147998989060824,current_noise_full_reference_sweep,False,20.786655862999396,0.01802690799922857,,,,,,,,
set12,moderate,02.png,0,0.03,"[512, 512]",9a0925d4efea52b4b8355baab41b735118c594bada85c1650a8c929d4bedd645,ee7bfd453ba8d6e6718aaf8a97d81f5f2238214fca6f66b9cd8f2e44d4e6969a,nlm,272.0,32.50228979772145,0.8753053080690265,60.01641030231205,0.623791572089619,current_noise_full_reference_sweep,False,16.218355434999467,0.018042491000414884,,,,,,,,
set12,moderate,10.png,0,0.03,"[512, 512]",fa9370ee1649c3bf2aa161f01d3d2575a2dedca729f26b78bd75d618679b9889,5d887063ebde1fcfbf95f8deca1ac10049d03f7db0a73c069699f665d6977104,nlm,233.0,27.104055633663897,0.7409087022644654,50.597462930055215,4.5081838527200855,current_noise_full_reference_sweep,False,16.251587476999703,0.017207065000548027,,,,,,,,
set12,moderate,09.png,0,0.03,"[512, 512]",4b3ddbef5883a30e02120d9280c878727f5282bb054525cf3a5b0fcffb889d5c,de0042a9b572069c4805997a988a6eb7d29426746f4b470c08ec69dfefe9b523,nlm,232.0,26.91102925572792,0.7824989114353539,52.58046019963166,6.439813727251807,current_noise_full_reference_sweep,False,16.333578683999804,0.01847146399995836,,,,,,,,
set12,moderate,07.png,0,0.03,"[512, 512]",154769fc48745384ec8816fc554051b0dd5f1c55071de2669c9058bf3a96574e,41c6793af84e33ba2ceb749b4738b40b1b3737129d2d2babeb1dd4ec40eb3ac5,nlm,283.0,28.185541112486185,0.8089532177845767,54.540431445471924,1.502971498567654,current_noise_full_reference_sweep,False,16.082349495998642,0.017733463000695338,,,,,,,,
set12,moderate,05.png,0,0.03,"[512, 512]",0a48bd94dc684e9744094acf5f9409ae1a147f367207cbcf847ffecc9506b1e3,9f3476abacfd546a3608bc4be56078d043e749803d48ceb9c514386cce77c211,nlm,283.0,29.956816970999864,0.8814100603243064,59.04891150171525,0.7594724512076801,current_noise_full_reference_sweep,False,16.409482185001252,0.017844046000391245,,,,,,,,
set12,moderate,08.png,0,0.03,"[512, 512]",2c394996c73fe787fca843f9f42014d5330dda4ad3053466b934f2c52d1c1f84,b0b958f06122f7dfd86e575b45174a19c43c39d05a9f75e6d37f0d1b885e83d9,nlm,200.0,25.907637952961412,0.6893624132883853,47.42193964089997,5.112840231498484,current_noise_full_reference_sweep,False,16.357253318999938,0.01693342699945788,,,,,,,,
set12,moderate,01.png,0,0.03,"[512, 512]",0a372ced9fd4d1f9633532a58073e3974b41da8cfc87f04ec8e9a8dc6a89bba1,1890871d8ac6fdf241ae77566f9a0eb175baed8033bd8ffbdecf5475a45749fe,nlm,288.0,28.981405231013795,0.7990540724379398,54.443406237403885,0.9696326970803544,current_noise_full_reference_sweep,False,16.44112385199969,0.018102541000189376,,,,,,,,
set12,moderate,04.png,0,0.03,"[512, 512]",7f6baec8e072815d469acd5d149f5da86b89ef26df1895c4edde2d5758900fd0,5aab2f4c90265de03c4286a1026b54930c9f1174f15bd4788a5cea6ddc26c27a,nlm,264.0,28.642203940328788,0.8169556959271583,55.168886766522306,0.7215773718842555,current_noise_full_reference_sweep,False,16.359962403999816,0.01758790199892246,,,,,,,,
set12,moderate,06.png,0,0.03,"[512, 512]",aa1ae42753ac532294aa25320a62b1fb9aa4b54ad1627f3551d0532393b63c6e,f6c87c3541133224f0d0b09d3ddb74251b7ff019191b5f7b5cf5f3356ce374c4,nlm,267.0,27.537543018488748,0.7885425919556452,53.195901107026636,3.137222255990416,current_noise_full_reference_sweep,False,16.07687033199909,0.018265923999933875,,,,,,,,
set12,moderate,03.png,0,0.03,"[512, 512]",ecaf4e62d02b750095b71c0828247049848c285190975276e63ef6d951b37cf4,231f53176f51c4b24bdc12fd9f1b4c16454140fdfe7631cec75f8301deab3824,nlm,278.0,30.58786548074448,0.8756353318781447,59.07569933427948,0.7098193927546405,current_noise_full_reference_sweep,False,16.09559157500007,0.01808192700082145,,,,,,,,
set12,moderate,11.png,0,0.03,"[512, 512]",17b452cc44e876adc0d3fd3607e8c9ab9e04406fa1702d436005e99db30c6108,fc459f467923651b85169e1d453047db01071c2115000fa34e05ff50a6c59429,nlm,223.0,24.586627343449187,0.6531697264426157,44.951799993855374,6.314604778965126,current_noise_full_reference_sweep,False,16.787409557999126,0.018174066999563365,,,,,,,,
set12,low,02.png,0,0.01,"[512, 512]",9a0925d4efea52b4b8355baab41b735118c594bada85c1650a8c929d4bedd645,7d03f7624fa0aaaef532f6ccb5b007c11ecfba46dc0bf970948880603d265edc,nlm,185.0,35.07028967797428,0.9031718467359915,62.69373717578671,0.37065108484627196,current_noise_full_reference_sweep,False,20.38541760300086,0.017102181000154815,,,,,,,,
set12,low,10.png,0,0.01,"[512, 512]",fa9370ee1649c3bf2aa161f01d3d2575a2dedca729f26b78bd75d618679b9889,d06c846ad219995869474be865acb70b5ec7d01068ecd7580cc3fde6a2889b07,nlm,148.0,28.745745537379193,0.8140593839352532,55.075841965452256,2.9833839090041123,current_noise_full_reference_sweep,False,20.891434705999927,0.016708445999938704,,,,,,,,
set12,low,09.png,0,0.01,"[512, 512]",4b3ddbef5883a30e02120d9280c878727f5282bb054525cf3a5b0fcffb889d5c,f57c1e0803358fa46cb3fcadacd603e0bc8a9a1500621f0dea3a800d055c6fe6,nlm,159.0,29.107391026896103,0.8505835803926003,57.08287453307807,4.047459899809398,current_noise_full_reference_sweep,False,20.522802700000284,0.01776688300014939,,,,,,,,
set12,low,07.png,0,0.01,"[512, 512]",154769fc48745384ec8816fc554051b0dd5f1c55071de2669c9058bf3a96574e,584ba7517a59730143877939055ad6e1e59eec8663870de1e2f41b823592272b,nlm,178.0,29.81344255914843,0.8507668266626779,57.44506261270811,0.7333028750467435,current_noise_full_reference_sweep,False,20.872328401999766,0.017492533999757143,,,,,,,,
set12,low,05.png,0,0.01,"[512, 512]",0a48bd94dc684e9744094acf5f9409ae1a147f367207cbcf847ffecc9506b1e3,d9a99fe9c66291c5480b648f63457e4e7868b0267787c7b85908acc020420910,nlm,194.0,31.95940086991671,0.9170665677874755,61.83302882433213,0.43848639894654506,current_noise_full_reference_sweep,False,20.606970443000137,0.017132926000158477,,,,,,,,
set12,low,08.png,0,0.01,"[512, 512]",2c394996c73fe787fca843f9f42014d5330dda4ad3053466b934f2c52d1c1f84,e160bea8a7b841fbbcb9a08d2452bc47be4e0b6c86d87d1b0bea001f91693d97,nlm,136.0,28.117705613615417,0.7788768700703462,53.00269631032502,3.4812631961475544,current_noise_full_reference_sweep,True,20.52162118599972,0.017254676000447944,,,,,,,,
set12,low,01.png,0,0.01,"[512, 512]",0a372ced9fd4d1f9633532a58073e3974b41da8cfc87f04ec8e9a8dc6a89bba1,580fbc14af471717cfc09261d71b2bee527d3960eb5a144e296d4af84219023d,nlm,182.0,30.66013532922024,0.8439037921043567,57.525257269827954,0.5311466516137235,current_noise_full_reference_sweep,False,18.199943390000044,0.017445086000407173,,,,,,,,
set12,low,04.png,0,0.01,"[512, 512]",7f6baec8e072815d469acd5d149f5da86b89ef26df1895c4edde2d5758900fd0,e8a6fc5f208fe29f03f5cbd984d49640d58559cd6c5aa49284f500b1f7ee7903,nlm,184.0,30.923741223388944,0.8673083462621669,58.82728792480282,0.43848525013682355,current_noise_full_reference_sweep,False,20.583954763000293,0.017320881000159716,,,,,,,,
set12,low,06.png,0,0.01,"[512, 512]",aa1ae42753ac532294aa25320a62b1fb9aa4b54ad1627f3551d0532393b63c6e,e340e8d85915e482eb2fcd7c112e25b58f52ae82986a937d947c38437b40d732,nlm,178.0,30.058625909553733,0.8417628812838353,57.11745701896862,1.8599119812376683,current_noise_full_reference_sweep,False,20.43180710100023,0.01813725100055308,,,,,,,,
set12,low,03.png,0,0.01,"[512, 512]",ecaf4e62d02b750095b71c0828247049848c285190975276e63ef6d951b37cf4,18313c5d887bba3759a18d07833b66fb952544043545ed839a5d493c1c132871,nlm,192.0,33.03177469889648,0.9079126516969195,61.91151993429422,0.43848370366219847,current_noise_full_reference_sweep,False,20.700839555999664,0.01693887600049493,,,,,,,,
set12,low,11.png,0,0.01,"[512, 512]",17b452cc44e876adc0d3fd3607e8c9ab9e04406fa1702d436005e99db30c6108,030fd588168a45176d9b0eca993f8007814b0503964557c1914c2fbae448d11f,nlm,144.0,26.492814008602966,0.7530612604747087,50.899470028036916,4.505667782690034,current_noise_full_reference_sweep,True,20.844719210999756,0.016675736000252073,,,,,,,,
set12,high,02.png,4,0.1,"[512, 512]",9a0925d4efea52b4b8355baab41b735118c594bada85c1650a8c929d4bedd645,fb5756b2f1977a53d6af3dcead4efb66402b9d5e985cdbdec56b32e00ffd97a7,nlm,490.0,27.891458601569244,0.8138168779740135,54.63657319948529,20.947935165293746,current_noise_full_reference_sweep,False,21.385805726999024,0.018149981000533444,,,,,,,,
set12,high,10.png,4,0.1,"[512, 512]",fa9370ee1649c3bf2aa161f01d3d2575a2dedca729f26b78bd75d618679b9889,20cbcff47f8f1652d0beb4647260b220d5985351324e73ce58f91790a1b40bdd,nlm,395.0,24.004773412134675,0.6264645473608129,43.32561407410798,21.24361404401488,current_noise_full_reference_sweep,False,21.331521539999812,0.017077366001103655,,,,,,,,
set12,high,09.png,4,0.1,"[512, 512]",4b3ddbef5883a30e02120d9280c878727f5282bb054525cf3a5b0fcffb889d5c,6580f7427fae38e6900e311bc3d882abd5bbd2d3ee833d3f15f08e971f1badd3,nlm,378.0,23.529309198940673,0.6405807671329762,43.793692956119145,23.999074811232425,current_noise_full_reference_sweep,False,21.323186731000533,0.017041050001353142,,,,,,,,
set12,high,07.png,4,0.1,"[512, 512]",154769fc48745384ec8816fc554051b0dd5f1c55071de2669c9058bf3a96574e,6b2b7a6b103aa4415de2661efe3e7b16f3e8a8d91d505c35019889f45be2ccdf,nlm,482.0,24.669380924026058,0.728820894596675,48.77573519184678,20.22609524620314,current_noise_full_reference_sweep,False,21.18940683099936,0.01810730500073987,,,,,,,,
set12,high,05.png,4,0.1,"[512, 512]",0a48bd94dc684e9744094acf5f9409ae1a147f367207cbcf847ffecc9506b1e3,0d5e8010bb26a850d7bcc7fe1db68e0f0c6af22b17fa9bc70b31b059f1079a92,nlm,448.0,25.868915319021532,0.8042142633471225,53.14517082686689,20.70403826617956,current_noise_full_reference_sweep,False,21.168844523999724,0.01704335800059198,,,,,,,,
set12,high,08.png,4,0.1,"[512, 512]",2c394996c73fe787fca843f9f42014d5330dda4ad3053466b934f2c52d1c1f84,0c9b60e4d12da52284c5eb24f1ad2f1c68d32c53c03585a9c05992f6df84ca1f,nlm,343.0,23.494792772327415,0.546241909233132,39.05949184782031,22.104313598722953,current_noise_full_reference_sweep,False,21.109933534000447,0.017903205000038724,,,,,,,,
set12,high,01.png,4,0.1,"[512, 512]",0a372ced9fd4d1f9633532a58073e3974b41da8cfc87f04ec8e9a8dc6a89bba1,9ea25905277eaa2c13405c16af5a2bd159339f43e0d8dbc939852ca029957356,nlm,458.0,25.195990541457427,0.7033483183114257,47.7654111863,20.383933925379676,current_noise_full_reference_sweep,False,21.436625783000636,0.016607215999101754,,,,,,,,
set12,high,04.png,4,0.1,"[512, 512]",7f6baec8e072815d469acd5d149f5da86b89ef26df1895c4edde2d5758900fd0,fdc436c0c8446ba46cfc24590bb554f37546781412b4b4564d6407e3391d198a,nlm,449.0,24.814622572909755,0.7162973761602132,48.222180094465536,20.190475782198057,current_noise_full_reference_sweep,False,21.20846682699994,0.017111986999225337,,,,,,,,
set12,high,06.png,4,0.1,"[512, 512]",aa1ae42753ac532294aa25320a62b1fb9aa4b54ad1627f3551d0532393b63c6e,a363dcecce4b7295d8e22162211f906c57f7427694cc70216f5f5b9f9c8ae75e,nlm,474.0,23.4140993954923,0.6906128076051311,46.23769007800271,20.09696620566677,current_noise_full_reference_sweep,False,21.431483115000447,0.017994871999690076,,,,,,,,
set12,high,03.png,4,0.1,"[512, 512]",ecaf4e62d02b750095b71c0828247049848c285190975276e63ef6d951b37cf4,85f7066b7aa1244baa2f27667095e1ea8355fef86e40ccd8d4b2514ec34fd63d,nlm,463.0,26.406696317972585,0.8030747121656334,53.357083767267966,21.073666556893777,current_noise_full_reference_sweep,False,21.54403693400127,0.01788193199899979,,,,,,,,
set12,high,11.png,4,0.1,"[512, 512]",17b452cc44e876adc0d3fd3607e8c9ab9e04406fa1702d436005e99db30c6108,d985d535d00b2df1afd30e645e35cfc28961b28fa786c9d6216e5ca98bb90604,nlm,376.0,22.248613766889637,0.47799767029186724,35.02419039803818,21.457100359141247,current_noise_full_reference_sweep,False,21.37535346200093,0.017744254999342957,,,,,,,,
set12,medium,02.png,4,0.05,"[512, 512]",9a0925d4efea52b4b8355baab41b735118c594bada85c1650a8c929d4bedd645,4e69b9926757359b28d2ba0ddea539b9b5734c1c9927cbb52997eed2c2c65a57,nlm,332.0,30.868218565804483,0.8542934717604622,58.14878287092535,4.945823446346914,current_noise_full_reference_sweep,False,17.56250078300036,0.017472214000008535,,,,,,,,
set12,medium,10.png,4,0.05,"[512, 512]",fa9370ee1649c3bf2aa161f01d3d2575a2dedca729f26b78bd75d618679b9889,461dc699c7e6039d3c7fbc9e361c8477afcdd41db684ad67d9d1dd1715aba45a,nlm,286.0,26.021901316755564,0.6991048109541091,47.96619120608324,7.528720621597552,current_noise_full_reference_sweep,False,17.66575065699908,0.018130311000277288,,,,,,,,
set12,medium,09.png,4,0.05,"[512, 512]",4b3ddbef5883a30e02120d9280c878727f5282bb054525cf3a5b0fcffb889d5c,5780430f9e94feaf25364471128f02e7454678af26c718534cb418901e5bbe6c,nlm,280.0,25.728462954616717,0.7354170287724491,49.63508291593081,10.693861074700001,current_noise_full_reference_sweep,False,17.665116525000485,0.018103173999406863,,,,,,,,
set12,medium,07.png,4,0.05,"[512, 512]",154769fc48745384ec8816fc554051b0dd5f1c55071de2669c9058bf3a96574e,57067cdfaec1e7cbd302b6992dd6d10ca47b25065f31c44a1bfe1573c39a6480,nlm,346.0,27.062437367114264,0.7826236762288665,52.662402495000464,4.7817218100486505,current_noise_full_reference_sweep,False,17.625666087000354,0.017987756000366062,,,,,,,,
set12,medium,05.png,4,0.05,"[512, 512]",0a48bd94dc684e9744094acf5f9409ae1a147f367207cbcf847ffecc9506b1e3,e0fa916e823acf6effc4f3b42e72ab8a62ce26e6958e64dcd7833e8e36a12729,nlm,333.0,28.725262749880756,0.8579106907894604,57.2581659144134,4.442808449528478,current_noise_full_reference_sweep,False,17.659884705999502,0.01766379400032747,,,,,,,,
set12,medium,08.png,4,0.05,"[512, 512]",2c394996c73fe787fca843f9f42014d5330dda4ad3053466b934f2c52d1c1f84,e1b0f210137124047cfa6d6db5eb311ebf1bd872e71c7f34ecbce8d731865d47,nlm,247.0,24.91645512531474,0.6356980676651269,44.24313094591372,8.39238375190719,current_noise_full_reference_sweep,False,17.69492811999953,0.017182782999952906,,,,,,,,
set12,medium,01.png,4,0.05,"[512, 512]",0a372ced9fd4d1f9633532a58073e3974b41da8cfc87f04ec8e9a8dc6a89bba1,9379e76152d6d388d723e1eaa08d1618611906ad05b452f66e45fc46f2920222,nlm,343.0,27.758017297491556,0.7704466714307693,52.401342220284235,4.078588048023271,current_noise_full_reference_sweep,False,17.607541176999803,0.017091789000915014,,,,,,,,
set12,medium,04.png,4,0.05,"[512, 512]",7f6baec8e072815d469acd5d149f5da86b89ef26df1895c4edde2d5758900fd0,96b121cc217c410a07c6e8b75d018b9c2d013f47489b90382de26ad622a43a5a,nlm,320.0,27.31216944143691,0.7828878391073198,52.80047667608444,3.925759946632062,current_noise_full_reference_sweep,False,17.63789288800035,0.01723257800040301,,,,,,,,
set12,medium,06.png,4,0.05,"[512, 512]",aa1ae42753ac532294aa25320a62b1fb9aa4b54ad1627f3551d0532393b63c6e,5d3d90db8b69e62a740e7e86ea6a5df988b44fac6affdc46ef302b5c6eb8dce4,nlm,332.0,26.028824530343876,0.7529917881763933,50.664001673991606,6.102901416526537,current_noise_full_reference_sweep,False,17.636820793999505,0.017961854999157367,,,,,,,,
set12,medium,03.png,4,0.05,"[512, 512]",ecaf4e62d02b750095b71c0828247049848c285190975276e63ef6d951b37cf4,76e43ccb10d0fd50514c324d9319b070e705fa6c949ead13598cc60431e1acd1,nlm,335.0,29.15957283210225,0.8523166153744166,57.19561718477196,4.292831870605999,current_noise_full_reference_sweep,False,17.65231292899989,0.01808193499891786,,,,,,,,
set12,medium,11.png,4,0.05,"[512, 512]",17b452cc44e876adc0d3fd3607e8c9ab9e04406fa1702d436005e99db30c6108,d061e894c51d566e883b22e0983bc6c1f82e2c15c660fea833b8da2c916beea5,nlm,272.0,23.713718759495567,0.5869381480240118,41.20376678094837,9.11770615511357,current_noise_full_reference_sweep,False,17.63107533600123,0.017267450000872486,,,,,,,,
set12,extreme,02.png,4,0.2,"[512, 512]",9a0925d4efea52b4b8355baab41b735118c594bada85c1650a8c929d4bedd645,c78625d61f7341c9115095ca61bc56d13277a60903cbda9e7817dcbf3fad2403,nlm,628.0,24.752024110349428,0.7460364936424735,49.677836737298385,45.234804839238556,current_noise_full_reference_sweep,True,17.65161105199877,0.017502546001196606,,,,,,,,
set12,extreme,10.png,4,0.2,"[512, 512]",fa9370ee1649c3bf2aa161f01d3d2575a2dedca729f26b78bd75d618679b9889,55df1265f85a4f395abe6fdb9f8d6ced6f37fabb2f2efbdcd9ad51de31f0f358,nlm,627.0,21.344332192565794,0.5378776301395198,37.56604760325889,45.47943273481554,current_noise_full_reference_sweep,False,17.50609800300117,0.017562830000315444,,,,,,,,
set12,extreme,09.png,4,0.2,"[512, 512]",4b3ddbef5883a30e02120d9280c878727f5282bb054525cf3a5b0fcffb889d5c,d5200db9a81ea1ad2851337034ec180dcba65337806d6f544c91105b701dd5a8,nlm,559.0,20.888777393002268,0.5206636177486084,36.477569583931555,46.7464122055927,current_noise_full_reference_sweep,False,17.30034955299925,0.017100048000429524,,,,,,,,
set12,extreme,07.png,4,0.2,"[512, 512]",154769fc48745384ec8816fc554051b0dd5f1c55071de2669c9058bf3a96574e,d658efe3236f7ef4462769d23a0c6a782ae9c9bb794297f469fb22a6a114781d,nlm,628.0,21.422463098190644,0.6359750141209344,42.50998225514204,44.7712852136856,current_noise_full_reference_sweep,True,17.656049827999595,0.01792797500093002,,,,,,,,
set12,extreme,05.png,4,0.2,"[512, 512]",0a48bd94dc684e9744094acf5f9409ae1a147f367207cbcf847ffecc9506b1e3,f14c438201f32887ca2958073a99c9c4367ca05aa3996a24e4a516345d4ee79d,nlm,628.0,22.071735186473624,0.7138307036930706,46.72740277789033,45.37208795443821,current_noise_full_reference_sweep,True,17.677699682999446,0.017374397999446956,,,,,,,,
set12,extreme,08.png,4,0.2,"[512, 512]",2c394996c73fe787fca843f9f42014d5330dda4ad3053466b934f2c52d1c1f84,a8484a10dd4d38b8a5ac055a083f83a730aeb890ecb2fff33eb9cc1791e5eb5b,nlm,522.0,21.76057625677414,0.45623084716588863,33.6918304866815,46.31076093648385,current_noise_full_reference_sweep,False,17.695036847000665,0.01700788299967826,,,,,,,,
set12,extreme,01.png,4,0.2,"[512, 512]",0a372ced9fd4d1f9633532a58073e3974b41da8cfc87f04ec8e9a8dc6a89bba1,65177135c7481be235c048926973169e2e8bf506e1b0926ab33339f39e25d3b0,nlm,628.0,21.885589985140065,0.6017919895492774,41.0323944700339,44.830986557292725,current_noise_full_reference_sweep,True,17.724891121000837,0.016412117998697795,,,,,,,,
set12,extreme,04.png,4,0.2,"[512, 512]",7f6baec8e072815d469acd5d149f5da86b89ef26df1895c4edde2d5758900fd0,9bdf88a0f1a278417dd2a591efa55b88d04dfe89bd8aaa8ad24e1443228a0a94,nlm,628.0,21.87087597408434,0.6291828282370877,42.39457939889655,44.77177725772632,current_noise_full_reference_sweep,True,17.535690401000465,0.017425946000003023,,,,,,,,
set12,extreme,06.png,4,0.2,"[512, 512]",aa1ae42753ac532294aa25320a62b1fb9aa4b54ad1627f3551d0532393b63c6e,3d987315aa538246f5a208b6d41f81eab45d6f505e0a6f7243927c5ad7a0fe40,nlm,628.0,20.86393728948048,0.6098972929832595,40.926833293903215,43.21949990635146,current_noise_full_reference_sweep,True,17.39815825400001,0.01729318400066404,,,,,,,,
set12,extreme,03.png,4,0.2,"[512, 512]",ecaf4e62d02b750095b71c0828247049848c285190975276e63ef6d951b37cf4,aad7e4eba1d0a55ac4a983788b73e9e5a66f24a767e26e93e98c74ddff8dd54a,nlm,628.0,22.95235239254616,0.7269915798000857,47.82575518627736,45.160859669004445,current_noise_full_reference_sweep,True,17.362999753999247,0.016967634999673464,,,,,,,,
set12,extreme,11.png,4,0.2,"[512, 512]",17b452cc44e876adc0d3fd3607e8c9ab9e04406fa1702d436005e99db30c6108,76b80ddc8c4f96ba7c3331b18a0331e1aa705a7e327f7bf24342319ad0898b04,nlm,528.0,19.930119692208166,0.3762468392414681,28.77740180817749,45.33394888560393,current_noise_full_reference_sweep,False,18.13497807099884,0.019074167001235764,,,,,,,,
set12,moderate,02.png,4,0.03,"[512, 512]",9a0925d4efea52b4b8355baab41b735118c594bada85c1650a8c929d4bedd645,d879986baaf42190982449d59dd5553d540eb63dbc7567ea488c75632114b5ac,nlm,268.0,32.57863850352565,0.876165887256085,60.09761361456708,0.6237953719986978,current_noise_full_reference_sweep,False,20.963930249999976,0.01772118699955172,,,,,,,,
set12,moderate,10.png,4,0.03,"[512, 512]",fa9370ee1649c3bf2aa161f01d3d2575a2dedca729f26b78bd75d618679b9889,434ac8f246e81cbe180927267d40fe66e3454116170de134fb46d837087c066b,nlm,231.0,27.1665373758,0.7429250577241094,50.729521574105476,4.482826264107306,current_noise_full_reference_sweep,False,21.376917048000905,0.017291418998865993,,,,,,,,
set12,moderate,09.png,4,0.03,"[512, 512]",4b3ddbef5883a30e02120d9280c878727f5282bb054525cf3a5b0fcffb889d5c,197f65e812b0eeb2cf91510c2b107e0d658adcb343eaa673a6289fbe2bc4596e,nlm,231.0,26.99187693855128,0.7845260632083793,52.72224162969461,6.403459731984791,current_noise_full_reference_sweep,False,21.1471638059993,0.01811832100065658,,,,,,,,
set12,moderate,07.png,4,0.03,"[512, 512]",154769fc48745384ec8816fc554051b0dd5f1c55071de2669c9058bf3a96574e,b36e158819d385dc062ac7799786f1c8f4d46446b333738c6e5fa3718cffe970,nlm,278.0,28.23252406085,0.8098991914985971,54.61122160535486,1.4841395026529314,current_noise_full_reference_sweep,False,21.080460187000426,0.017601703000764246,,,,,,,,
set12,moderate,05.png,4,0.03,"[512, 512]",0a48bd94dc684e9744094acf5f9409ae1a147f367207cbcf847ffecc9506b1e3,114a2e420e0ad99810e3e866c2b4386ab515991bfd7c5db3c2eb96d637d19c5b,nlm,279.0,30.016435940055352,0.8825023551557251,59.13333572781393,0.7594724512076801,current_noise_full_reference_sweep,False,21.330456924000828,0.01730833300098311,,,,,,,,
set12,moderate,08.png,4,0.03,"[512, 512]",2c394996c73fe787fca843f9f42014d5330dda4ad3053466b934f2c52d1c1f84,f41575c24a908e64f17f53ab3e3de05a585eca0546392a462de5fb0793ed1ce6,nlm,199.0,26.004402248115127,0.6921259484981833,47.60849854896673,5.096445833072836,current_noise_full_reference_sweep,False,21.14088766200075,0.018179579001298407,,,,,,,,
set12,moderate,01.png,4,0.03,"[512, 512]",0a372ced9fd4d1f9633532a58073e3974b41da8cfc87f04ec8e9a8dc6a89bba1,8022eb92cc13c07829c548cf238b714175cd922f1b59a9ef093b7a962ea44eae,nlm,285.0,29.02973782444178,0.7999718772310607,54.513462773773924,0.968731234928888,current_noise_full_reference_sweep,False,21.11822277000101,0.01795157500055211,,,,,,,,
set12,moderate,04.png,4,0.03,"[512, 512]",7f6baec8e072815d469acd5d149f5da86b89ef26df1895c4edde2d5758900fd0,558b3a110914cdad728ad09d50eba68d5001d3cabe99f29756fe4a3478144a26,nlm,261.0,28.701609993359103,0.8184043194173899,55.27102096754904,0.7164891168877571,current_noise_full_reference_sweep,False,21.289476000998548,0.017472294999606675,,,,,,,,
set12,moderate,06.png,4,0.03,"[512, 512]",aa1ae42753ac532294aa25320a62b1fb9aa4b54ad1627f3551d0532393b63c6e,0e78536a56147ba906c487c61e6164992aafc64d24893e1e756d7777e6184f16,nlm,266.0,27.583415904708104,0.7902181156648096,53.302613735594534,3.1190438444372504,current_noise_full_reference_sweep,False,21.215529795999828,0.017742736999935005,,,,,,,,
set12,moderate,03.png,4,0.03,"[512, 512]",ecaf4e62d02b750095b71c0828247049848c285190975276e63ef6d951b37cf4,d9a7aa26403306264e3dab31bb083178514a9ce2d7e31938922d1ea09f35d416,nlm,273.0,30.64963666656302,0.8765599797763142,59.15281732209722,0.7096805635182957,current_noise_full_reference_sweep,False,20.983095515999594,0.017862179998701322,,,,,,,,
set12,moderate,11.png,4,0.03,"[512, 512]",17b452cc44e876adc0d3fd3607e8c9ab9e04406fa1702d436005e99db30c6108,4f6af6012acab1aca32e1626772dece3f447b16d814b44a65374637178964709,nlm,221.0,24.638519294061076,0.6550189071439065,45.07020500422587,6.274447339820147,current_noise_full_reference_sweep,False,21.18480603199896,0.018070144000375876,,,,,,,,
set12,low,02.png,4,0.01,"[512, 512]",9a0925d4efea52b4b8355baab41b735118c594bada85c1650a8c929d4bedd645,5a06d5c62acf1b36874d17fbb7c8fbcf1bfa1a90a72f48c16e827f3f6067b418,nlm,182.0,35.134725677632034,0.90377762831901,62.756244254766514,0.37065108484627196,current_noise_full_reference_sweep,False,16.199793138999667,0.01751192400115542,,,,,,,,
set12,low,10.png,4,0.01,"[512, 512]",fa9370ee1649c3bf2aa161f01d3d2575a2dedca729f26b78bd75d618679b9889,fe06adf3c895b40fb6b5a15eaf684dfca16946f6169b38d893ed18d3aef8cf92,nlm,145.0,28.783737737137155,0.8162026154591826,55.201999641527706,2.981189152216168,current_noise_full_reference_sweep,False,16.496215478000522,0.018098861999533256,,,,,,,,
set12,low,09.png,4,0.01,"[512, 512]",4b3ddbef5883a30e02120d9280c878727f5282bb054525cf3a5b0fcffb889d5c,bf4e02197794a0e21fbe08f301c6e1a7f1d9ff3ad8f7a4b371f0e200d7cb39b1,nlm,159.0,29.21427068601674,0.851717200072511,57.19299534663392,4.040805286942618,current_noise_full_reference_sweep,False,15.989327209999828,0.018242399999508052,,,,,,,,
set12,low,07.png,4,0.01,"[512, 512]",154769fc48745384ec8816fc554051b0dd5f1c55071de2669c9058bf3a96574e,bebd5b94e7c8cd5e3c45a4c02eeb5c2f8901ef456e75534811f5ac6a29a3fac0,nlm,176.0,29.869186765486695,0.8516858958827406,57.51888817688038,0.7327384559935708,current_noise_full_reference_sweep,False,16.245827225999165,0.018100294000760186,,,,,,,,
set12,low,05.png,4,0.01,"[512, 512]",0a48bd94dc684e9744094acf5f9409ae1a147f367207cbcf847ffecc9506b1e3,166ad95c58f0c06dd2685ab4d5020f880563f9a5058e35aa36901da12704efa6,nlm,191.0,32.01117022986823,0.9179165584860506,61.901413039236644,0.43848631057656645,current_noise_full_reference_sweep,False,16.387967085000128,0.01771362100043916,,,,,,,,
set12,low,08.png,4,0.01,"[512, 512]",2c394996c73fe787fca843f9f42014d5330dda4ad3053466b934f2c52d1c1f84,66926c0920534e26b939a5d9f0556865f11d7abe2870967adce74daa613116e0,nlm,136.0,28.224797853901343,0.780220304350553,53.12341414447832,3.476387294209577,current_noise_full_reference_sweep,True,16.263687173999642,0.01778854400072305,,,,,,,,
set12,low,01.png,4,0.01,"[512, 512]",0a372ced9fd4d1f9633532a58073e3974b41da8cfc87f04ec8e9a8dc6a89bba1,44e11976558cb007c81a668559ae9107fdef12040d6bf3409d86e01b32bb629b,nlm,177.0,30.665329307141956,0.8451660182480983,57.5909655659759,0.5311464306887771,current_noise_full_reference_sweep,False,16.20297306900102,0.018012172000453575,,,,,,,,
set12,low,04.png,4,0.01,"[512, 512]",7f6baec8e072815d469acd5d149f5da86b89ef26df1895c4edde2d5758900fd0,ecca96323697cb95c9b9c67fa33692a63a0bcc03cbf07eb1f49bfa5e122f8d4d,nlm,183.0,30.99690314624005,0.8683072124142134,58.913812193830694,0.43848520595183427,current_noise_full_reference_sweep,False,16.164430599999832,0.017189070998938405,,,,,,,,
set12,low,06.png,4,0.01,"[512, 512]",aa1ae42753ac532294aa25320a62b1fb9aa4b54ad1627f3551d0532393b63c6e,17094acf9de65d3df3665b52428f406b7e9029614715969875e5da956e308411,nlm,175.0,30.123480999113198,0.8428844217981036,57.20596158946178,1.8581201915520364,current_noise_full_reference_sweep,False,16.10634100400057,0.018090408000716707,,,,,,,,
set12,low,03.png,4,0.01,"[512, 512]",ecaf4e62d02b750095b71c0828247049848c285190975276e63ef6d951b37cf4,2d3e27d6769c28d88fcabbfa79deb4e13ee1277e06787f8cfec414322f383aed,nlm,191.0,33.09092507526053,0.9085653088748743,61.973727981373976,0.4384835711072306,current_noise_full_reference_sweep,False,16.16518642400115,0.017635785001402837,,,,,,,,
set12,low,11.png,4,0.01,"[512, 512]",17b452cc44e876adc0d3fd3607e8c9ab9e04406fa1702d436005e99db30c6108,4d79c36b74d775043c078b1a3b12fac535b38d23f700cf6d0a06dba47d86941f,nlm,144.0,26.593430254694255,0.7543245571765076,51.012942986172504,4.492357496516732,current_noise_full_reference_sweep,True,16.969902060000095,0.018159133998778998,,,,,,,,
set50,high,19.gif,0,0.1,"[512, 512]",d17c7663feb48c0fe318904421cb04ec7e850a109d952f66a49ac464a4176a1e,b36a0e2777a4778ee716a1dfe989dd541a6b3d7c5af5fd33a1b733957ca06fd4,ianlm,1.0,38.51285284815057,0.9875431030684729,68.63358157749893,,fixed_independent,,,0.3220189629992092,8.0,8.0,NLM_fast_cuda_global,26216.0,24209.0,2007.0,0.92344369850473,
set50,high,22.gif,0,0.1,"[512, 512]",dfe4f6c6370dbe0651bccc46e98ac3b787e8c63a3a37fb138fe6c81f3e32edd4,455a61e743daec9940c17a770102e9f6d8150016e197a7b40ba5ed8b526bdc6d,ianlm,1.0,34.88236983614374,0.9781142749822425,66.34689866718399,,fixed_independent,,,0.2876366719992802,8.0,8.0,NLM_fast_cuda_global,26216.0,26154.0,62.0,0.9976350320415014,
set50,high,10.gif,0,0.1,"[512, 512]",e233b9bc584bbcbbdcbcbf3674e9c18c92aff37cf54afeec01dc2e7dc1811878,40725b43529bab17a6c41cf7934a73bda5b434a8803e87e4fc1465424cfe2303,ianlm,1.0,42.18226000668942,0.9945020065268713,70.81623032968827,,fixed_independent,,,0.29091951699956553,8.0,8.0,NLM_fast_cuda_global,26216.0,26206.0,10.0,0.9996185535550809,
set50,high,14.gif,0,0.1,"[512, 512]",83fe92c5398701971c09c467a97dc4bfdb94eb4b3ded548d26e5e7fcf62e4d2a,6b7ebb5297b454e99889eaa9e3c4e7c51d253902665731705f49dc1a7a3fe113,ianlm,1.0,30.92680224005205,0.9723215693919758,64.07947958962481,,fixed_independent,,,0.29584244200123067,8.0,8.0,NLM_fast_cuda_global,27116.0,27104.0,12.0,0.9995574568520431,
set50,high,5.gif,0,0.1,"[512, 512]",49db903e1a87a0044a734fb77708aad9985011bc9ee9fb379099de1b4e946109,e06f2bc488a0ff103329561f1b985093b78f631466c577b7e6aeacf6ec8eefe8,ianlm,1.0,43.737042937337534,0.9912853248707785,71.4327877122077,,fixed_independent,,,0.2736635400033265,8.0,8.0,NLM_fast_cuda_global,26216.0,25836.0,380.0,0.985505035093073,
set50,high,44.gif,0,0.1,"[512, 512]",f968969e97bf6f8f47fd5940af0bd7481b61f2df6d5d553882b8938123b37289,ec7bcd577aab4cb2bedb2657569a7b495db193526b6667e04b6672396e29b078,ianlm,1.0,22.592711285181654,0.920830743451768,57.337892815179224,,fixed_independent,,,0.37236634500004584,8.0,8.0,NLM_fast_cuda_global,38124.0,38072.0,52.0,0.9986360297975029,
set50,high,42.gif,0,0.1,"[512, 512]",f9b953242d46fc204da43e46262ac3754e9428050546213f592efb0fb7398f12,d0610cf35e287c81eb1f642f3b1f542f30070d26d13b0067e7baf4d73663ef18,ianlm,1.0,30.22352538003045,0.9748763958132207,63.85558248067626,,fixed_independent,,,0.2957951209973544,8.0,8.0,NLM_fast_cuda_global,28423.0,28108.0,315.0,0.9889174260282166,
set50,high,38.gif,0,0.1,"[512, 512]",e39779dc60dbc76330293a5fdb44dfabe4d22433c36132e18afcf31a515217b4,b024231c1c516936430ae7117c8c77dd3ee6a417718598f0b9968ffc86f3b5f5,ianlm,1.0,42.21918316712974,0.9904941173880606,70.6342974529679,,fixed_independent,,,0.2788245579977229,8.0,8.0,NLM_fast_cuda_global,26216.0,26216.0,0.0,1.0,
set50,high,48.gif,0,0.1,"[512, 512]",9b261d731fc3d639b0cc3dac391980b0c49dd558b24b95a14bb3f3eb9f3569d0,f7e02ffabb7c26975ac77d2ba941fa8dfff992fc0d3c3a52904286975a396ab4,ianlm,1.0,41.17243186772484,0.9912336671904193,70.14789929338338,,fixed_independent,,,0.2882640120005817,8.0,8.0,NLM_fast_cuda_global,26217.0,25874.0,343.0,0.9869168859900065,
set50,high,17.gif,0,0.1,"[512, 512]",6f8a02e1689062bed722742a554760dd74359b35fc8b969bab8beed8e59421a0,e7c516b92404f02e0645aab2369f6d006b10771e2148c9e3305e1e93828f5d9b,ianlm,1.0,30.39559337042331,0.9187794578521187,61.13676957781759,,fixed_independent,,,0.32894883200060576,8.0,8.0,NLM_fast_cuda_global,47078.0,39741.0,7337.0,0.8441522579548834,
set50,high,0.png,0,0.1,"[512, 512]",0a372ced9fd4d1f9633532a58073e3974b41da8cfc87f04ec8e9a8dc6a89bba1,5c64fdfe33f4ceb5a47428c2edc3ca4f989b1078a7da5d038a7aac327de869fd,ianlm,1.0,45.51618551854232,0.9971794313619183,72.61706432736707,,fixed_independent,,,0.3000260080007138,8.0,8.0,NLM_fast_cuda_global,26331.0,24330.0,2001.0,0.9240059245755953,
set50,high,16.gif,0,0.1,"[512, 512]",2d68b31ae4d4c10bc0e60742ba3064c10d62113ffb3ca9a7c14b80e40b0e6170,6ca2d5d1195f31115e9e15bd7978d65bde8735913f5134a99256e529c86a3d8a,ianlm,1.0,29.586655927847502,0.9285155331453655,61.219104621192024,,fixed_independent,,,0.36604253399855224,8.0,8.0,NLM_fast_cuda_global,34388.0,33213.0,1175.0,0.9658311038734442,
set50,high,32.gif,0,0.1,"[512, 512]",c3cc3fb5da093d47d6808c6219ed907c3e69ab01954b1b929a8739cbbcc26493,810d3fc722ad3d6be42c77a540abbe450d08f86c4c996feebc699bf3e2187fb0,ianlm,1.0,27.193737229460787,0.8238973955272203,54.791738391091414,,fixed_independent,,,0.32519382199825486,8.0,8.0,NLM_fast_cuda_global,75998.0,68412.0,7586.0,0.9001815837258875,
set50,high,30.gif,0,0.1,"[512, 512]",b1cccc0e8d64bae511f9cd0c5596628364bd1e09c90c5e793604a1f7a55f642f,8f3d6ba7eafb9220ec09f0fc23d98c4362582f25fe465748fde08df029299774,ianlm,1.0,38.33560946418786,0.9828891790481278,68.31226368450032,,fixed_independent,,,0.29815017199871363,8.0,8.0,NLM_fast_cuda_global,26216.0,24441.0,1775.0,0.9322932560268539,
set50,high,43.gif,0,0.1,"[512, 512]",443801cafadb33c7829b313f4efd834e70cc313567a260dd2b5554dc7ee6be98,f9f8d19328bf1d7475a95984514a389b0136e60eba80c85712e9c05f9a967619,ianlm,1.0,38.7692555770355,0.9897951598523248,68.874385781134,,fixed_independent,,,0.2923429529982968,8.0,8.0,NLM_fast_cuda_global,28834.0,28178.0,656.0,0.9772490809461053,
set50,high,47.gif,0,0.1,"[512, 512]",9005ddf994846f88305becd36c72a046818a094c026c69a8106c34b34a31a8fe,5e23fe352e87a835d6f7372654af688603bdc568b1d6edc31757a6b71ff6f072,ianlm,1.0,32.856176273393004,0.9776819192517043,65.31218409928172,,fixed_independent,,,0.3063178219999827,8.0,8.0,NLM_fast_cuda_global,26252.0,26227.0,25.0,0.9990476916044492,
set50,high,25.gif,0,0.1,"[512, 512]",30838b6c4e963b60da10cc6158a119a7052a4ffa1ebdcc87bcf0054f681427c6,2539e5cf1bcc6130b9238ebc011a1069fdfddd7401c69aa83c14b2efb244dee4,ianlm,1.0,42.0372376772376,0.9876815033927552,70.40269400825656,,fixed_independent,,,0.29254968799978087,8.0,8.0,NLM_fast_cuda_global,29708.0,27204.0,2504.0,0.915712939275616,
set50,high,7.gif,0,0.1,"[512, 512]",5e3769e24988284e1036ce844ee8e0f11dbe28fe111f6a962e37864dc34b60dc,bfb32fd0573f98e26541bf24de61f68beccaeb66008181d1d775350c1789035f,ianlm,1.0,31.21267041215583,0.9750055196706275,64.35661118960928,,fixed_independent,,,0.284104082002159,8.0,8.0,NLM_fast_cuda_global,26280.0,24751.0,1529.0,0.9418188736681887,
set50,high,15.gif,0,0.1,"[512, 512]",51e2066df33af18b47bcd356b17c6cdf04f2a5fd219ace410fcabb06698c6c71,bf8b02c350afda2a086d62f94ecfc2be823c619bb2256328323737766f031044,ianlm,1.0,34.63365521252692,0.9755854544288812,66.09610032770752,,fixed_independent,,,0.31458571899929666,8.0,8.0,NLM_fast_cuda_global,29155.0,27966.0,1189.0,0.9592179729034471,
set50,high,41.gif,0,0.1,"[512, 512]",1569598ab7f33ee44bcf70502565ffcd7528912a2c13cd1977fe64573770f1e6,70ff830e123ba0b8a56a22fa8d8361dd52e6efc94cce0dc0117077a8d211d455,ianlm,1.0,39.77752335145596,0.988681628376014,69.32284309452868,,fixed_independent,,,0.2919721660000505,8.0,8.0,NLM_fast_cuda_global,26362.0,26088.0,274.0,0.9896062514225021,
set50,high,6.gif,0,0.1,"[512, 512]",ca956c8aa0ec2de8bd2e4d7545c7f969215d4f7f65cb72ee9d31cb17df0033b6,91c0d484c15597d9172a55a9609dcaaab6020d9ca89b915718e7c130aa54ed16,ianlm,1.0,35.88865505538811,0.9740828493700383,66.64846999619597,,fixed_independent,,,0.3050785579980584,8.0,8.0,NLM_fast_cuda_global,32700.0,29299.0,3401.0,0.8959938837920489,
set50,high,21.gif,0,0.1,"[512, 512]",74d2fa3fc2447fd331660c09f2f468f3cce983dc347509d32564e992fdebaf9a,93925f5a9a6755a73923c2bef7adff8c2bdab08e8e089892c36ace4313afb948,ianlm,1.0,39.59563440330613,0.986609621757085,69.12829828950731,,fixed_independent,,,0.2797501500008366,8.0,8.0,NLM_fast_cuda_global,26216.0,26155.0,61.0,0.9976731766859933,
set50,high,27.gif,0,0.1,"[512, 512]",bc7a1c1300b1b1bda264e18fbde62fa845194fac5839cb705a788c6ac331f517,144439eafed501fe7aa53d4e6967a995d40da47c2ef83b7b5e02b718dafccd80,ianlm,1.0,35.428310227115574,0.9827376240151173,66.85103631431366,,fixed_independent,,,0.3271089660011057,8.0,8.0,NLM_fast_cuda_global,29588.0,28480.0,1108.0,0.962552386102474,
set50,high,46.gif,0,0.1,"[512, 512]",14cdebcd7b2b9e534cc9717933df6ccb4861289237cde90700810e2e6e2e245f,f9ffe1409fcf91d55fa900020b1f0f613dd8b50d40a2f9d090f6f53caa03f076,ianlm,1.0,34.740489771707445,0.9813008313371275,66.4352864527101,,fixed_independent,,,0.3122029879996262,8.0,8.0,NLM_fast_cuda_global,27864.0,27340.0,524.0,0.9811943726672409,
set50,high,20.gif,0,0.1,"[512, 512]",c3a4da195ffc62103521cd979723e50840fe46cfd989b567c826985f8b23dcf4,bd08cc1fb18acc1d47463e9c075d7d5d446aa4ae53b1672824ff6a737dc1f69d,ianlm,1.0,37.15758091067373,0.9822092265089913,67.68925178078644,,fixed_independent,,,0.28654495400041924,8.0,8.0,NLM_fast_cuda_global,26648.0,26325.0,323.0,0.9878790153107175,
set50,high,2.gif,0,0.1,"[512, 512]",b101b795e2638a1e9dbdaa513bdc8be6090aed4d6ac294b155e5f3a2c7c0bb80,13d3b6b9e05ddc640a63ea227d1f32df0b4e453f33794f15001a41ae53644828,ianlm,1.0,41.19261987716512,0.9880214365571075,69.99738176643794,,fixed_independent,,,0.28729334300078335,8.0,8.0,NLM_fast_cuda_global,26216.0,25836.0,380.0,0.985505035093073,
set50,high,40.gif,0,0.1,"[512, 512]",911cad3f1d559f196f94ed9e80a9602969b74319acb1d70da238efdb48af38e2,d5f4e4babce2a4896b57ee8a524799a4a612a77617adc6237c295f1b8268313a,ianlm,1.0,46.418225436449355,0.9935212382311782,72.88517462978359,,fixed_independent,,,0.2929277759976685,8.0,8.0,NLM_fast_cuda_global,26216.0,26216.0,0.0,1.0,
set50,high,31.gif,0,0.1,"[512, 512]",33781418a1e6e85521011be7d450b002a8f8a8f1ba68a79c1219f3b3ba59b160,85c7dd0dbdad648e1bc43c9d6bbf15a1baffa81644e4a28e665df8f4296b38c0,ianlm,1.0,28.067820941368055,0.9303501769021565,60.551419315791854,,fixed_independent,,,0.3737007960007759,8.0,8.0,NLM_fast_cuda_global,35153.0,32385.0,2768.0,0.9212584985634228,
set50,high,29.gif,0,0.1,"[512, 512]",1eeb76c0386fbcd563a08eb25bbeffde427bdc62658e4bcc02c8aafbf733f219,a7c813ed42caac8cc5e59ba0b313601fb3411f9081c2c98c849a0f386c717927,ianlm,1.0,30.576694259889745,0.9162073866387228,61.09871646188102,,fixed_independent,,,0.3558839729994361,8.0,8.0,NLM_fast_cuda_global,39857.0,35287.0,4570.0,0.8853400908246983,
set50,high,33.gif,0,0.1,"[512, 512]",7a10c4eca50167d8d459c2505f2b0f21cfb399e7b01adccaa0422695496c2e72,0b9b79cc55914de4df60ffdc521344bb95f073f3bbae4f345c20bb3d16868469,ianlm,1.0,37.159321132025404,0.977231937238911,67.44125742795825,,fixed_independent,,,0.30705078299797606,8.0,8.0,NLM_fast_cuda_global,29097.0,26735.0,2362.0,0.9188232463827886,
set50,high,24.gif,0,0.1,"[512, 512]",b8f6ebed7641854cd23e807c2f78d350f1373b2fe7f96e6ea18f8531797fbc3a,933931a3c3cf3e69d505146c4f660b276aa0eb49b9bdfff9b8e7b90470c69978,ianlm,1.0,41.16592549220515,0.9882541302255656,69.99566925738085,,fixed_independent,,,0.27902573000028497,8.0,8.0,NLM_fast_cuda_global,26685.0,25828.0,857.0,0.9678845793516957,
set50,high,3.gif,0,0.1,"[512, 512]",e3e2313cc250162bd613776c7b0063891d9d56b3576c9808ac5c8c0e7e8fcb8d,735ba2525df2e7b6a619ada7a3ef29d9102198e0392841695017c0dd0b5ee365,ianlm,1.0,38.82698497835148,0.9863060847797811,68.7287967281648,,fixed_independent,,,0.30336694799916586,8.0,8.0,NLM_fast_cuda_global,28196.0,26337.0,1859.0,0.9340686622215917,
set50,high,1.gif,0,0.1,"[512, 512]",95f21dff4cd5a318a519cb05a1e35fb41f49c007ca46345fd6917258be8d9d73,3c777b4aafc995f531dbb45a128a3eae2ac912519ef53a690559aa448818fa5c,ianlm,1.0,35.21322634031806,0.9852761344806773,66.87041989419289,,fixed_independent,,,0.30726124399916444,8.0,8.0,NLM_fast_cuda_global,26216.0,26072.0,144.0,0.9945071711931645,
set50,high,23.gif,0,0.1,"[512, 512]",05918015ae96873f255fec3e75ace895a76214abbeffdbfff55b5cf6214224c6,5f89d28e00ddcbb3c400744e705cf34f0576d46a30918f8130ebe8b81f0dbd6b,ianlm,1.0,45.00846886870914,0.9934237869305808,72.1754237808836,,fixed_independent,,,0.27801576199999545,8.0,8.0,NLM_fast_cuda_global,26216.0,26216.0,0.0,1.0,
set50,high,35.gif,0,0.1,"[512, 512]",353590d221e21b53b97858fbc575a2320a10336f21bbed5dd461fa942bab100f,7fd0001b7f292822b216f02c457dbcecd3cc83fe14deb66f3451f8f3ef72671e,ianlm,1.0,39.85861666707238,0.9842892040494248,69.14376853600743,,fixed_independent,,,0.2887399530009134,8.0,8.0,NLM_fast_cuda_global,26216.0,26215.0,1.0,0.9999618553555081,
set50,high,36.gif,0,0.1,"[512, 512]",99a41bcc709d43204ca0f73a6593656300237e5367043081c5065ca77d5e3628,ff4228673bf5f8b1cc0996ca7aebcbc4b4745a91c7d8bae3aa2dd541df188359,ianlm,1.0,37.069321325873425,0.9843802127813932,67.75367130200637,,fixed_independent,,,0.28666356499888934,8.0,8.0,NLM_fast_cuda_global,26216.0,24949.0,1267.0,0.9516707354287458,
set50,high,26.gif,0,0.1,"[512, 512]",3efcc155fe7f35f9428c0536c9c1dc2b826188d5f0a5b0a90ecbf681233221e2,82c2e5bf1fd025c58e0731a894ed6f185e49d9f6da055c0ddcccab37d1acaf68,ianlm,1.0,43.12176595160093,0.9907622270274802,71.09899432717447,,fixed_independent,,,0.2875763160009228,8.0,8.0,NLM_fast_cuda_global,26216.0,26124.0,92.0,0.996490692706744,
set50,high,37.gif,0,0.1,"[512, 512]",74881a36c4896c931da56c784ac35afb478dc71ae7af27894deeb074f83e518a,6711e4fc698c6f6b88662c31c7011be6475f79e420b41957137edbe48c02cc84,ianlm,1.0,39.12690893358116,0.9817001184484522,68.6484603892132,,fixed_independent,,,0.3068938860014896,8.0,8.0,NLM_fast_cuda_global,26216.0,26186.0,30.0,0.9988556606652426,
set50,high,13.gif,0,0.1,"[512, 512]",c34b796bde09761f5bc3c358f20b72f49e020580ed0a76d5456c61f0da4499eb,b23b2328bee24b6db72c9714ba291238b97ab3df260f49344564758f266b6c76,ianlm,1.0,39.942980209539826,0.9928691192764763,69.61494606859372,,fixed_independent,,,0.2794045200007531,8.0,8.0,NLM_fast_cuda_global,26216.0,26115.0,101.0,0.9961473909063168,
set50,high,28.gif,0,0.1,"[512, 512]",f509179793e6551fbec77f8fdd91e45d53d2dd6e0a87394377c4bb4c52eb9a43,d1611978754e5fc4a32fa267275458c29f71665a67a3d6e772e5a8d97a888b76,ianlm,1.0,40.123622550121,0.9825267305391181,69.1881478020164,,fixed_independent,,,0.2866559979993326,8.0,8.0,NLM_fast_cuda_global,26217.0,26109.0,108.0,0.995880535530381,
set50,high,9.gif,0,0.1,"[512, 512]",8b76cd61996084e7d23b9f638b4d32839d9f6ac7965ef9b585f78bdbdaff16b3,bf30a7802fc17f31bf72e321b90d3ed5f0390b5768e85c9c5499096eb9fcde3e,ianlm,1.0,33.58236779718946,0.9757045093378796,65.5764093654887,,fixed_independent,,,0.29562410000289674,8.0,8.0,NLM_fast_cuda_global,31068.0,30257.0,811.0,0.9738959701300374,
set50,high,18.gif,0,0.1,"[512, 512]",539caf0cced15a86b729848a1a182b75776a621cf01b5e9a62085f53b86f3407,57502a7add237e5d5309882c717ca9c474cb1f376e21798057c8e0f71c0150ec,ianlm,1.0,28.65289592617582,0.9635585260547549,62.50437426582565,,fixed_independent,,,0.322994860000108,8.0,8.0,NLM_fast_cuda_global,29334.0,28146.0,1188.0,0.9595009204336266,
set50,high,49.gif,0,0.1,"[512, 512]",8311e02cd6238d6e74f6a9bf6fa5c250d748ceec5882a86242e2452c587cdf2b,16522de1ffa2356a43b6b1339c41f1a31b67ef45f92c4bb401a90a78555d2b30,ianlm,1.0,20.51245924048114,0.8320718041856389,51.85981982952251,,fixed_independent,,,0.2173529640022025,8.0,8.0,NLM_fast_cuda_global,84688.0,84677.0,11.0,0.9998701114679766,
set50,high,4.gif,0,0.1,"[512, 512]",fd89b9bfe327e11c7cfbc851fff026261f2c33ef17edc9373682def6616fdc4f,3c0d019d5056b98dbdd01251831763caa26e55b8875f2444b402a81535401593,ianlm,1.0,41.5559440184568,0.9886907175719185,70.21250788782433,,fixed_independent,,,0.289370909002173,8.0,8.0,NLM_fast_cuda_global,26303.0,26108.0,195.0,0.9925863969889366,
set50,high,8.gif,0,0.1,"[512, 512]",fd53a01b9f6a3a02a5408efee91cfa235b1325372804d49874a677719089b14e,22ebb86ce1395a6ea03d541a188eef6e92c3804779678fd6b9d986ea4a3704f1,ianlm,1.0,41.43193934255751,0.9907074437347475,70.25134185801613,,fixed_independent,,,0.29799578600068344,8.0,8.0,NLM_fast_cuda_global,26216.0,21983.0,4233.0,0.8385337198657309,
set50,high,39.gif,0,0.1,"[512, 512]",e43557540646572e4a7b69124c49ff2c37c4d1695507c5d64a44d09a5043958e,2cd48e49bed02f86e876dc092a5fe09f97580929bf9971223e5d235b9fc21e5d,ianlm,1.0,43.032239184234406,0.9914286475775346,71.08755197099393,,fixed_independent,,,0.28654136000113795,8.0,8.0,NLM_fast_cuda_global,26216.0,26216.0,0.0,1.0,
set50,high,12.gif,0,0.1,"[512, 512]",3c3ec23125fea9974f2e94c0d93a534edf2ec60d33b6af79f9a60fef58295de4,c499ec126eb1d4bd4772ea5064bf8c5aec9aedea33c962227fa457abfe5821f2,ianlm,1.0,36.94236707589221,0.97340296265881,67.1413316708866,,fixed_independent,,,0.3379062839994731,8.0,8.0,NLM_fast_cuda_global,35930.0,26876.0,9054.0,0.7480100194823267,
set50,high,45.gif,0,0.1,"[512, 512]",72644242bceb1596c04ab4ddde11989c7aa206ee2094402fadeac9f9c500d55a,1c77a0ba17abe22ce790d8efab4ac203a1f91fa751c993883c8b6bb7b35b8ec7,ianlm,1.0,39.50350959958053,0.985070156702964,69.00526263493848,,fixed_independent,,,0.30059538099885685,8.0,8.0,NLM_fast_cuda_global,26216.0,26178.0,38.0,0.9985505035093073,
set50,high,11.gif,0,0.1,"[512, 512]",b12e0216f269d1ad8f5dfe769baf0fb60142ab5235a6d1d62707dc52ca591071,9cf4a3983f4c78b315b6e3696a2902c630e21959314e7d5ba80f4b5e3a698a9f,ianlm,1.0,29.79462314984332,0.9744227768007038,63.61845041495685,,fixed_independent,,,0.2840342560011777,8.0,8.0,NLM_fast_cuda_global,26409.0,22801.0,3608.0,0.8633799083645727,
set50,high,34.gif,0,0.1,"[512, 512]",42a4b02f48b536770f4d42c1c4884a5b2a4a662af62778249a90a16c1d9f5398,aeee58b67027a3d070fc355f6fa808729e4818e31921fdad3e72e016da9f0e59,ianlm,1.0,38.001032558399125,0.9839101933643767,68.19602594741839,,fixed_independent,,,0.28828243800307973,8.0,8.0,NLM_fast_cuda_global,26216.0,25563.0,653.0,0.9750915471467806,
set50,medium,19.gif,0,0.05,"[512, 512]",d17c7663feb48c0fe318904421cb04ec7e850a109d952f66a49ac464a4176a1e,ab0f62ff71690b1f079d2442492232894b3d5cb0bd28f2a635a0154933a3ad9c,ianlm,1.0,41.74921960941969,0.9939307657108992,70.57114809025481,,fixed_independent,,,0.1555249199991522,8.0,8.0,NLM_fast_cuda_global,13108.0,11815.0,1293.0,0.9013579493439121,
set50,medium,22.gif,0,0.05,"[512, 512]",dfe4f6c6370dbe0651bccc46e98ac3b787e8c63a3a37fb138fe6c81f3e32edd4,620f2e4a57fed79f61ab777b3e184c38652054c24847572fdb76c0001885adc8,ianlm,1.0,38.08312301018809,0.9894007140302036,68.51159720660422,,fixed_independent,,,0.1592353850010113,8.0,8.0,NLM_fast_cuda_global,13108.0,13059.0,49.0,0.9962618248397925,
set50,medium,10.gif,0,0.05,"[512, 512]",e233b9bc584bbcbbdcbcbf3674e9c18c92aff37cf54afeec01dc2e7dc1811878,bf39e4c2af1601555be9f4f79c87f5f72e4d70b0d0c6fbe349afddc726c4b64a,ianlm,1.0,45.37641094374794,0.9973047708192928,72.55344401283861,,fixed_independent,,,0.1525152980011626,8.0,8.0,NLM_fast_cuda_global,13108.0,13103.0,5.0,0.9996185535550809,
set50,medium,14.gif,0,0.05,"[512, 512]",83fe92c5398701971c09c467a97dc4bfdb94eb4b3ded548d26e5e7fcf62e4d2a,15c8aaec04915b3a2e6edfedfb300a609784bb53adf334bf8a8dfad53fca7e0e,ianlm,1.0,32.85352632194645,0.9841837665647628,65.63595148921137,,fixed_independent,,,0.16244331899906683,8.0,8.0,NLM_fast_cuda_global,14055.0,14041.0,14.0,0.9990039131981501,
set50,medium,5.gif,0,0.05,"[512, 512]",49db903e1a87a0044a734fb77708aad9985011bc9ee9fb379099de1b4e946109,c2224edd221ea21c84e5117528a8db3adfc3696f14b7d240e12cc2d0730553af,ianlm,1.0,47.058358607110875,0.9958342888971479,73.32089374841283,,fixed_independent,,,0.15606843600107823,8.0,8.0,NLM_fast_cuda_global,13108.0,12838.0,270.0,0.9794018919743668,
set50,medium,44.gif,0,0.05,"[512, 512]",f968969e97bf6f8f47fd5940af0bd7481b61f2df6d5d553882b8938123b37289,b3d71aafdd8875b49cb64bc4e793cabad947e6ab2f446605040bc133a31cd1d0,ianlm,1.0,23.2175082961961,0.9379057354315014,58.504040919673116,,fixed_independent,,,0.24400859299930744,8.0,8.0,NLM_fast_cuda_global,25656.0,25587.0,69.0,0.997310570626754,
set50,medium,42.gif,0,0.05,"[512, 512]",f9b953242d46fc204da43e46262ac3754e9428050546213f592efb0fb7398f12,6e3b11e5a5fc79d6e322f09ce90be37d3ffe0078940e736dc490e04f24ae9a34,ianlm,1.0,30.783183716344745,0.984758633430972,64.62952352972097,,fixed_independent,,,0.1722029789998487,8.0,8.0,NLM_fast_cuda_global,15442.0,15068.0,374.0,0.9757803393342831,
set50,medium,38.gif,0,0.05,"[512, 512]",e39779dc60dbc76330293a5fdb44dfabe4d22433c36132e18afcf31a515217b4,2e0bec2731efda949bbf711f73c2cbc227dfc6737900f9055cfc90cf3cdf2fde,ianlm,1.0,45.4571739266267,0.9953908079381935,72.49812736022302,,fixed_independent,,,0.161489846999757,8.0,8.0,NLM_fast_cuda_global,13108.0,13108.0,0.0,1.0,
set50,medium,48.gif,0,0.05,"[512, 512]",9b261d731fc3d639b0cc3dac391980b0c49dd558b24b95a14bb3f3eb9f3569d0,a747073b330968ee1aae040e4dc878fcf916f0a11f16fe05636a80b9fc875feb,ianlm,1.0,44.36613901790409,0.9957593664976253,71.97103783383331,,fixed_independent,,,0.15460154299944406,8.0,8.0,NLM_fast_cuda_global,13109.0,12891.0,218.0,0.9833702036768632,
set50,medium,17.gif,0,0.05,"[512, 512]",6f8a02e1689062bed722742a554760dd74359b35fc8b969bab8beed8e59421a0,6af0ecd76919ca281da513ca27a3a90b46d370abb3eb6578013f06f4b900ca86,ianlm,1.0,32.933224146968016,0.940087378643736,63.47098100567081,,fixed_independent,,,0.20830996899894672,8.0,8.0,NLM_fast_cuda_global,35164.0,26561.0,8603.0,0.7553463769764532,
set50,medium,0.png,0,0.05,"[512, 512]",0a372ced9fd4d1f9633532a58073e3974b41da8cfc87f04ec8e9a8dc6a89bba1,95660ff47115848bd895ed7581195e91c2ab4a1746122ef36b82c4d90108493b,ianlm,1.0,48.936641136082024,0.998603036220499,74.39847237906596,,fixed_independent,,,0.1501514049996331,8.0,8.0,NLM_fast_cuda_global,13225.0,12011.0,1214.0,0.9082041587901701,
set50,medium,16.gif,0,0.05,"[512, 512]",2d68b31ae4d4c10bc0e60742ba3064c10d62113ffb3ca9a7c14b80e40b0e6170,7455aaabfc63093d044293a592276a820637f19bca9681cbe7c6ff4252ab18b7,ianlm,1.0,30.92466822294142,0.9498538151781837,62.955024870379894,,fixed_independent,,,0.2255174599995371,8.0,8.0,NLM_fast_cuda_global,21745.0,20320.0,1425.0,0.9344676937226949,
set50,medium,32.gif,0,0.05,"[512, 512]",c3cc3fb5da093d47d6808c6219ed907c3e69ab01954b1b929a8739cbbcc26493,d2e3e8ae3b57d5960df96ffa19753233b3b3181989f99a93fa4b43c98c09e669,ianlm,1.0,29.99717964360784,0.864640281312732,58.230603887440516,,fixed_independent,,,0.21009661100106314,8.0,8.0,NLM_fast_cuda_global,65699.0,56015.0,9684.0,0.8526004962023775,
set50,medium,30.gif,0,0.05,"[512, 512]",b1cccc0e8d64bae511f9cd0c5596628364bd1e09c90c5e793604a1f7a55f642f,50942175cdb95f83dc200d5959fee5536d4754b54986e42ca9e7c656cbeb2d35,ianlm,1.0,41.42418733086073,0.9915155340869324,70.28787036977698,,fixed_independent,,,0.19274879000113287,8.0,8.0,NLM_fast_cuda_global,13108.0,12064.0,1044.0,0.9203539823008849,
set50,medium,43.gif,0,0.05,"[512, 512]",443801cafadb33c7829b313f4efd834e70cc313567a260dd2b5554dc7ee6be98,0f28e2bbe65b808a1ad16efa6f1a2414cb8e1679bad1f815c763acec68cff608,ianlm,1.0,41.39461286428305,0.9934271881673126,70.36866584050716,,fixed_independent,,,0.15566462499918998,8.0,8.0,NLM_fast_cuda_global,15862.0,15103.0,759.0,0.9521497919556172,
set50,medium,47.gif,0,0.05,"[512, 512]",9005ddf994846f88305becd36c72a046818a094c026c69a8106c34b34a31a8fe,f0b3f05cda30a32f8298ccca20c4e29bcc50c140242aed6be8d436ed2cbce168,ianlm,1.0,35.71654764141807,0.9891625916764275,67.3164034045304,,fixed_independent,,,0.16784853200078942,8.0,8.0,NLM_fast_cuda_global,13146.0,13122.0,24.0,0.9981743496120493,
set50,medium,25.gif,0,0.05,"[512, 512]",30838b6c4e963b60da10cc6158a119a7052a4ffa1ebdcc87bcf0054f681427c6,c89a7c0b0f09eb3263a9d11fe8efddbb4c1176dcd1ec6708e3bfd021c89ed096,ianlm,1.0,44.62256990295263,0.9932153357046318,71.97205173670791,,fixed_independent,,,0.20061538399932033,8.0,8.0,NLM_fast_cuda_global,16786.0,13832.0,2954.0,0.8240200166805671,
set50,medium,7.gif,0,0.05,"[512, 512]",5e3769e24988284e1036ce844ee8e0f11dbe28fe111f6a962e37864dc34b60dc,0b7b6c2421211e0fc8eb9beafb206d75c70b2b199d5853ec2da992719afaceeb,ianlm,1.0,34.19392917993828,0.9876801342158936,66.48097130076383,,fixed_independent,,,0.1487026840004546,8.0,8.0,NLM_fast_cuda_global,13177.0,12154.0,1023.0,0.9223647264172422,
set50,medium,15.gif,0,0.05,"[512, 512]",51e2066df33af18b47bcd356b17c6cdf04f2a5fd219ace410fcabb06698c6c71,39199cb66df82a184e9e3590d2a8fb0d07979479d1aa4b27f16430a55727c97d,ianlm,1.0,37.23691450384803,0.985353061808487,67.88611034234836,,fixed_independent,,,0.16537393299950054,8.0,8.0,NLM_fast_cuda_global,16208.0,14692.0,1516.0,0.9064659427443238,
set50,medium,41.gif,0,0.05,"[512, 512]",1569598ab7f33ee44bcf70502565ffcd7528912a2c13cd1977fe64573770f1e6,639175861e9da8475bf7aae7e80671d5d0dab0e21f7e6410bb02e7d02ad6a8fb,ianlm,1.0,42.79344264777471,0.9944064409937413,71.11704337357442,,fixed_independent,,,0.1526579049987049,8.0,8.0,NLM_fast_cuda_global,13265.0,13016.0,249.0,0.9812287975876366,
set50,medium,6.gif,0,0.05,"[512, 512]",ca956c8aa0ec2de8bd2e4d7545c7f969215d4f7f65cb72ee9d31cb17df0033b6,55397b364b569ec357ea88a4f227d75702d9c46065e68167ce5415a085e5c604,ianlm,1.0,38.61336521275649,0.9835455772511836,68.48396146893742,,fixed_independent,,,0.20058404999872437,8.0,8.0,NLM_fast_cuda_global,19947.0,15858.0,4089.0,0.7950067679350278,
set50,medium,21.gif,0,0.05,"[512, 512]",74d2fa3fc2447fd331660c09f2f468f3cce983dc347509d32564e992fdebaf9a,b6c46b122a5935b040c7876069901e8fa2e88d65c0dccd7d3eab28bd325feb1d,ianlm,1.0,42.77107147489503,0.9935787984996538,71.06447566243021,,fixed_independent,,,0.15095596100036346,8.0,8.0,NLM_fast_cuda_global,13108.0,13063.0,45.0,0.9965669819957278,
set50,medium,27.gif,0,0.05,"[512, 512]",bc7a1c1300b1b1bda264e18fbde62fa845194fac5839cb705a788c6ac331f517,bc5c0abc5cb89f2602601bed2e468d7abc51acd7e1e351256ff9700481db427e,ianlm,1.0,36.79659313598559,0.9886441822002111,67.83050567800335,,fixed_independent,,,0.15786034899974766,8.0,8.0,NLM_fast_cuda_global,16653.0,15561.0,1092.0,0.9344262295081968,
set50,medium,46.gif,0,0.05,"[512, 512]",14cdebcd7b2b9e534cc9717933df6ccb4861289237cde90700810e2e6e2e245f,d878c43c275cd0166300fe04d75a53c09d3d75d67cb3d908e5882e20a295ecc9,ianlm,1.0,37.439094969948144,0.9901645541505885,68.22777519250349,,fixed_independent,,,0.1569133969987888,8.0,8.0,NLM_fast_cuda_global,14844.0,14384.0,460.0,0.9690110482349771,
set50,medium,20.gif,0,0.05,"[512, 512]",c3a4da195ffc62103521cd979723e50840fe46cfd989b567c826985f8b23dcf4,5bfaaf6ce3c548fbb6ee19f84702519c6eb63441cab262540222464802072c15,ianlm,1.0,39.97597556503807,0.9909229865794698,69.53413711149253,,fixed_independent,,,0.1690619359997072,8.0,8.0,NLM_fast_cuda_global,13558.0,13285.0,273.0,0.9798642867679599,
set50,medium,2.gif,0,0.05,"[512, 512]",b101b795e2638a1e9dbdaa513bdc8be6090aed4d6ac294b155e5f3a2c7c0bb80,47bd00b70c71b3de67094cd318e7fb07d41c4b8231d7032dbe43d4a7fd0afd84,ianlm,1.0,44.33933887956044,0.9941999786930289,71.87966837443166,,fixed_independent,,,0.14931727799921646,8.0,8.0,NLM_fast_cuda_global,13108.0,12863.0,245.0,0.9813091241989624,
set50,medium,40.gif,0,0.05,"[512, 512]",911cad3f1d559f196f94ed9e80a9602969b74319acb1d70da238efdb48af38e2,dc1d71ab921c00086086b6fde9eb97f5acf18f1ed049f18da885c811f2618fe2,ianlm,1.0,49.59312118474527,0.9968196268621498,74.63754193548013,,fixed_independent,,,0.17834456099990348,8.0,8.0,NLM_fast_cuda_global,13108.0,13108.0,0.0,1.0,
set50,medium,31.gif,0,0.05,"[512, 512]",33781418a1e6e85521011be7d450b002a8f8a8f1ba68a79c1219f3b3ba59b160,a83f1584e818989261cb11cf48877cb0c510282d8114787afbbd003206284810,ianlm,1.0,29.671945166813856,0.9493277117602729,62.30235817142057,,fixed_independent,,,0.2289149290008936,8.0,8.0,NLM_fast_cuda_global,22517.0,19105.0,3412.0,0.8484700448549984,
set50,medium,29.gif,0,0.05,"[512, 512]",1eeb76c0386fbcd563a08eb25bbeffde427bdc62658e4bcc02c8aafbf733f219,83a2de1c8dcf51614771b01920c82a7c23337d67875efe46d6c405c5127135c7,ianlm,1.0,31.968614371219406,0.9339895075711326,62.683782564166336,,fixed_independent,,,0.24150788499900955,8.0,8.0,NLM_fast_cuda_global,27523.0,21641.0,5882.0,0.7862878319950587,
set50,medium,33.gif,0,0.05,"[512, 512]",7a10c4eca50167d8d459c2505f2b0f21cfb399e7b01adccaa0422695496c2e72,08d26c934a289bb92e048127732aeadfa9b78a9f4b5882efb73995bdf3cd72d1,ianlm,1.0,39.245831707311524,0.9858792030380529,68.91687600555841,,fixed_independent,,,0.17482982900037314,8.0,8.0,NLM_fast_cuda_global,16148.0,13661.0,2487.0,0.845987119147882,
set50,medium,24.gif,0,0.05,"[512, 512]",b8f6ebed7641854cd23e807c2f78d350f1373b2fe7f96e6ea18f8531797fbc3a,7df6a26996b27055fbd6fade2729c1bef1483650ee3f0c3831c8b73955e45a96,ianlm,1.0,43.5208058271227,0.9935423162257959,71.43751872485115,,fixed_independent,,,0.1614992209997581,8.0,8.0,NLM_fast_cuda_global,13604.0,12916.0,688.0,0.9494266392237577,
set50,medium,3.gif,0,0.05,"[512, 512]",e3e2313cc250162bd613776c7b0063891d9d56b3576c9808ac5c8c0e7e8fcb8d,796ec59771c5391e193cc91c432e0a5596e1920f3a4db227d9eb10f6a3d518d5,ianlm,1.0,41.355170693116804,0.992276687664594,70.2914197297881,,fixed_independent,,,0.162826113999472,8.0,8.0,NLM_fast_cuda_global,15189.0,13414.0,1775.0,0.8831391138323786,
set50,medium,1.gif,0,0.05,"[512, 512]",95f21dff4cd5a318a519cb05a1e35fb41f49c007ca46345fd6917258be8d9d73,e24ed88e7f0eb2dddfa6a9612b63b2c33becdf037cb98dd934bdb9f01a47ea78,ianlm,1.0,38.3529799023247,0.992966893390016,68.82483462066315,,fixed_independent,,,0.15175528399959148,8.0,8.0,NLM_fast_cuda_global,13108.0,12983.0,125.0,0.9904638388770217,
set50,medium,23.gif,0,0.05,"[512, 512]",05918015ae96873f255fec3e75ace895a76214abbeffdbfff55b5cf6214224c6,655503e7d7fab0b5c67c003c7369ebf5019a3bde7ab7b4ded0a31511df31d745,ianlm,1.0,48.24273574948038,0.996856976329402,73.96421669121028,,fixed_independent,,,0.15002603700122563,8.0,8.0,NLM_fast_cuda_global,13108.0,13108.0,0.0,1.0,
set50,medium,35.gif,0,0.05,"[512, 512]",353590d221e21b53b97858fbc575a2320a10336f21bbed5dd461fa942bab100f,d8405f20d92cf2c558f2ca882734d0a50ace70c0b016ae8d28e3ae1f7bf374d8,ianlm,1.0,43.1004720680679,0.9924206066091398,71.17126636449095,,fixed_independent,,,0.1507789560000674,8.0,8.0,NLM_fast_cuda_global,13108.0,13107.0,1.0,0.9999237107110162,
set50,medium,36.gif,0,0.05,"[512, 512]",99a41bcc709d43204ca0f73a6593656300237e5367043081c5065ca77d5e3628,57e4e3e6cfe9d42cb759240f0c415ccaf8f59eecb6632db03e3d83df22720313,ianlm,1.0,40.15916377577284,0.9922822199070386,69.69369288323836,,fixed_independent,,,0.15063146099964797,8.0,8.0,NLM_fast_cuda_global,13108.0,12186.0,922.0,0.9296612755569118,
set50,medium,26.gif,0,0.05,"[512, 512]",3efcc155fe7f35f9428c0536c9c1dc2b826188d5f0a5b0a90ecbf681233221e2,854fb7772003d6ba3ae6e98b9a7fb849cc21ff8676ba7f04a3260e753a54d7cd,ianlm,1.0,46.21672819415089,0.9954536825463187,72.88104822439138,,fixed_independent,,,0.15904016100103036,8.0,8.0,NLM_fast_cuda_global,13108.0,13038.0,70.0,0.9946597497711321,
set50,medium,37.gif,0,0.05,"[512, 512]",74881a36c4896c931da56c784ac35afb478dc71ae7af27894deeb074f83e518a,036505e5dfbec15ce66a6908c05abf048cc47a82646c9b6094a5edfac7c701dc,ianlm,1.0,42.200988957025565,0.9910446448460325,70.65272672081441,,fixed_independent,,,0.15280109899867966,8.0,8.0,NLM_fast_cuda_global,13108.0,13081.0,27.0,0.9979401891974367,
set50,medium,13.gif,0,0.05,"[512, 512]",c34b796bde09761f5bc3c358f20b72f49e020580ed0a76d5456c61f0da4499eb,e2de224a77a3db31067ae6e062087f6bfac38a8df3f2a2d549c5cef396b3bc18,ianlm,1.0,42.97305688152365,0.9965123803042621,71.31214745597492,,fixed_independent,,,0.17981141500058584,8.0,8.0,NLM_fast_cuda_global,13108.0,13033.0,75.0,0.994278303326213,
set50,medium,28.gif,0,0.05,"[512, 512]",f509179793e6551fbec77f8fdd91e45d53d2dd6e0a87394377c4bb4c52eb9a43,58a9abd4838209bd106b4a74ece0597005b07fe99a36d69bd1aa86ba516bad88,ianlm,1.0,43.347227590249304,0.991425401979902,71.24488389411975,,fixed_independent,,,0.14786391699999513,8.0,8.0,NLM_fast_cuda_global,13109.0,13022.0,87.0,0.9933633381646197,
set50,medium,9.gif,0,0.05,"[512, 512]",8b76cd61996084e7d23b9f638b4d32839d9f6ac7965ef9b585f78bdbdaff16b3,e0f43ad256990bfaa3242b836c5dd9d4cf4e80021e09d929388010da18ae0559,ianlm,1.0,35.31616585889318,0.983657446452012,66.8409552520472,,fixed_independent,,,0.16361012199922698,8.0,8.0,NLM_fast_cuda_global,18196.0,17146.0,1050.0,0.942295009892284,
set50,medium,18.gif,0,0.05,"[512, 512]",539caf0cced15a86b729848a1a182b75776a621cf01b5e9a62085f53b86f3407,4a90c942e2032c8804b9ebb9792d42187fe4daeee7ef4378cd6b6eb20be33093,ianlm,1.0,30.014896115006596,0.9766648689822295,63.84069150661477,,fixed_independent,,,0.18369227299990598,8.0,8.0,NLM_fast_cuda_global,16405.0,15518.0,887.0,0.9459311185614142,
set50,medium,49.gif,0,0.05,"[512, 512]",8311e02cd6238d6e74f6a9bf6fa5c250d748ceec5882a86242e2452c587cdf2b,5a601ed1dcc9698d64a9477467d78dda4fff8dd35cfeaf9d23934a7ad5017559,ianlm,1.0,21.452637342843758,0.8656473287511498,54.00868510897937,,fixed_independent,,,0.12163137099923915,8.0,8.0,NLM_fast_cuda_global,74846.0,74835.0,11.0,0.9998530315581327,
set50,medium,4.gif,0,0.05,"[512, 512]",fd89b9bfe327e11c7cfbc851fff026261f2c33ef17edc9373682def6616fdc4f,1bddc85da101df43df7bb7612200d6defe6021e2962e858d3d0572298eb96ac2,ianlm,1.0,44.53059541087733,0.9944870150092361,71.98964845590046,,fixed_independent,,,0.16009050100001332,8.0,8.0,NLM_fast_cuda_global,13197.0,13051.0,146.0,0.9889368795938471,
set50,medium,8.gif,0,0.05,"[512, 512]",fd53a01b9f6a3a02a5408efee91cfa235b1325372804d49874a677719089b14e,e2dea4fbc7e21862ca9af16abc32c18c40a4dd5dd02696d500714675394acfb8,ianlm,1.0,44.636441155182226,0.9954116496433931,72.08880305976078,,fixed_independent,,,0.1421088189999864,8.0,8.0,NLM_fast_cuda_global,13108.0,10703.0,2405.0,0.8165242599938969,
set50,medium,39.gif,0,0.05,"[512, 512]",e43557540646572e4a7b69124c49ff2c37c4d1695507c5d64a44d09a5043958e,3302c586943fdd9db0f9ba7e02a73af0dce174011bc328f077b07b2e455337b4,ianlm,1.0,46.253249251321414,0.9959528298235792,72.92426611683968,,fixed_independent,,,0.16388873100004275,8.0,8.0,NLM_fast_cuda_global,13108.0,13108.0,0.0,1.0,
set50,medium,12.gif,0,0.05,"[512, 512]",3c3ec23125fea9974f2e94c0d93a534edf2ec60d33b6af79f9a60fef58295de4,59d963dcd00180e7f3f72547745489e101cd7eff2175e5f3bb993ec828ffbb2f,ianlm,1.0,39.63881290425003,0.9862392854205113,69.13137072315058,,fixed_independent,,,0.22536824400049227,8.0,8.0,NLM_fast_cuda_global,23355.0,13591.0,9764.0,0.5819310640119889,
set50,medium,45.gif,0,0.05,"[512, 512]",72644242bceb1596c04ab4ddde11989c7aa206ee2094402fadeac9f9c500d55a,81ad42bbcf0b5e8f33c2ad489cebceb574e8a1035bc12ec2a3d57de309ae0f6a,ianlm,1.0,42.80537877644327,0.9928018357074931,71.0427811735963,,fixed_independent,,,0.17855155399956857,8.0,8.0,NLM_fast_cuda_global,13108.0,13081.0,27.0,0.9979401891974367,
set50,medium,11.gif,0,0.05,"[512, 512]",b12e0216f269d1ad8f5dfe769baf0fb60142ab5235a6d1d62707dc52ca591071,901e5232f1e9d4af8b7e7854cd94540c565ee392f1959e992aa40cca5ec504b7,ianlm,1.0,32.271031766384375,0.9869904661647969,65.48503919143204,,fixed_independent,,,0.14833773200007272,8.0,8.0,NLM_fast_cuda_global,13310.0,11141.0,2169.0,0.8370398196844477,
set50,medium,34.gif,0,0.05,"[512, 512]",42a4b02f48b536770f4d42c1c4884a5b2a4a662af62778249a90a16c1d9f5398,f88df87e1cc3de2cabfeea22db517da9ce53ffbe36b4b8fcb3fda6b33e5bcef7,ianlm,1.0,41.10102130277319,0.9920397572204621,70.1524985124097,,fixed_independent,,,0.1613778189985169,8.0,8.0,NLM_fast_cuda_global,13108.0,12633.0,475.0,0.9637625877326823,
set50,extreme,10.gif,0,0.2,"[512, 512]",e233b9bc584bbcbbdcbcbf3674e9c18c92aff37cf54afeec01dc2e7dc1811878,c2298b7f30afbb2db5aebc17d7f29055d6f3492e431507d9548fbcca879a142f,ianlm,1.0,38.5395949053604,0.9879911955926612,68.66935723231327,,fixed_independent,,,0.5155123369986541,8.0,8.0,NLM_fast_cuda_global,52430.0,52425.0,5.0,0.9999046347510967,
set50,extreme,14.gif,0,0.2,"[512, 512]",83fe92c5398701971c09c467a97dc4bfdb94eb4b3ded548d26e5e7fcf62e4d2a,36c3db98b37020897cb790eee3f380ca4e3c589a7337e0f1731d5083be74de8b,ianlm,1.0,28.44014608814538,0.9455532418583557,61.49773513699047,,fixed_independent,,,0.5180842270019639,8.0,8.0,NLM_fast_cuda_global,53235.0,53226.0,9.0,0.9998309382924767,
set50,extreme,17.gif,0,0.2,"[512, 512]",6f8a02e1689062bed722742a554760dd74359b35fc8b969bab8beed8e59421a0,17e6123b721dbc81875513fc7c9915a2eba92d8c973008e05f4954fdda41b490,ianlm,1.0,27.106161708464157,0.8891506100184696,58.01061135515556,,fixed_independent,,,0.5087909059984668,8.0,8.0,NLM_fast_cuda_global,70962.0,65770.0,5192.0,0.9268340802119445,
set50,extreme,0.png,0,0.2,"[512, 512]",0a372ced9fd4d1f9633532a58073e3974b41da8cfc87f04ec8e9a8dc6a89bba1,bb82ddd95a6a25e95485a996c31e0375130595fb41bbf773b1bd5b01c13959c1,ianlm,1.0,41.36112697150761,0.9936278728704024,70.36195712927393,,fixed_independent,,,0.5278177110012621,8.0,8.0,NLM_fast_cuda_global,52529.0,49375.0,3154.0,0.9399569761465095,
set50,extreme,16.gif,0,0.2,"[512, 512]",2d68b31ae4d4c10bc0e60742ba3064c10d62113ffb3ca9a7c14b80e40b0e6170,c8d9a39d5ea106b2f8e0b3580157d89fa6290b7d7e8c0e322943dca12a068081,ianlm,1.0,27.644204283084868,0.8835309675505463,57.99865051906974,,fixed_independent,,,0.553882459000306,8.0,8.0,NLM_fast_cuda_global,59716.0,58921.0,795.0,0.9866869850626298,
set50,extreme,15.gif,0,0.2,"[512, 512]",51e2066df33af18b47bcd356b17c6cdf04f2a5fd219ace410fcabb06698c6c71,c0c5b975b75787dda8b1787640e80a6419da298beb2e1a402d4d533166ac79a8,ianlm,1.0,31.443293198075505,0.9531489607766851,63.37909463787201,,fixed_independent,,,0.5210179670029902,8.0,8.0,NLM_fast_cuda_global,55047.0,54297.0,750.0,0.9863752793067743,
set50,extreme,1.gif,0,0.2,"[512, 512]",95f21dff4cd5a318a519cb05a1e35fb41f49c007ca46345fd6917258be8d9d73,54e822cbce4710b252fbe64e0411a8ba078cc0c39f84b7119227543ee0ff4185,ianlm,1.0,31.862192162980808,0.967634996782837,64.31284592063226,,fixed_independent,,,0.5202082520008844,8.0,8.0,NLM_fast_cuda_global,52430.0,52330.0,100.0,0.998092695021934,
set50,extreme,13.gif,0,0.2,"[512, 512]",c34b796bde09761f5bc3c358f20b72f49e020580ed0a76d5456c61f0da4499eb,a84c1c331a5b2661871dff4b6ef9f179c3d48a7adff60094eeec0c37ae9dc833,ianlm,1.0,36.417114334021505,0.9840831087267798,67.41271260334975,,fixed_independent,,,0.5398080330014636,8.0,8.0,NLM_fast_cuda_global,52430.0,52345.0,85.0,0.9983787907686439,
set50,extreme,12.gif,0,0.2,"[512, 512]",3c3ec23125fea9974f2e94c0d93a534edf2ec60d33b6af79f9a60fef58295de4,1d12433516009299264d8cd1854d468e863db6cbefb911afc9f1b697bfd9710b,ianlm,1.0,33.569209085140045,0.9494223350667953,64.25572129590978,,fixed_independent,,,0.5396168990009755,8.0,8.0,NLM_fast_cuda_global,61083.0,53498.0,7585.0,0.8758246975426878,
set50,extreme,11.gif,0,0.2,"[512, 512]",b12e0216f269d1ad8f5dfe769baf0fb60142ab5235a6d1d62707dc52ca591071,fcdb2ce8ef577a9371493db0c92e2c924d780969164bcbc7ba6b5180060404fa,ianlm,1.0,26.876348243147298,0.9465370225568226,60.76502524941478,,fixed_independent,,,0.4968492640000477,8.0,8.0,NLM_fast_cuda_global,52600.0,47337.0,5263.0,0.8999429657794676,
set50,moderate,19.gif,0,0.03,"[512, 512]",d17c7663feb48c0fe318904421cb04ec7e850a109d952f66a49ac464a4176a1e,4a77cc7feb68ac2e5a85825f247e8e4c3c9679a7c0426f5bfdcd4072c19d4627,ianlm,1.0,43.946660744106545,0.9963585809282133,71.79125941846394,,fixed_independent,,,0.09201318699888361,,,,7866.0,7022.0,844.0,0.8927027714213069,
set50,moderate,22.gif,0,0.03,"[512, 512]",dfe4f6c6370dbe0651bccc46e98ac3b787e8c63a3a37fb138fe6c81f3e32edd4,2e45a4290be99d09ad7c8b15ab628d656e317851811cf62a814d56799172c143,ianlm,1.0,40.35925931479299,0.9936339241338288,69.86132586408795,,fixed_independent,,,0.09642137300033937,,,,7866.0,7837.0,29.0,0.9963132468853293,
set50,moderate,10.gif,0,0.03,"[512, 512]",e233b9bc584bbcbbdcbcbf3674e9c18c92aff37cf54afeec01dc2e7dc1811878,bf021845440d96f05ab8d1c21303bf9963fdc05185458026279984bb6cf67882,ianlm,1.0,47.35908087517308,0.9983904779024361,73.59906433270834,,fixed_independent,,,0.09924077399955422,,,,7866.0,7861.0,5.0,0.9993643529112637,
set50,moderate,14.gif,0,0.03,"[512, 512]",83fe92c5398701971c09c467a97dc4bfdb94eb4b3ded548d26e5e7fcf62e4d2a,abe42801e069a3aebf3f39389e875a54b88a4e1f606a29719e6111251e33d91b,ianlm,1.0,33.908874868892816,0.9887786225410744,66.39336856150013,,fixed_independent,,,0.1125562399993214,,,,8830.0,8813.0,17.0,0.998074745186863,
set50,moderate,5.gif,0,0.03,"[512, 512]",49db903e1a87a0044a734fb77708aad9985011bc9ee9fb379099de1b4e946109,af29f9154f09d34b94284c16eae6366125c9201801f5961f397ede4007ff8d2a,ianlm,1.0,49.35512575456418,0.9975343201326453,74.55427888391435,,fixed_independent,,,0.0890377260002424,8.0,8.0,NLM_fast_cuda_global,7866.0,7681.0,185.0,0.9764810577167556,
set50,moderate,44.gif,0,0.03,"[512, 512]",f968969e97bf6f8f47fd5940af0bd7481b61f2df6d5d553882b8938123b37289,bb1a9080a734e4376c0068ee09317d2e77d45ff3bc06189f526414812d722522,ianlm,1.0,23.505226862565003,0.9449055204986779,58.9978894562164,,fixed_independent,,,0.19621213200116472,8.0,8.0,NLM_fast_cuda_global,20687.0,20587.0,100.0,0.9951660463092764,
set50,moderate,42.gif,0,0.03,"[512, 512]",f9b953242d46fc204da43e46262ac3754e9428050546213f592efb0fb7398f12,5a97f335dd14d16fa2a26568a61dbdd1f0cd96c034e1d93323385c6c8ee1278b,ianlm,1.0,30.982407194994096,0.9885463888626728,64.91852304063069,,fixed_independent,,,0.11267270300049859,8.0,8.0,NLM_fast_cuda_global,10247.0,9833.0,414.0,0.9595979311017859,
set50,moderate,38.gif,0,0.03,"[512, 512]",e39779dc60dbc76330293a5fdb44dfabe4d22433c36132e18afcf31a515217b4,7b05a5462bc68e44134575d6e71c54256811d7816777d48e15b8ebff29020534,ianlm,1.0,47.741789568455715,0.9972991744764333,73.73585350804953,,fixed_independent,,,0.09104025000124238,8.0,8.0,NLM_fast_cuda_global,7866.0,7866.0,0.0,1.0,
set50,moderate,48.gif,0,0.03,"[512, 512]",9b261d731fc3d639b0cc3dac391980b0c49dd558b24b95a14bb3f3eb9f3569d0,be699cc3e412bf91ef9e26d4f7be8e45cc78cbc1049db067c20cc8e0fdefa309,ianlm,1.0,46.63613448106691,0.9974560502819575,73.19086975463134,,fixed_independent,,,0.09344065199911711,8.0,8.0,NLM_fast_cuda_global,7867.0,7718.0,149.0,0.9810601245709928,
set50,moderate,17.gif,0,0.03,"[512, 512]",6f8a02e1689062bed722742a554760dd74359b35fc8b969bab8beed8e59421a0,29b950eb5447df2cee11f6d9ed1e4ef64d57aa95f3d5eddc1297ed8706b401b4,ianlm,1.0,34.331166595469426,0.9545321596267874,64.89219127907408,,fixed_independent,,,0.15802289699968242,,,,30394.0,20874.0,9520.0,0.6867802855826808,
set50,moderate,0.png,0,0.03,"[512, 512]",0a372ced9fd4d1f9633532a58073e3974b41da8cfc87f04ec8e9a8dc6a89bba1,1890871d8ac6fdf241ae77566f9a0eb175baed8033bd8ffbdecf5475a45749fe,ianlm,1.0,51.145048306996216,0.999155147199223,75.53028151345926,,fixed_independent,,,0.10293320399978256,,,,7985.0,7178.0,807.0,0.8989355040701315,
set50,moderate,16.gif,0,0.03,"[512, 512]",2d68b31ae4d4c10bc0e60742ba3064c10d62113ffb3ca9a7c14b80e40b0e6170,108534efa550eb43c28b1af1689dc7e2b4ce02a2879364bb26dfe0bda7ea36a0,ianlm,1.0,31.59822603077717,0.9579765676260625,63.69794139669171,,fixed_independent,,,0.17714107100073306,,,,16681.0,15074.0,1607.0,0.9036628499490438,
set50,moderate,32.gif,0,0.03,"[512, 512]",c3cc3fb5da093d47d6808c6219ed907c3e69ab01954b1b929a8739cbbcc26493,d278879439261ffe9ed28694e5eea47639c1b8f5a8a94bace3543395b60dd533,ianlm,1.0,31.4039280033143,0.8911302924714682,60.258478625230566,,fixed_independent,,,0.17947255999933986,,,,61517.0,50521.0,10996.0,0.8212526618658257,
set50,moderate,30.gif,0,0.03,"[512, 512]",b1cccc0e8d64bae511f9cd0c5596628364bd1e09c90c5e793604a1f7a55f642f,d28020be6943581ea586663a46ffe8f3a0fb5dabd1de0042b989c19d113e461f,ianlm,1.0,43.67216602063574,0.994961396475162,71.58415283407598,,fixed_independent,,,0.0947820090004825,,,,7866.0,7210.0,656.0,0.916603101957793,
set50,moderate,43.gif,0,0.03,"[512, 512]",443801cafadb33c7829b313f4efd834e70cc313567a260dd2b5554dc7ee6be98,1f8784755ea55d81ac618ccaca204d47bf177db66bd5c7daaede569bb788a981,ianlm,1.0,43.27450788191604,0.9953687813791222,71.40569300991413,,fixed_independent,,,0.10409319599966693,8.0,8.0,NLM_fast_cuda_global,10674.0,9839.0,835.0,0.9217725313846731,
set50,moderate,47.gif,0,0.03,"[512, 512]",9005ddf994846f88305becd36c72a046818a094c026c69a8106c34b34a31a8fe,4d80ef3a631443edbca7f0f765de5e35a2502b2f168084e29548ba4f32211a34,ianlm,1.0,37.65472289929682,0.9936650860761762,68.51061575345722,,fixed_independent,,,0.09665844499977538,8.0,8.0,NLM_fast_cuda_global,7904.0,7883.0,21.0,0.9973431174089069,
set50,moderate,25.gif,0,0.03,"[512, 512]",30838b6c4e963b60da10cc6158a119a7052a4ffa1ebdcc87bcf0054f681427c6,8e83987dd80258df03bc1d39081bd12f3e414e2a92e3b00b5454514001fa330e,ianlm,1.0,46.09577316422745,0.9951587483428024,72.80582399925385,,fixed_independent,,,0.11424652200003038,,,,11604.0,8453.0,3151.0,0.7284557049293348,
set50,moderate,7.gif,0,0.03,"[512, 512]",5e3769e24988284e1036ce844ee8e0f11dbe28fe111f6a962e37864dc34b60dc,43f856b2e4729aee32854ee85f842476fc982f3d9d390db1fb2b7253e4e7e89c,ianlm,1.0,36.14001983975875,0.9925290558462482,67.69646271219179,,fixed_independent,,,0.09269070599839324,8.0,8.0,NLM_fast_cuda_global,7936.0,7254.0,682.0,0.9140625,
set50,moderate,15.gif,0,0.03,"[512, 512]",51e2066df33af18b47bcd356b17c6cdf04f2a5fd219ace410fcabb06698c6c71,2d9093eb41be84ce7ed0d978b9b19c485cbf154d47e52c2dd0fd828853447d0c,ianlm,1.0,38.69044701090334,0.9895545612647894,68.82295156869114,,fixed_independent,,,0.12025458199968853,,,,11037.0,9316.0,1721.0,0.8440699465434448,
set50,moderate,41.gif,0,0.03,"[512, 512]",1569598ab7f33ee44bcf70502565ffcd7528912a2c13cd1977fe64573770f1e6,ff0263a6707841b84077f68687f1b5681a02f5a5751a9c11140365b8582c92b3,ianlm,1.0,44.94851801316693,0.9965897727906383,72.30374764611538,,fixed_independent,,,0.09508269600155472,8.0,8.0,NLM_fast_cuda_global,8025.0,7794.0,231.0,0.971214953271028,
set50,moderate,6.gif,0,0.03,"[512, 512]",ca956c8aa0ec2de8bd2e4d7545c7f969215d4f7f65cb72ee9d31cb17df0033b6,84221910b6b9a6acdbb5afef9fc1ca7d246990555c43db357055a2f7fb1696d9,ianlm,1.0,40.05953889044076,0.9878970993682913,69.42462441363494,,fixed_independent,,,0.14171771399924182,8.0,8.0,NLM_fast_cuda_global,14850.0,10392.0,4458.0,0.6997979797979798,
set50,moderate,21.gif,0,0.03,"[512, 512]",74d2fa3fc2447fd331660c09f2f468f3cce983dc347509d32564e992fdebaf9a,d5ccfab06b048653f8250b070ca0b04342317d22a38961fa45c8b80e0d09c15a,ianlm,1.0,45.07800251855098,0.9962161641130237,72.34980946492668,,fixed_independent,,,0.09470363100081158,,,,7866.0,7835.0,31.0,0.9960589880498347,
set50,moderate,27.gif,0,0.03,"[512, 512]",bc7a1c1300b1b1bda264e18fbde62fa845194fac5839cb705a788c6ac331f517,aab60ccc545edf9dca9fa48d80e67ab5ad51f1057b062d7157c1f27cece394a7,ianlm,1.0,37.25867731975359,0.9910234589257847,68.18051160616602,,fixed_independent,,,0.09688562399969669,,,,11484.0,10430.0,1054.0,0.9082201323580634,
set50,moderate,46.gif,0,0.03,"[512, 512]",14cdebcd7b2b9e534cc9717933df6ccb4861289237cde90700810e2e6e2e245f,f68a978e6ae4cceafd52796314ca1bd61710126b4514f19d2cf2a1dbf543f9eb,ianlm,1.0,38.88526346417925,0.9934924912421973,69.11725629419949,,fixed_independent,,,0.09903381900039676,8.0,8.0,NLM_fast_cuda_global,9634.0,9198.0,436.0,0.9547436163587295,
set50,moderate,20.gif,0,0.03,"[512, 512]",c3a4da195ffc62103521cd979723e50840fe46cfd989b567c826985f8b23dcf4,00025b7fcbcf353bccb34525bf06153c13450094f9fb05eda8e25b4b3cf81775,ianlm,1.0,41.75218208735035,0.9942471122345823,70.58844665540428,,fixed_independent,,,0.10302025600140041,,,,8327.0,8089.0,238.0,0.9714182778911973,
set50,moderate,2.gif,0,0.03,"[512, 512]",b101b795e2638a1e9dbdaa513bdc8be6090aed4d6ac294b155e5f3a2c7c0bb80,7815db9fcaba45ca1fe9659edc8745c582da03a285a37be6aefbfc147089a99b,ianlm,1.0,46.648199498355595,0.9965898306212315,73.15359128023937,,fixed_independent,,,0.0978174219999346,,,,7866.0,7683.0,183.0,0.9767353165522502,
set50,moderate,40.gif,0,0.03,"[512, 512]",911cad3f1d559f196f94ed9e80a9602969b74319acb1d70da238efdb48af38e2,4ed4227588674f3dfbd060c06df4a2a8737dae851b4ce97b19d6d26acd29cd88,ianlm,1.0,51.96246586248354,0.9981526079857697,75.88886333053026,,fixed_independent,,,0.09357396199993673,8.0,8.0,NLM_fast_cuda_global,7866.0,7866.0,0.0,1.0,
set50,moderate,31.gif,0,0.03,"[512, 512]",33781418a1e6e85521011be7d450b002a8f8a8f1ba68a79c1219f3b3ba59b160,6c04ab1e187ca58f545f9b32e49810d14cc9f4baabf6e8b2e3ab576507435c08,ianlm,1.0,30.494665993460647,0.9567554947084569,63.08510773215317,,fixed_independent,,,0.19201115700161608,,,,17479.0,13814.0,3665.0,0.790319812346244,
set50,moderate,29.gif,0,0.03,"[512, 512]",1eeb76c0386fbcd563a08eb25bbeffde427bdc62658e4bcc02c8aafbf733f219,7e36de98996efc03518db23d8b2790304e843bc1b59fa6dbd37c32ded4a6902b,ianlm,1.0,32.68750872987445,0.941670438301752,63.42727628002483,,fixed_independent,,,0.19377885299945774,,,,22581.0,16322.0,6259.0,0.722820069970329,
set50,moderate,33.gif,0,0.03,"[512, 512]",7a10c4eca50167d8d459c2505f2b0f21cfb399e7b01adccaa0422695496c2e72,ba09b5b2b00094264b93b15dfe764f5f155d14fd8012fef6795bbb30e2e02af9,ianlm,1.0,40.63891892378077,0.9897521085937546,69.80706489157812,,fixed_independent,,,0.11725611000110803,8.0,8.0,NLM_fast_cuda_global,10970.0,8421.0,2549.0,0.7676390154968095,
set50,moderate,24.gif,0,0.03,"[512, 512]",b8f6ebed7641854cd23e807c2f78d350f1373b2fe7f96e6ea18f8531797fbc3a,00361d9d18adafe8f56c1222f7c494507b310d4a76d7b0c8a82b2c1609574b41,ianlm,1.0,44.998937577468254,0.995613524733812,72.28014502542473,,fixed_independent,,,0.10145494199969107,,,,8380.0,7804.0,576.0,0.9312649164677804,
set50,moderate,3.gif,0,0.03,"[512, 512]",e3e2313cc250162bd613776c7b0063891d9d56b3576c9808ac5c8c0e7e8fcb8d,dd14e890ca3c05f9cb0de1181aa5a5db0779077468bd4909ced1783680752557,ianlm,1.0,42.70612796019017,0.9945749720584762,71.08181258301889,,fixed_independent,,,0.1091327080011979,,,,9994.0,8261.0,1733.0,0.8265959575745447,
set50,moderate,1.gif,0,0.03,"[512, 512]",95f21dff4cd5a318a519cb05a1e35fb41f49c007ca46345fd6917258be8d9d73,b046c3ca53ac27d398655bff7451b2b566c0b17466b8819f428a346cbe1fb919,ianlm,1.0,40.848301428087666,0.9959462306464585,70.22146224636676,,fixed_independent,,,0.10694362699905469,,,,7866.0,7781.0,85.0,0.9891939994914823,
set50,moderate,23.gif,0,0.03,"[512, 512]",05918015ae96873f255fec3e75ace895a76214abbeffdbfff55b5cf6214224c6,2daf28aacbb63227de565cd84c202daafbc0a84772d4320a0d4213b8214207da,ianlm,1.0,50.46775598639716,0.9981179477529917,75.13977538084816,,fixed_independent,,,0.09553458300069906,,,,7866.0,7866.0,0.0,1.0,
set50,moderate,35.gif,0,0.03,"[512, 512]",353590d221e21b53b97858fbc575a2320a10336f21bbed5dd461fa942bab100f,0fb08c5de87a5a41e52590493adbddf82a33f95b9154da10a9801c12a103de9f,ianlm,1.0,45.54604043689327,0.9955303777635723,72.54953910662525,,fixed_independent,,,0.09689424099997268,8.0,8.0,NLM_fast_cuda_global,7866.0,7866.0,0.0,1.0,
set50,moderate,36.gif,0,0.03,"[512, 512]",99a41bcc709d43204ca0f73a6593656300237e5367043081c5065ca77d5e3628,ac5122e3551e0bbc5ce45212b3e5a5b0036fdaec4bb1859d21d61fc5d6d185a9,ianlm,1.0,42.525273821812455,0.9954172003910594,71.0334969304592,,fixed_independent,,,0.09525385300003109,8.0,8.0,NLM_fast_cuda_global,7866.0,7239.0,627.0,0.9202898550724637,
set50,moderate,26.gif,0,0.03,"[512, 512]",3efcc155fe7f35f9428c0536c9c1dc2b826188d5f0a5b0a90ecbf681233221e2,80df9d16ce4f4c986faf28bb5b520724b7cc3964f0373fd572fa16b065e88889,ianlm,1.0,48.41959915919869,0.9972954711637134,74.07457313778501,,fixed_independent,,,0.09250394800073991,,,,7866.0,7809.0,57.0,0.9927536231884058,
set50,moderate,37.gif,0,0.03,"[512, 512]",74881a36c4896c931da56c784ac35afb478dc71ae7af27894deeb074f83e518a,7173cba5345fcfbe9557abb697d95042a919f4d6122da8ce612d77d8fb82cf11,ianlm,1.0,44.63564096744888,0.9948141658285391,72.05852877515139,,fixed_independent,,,0.09384630100066715,8.0,8.0,NLM_fast_cuda_global,7866.0,7848.0,18.0,0.9977116704805492,
set50,moderate,13.gif,0,0.03,"[512, 512]",c34b796bde09761f5bc3c358f20b72f49e020580ed0a76d5456c61f0da4499eb,a2f2a757fc1c83f9bed8ee3c789083b32351ef8857a1a102fba848a3fe7d0f2a,ianlm,1.0,44.99245825402522,0.9978743977422869,72.38994901412696,,fixed_independent,,,0.09847665400047845,,,,7866.0,7813.0,53.0,0.9932621408593949,
set50,moderate,28.gif,0,0.03,"[512, 512]",f509179793e6551fbec77f8fdd91e45d53d2dd6e0a87394377c4bb4c52eb9a43,0ec572cf93ac546cce976f078eeb44740a3e46ee9a4fce5909a4ee51526b79a3,ianlm,1.0,45.75798276363393,0.9948645390577462,72.62221833470429,,fixed_independent,,,0.09195507100048417,,,,7867.0,7803.0,64.0,0.9918647514935808,
set50,moderate,9.gif,0,0.03,"[512, 512]",8b76cd61996084e7d23b9f638b4d32839d9f6ac7965ef9b585f78bdbdaff16b3,08ebebac1d0c3f7ebfafdfa8e93fa92ed980cc02966803336351778a3d0128df,ianlm,1.0,36.09091173817696,0.9871324203044824,67.4020768843126,,fixed_independent,,,0.12142497300010291,8.0,8.0,NLM_fast_cuda_global,13058.0,11874.0,1184.0,0.909327615255016,
set50,moderate,18.gif,0,0.03,"[512, 512]",539caf0cced15a86b729848a1a182b75776a621cf01b5e9a62085f53b86f3407,762e6943b9437065f73e4f6277554701b84063ead3f21c15cf1e7188d5fc83c8,ianlm,1.0,30.668023266578,0.9816175028669267,64.41488677663533,,fixed_independent,,,0.13199678899945866,,,,11229.0,10487.0,742.0,0.9339210971591415,
set50,moderate,49.gif,0,0.03,"[512, 512]",8311e02cd6238d6e74f6a9bf6fa5c250d748ceec5882a86242e2452c587cdf2b,51d6c89faaff83ef0b7b15a14c8357cccf0aa1dd8a38cf19b3dc5e7488c4f352,ianlm,1.0,21.847760088158118,0.8907573844133956,55.46174926474883,,fixed_independent,,,0.08059056499951112,8.0,8.0,NLM_fast_cuda_global,70939.0,70928.0,11.0,0.9998449371995658,
set50,moderate,4.gif,0,0.03,"[512, 512]",fd89b9bfe327e11c7cfbc851fff026261f2c33ef17edc9373682def6616fdc4f,90c0c67bdd6ea5e7262ae4a17200e7f45a845bcba4d8cd17bc0c12abd43e6ccf,ianlm,1.0,46.47091182875127,0.9966111912290584,73.06601547582855,,fixed_independent,,,0.09268409900141705,8.0,8.0,NLM_fast_cuda_global,7957.0,7845.0,112.0,0.985924343345482,
set50,moderate,8.gif,0,0.03,"[512, 512]",fd53a01b9f6a3a02a5408efee91cfa235b1325372804d49874a677719089b14e,eb3e181f36ac425d497e384772f1bc27cbb99aaccac73affe890e3b538d1fec8,ianlm,1.0,46.93392262335667,0.9972605351357289,73.32998806846479,,fixed_independent,,,0.09357983699919714,8.0,8.0,NLM_fast_cuda_global,7866.0,6325.0,1541.0,0.804093567251462,
set50,moderate,39.gif,0,0.03,"[512, 512]",e43557540646572e4a7b69124c49ff2c37c4d1695507c5d64a44d09a5043958e,b18d17a3f4769d559d7b4a3cbb523afee8371b8e3419c1884514b2f407e9a4ac,ianlm,1.0,48.38483982550355,0.9975830821710892,74.07157402130623,,fixed_independent,,,0.08871153899963247,8.0,8.0,NLM_fast_cuda_global,7866.0,7866.0,0.0,1.0,
set50,moderate,12.gif,0,0.03,"[512, 512]",3c3ec23125fea9974f2e94c0d93a534edf2ec60d33b6af79f9a60fef58295de4,a88e463713c8906dc55b4636147c4434d127d68a71e2e4d94601b4da5b09fa9e,ianlm,1.0,41.311525493362566,0.990318544258295,70.17168995959604,,fixed_independent,,,0.1563331899997138,,,,18328.0,8420.0,9908.0,0.45940637276298557,
set50,moderate,45.gif,0,0.03,"[512, 512]",72644242bceb1596c04ab4ddde11989c7aa206ee2094402fadeac9f9c500d55a,8f542b8722cb2b0dabbae2e6f726b67333642ec2c57fc7ddbf447d23110afc60,ianlm,1.0,45.04266121761838,0.9957631132537373,72.30948627149606,,fixed_independent,,,0.09344737100036582,8.0,8.0,NLM_fast_cuda_global,7866.0,7832.0,34.0,0.995677599796593,
set50,moderate,11.gif,0,0.03,"[512, 512]",b12e0216f269d1ad8f5dfe769baf0fb60142ab5235a6d1d62707dc52ca591071,2b4a035721bdad7497c2bbf55e4f48957b4abd07b77f288442c504b9a2e5e739,ianlm,1.0,33.66760185889001,0.9920307487920993,66.43533836904997,,fixed_independent,,,0.09544115400058217,,,,8072.0,6666.0,1406.0,0.8258176412289395,
set50,moderate,34.gif,0,0.03,"[512, 512]",42a4b02f48b536770f4d42c1c4884a5b2a4a662af62778249a90a16c1d9f5398,55a28dcc5b7916918ef13b18a26e0b258b3c954f785ec8c1ee8d6498ea3b939b,ianlm,1.0,43.34066862917355,0.9952118405611026,71.4309263426419,,fixed_independent,,,0.09467773200049123,8.0,8.0,NLM_fast_cuda_global,7866.0,7512.0,354.0,0.9549961861174676,
set50,low,19.gif,0,0.01,"[512, 512]",d17c7663feb48c0fe318904421cb04ec7e850a109d952f66a49ac464a4176a1e,4d9fcea700a23bddd85518f70e1f1a21427252e043050cf82bbd584a784dcdf2,ianlm,1.0,48.58800301140604,0.9986956851900793,74.22878576520698,,fixed_independent,,,0.03250941300029808,,,,2622.0,2328.0,294.0,0.8878718535469108,
set50,low,22.gif,0,0.01,"[512, 512]",dfe4f6c6370dbe0651bccc46e98ac3b787e8c63a3a37fb138fe6c81f3e32edd4,b2c86302dd35784935b349103eea4994bac78882b1f66fe05cbd0eff3c4f3692,ianlm,1.0,45.370317540951426,0.9978489441233703,72.57760597664424,,fixed_independent,,,0.03472110899929248,,,,2622.0,2612.0,10.0,0.996186117467582,
set50,low,10.gif,0,0.01,"[512, 512]",e233b9bc584bbcbbdcbcbf3674e9c18c92aff37cf54afeec01dc2e7dc1811878,ed18cdba5c14f3575b15c3dbd6cb7821e1672460cf265af262fa809b2dcc9878,ianlm,1.0,52.64381289719865,0.9994555260813639,76.29468275266753,,fixed_independent,,,0.03841484300028242,,,,2622.0,2621.0,1.0,0.9996186117467581,
set50,low,14.gif,0,0.01,"[512, 512]",83fe92c5398701971c09c467a97dc4bfdb94eb4b3ded548d26e5e7fcf62e4d2a,64abc2d905aabb38864450f0af1ad424bb1689ea0666689a0a39ea98c8e6c64e,ianlm,1.0,35.383252936233674,0.9932145921386657,67.35235607505012,,fixed_independent,,,0.04350004399930185,,,,3612.0,3602.0,10.0,0.9972314507198228,
set50,low,5.gif,0,0.01,"[512, 512]",49db903e1a87a0044a734fb77708aad9985011bc9ee9fb379099de1b4e946109,dbd952e46b4726c976e4c86376e9410d20bfc6334f5e9e484a536a9f0337370b,ianlm,1.0,54.15253022543952,0.9991502669926989,77.0337784623547,,fixed_independent,,,0.03202293399954215,,,,2622.0,2561.0,61.0,0.9767353165522502,
set50,low,44.gif,0,0.01,"[512, 512]",f968969e97bf6f8f47fd5940af0bd7481b61f2df6d5d553882b8938123b37289,42e3c08cf2b0cec0c123c4090e6a3f4b8b8ee6df540c5eec04ad9484bc032028,ianlm,1.0,23.79048212654932,0.9513628060227525,59.463381364412285,,fixed_independent,,,0.13947788900077285,,,,15708.0,15593.0,115.0,0.9926788897377132,
set50,low,42.gif,0,0.01,"[512, 512]",f9b953242d46fc204da43e46262ac3754e9428050546213f592efb0fb7398f12,fca820cfcfd19eacbd368d0e7c81d4bf941a17e29fe10943058be3157ad7ecdd,ianlm,1.0,31.350812114384887,0.9923775336334456,65.29428273886472,,fixed_independent,,,0.05533898300018336,,,,5045.0,4599.0,446.0,0.911595639246779,
set50,low,38.gif,0,0.01,"[512, 512]",e39779dc60dbc76330293a5fdb44dfabe4d22433c36132e18afcf31a515217b4,8a4f622d145ab8ed04f447bd3e6fea77afa39ceaa5e438fdaefe8a638cb76d4d,ianlm,1.0,52.54523427917551,0.9991343167065178,76.22933297491365,,fixed_independent,,,0.03313951800009818,,,,2622.0,2622.0,0.0,1.0,
set50,low,48.gif,0,0.01,"[512, 512]",9b261d731fc3d639b0cc3dac391980b0c49dd558b24b95a14bb3f3eb9f3569d0,de7039382b2c716bf8b8bd9ef90136c7a8e43e3e8bdee5fa3447bde9a6becb68,ianlm,1.0,51.40188998309312,0.9991677052863099,75.65933025586206,,fixed_independent,,,0.034328603998801555,,,,2623.0,2558.0,65.0,0.9752192146397255,
set50,low,17.gif,0,0.01,"[512, 512]",6f8a02e1689062bed722742a554760dd74359b35fc8b969bab8beed8e59421a0,da214e6323ceeebbcc7aa2be59f5915388fdb98dd02a39f8ca94705bae09da2a,ianlm,1.0,36.203836784857224,0.9749255646784665,66.84819662635194,,fixed_independent,,,0.09992166499978339,,,,25613.0,15411.0,10202.0,0.6016866435013469,
set50,low,0.png,0,0.01,"[512, 512]",0a372ced9fd4d1f9633532a58073e3974b41da8cfc87f04ec8e9a8dc6a89bba1,580fbc14af471717cfc09261d71b2bee527d3960eb5a144e296d4af84219023d,ianlm,1.0,55.50677725583359,0.9996894951391391,77.73786338487375,,fixed_independent,,,0.04772875799972098,,,,2750.0,2364.0,386.0,0.8596363636363636,
set50,low,16.gif,0,0.01,"[512, 512]",2d68b31ae4d4c10bc0e60742ba3064c10d62113ffb3ca9a7c14b80e40b0e6170,5a34727aa846ef18673a8ed97ce9030df3297566700329ed4d9163d22c8c0e23,ianlm,1.0,32.360696742123906,0.9657983847020285,64.47026760616338,,fixed_independent,,,0.1288522760005435,,,,11596.0,9836.0,1760.0,0.8482235253535702,
set50,low,32.gif,0,0.01,"[512, 512]",c3cc3fb5da093d47d6808c6219ed907c3e69ab01954b1b929a8739cbbcc26493,ee0b605cf5805cee95dec190b897d374b300762268a951bc2923c750885eb553,ianlm,1.0,33.324775129586094,0.9410199127506889,63.71338320232749,,fixed_independent,,,0.1267350420002913,,,,57319.0,45139.0,12180.0,0.7875050157888309,
set50,low,30.gif,0,0.01,"[512, 512]",b1cccc0e8d64bae511f9cd0c5596628364bd1e09c90c5e793604a1f7a55f642f,8ca3d59b856fd4291a18000f1171df98f2ccda8b342a7686d3fe46cb7cbe5e9a,ianlm,1.0,48.86982436901793,0.9983458467965707,74.3522045243375,,fixed_independent,,,0.034033818999887444,,,,2622.0,2394.0,228.0,0.9130434782608695,
set50,low,43.gif,0,0.01,"[512, 512]",443801cafadb33c7829b313f4efd834e70cc313567a260dd2b5554dc7ee6be98,0367df72489ecd2f6c17785be16d482c8ad0f56c301ac5135b7c597d340c320a,ianlm,1.0,45.22572615353883,0.9974402913298281,72.48487764326083,,fixed_independent,,,0.04088308800055529,,,,5480.0,4591.0,889.0,0.8377737226277372,
set50,low,47.gif,0,0.01,"[512, 512]",9005ddf994846f88305becd36c72a046818a094c026c69a8106c34b34a31a8fe,b58103ccb1517d653cbc447db4dc4d1bbfe39e12b76ae800a60c523302295055,ianlm,1.0,40.9411109396749,0.9977685554920358,70.35898324443923,,fixed_independent,,,0.03450309899926651,,,,2660.0,2645.0,15.0,0.9943609022556391,
set50,low,25.gif,0,0.01,"[512, 512]",30838b6c4e963b60da10cc6158a119a7052a4ffa1ebdcc87bcf0054f681427c6,54d84616da890c632d6a16057e9dc62f9b7d564bf73fa85bad96d32d0b8e37f3,ianlm,1.0,48.17574977390991,0.9971480612888112,73.94527795139551,,fixed_independent,,,0.05866868300108763,,,,6440.0,3083.0,3357.0,0.47872670807453416,
set50,low,7.gif,0,0.01,"[512, 512]",5e3769e24988284e1036ce844ee8e0f11dbe28fe111f6a962e37864dc34b60dc,64adbe011994dd5254c8b1aa9d24094637976f4c9b2c0e6b111ad13c8fd77d7f,ianlm,1.0,40.06026734664772,0.9974490073203267,69.9025840393402,,fixed_independent,,,0.033711815000060597,,,,2694.0,2451.0,243.0,0.9097995545657016,
set50,low,15.gif,0,0.01,"[512, 512]",51e2066df33af18b47bcd356b17c6cdf04f2a5fd219ace410fcabb06698c6c71,8c7914d337e62afbc812f7fa21b64172783d92b5a5d191250b56d3acae35dbbe,ianlm,1.0,41.093060848507655,0.9936882198739325,70.23094141795045,,fixed_independent,,,0.05059736400107795,,,,5868.0,3992.0,1876.0,0.6802999318336742,
set50,low,41.gif,0,0.01,"[512, 512]",1569598ab7f33ee44bcf70502565ffcd7528912a2c13cd1977fe64573770f1e6,5ca718b9bf3bcbf2d15f3cbfb1bb2ef9abb4b101ff07a87ae2357f80b38f995c,ianlm,1.0,49.03479301047635,0.9988018005021129,74.45748653034383,,fixed_independent,,,0.037164384999414324,,,,2781.0,2629.0,152.0,0.9453434016540813,
set50,low,6.gif,0,0.01,"[512, 512]",ca956c8aa0ec2de8bd2e4d7545c7f969215d4f7f65cb72ee9d31cb17df0033b6,c6a47fae86a982cf63f74e711953f9f9a442abe14bf023e0693cfabf476f7cb5,ianlm,1.0,42.17040106167802,0.9926074056437899,70.7155708130285,,fixed_independent,,,0.07366311000077985,,,,9752.0,5039.0,4713.0,0.5167145200984413,
set50,low,21.gif,0,0.01,"[512, 512]",74d2fa3fc2447fd331660c09f2f468f3cce983dc347509d32564e992fdebaf9a,d6fd972bca83abb88fbd0d7db771bbd0375fc9aad445e30f544c635990c9c919,ianlm,1.0,50.09369562596654,0.9987363302936664,74.98366432766659,,fixed_independent,,,0.0319759289996,,,,2622.0,2604.0,18.0,0.9931350114416476,
set50,low,27.gif,0,0.01,"[512, 512]",bc7a1c1300b1b1bda264e18fbde62fa845194fac5839cb705a788c6ac331f517,34bf2bcdfa12b56d970deac4f2646885f4df8f2a6be51ff1c842febb5cfa07bb,ianlm,1.0,37.948185956097625,0.9948800424469993,68.71809510039878,,fixed_independent,,,0.042166430999714066,,,,6319.0,5343.0,976.0,0.8455451811995569,
set50,low,46.gif,0,0.01,"[512, 512]",14cdebcd7b2b9e534cc9717933df6ccb4861289237cde90700810e2e6e2e245f,78f82fbfe7bfe1bd10a0ec830f660de577a7abe9ec75464d1c9180c2515cc412,ianlm,1.0,41.34337631341809,0.9968496607937685,70.51417119639747,,fixed_independent,,,0.04020054500142578,,,,4428.0,4068.0,360.0,0.9186991869918699,
set50,low,20.gif,0,0.01,"[512, 512]",c3a4da195ffc62103521cd979723e50840fe46cfd989b567c826985f8b23dcf4,926c8ffad204b1af9489027ea8e92efcf84f2315c100ce06303e326031b86775,ianlm,1.0,44.84702873034966,0.9975885008988024,72.30293941011496,,fixed_independent,,,0.03861678999965079,,,,3096.0,2914.0,182.0,0.9412144702842378,
set50,low,2.gif,0,0.01,"[512, 512]",b101b795e2638a1e9dbdaa513bdc8be6090aed4d6ac294b155e5f3a2c7c0bb80,7195960aa368bfaccac8b97b6cd55bb61f7a81ada3a5c613dad979b7e2a88ecd,ianlm,1.0,51.483757363742804,0.998897042428639,75.68673080330335,,fixed_independent,,,0.03401851600028749,,,,2622.0,2559.0,63.0,0.9759725400457666,
set50,low,40.gif,0,0.01,"[512, 512]",911cad3f1d559f196f94ed9e80a9602969b74319acb1d70da238efdb48af38e2,bb2b2ab1d2fb46491c3104537a7862d16c6540386d39c2d42b4dc0416f5fb0f1,ianlm,1.0,56.469611994255445,0.9993766530322254,78.203638648739,,fixed_independent,,,0.03463152199947217,,,,2622.0,2622.0,0.0,1.0,
set50,low,31.gif,0,0.01,"[512, 512]",33781418a1e6e85521011be7d450b002a8f8a8f1ba68a79c1219f3b3ba59b160,d6d7419dbd47cf4100df960a94ea3e33a9de9181970199e822813a042cca89e3,ianlm,1.0,31.420581169226978,0.9643516599060706,63.92787357991702,,fixed_independent,,,0.11357035599939991,,,,12422.0,8450.0,3972.0,0.6802447270970858,
set50,low,29.gif,0,0.01,"[512, 512]",1eeb76c0386fbcd563a08eb25bbeffde427bdc62658e4bcc02c8aafbf733f219,344bd3e7159aeb387f857c93bd519dbbefe06fcd40fc9b623eb0f0cfe1416ba9,ianlm,1.0,33.514923882595156,0.9489026367382216,64.20259377820867,,fixed_independent,,,0.13220787099999143,,,,17631.0,10792.0,6839.0,0.6121036810163916,
set50,low,33.gif,0,0.01,"[512, 512]",7a10c4eca50167d8d459c2505f2b0f21cfb399e7b01adccaa0422695496c2e72,c217786b989c52b18af02ac4eccfe62dd596f977dca2d7b6dc1bd0986f48da81,ianlm,1.0,42.259255303377536,0.9936083280767252,70.81004405552503,,fixed_independent,,,0.058219230000759126,,,,5791.0,3229.0,2562.0,0.5575893628043516,
set50,low,24.gif,0,0.01,"[512, 512]",b8f6ebed7641854cd23e807c2f78d350f1373b2fe7f96e6ea18f8531797fbc3a,23816520001755e583487cbe7dcd417d2e11a1ad056ec210acef626b034fdf36,ianlm,1.0,46.91617590478942,0.9976540005483023,73.34078797980983,,fixed_independent,,,0.04058360800081573,,,,3144.0,2730.0,414.0,0.8683206106870229,
set50,low,3.gif,0,0.01,"[512, 512]",e3e2313cc250162bd613776c7b0063891d9d56b3576c9808ac5c8c0e7e8fcb8d,cc396bbe23c5212ba6baa086bf53a40beef07fa4020fe5ace7fbfa32416f23fa,ianlm,1.0,44.69832974171289,0.9968873356670969,72.19353165421128,,fixed_independent,,,0.05426442399948428,,,,4805.0,3169.0,1636.0,0.6595213319458897,
set50,low,1.gif,0,0.01,"[512, 512]",95f21dff4cd5a318a519cb05a1e35fb41f49c007ca46345fd6917258be8d9d73,be092100aa91ae017a208b593f7b1c88fc347faaded98e1691b9fbdb9bbdb3ae,ianlm,1.0,45.28824541120744,0.9985603321181078,72.57213931150912,,fixed_independent,,,0.03672349100088468,,,,2622.0,2591.0,31.0,0.9881769641495042,
set50,low,23.gif,0,0.01,"[512, 512]",05918015ae96873f255fec3e75ace895a76214abbeffdbfff55b5cf6214224c6,8825f87136cb87cb87b7ee7b3bb71b82eaa68700864d5cc6e83af9fae3f56555,ianlm,1.0,55.014681103047366,0.9992544259624061,77.470061849644,,fixed_independent,,,0.03383791399937763,,,,2622.0,2622.0,0.0,1.0,
set50,low,35.gif,0,0.01,"[512, 512]",353590d221e21b53b97858fbc575a2320a10336f21bbed5dd461fa942bab100f,470525874460bc637beb1f22c12cf7d95266c96ae72a58df1b8b8a45d7421dd5,ianlm,1.0,50.3051825120891,0.9985075291788258,75.07796771498583,,fixed_independent,,,0.033859838998978375,,,,2622.0,2622.0,0.0,1.0,
set50,low,36.gif,0,0.01,"[512, 512]",99a41bcc709d43204ca0f73a6593656300237e5367043081c5065ca77d5e3628,4c9fb2ffd6c3cd4191de57133e1f175dccaa7d659a83f2db7fb68f86bfb5eab5,ianlm,1.0,47.31639188924363,0.9984501390487098,73.58070289705731,,fixed_independent,,,0.03377352900133701,,,,2622.0,2381.0,241.0,0.9080854309687262,
set50,low,26.gif,0,0.01,"[512, 512]",3efcc155fe7f35f9428c0536c9c1dc2b826188d5f0a5b0a90ecbf681233221e2,fd6e5b6bb21f31fce84588fbf0def61aa7799be96bceaf1f8f821ce91540ca55,ianlm,1.0,53.3078906220629,0.9991179605248137,76.60984333727214,,fixed_independent,,,0.03350485800001479,,,,2622.0,2601.0,21.0,0.9919908466819222,
set50,low,37.gif,0,0.01,"[512, 512]",74881a36c4896c931da56c784ac35afb478dc71ae7af27894deeb074f83e518a,d34dc52c2c08a14e007ecacf562579826f45b0b1707e067dff6b3df9968dbbaf,ianlm,1.0,49.73500439470581,0.9984322409070546,74.78911424270564,,fixed_independent,,,0.031807051000214415,,,,2622.0,2616.0,6.0,0.9977116704805492,
set50,low,13.gif,0,0.01,"[512, 512]",c34b796bde09761f5bc3c358f20b72f49e020580ed0a76d5456c61f0da4499eb,21d5f13f0aba8a02886ff598d918384e41d968bbb44abcae71af497143790552,ianlm,1.0,50.45152733006039,0.9993202251749579,75.1917749237781,,fixed_independent,,,0.03361425000002782,,,,2622.0,2607.0,15.0,0.994279176201373,
set50,low,28.gif,0,0.01,"[512, 512]",f509179793e6551fbec77f8fdd91e45d53d2dd6e0a87394377c4bb4c52eb9a43,dd3ba862107b756742d3029f750c4d7be7c1283c6fb9ff3273684e5e05640984,ianlm,1.0,50.52378812840794,0.9983032607751952,75.17705710296373,,fixed_independent,,,0.03296529200088116,,,,2623.0,2591.0,32.0,0.987800228745711,
set50,low,9.gif,0,0.01,"[512, 512]",8b76cd61996084e7d23b9f638b4d32839d9f6ac7965ef9b585f78bdbdaff16b3,4cd76b34e1053d8ac22d03bda2ce6fe4218266806e9f352d164ab9cdb6ad5b7d,ianlm,1.0,37.088051663417566,0.9907756593424382,68.0828087988307,,fixed_independent,,,0.059698053999454714,,,,7926.0,6636.0,1290.0,0.8372445117335352,
set50,low,18.gif,0,0.01,"[512, 512]",539caf0cced15a86b729848a1a182b75776a621cf01b5e9a62085f53b86f3407,5873c891357876f2dbe9c9d0e5fc2da0fd371a9cf25f1268ae8f5893ee21f411,ianlm,1.0,31.39028331850784,0.9866250971803973,65.02639651827378,,fixed_independent,,,0.07601116900150373,,,,6067.0,5620.0,447.0,0.926322729520356,
set50,low,49.gif,0,0.01,"[512, 512]",8311e02cd6238d6e74f6a9bf6fa5c250d748ceec5882a86242e2452c587cdf2b,8125d7f83fc4d3be014d6ec00247ddfe409213305964ff8d8abbcaaaf07d5131,ianlm,1.0,22.22563405358975,0.9287120222393046,57.5484181387601,,fixed_independent,,,0.04165851500147255,,,,67017.0,67009.0,8.0,0.99988062730352,
set50,low,4.gif,0,0.01,"[512, 512]",fd89b9bfe327e11c7cfbc851fff026261f2c33ef17edc9373682def6616fdc4f,cb585c5a840cc56bfa16227eca05f3d968ee47e4d8a6d4f6a8098f24c92e5ebe,ianlm,1.0,50.401636790150725,0.9988121358711911,75.14142518863491,,fixed_independent,,,0.039782501000445336,,,,2716.0,2648.0,68.0,0.9749631811487481,
set50,low,8.gif,0,0.01,"[512, 512]",fd53a01b9f6a3a02a5408efee91cfa235b1325372804d49874a677719089b14e,959d9223c31d5d17f16e71514f09e97be2737ed240f0e73975f0bb5c91651a10,ianlm,1.0,51.85914042031557,0.9991063711685363,75.8848887685846,,fixed_independent,,,0.03103785399980552,,,,2622.0,2057.0,565.0,0.7845156369183829,
set50,low,39.gif,0,0.01,"[512, 512]",e43557540646572e4a7b69124c49ff2c37c4d1695507c5d64a44d09a5043958e,44e6529e24cceca1d712601d81f8499b0bc9587c6093ab99c831d09ccf79016a,ianlm,1.0,52.96894643896835,0.9991354345855445,76.44124494876141,,fixed_independent,,,0.031247853999957442,,,,2622.0,2621.0,1.0,0.9996186117467581,
set50,low,12.gif,0,0.01,"[512, 512]",3c3ec23125fea9974f2e94c0d93a534edf2ec60d33b6af79f9a60fef58295de4,fa9482fa551439d9f17531d42a955c1c9fb456df7a7ea0c45be4ad6a23db1c47,ianlm,1.0,44.259121817582745,0.9952576882343266,71.8924453205077,,fixed_independent,,,0.10072630799913895,,,,13320.0,3060.0,10260.0,0.22972972972972974,
set50,low,45.gif,0,0.01,"[512, 512]",72644242bceb1596c04ab4ddde11989c7aa206ee2094402fadeac9f9c500d55a,c3ab35a48c81121c8b48794984160850baf0a8f64d9009ea6eeefb548e11df68,ianlm,1.0,49.79243052708127,0.9986006086611756,74.82624569659941,,fixed_independent,,,0.0341708860014478,,,,2622.0,2610.0,12.0,0.9954233409610984,
set50,low,11.gif,0,0.01,"[512, 512]",b12e0216f269d1ad8f5dfe769baf0fb60142ab5235a6d1d62707dc52ca591071,8948decfdbaad42c41f6d0264883a357a35557ce680c55d8a78313aad39151af,ianlm,1.0,35.94525400356138,0.9969345934333315,67.81935667344726,,fixed_independent,,,0.037260598999637295,,,,2830.0,2363.0,467.0,0.834982332155477,
set50,low,34.gif,0,0.01,"[512, 512]",42a4b02f48b536770f4d42c1c4884a5b2a4a662af62778249a90a16c1d9f5398,dd73eaa5ded2fd68bedf81c188a0c44f01c7edbdcbf0abdf70e7d6c10a63bf63,ianlm,1.0,48.36091208038849,0.9983912529070653,74.10001868554751,,fixed_independent,,,0.033891225000843406,,,,2622.0,2476.0,146.0,0.9443173150266971,
set12,high,02.png,0,0.1,"[512, 512]",9a0925d4efea52b4b8355baab41b735118c594bada85c1650a8c929d4bedd645,e416650380e12917a3a2eeeb4269219a30b3b8cc16efb4db753ec8cb052bd8c8,ianlm,1.0,53.401776109223704,0.9986321512910064,76.63249561916217,,fixed_independent,,,0.2809370479990321,,,,26216.0,26116.0,100.0,0.9961855355508087,
set12,high,10.png,0,0.1,"[512, 512]",fa9370ee1649c3bf2aa161f01d3d2575a2dedca729f26b78bd75d618679b9889,7164aae5d6477ab64a9b20611d6b33f74569a62d739a897485e7d12dad80435d,ianlm,1.0,40.94803991225446,0.9909781095965229,70.02292543595337,,fixed_independent,,,0.2922662290002336,,,,26217.0,25637.0,580.0,0.9778769500705649,
set12,high,09.png,0,0.1,"[512, 512]",4b3ddbef5883a30e02120d9280c878727f5282bb054525cf3a5b0fcffb889d5c,3e0d74d912d9f117e2941f19693e873a800672ebfc0237c1409a0ea272ec7872,ianlm,1.0,34.990505889470576,0.9848740002227072,66.73895295587064,,fixed_independent,,,0.29161320899947896,,,,26216.0,25793.0,423.0,0.9838648153799207,
set12,high,07.png,0,0.1,"[512, 512]",154769fc48745384ec8816fc554051b0dd5f1c55071de2669c9058bf3a96574e,2ba0d75dafd4a58439379072ed0bc3d150f40e4390b9b33d20349e9f1b29b718,ianlm,1.0,35.145743814735624,0.9944193478633644,67.29383930053604,,fixed_independent,,,0.2814905870000075,,,,26666.0,24785.0,1881.0,0.929460736518413,
set12,high,05.png,0,0.1,"[512, 512]",0a48bd94dc684e9744094acf5f9409ae1a147f367207cbcf847ffecc9506b1e3,99ebf5f91f8d5011c136e3657c039f5f484f7a9ad07790541df20dd03bf9c836,ianlm,1.0,49.12457987577696,0.9987681793375353,74.50069890476524,,fixed_independent,,,0.28994869899906917,,,,26216.0,26149.0,67.0,0.9974443088190418,
set12,high,08.png,0,0.1,"[512, 512]",2c394996c73fe787fca843f9f42014d5330dda4ad3053466b934f2c52d1c1f84,df4e8481f6afd5a29944a9cd59f15e3ba5659986829732fd430d6985cd4b7fc9,ianlm,1.0,39.75282891376989,0.9886394686450901,69.30838788913945,,fixed_independent,,,0.3021809870006109,,,,26434.0,26115.0,319.0,0.9879322085193312,
set12,high,01.png,0,0.1,"[512, 512]",0a372ced9fd4d1f9633532a58073e3974b41da8cfc87f04ec8e9a8dc6a89bba1,5c64fdfe33f4ceb5a47428c2edc3ca4f989b1078a7da5d038a7aac327de869fd,ianlm,1.0,45.51618551854232,0.9971794313619183,72.61706432736707,,fixed_independent,,,0.2864116100008687,,,,26331.0,24330.0,2001.0,0.9240059245755953,
set12,high,04.png,0,0.1,"[512, 512]",7f6baec8e072815d469acd5d149f5da86b89ef26df1895c4edde2d5758900fd0,0a9fd41a69964cdee98a13387f66a0e0afec3986fcdb81bfef6cf0b952ec854c,ianlm,1.0,49.998322246163866,0.9986092107388269,74.92962166002329,,fixed_independent,,,0.28385086199887155,,,,26216.0,25015.0,1201.0,0.9541882819652121,
set12,high,06.png,0,0.1,"[512, 512]",aa1ae42753ac532294aa25320a62b1fb9aa4b54ad1627f3551d0532393b63c6e,d64e7d6cff0dd1480f8ba1a2df2cb1a7e53c3656ab86e3b1aaaf93b31a9edfbf,ianlm,1.0,42.068416267697444,0.9944703934266516,70.7577278051813,,fixed_independent,,,0.28664026399928844,,,,26216.0,26194.0,22.0,0.9991608178211779,
set12,high,03.png,0,0.1,"[512, 512]",ecaf4e62d02b750095b71c0828247049848c285190975276e63ef6d951b37cf4,4b3536cd26cb2a06a9257208afef360b062fd3e9ee7285ba6d4c75c0e03474d9,ianlm,1.0,40.13053007524299,0.99846452649372,69.98849136230749,,fixed_independent,,,0.29190100400046504,,,,27147.0,26599.0,548.0,0.9798136073967657,
set12,high,11.png,0,0.1,"[512, 512]",17b452cc44e876adc0d3fd3607e8c9ab9e04406fa1702d436005e99db30c6108,efb327d0e9507fdf30c7e6389581d470feab9b99fac8c2659863071b5babac8d,ianlm,1.0,34.179488423323036,0.9476296859259253,64.47122850795779,,fixed_independent,,,0.38149325599988515,,,,46016.0,30888.0,15128.0,0.6712447844228094,
set12,medium,02.png,0,0.05,"[512, 512]",9a0925d4efea52b4b8355baab41b735118c594bada85c1650a8c929d4bedd645,c3f9d39a11e3011c40ec0ba98de83291f1b1fcd783cfca19fa39be37ecb6240b,ianlm,1.0,57.03964608559786,0.9993614095412159,78.48789351985972,,fixed_independent,,,0.16931478799961042,,,,13108.0,13032.0,76.0,0.9942020140372292,
set12,medium,10.png,0,0.05,"[512, 512]",fa9370ee1649c3bf2aa161f01d3d2575a2dedca729f26b78bd75d618679b9889,87d8a8c260cdb8c52551132cb0dfe95ee2f14d151af9ff4d6168d5800396b42c,ianlm,1.0,44.139656838347115,0.9956272289512498,71.85118986673605,,fixed_independent,,,0.1546836199995596,,,,13109.0,12764.0,345.0,0.9736822030665955,
set12,medium,09.png,0,0.05,"[512, 512]",4b3ddbef5883a30e02120d9280c878727f5282bb054525cf3a5b0fcffb889d5c,7c56fc735c741056497fe6ad8b491244bf2746021f23f9e3f3b7401a4df3be52,ianlm,1.0,38.1280940896484,0.99275495694991,68.7017948923197,,fixed_independent,,,0.15883912999925087,,,,13108.0,12812.0,296.0,0.9774183704607873,
set12,medium,07.png,0,0.05,"[512, 512]",154769fc48745384ec8816fc554051b0dd5f1c55071de2669c9058bf3a96574e,50403390a446b8878af128c5b5eb24f750286ab630615b3caace33849ff6c560,ianlm,1.0,35.634945547622934,0.9963149069112184,67.63321811937239,,fixed_independent,,,0.16674167400014994,,,,13582.0,12340.0,1242.0,0.9085554410248858,
set12,medium,05.png,0,0.05,"[512, 512]",0a48bd94dc684e9744094acf5f9409ae1a147f367207cbcf847ffecc9506b1e3,adb057f232e03a2f58a65b65c32bd3ae831f109d80147c92d9e62f40775bc731,ianlm,1.0,52.89225259740145,0.9994413321590403,76.41819290665273,,fixed_independent,,,0.17812473899903125,,,,13108.0,13055.0,53.0,0.9959566676838572,
set12,medium,08.png,0,0.05,"[512, 512]",2c394996c73fe787fca843f9f42014d5330dda4ad3053466b934f2c52d1c1f84,8e3d7b1e875d19f22c64e3044a9d0c41b820f9cfa02088458ff600eaf223eb5f,ianlm,1.0,42.77354129102099,0.9943820372732177,71.10587250917138,,fixed_independent,,,0.1669337440016534,,,,13344.0,13027.0,317.0,0.976244004796163,
set12,medium,01.png,0,0.05,"[512, 512]",0a372ced9fd4d1f9633532a58073e3974b41da8cfc87f04ec8e9a8dc6a89bba1,95660ff47115848bd895ed7581195e91c2ab4a1746122ef36b82c4d90108493b,ianlm,1.0,48.936641136082024,0.998603036220499,74.39847237906596,,fixed_independent,,,0.1675858500002505,,,,13225.0,12011.0,1214.0,0.9082041587901701,
set12,medium,04.png,0,0.05,"[512, 512]",7f6baec8e072815d469acd5d149f5da86b89ef26df1895c4edde2d5758900fd0,1c72f71d2f5910501fba30fd6269d5a73022d2e2701365d87f47014e5f50f8e5,ianlm,1.0,53.819368098144096,0.9993518967869307,76.87727888841857,,fixed_independent,,,0.15735141999903135,,,,13108.0,12427.0,681.0,0.948046994202014,
set12,medium,06.png,0,0.05,"[512, 512]",aa1ae42753ac532294aa25320a62b1fb9aa4b54ad1627f3551d0532393b63c6e,418ae6ffd6be74f226d8da4b414080f6be346245802a6e9c0b97dc4ff2a94400,ianlm,1.0,45.25875419341467,0.9972846134105999,72.49360776723734,,fixed_independent,,,0.16253676499945868,,,,13108.0,13094.0,14.0,0.9989319499542264,
set12,medium,03.png,0,0.05,"[512, 512]",ecaf4e62d02b750095b71c0828247049848c285190975276e63ef6d951b37cf4,0a2b74a80e9ef7c6edfd254d6abd4f21d8fc939cbcfe8e477f4c4a919f7d715d,ianlm,1.0,40.542670620865515,0.9992043892108375,70.23155477097464,,fixed_independent,,,0.17441742600021826,,,,14085.0,13709.0,376.0,0.9733049343272986,
set12,medium,11.png,0,0.05,"[512, 512]",17b452cc44e876adc0d3fd3607e8c9ab9e04406fa1702d436005e99db30c6108,599e46ff8f73bb0bcb238e7a5776355ab3a55274a6828355adfafd7ae4d55c02,ianlm,1.0,36.95528452400112,0.9691114716261682,66.93321584330897,,fixed_independent,,,0.2334647399984533,,,,33975.0,16633.0,17342.0,0.48956585724797647,
set12,extreme,02.png,0,0.2,"[512, 512]",9a0925d4efea52b4b8355baab41b735118c594bada85c1650a8c929d4bedd645,49df52a59b6c929c5f31dd1d9dcd3a8cc145517e504d2433ddbe093f2ea75a04,ianlm,1.0,49.03420143283947,0.9967251081783262,74.35335612533603,,fixed_independent,,,0.5108396470004664,,,,52430.0,52356.0,74.0,0.9985885943162311,
set12,extreme,10.png,0,0.2,"[512, 512]",fa9370ee1649c3bf2aa161f01d3d2575a2dedca729f26b78bd75d618679b9889,54206e07e2533ce3cdc4f253b01d2bcf15986e6aa5edcfa3142c91d69412c383,ianlm,1.0,37.52065557855974,0.980730969019572,67.79687624025847,,fixed_independent,,,0.5458624470011273,,,,52431.0,51769.0,662.0,0.9873738818637828,
set12,extreme,09.png,0,0.2,"[512, 512]",4b3ddbef5883a30e02120d9280c878727f5282bb054525cf3a5b0fcffb889d5c,0b3ebc1adeda4f915d78dc938f4f6754e061d4488a42511b466d50496ed3c90d,ianlm,1.0,31.640056153826816,0.9668974303375465,64.16489959379074,,fixed_independent,,,0.5075775800014526,,,,52430.0,52049.0,381.0,0.9927331680335686,
set12,extreme,07.png,0,0.2,"[512, 512]",154769fc48745384ec8816fc554051b0dd5f1c55071de2669c9058bf3a96574e,a555b68256523f4ea9a6a3a1d63d525af0a21767eb731194aeaa7d0237229d14,ianlm,1.0,34.16615929226236,0.989837595327782,66.57495941252029,,fixed_independent,,,0.56301039400023,,,,52828.0,50504.0,2324.0,0.9560081774816386,
set12,extreme,05.png,0,0.2,"[512, 512]",0a48bd94dc684e9744094acf5f9409ae1a147f367207cbcf847ffecc9506b1e3,47e001521556c7ceb0d8f2d01af9cf5e6eedb001280a9b295e77fef79fb60244,ianlm,1.0,44.25753928375485,0.9967398554672718,71.96576241524102,,fixed_independent,,,0.5218647870005952,,,,52430.0,52380.0,50.0,0.999046347510967,
set12,extreme,08.png,0,0.2,"[512, 512]",2c394996c73fe787fca843f9f42014d5330dda4ad3053466b934f2c52d1c1f84,b513454383e7814ea07019014f0d151fde15b5a47f3e20c6d9f3194be9c69f56,ianlm,1.0,36.310247014615264,0.9749567188833457,66.90295945147491,,fixed_independent,,,0.548565258999588,,,,52623.0,52293.0,330.0,0.9937289778233852,
set12,extreme,01.png,0,0.2,"[512, 512]",0a372ced9fd4d1f9633532a58073e3974b41da8cfc87f04ec8e9a8dc6a89bba1,bb82ddd95a6a25e95485a996c31e0375130595fb41bbf773b1bd5b01c13959c1,ianlm,1.0,41.36112697150761,0.9936278728704024,70.36195712927393,,fixed_independent,,,0.5110084799998731,,,,52529.0,49375.0,3154.0,0.9399569761465095,
set12,extreme,04.png,0,0.2,"[512, 512]",7f6baec8e072815d469acd5d149f5da86b89ef26df1895c4edde2d5758900fd0,bed36c52da9f24d3ca3fb49a29cd8e86158fb485d9e63c07e1c4acb7624e204a,ianlm,1.0,45.56199419132223,0.9966643984954278,72.6142170204325,,fixed_independent,,,0.5272857870004373,,,,52430.0,51050.0,1380.0,0.9736791913026893,
set12,extreme,06.png,0,0.2,"[512, 512]",aa1ae42753ac532294aa25320a62b1fb9aa4b54ad1627f3551d0532393b63c6e,99762f4e36329a2a9ca8ae0af403f0994ac05cc0f2d8cfc948e27d609ae70bab,ianlm,1.0,38.42061383966403,0.9879197712479916,68.60629548223159,,fixed_independent,,,0.5356276850016002,,,,52430.0,52412.0,18.0,0.9996566851039481,
set12,extreme,03.png,0,0.2,"[512, 512]",ecaf4e62d02b750095b71c0828247049848c285190975276e63ef6d951b37cf4,5d873642d5904df0268ba3e2ab75f110ac16583462f4036e07f029c689362f0c,ianlm,1.0,39.119902619089,0.9964899750441889,69.38445006175394,,fixed_independent,,,0.5121850499999709,,,,53262.0,52517.0,745.0,0.9860125417746236,
set12,extreme,11.png,0,0.2,"[512, 512]",17b452cc44e876adc0d3fd3607e8c9ab9e04406fa1702d436005e99db30c6108,9a04391c3b1256307bf621b3151ddf799518fb0a981f8949a152baac9237f5bf,ianlm,1.0,30.695638258433966,0.914055839352954,61.050611096864685,,fixed_independent,,,0.5465147529994283,,,,70046.0,58868.0,11178.0,0.8404191531279445,
set12,moderate,02.png,0,0.03,"[512, 512]",9a0925d4efea52b4b8355baab41b735118c594bada85c1650a8c929d4bedd645,ee7bfd453ba8d6e6718aaf8a97d81f5f2238214fca6f66b9cd8f2e44d4e6969a,ianlm,1.0,59.68291997833341,0.9996317321668847,79.82304659751094,,fixed_independent,,,0.09621775199957483,,,,7866.0,7818.0,48.0,0.9938977879481312,
set12,moderate,10.png,0,0.03,"[512, 512]",fa9370ee1649c3bf2aa161f01d3d2575a2dedca729f26b78bd75d618679b9889,5d887063ebde1fcfbf95f8deca1ac10049d03f7db0a73c069699f665d6977104,ianlm,1.0,46.417644724343305,0.9973592352543903,73.07678412489116,,fixed_independent,,,0.11126581200005603,,,,7867.0,7627.0,240.0,0.9694928181009279,
set12,moderate,09.png,0,0.03,"[512, 512]",4b3ddbef5883a30e02120d9280c878727f5282bb054525cf3a5b0fcffb889d5c,de0042a9b572069c4805997a988a6eb7d29426746f4b470c08ec69dfefe9b523,ianlm,1.0,40.62586008484818,0.9957988577105649,70.10287292795233,,fixed_independent,,,0.0979712490006932,,,,7866.0,7652.0,214.0,0.9727943046020849,
set12,moderate,07.png,0,0.03,"[512, 512]",154769fc48745384ec8816fc554051b0dd5f1c55071de2669c9058bf3a96574e,41c6793af84e33ba2ceb749b4738b40b1b3737129d2d2babeb1dd4ec40eb3ac5,ianlm,1.0,35.847555472951825,0.997193678084406,67.7834616406962,,fixed_independent,,,0.10017152999898826,,,,8346.0,7500.0,846.0,0.8986340762041697,
set12,moderate,05.png,0,0.03,"[512, 512]",0a48bd94dc684e9744094acf5f9409ae1a147f367207cbcf847ffecc9506b1e3,9f3476abacfd546a3608bc4be56078d043e749803d48ceb9c514386cce77c211,ianlm,1.0,55.50062487781891,0.9996819667247907,77.73441077514899,,fixed_independent,,,0.09305386300002283,,,,7866.0,7834.0,32.0,0.9959318586320874,
set12,moderate,08.png,0,0.03,"[512, 512]",2c394996c73fe787fca843f9f42014d5330dda4ad3053466b934f2c52d1c1f84,b0b958f06122f7dfd86e575b45174a19c43c39d05a9f75e6d37f0d1b885e83d9,ianlm,1.0,44.89997599990413,0.9965645311301303,72.27821455645858,,fixed_independent,,,0.10536690599838039,,,,8107.0,7803.0,304.0,0.9625015418773899,
set12,moderate,01.png,0,0.03,"[512, 512]",0a372ced9fd4d1f9633532a58073e3974b41da8cfc87f04ec8e9a8dc6a89bba1,1890871d8ac6fdf241ae77566f9a0eb175baed8033bd8ffbdecf5475a45749fe,ianlm,1.0,51.145048306996216,0.999155147199223,75.53028151345926,,fixed_independent,,,0.10870485000032204,,,,7985.0,7178.0,807.0,0.8989355040701315,
set12,moderate,04.png,0,0.03,"[512, 512]",7f6baec8e072815d469acd5d149f5da86b89ef26df1895c4edde2d5758900fd0,5aab2f4c90265de03c4286a1026b54930c9f1174f15bd4788a5cea6ddc26c27a,ianlm,1.0,56.32359636093325,0.9996095856845602,78.14227746469464,,fixed_independent,,,0.09149384300144447,,,,7866.0,7373.0,493.0,0.9373251970505975,
set12,moderate,06.png,0,0.03,"[512, 512]",aa1ae42753ac532294aa25320a62b1fb9aa4b54ad1627f3551d0532393b63c6e,f6c87c3541133224f0d0b09d3ddb74251b7ff019191b5f7b5cf5f3356ce374c4,ianlm,1.0,47.24335303471661,0.9983760589626526,73.54047946549093,,fixed_independent,,,0.09901731399986602,,,,7866.0,7852.0,14.0,0.9982201881515382,
set12,moderate,03.png,0,0.03,"[512, 512]",ecaf4e62d02b750095b71c0828247049848c285190975276e63ef6d951b37cf4,231f53176f51c4b24bdc12fd9f1b4c16454140fdfe7631cec75f8301deab3824,ianlm,1.0,40.6836108329074,0.999484288691655,70.31601985103644,,fixed_independent,,,0.09963490100017225,,,,8859.0,8591.0,268.0,0.969748278586748,
set12,moderate,11.png,0,0.03,"[512, 512]",17b452cc44e876adc0d3fd3607e8c9ab9e04406fa1702d436005e99db30c6108,fc459f467923651b85169e1d453047db01071c2115000fa34e05ff50a6c59429,ianlm,1.0,38.3475744317118,0.977313579392117,68.03946618546175,,fixed_independent,,,0.2136040450004657,,,,29177.0,11014.0,18163.0,0.3774891181410015,
set12,low,02.png,0,0.01,"[512, 512]",9a0925d4efea52b4b8355baab41b735118c594bada85c1650a8c929d4bedd645,7d03f7624fa0aaaef532f6ccb5b007c11ecfba46dc0bf970948880603d265edc,ianlm,1.0,65.25073180179214,0.9998820294517285,82.61946737348251,,fixed_independent,,,0.030912666999938665,,,,2622.0,2594.0,28.0,0.9893211289092296,
set12,low,10.png,0,0.01,"[512, 512]",fa9370ee1649c3bf2aa161f01d3d2575a2dedca729f26b78bd75d618679b9889,d06c846ad219995869474be865acb70b5ec7d01068ecd7580cc3fde6a2889b07,ianlm,1.0,51.220856062603815,0.9991394959254195,75.56740282757289,,fixed_independent,,,0.04581345099995815,,,,2623.0,2528.0,95.0,0.9637819290888295,
set12,low,09.png,0,0.01,"[512, 512]",4b3ddbef5883a30e02120d9280c878727f5282bb054525cf3a5b0fcffb889d5c,f57c1e0803358fa46cb3fcadacd603e0bc8a9a1500621f0dea3a800d055c6fe6,ianlm,1.0,45.03242148519509,0.9984995620762481,72.44118884640994,,fixed_independent,,,0.0350455960006002,,,,2622.0,2541.0,81.0,0.9691075514874142,
set12,low,07.png,0,0.01,"[512, 512]",154769fc48745384ec8816fc554051b0dd5f1c55071de2669c9058bf3a96574e,584ba7517a59730143877939055ad6e1e59eec8663870de1e2f41b823592272b,ianlm,1.0,36.04587137172105,0.9980443011306113,67.92515074239108,,fixed_independent,,,0.03434716799984017,,,,3107.0,2743.0,364.0,0.8828451882845189,
set12,low,05.png,0,0.01,"[512, 512]",0a48bd94dc684e9744094acf5f9409ae1a147f367207cbcf847ffecc9506b1e3,d9a99fe9c66291c5480b648f63457e4e7868b0267787c7b85908acc020420910,ianlm,1.0,60.00609696640076,0.9998934049430495,79.99771873035286,,fixed_independent,,,0.031424977999449766,,,,2622.0,2613.0,9.0,0.9965675057208238,
set12,low,08.png,0,0.01,"[512, 512]",2c394996c73fe787fca843f9f42014d5330dda4ad3053466b934f2c52d1c1f84,e160bea8a7b841fbbcb9a08d2452bc47be4e0b6c86d87d1b0bea001f91693d97,ianlm,1.0,48.89934553461313,0.9987673816914294,74.38804185187803,,fixed_independent,,,0.04436735899980704,,,,2867.0,2638.0,229.0,0.9201255667945588,
set12,low,01.png,0,0.01,"[512, 512]",0a372ced9fd4d1f9633532a58073e3974b41da8cfc87f04ec8e9a8dc6a89bba1,580fbc14af471717cfc09261d71b2bee527d3960eb5a144e296d4af84219023d,ianlm,1.0,55.50677725583359,0.9996894951391391,77.73786338487375,,fixed_independent,,,0.03590409800017369,,,,2750.0,2364.0,386.0,0.8596363636363636,
set12,low,04.png,0,0.01,"[512, 512]",7f6baec8e072815d469acd5d149f5da86b89ef26df1895c4edde2d5758900fd0,e8a6fc5f208fe29f03f5cbd984d49640d58559cd6c5aa49284f500b1f7ee7903,ianlm,1.0,61.34467132973612,0.999882470942702,80.66645921200316,,fixed_independent,,,0.030975730999671214,,,,2622.0,2464.0,158.0,0.9397406559877955,
set12,low,06.png,0,0.01,"[512, 512]",aa1ae42753ac532294aa25320a62b1fb9aa4b54ad1627f3551d0532393b63c6e,e340e8d85915e482eb2fcd7c112e25b58f52ae82986a937d947c38437b40d732,ianlm,1.0,52.55559318149152,0.9994525645044632,76.25042481596893,,fixed_independent,,,0.03284128000086639,,,,2622.0,2615.0,7.0,0.9973302822273074,
set12,low,03.png,0,0.01,"[512, 512]",ecaf4e62d02b750095b71c0828247049848c285190975276e63ef6d951b37cf4,18313c5d887bba3759a18d07833b66fb952544043545ed839a5d493c1c132871,ianlm,1.0,40.8304045374943,0.9997400404914817,70.40220429332123,,fixed_independent,,,0.034593578000567504,,,,3632.0,3523.0,109.0,0.9699889867841409,
set12,low,11.png,0,0.01,"[512, 512]",17b452cc44e876adc0d3fd3607e8c9ab9e04406fa1702d436005e99db30c6108,030fd588168a45176d9b0eca993f8007814b0503964557c1914c2fbae448d11f,ianlm,1.0,40.63601258105728,0.9898598611579367,69.81099934842547,,fixed_independent,,,0.13007891500001278,,,,24382.0,4928.0,19454.0,0.20211631531457633,
set12,high,02.png,4,0.1,"[512, 512]",9a0925d4efea52b4b8355baab41b735118c594bada85c1650a8c929d4bedd645,fb5756b2f1977a53d6af3dcead4efb66402b9d5e985cdbdec56b32e00ffd97a7,ianlm,1.0,53.39859881362901,0.998629769437889,76.63078787870896,,fixed_independent,,,0.29015050000089104,,,,26216.0,26087.0,129.0,0.9950793408605432,
set12,high,10.png,4,0.1,"[512, 512]",fa9370ee1649c3bf2aa161f01d3d2575a2dedca729f26b78bd75d618679b9889,20cbcff47f8f1652d0beb4647260b220d5985351324e73ce58f91790a1b40bdd,ianlm,1.0,40.93113593125142,0.990917413768409,70.01143865404616,,fixed_independent,,,0.32935811999959697,,,,26220.0,25546.0,674.0,0.9742944317315027,
set12,high,09.png,4,0.1,"[512, 512]",4b3ddbef5883a30e02120d9280c878727f5282bb054525cf3a5b0fcffb889d5c,6580f7427fae38e6900e311bc3d882abd5bbd2d3ee833d3f15f08e971f1badd3,ianlm,1.0,34.99521541300759,0.9848489401355197,66.74005471327978,,fixed_independent,,,0.31870577100016817,,,,26216.0,25686.0,530.0,0.9797833384192859,
set12,high,07.png,4,0.1,"[512, 512]",154769fc48745384ec8816fc554051b0dd5f1c55071de2669c9058bf3a96574e,6b2b7a6b103aa4415de2661efe3e7b16f3e8a8d91d505c35019889f45be2ccdf,ianlm,1.0,33.91242650939125,0.9932252755916098,66.6174770342761,,fixed_independent,,,0.34427561899974535,,,,27605.0,25215.0,2390.0,0.9134214816156493,
set12,high,05.png,4,0.1,"[512, 512]",0a48bd94dc684e9744094acf5f9409ae1a147f367207cbcf847ffecc9506b1e3,0d5e8010bb26a850d7bcc7fe1db68e0f0c6af22b17fa9bc70b31b059f1079a92,ianlm,1.0,49.12006281558975,0.9987610468706889,74.49808375132932,,fixed_independent,,,0.3134705960001156,,,,26216.0,26101.0,115.0,0.99561336588343,
set12,high,08.png,4,0.1,"[512, 512]",2c394996c73fe787fca843f9f42014d5330dda4ad3053466b934f2c52d1c1f84,0c9b60e4d12da52284c5eb24f1ad2f1c68d32c53c03585a9c05992f6df84ca1f,ianlm,1.0,39.230223647848234,0.987859633428651,69.00809349535666,,fixed_independent,,,0.34183200000006764,,,,26983.0,26360.0,623.0,0.9769113886521142,
set12,high,01.png,4,0.1,"[512, 512]",0a372ced9fd4d1f9633532a58073e3974b41da8cfc87f04ec8e9a8dc6a89bba1,9ea25905277eaa2c13405c16af5a2bd159339f43e0d8dbc939852ca029957356,ianlm,1.0,45.02909470824128,0.9970046168432346,72.36477819628237,,fixed_independent,,,0.2870099469982961,,,,26789.0,24451.0,2338.0,0.9127253723543245,
set12,high,04.png,4,0.1,"[512, 512]",7f6baec8e072815d469acd5d149f5da86b89ef26df1895c4edde2d5758900fd0,fdc436c0c8446ba46cfc24590bb554f37546781412b4b4564d6407e3391d198a,ianlm,1.0,49.983956565148034,0.9985851951624999,74.92123804069901,,fixed_independent,,,0.2901581730002363,,,,26216.0,24843.0,1373.0,0.947627403112603,
set12,high,06.png,4,0.1,"[512, 512]",aa1ae42753ac532294aa25320a62b1fb9aa4b54ad1627f3551d0532393b63c6e,a363dcecce4b7295d8e22162211f906c57f7427694cc70216f5f5b9f9c8ae75e,ianlm,1.0,42.067665649284656,0.9944639778786108,70.75703171857288,,fixed_independent,,,0.3531159079993813,,,,26216.0,26168.0,48.0,0.9981690570643882,
set12,high,03.png,4,0.1,"[512, 512]",ecaf4e62d02b750095b71c0828247049848c285190975276e63ef6d951b37cf4,85f7066b7aa1244baa2f27667095e1ea8355fef86e40ccd8d4b2514ec34fd63d,ianlm,1.0,39.342404110747424,0.9955300790664172,69.44770600869458,,fixed_independent,,,0.30403041599856806,,,,28155.0,26945.0,1210.0,0.9570236192505771,
set12,high,11.png,4,0.1,"[512, 512]",17b452cc44e876adc0d3fd3607e8c9ab9e04406fa1702d436005e99db30c6108,d985d535d00b2df1afd30e645e35cfc28961b28fa786c9d6216e5ca98bb90604,ianlm,1.0,28.00257049465276,0.830929275116649,55.547749003158835,,fixed_independent,,,0.3877549700009695,,,,73730.0,60705.0,13025.0,0.8233419232334193,
set12,medium,02.png,4,0.05,"[512, 512]",9a0925d4efea52b4b8355baab41b735118c594bada85c1650a8c929d4bedd645,4e69b9926757359b28d2ba0ddea539b9b5734c1c9927cbb52997eed2c2c65a57,ianlm,1.0,57.03642570192167,0.9993602484818821,78.48622527505495,,fixed_independent,,,0.1599994539992622,,,,13108.0,13015.0,93.0,0.9929050961245042,
set12,medium,10.png,4,0.05,"[512, 512]",fa9370ee1649c3bf2aa161f01d3d2575a2dedca729f26b78bd75d618679b9889,461dc699c7e6039d3c7fbc9e361c8477afcdd41db684ad67d9d1dd1715aba45a,ianlm,1.0,44.107426128069854,0.995559790566014,71.83170259233563,,fixed_independent,,,0.15637753599912685,,,,13112.0,12710.0,402.0,0.9693410616229409,
set12,medium,09.png,4,0.05,"[512, 512]",4b3ddbef5883a30e02120d9280c878727f5282bb054525cf3a5b0fcffb889d5c,5780430f9e94feaf25364471128f02e7454678af26c718534cb418901e5bbe6c,ianlm,1.0,38.12604320046147,0.9927201216366298,68.69902768206222,,fixed_independent,,,0.15564369999992778,,,,13108.0,12743.0,365.0,0.9721544095209033,
set12,medium,07.png,4,0.05,"[512, 512]",154769fc48745384ec8816fc554051b0dd5f1c55071de2669c9058bf3a96574e,57067cdfaec1e7cbd302b6992dd6d10ca47b25065f31c44a1bfe1573c39a6480,ianlm,1.0,34.2516814577954,0.9951949464311286,66.88558805045413,,fixed_independent,,,0.16240054499940015,,,,14583.0,12778.0,1805.0,0.8762257423026812,
set12,medium,05.png,4,0.05,"[512, 512]",0a48bd94dc684e9744094acf5f9409ae1a147f367207cbcf847ffecc9506b1e3,e0fa916e823acf6effc4f3b42e72ab8a62ce26e6958e64dcd7833e8e36a12729,ianlm,1.0,52.87009315342445,0.9994296936370328,76.40653125856386,,fixed_independent,,,0.15703056899837975,,,,13108.0,13018.0,90.0,0.9931339639914556,
set12,medium,08.png,4,0.05,"[512, 512]",2c394996c73fe787fca843f9f42014d5330dda4ad3053466b934f2c52d1c1f84,e1b0f210137124047cfa6d6db5eb311ebf1bd872e71c7f34ecbce8d731865d47,ianlm,1.0,41.98254437124281,0.9937979376195585,70.68116906659932,,fixed_independent,,,0.16454008000073372,,,,13926.0,13245.0,681.0,0.9510986643688065,
set12,medium,01.png,4,0.05,"[512, 512]",0a372ced9fd4d1f9633532a58073e3974b41da8cfc87f04ec8e9a8dc6a89bba1,9379e76152d6d388d723e1eaa08d1618611906ad05b452f66e45fc46f2920222,ianlm,1.0,48.17504677743716,0.9984615509929837,74.01060093836776,,fixed_independent,,,0.16479848000017228,,,,13701.0,12101.0,1600.0,0.8832202029048974,
set12,medium,04.png,4,0.05,"[512, 512]",7f6baec8e072815d469acd5d149f5da86b89ef26df1895c4edde2d5758900fd0,96b121cc217c410a07c6e8b75d018b9c2d013f47489b90382de26ad622a43a5a,ianlm,1.0,53.79775115659358,0.9993380937371091,76.86578026515224,,fixed_independent,,,0.14923730000009527,,,,13108.0,12333.0,775.0,0.9408758010375343,
set12,medium,06.png,4,0.05,"[512, 512]",aa1ae42753ac532294aa25320a62b1fb9aa4b54ad1627f3551d0532393b63c6e,5d3d90db8b69e62a740e7e86ea6a5df988b44fac6affdc46ef302b5c6eb8dce4,ianlm,1.0,45.258010281517485,0.9972831184969255,72.49316106560502,,fixed_independent,,,0.16659641099977307,,,,13108.0,13081.0,27.0,0.9979401891974367,
set12,medium,03.png,4,0.05,"[512, 512]",ecaf4e62d02b750095b71c0828247049848c285190975276e63ef6d951b37cf4,76e43ccb10d0fd50514c324d9319b070e705fa6c949ead13598cc60431e1acd1,ianlm,1.0,40.40349003966548,0.9982442747434757,70.11395875700653,,fixed_independent,,,0.15830940600062604,,,,15159.0,13880.0,1279.0,0.9156276799261165,
set12,medium,11.png,4,0.05,"[512, 512]",17b452cc44e876adc0d3fd3607e8c9ab9e04406fa1702d436005e99db30c6108,d061e894c51d566e883b22e0983bc6c1f82e2c15c660fea833b8da2c916beea5,ianlm,1.0,30.420126945649443,0.8717860481981302,58.79936588273123,,fixed_independent,,,0.261313766000967,,,,63210.0,45617.0,17593.0,0.7216737857933871,
set12,extreme,02.png,4,0.2,"[512, 512]",9a0925d4efea52b4b8355baab41b735118c594bada85c1650a8c929d4bedd645,c78625d61f7341c9115095ca61bc56d13277a60903cbda9e7817dcbf3fad2403,ianlm,1.0,49.03326323356527,0.9967232058542704,74.35279190949616,,fixed_independent,,,0.5559098310004629,,,,52430.0,52330.0,100.0,0.998092695021934,
set12,extreme,10.png,4,0.2,"[512, 512]",fa9370ee1649c3bf2aa161f01d3d2575a2dedca729f26b78bd75d618679b9889,55df1265f85a4f395abe6fdb9f8d6ced6f37fabb2f2efbdcd9ad51de31f0f358,ianlm,1.0,37.51751991092224,0.9806975357028247,67.79363674060235,,fixed_independent,,,0.5765501030000451,,,,52434.0,51656.0,778.0,0.985162299271465,
set12,extreme,09.png,4,0.2,"[512, 512]",4b3ddbef5883a30e02120d9280c878727f5282bb054525cf3a5b0fcffb889d5c,d5200db9a81ea1ad2851337034ec180dcba65337806d6f544c91105b701dd5a8,ianlm,1.0,31.63963543200882,0.9668612217129087,64.16287880164984,,fixed_independent,,,0.5968896790000144,,,,52430.0,51918.0,512.0,0.9902345985123021,
set12,extreme,07.png,4,0.2,"[512, 512]",154769fc48745384ec8816fc554051b0dd5f1c55071de2669c9058bf3a96574e,d658efe3236f7ef4462769d23a0c6a782ae9c9bb794297f469fb22a6a114781d,ianlm,1.0,33.13644708356629,0.9883906554215373,65.98775631286,,fixed_independent,,,0.558992929998567,,,,53651.0,50847.0,2804.0,0.9477362956888036,
set12,extreme,05.png,4,0.2,"[512, 512]",0a48bd94dc684e9744094acf5f9409ae1a147f367207cbcf847ffecc9506b1e3,f14c438201f32887ca2958073a99c9c4367ca05aa3996a24e4a516345d4ee79d,ianlm,1.0,44.25580119874094,0.9967348626981716,71.96464373427905,,fixed_independent,,,0.5930087499982619,,,,52430.0,52327.0,103.0,0.998035475872592,
set12,extreme,08.png,4,0.2,"[512, 512]",2c394996c73fe787fca843f9f42014d5330dda4ad3053466b934f2c52d1c1f84,a8484a10dd4d38b8a5ac055a083f83a730aeb890ecb2fff33eb9cc1791e5eb5b,ianlm,1.0,36.0690060565622,0.9741168571370262,66.74034588513241,,fixed_independent,,,0.6382848900011595,,,,53093.0,52600.0,493.0,0.9907144067956227,
set12,extreme,01.png,4,0.2,"[512, 512]",0a372ced9fd4d1f9633532a58073e3974b41da8cfc87f04ec8e9a8dc6a89bba1,65177135c7481be235c048926973169e2e8bf506e1b0926ab33339f39e25d3b0,ianlm,1.0,41.07911035414594,0.9933571612718033,70.20741324066313,,fixed_independent,,,0.5531506709994574,,,,52925.0,49492.0,3433.0,0.9351346244685876,
set12,extreme,04.png,4,0.2,"[512, 512]",7f6baec8e072815d469acd5d149f5da86b89ef26df1895c4edde2d5758900fd0,9bdf88a0f1a278417dd2a591efa55b88d04dfe89bd8aaa8ad24e1443228a0a94,ianlm,1.0,45.55356608895872,0.9966275096205899,72.60815852550886,,fixed_independent,,,0.5586346710006183,,,,52430.0,50761.0,1669.0,0.9681670799160785,
set12,extreme,06.png,4,0.2,"[512, 512]",aa1ae42753ac532294aa25320a62b1fb9aa4b54ad1627f3551d0532393b63c6e,3d987315aa538246f5a208b6d41f81eab45d6f505e0a6f7243927c5ad7a0fe40,ianlm,1.0,38.420835223798875,0.9879191557564927,68.60637539972407,,fixed_independent,,,0.5797793149995414,,,,52430.0,52397.0,33.0,0.9993705893572382,
set12,extreme,03.png,4,0.2,"[512, 512]",ecaf4e62d02b750095b71c0828247049848c285190975276e63ef6d951b37cf4,aad7e4eba1d0a55ac4a983788b73e9e5a66f24a767e26e93e98c74ddff8dd54a,ianlm,1.0,38.00646593722022,0.9929986894045884,68.65316743883953,,fixed_independent,,,0.5634513119985058,,,,54155.0,52964.0,1191.0,0.9780075708614163,
set12,extreme,11.png,4,0.2,"[512, 512]",17b452cc44e876adc0d3fd3607e8c9ab9e04406fa1702d436005e99db30c6108,76b80ddc8c4f96ba7c3331b18a0331e1aa705a7e327f7bf24342319ad0898b04,ianlm,1.0,24.69098956154509,0.7892172336739981,51.80635646447245,,fixed_independent,,,0.5636386520000087,,,,94794.0,86908.0,7886.0,0.916809080743507,
set12,moderate,02.png,4,0.03,"[512, 512]",9a0925d4efea52b4b8355baab41b735118c594bada85c1650a8c929d4bedd645,d879986baaf42190982449d59dd5553d540eb63dbc7567ea488c75632114b5ac,ianlm,1.0,59.67511126513764,0.9996304532339391,79.81907829426578,,fixed_independent,,,0.08851855600005365,,,,7866.0,7808.0,58.0,0.9926264937706585,
set12,moderate,10.png,4,0.03,"[512, 512]",fa9370ee1649c3bf2aa161f01d3d2575a2dedca729f26b78bd75d618679b9889,434ac8f246e81cbe180927267d40fe66e3454116170de134fb46d837087c066b,ianlm,1.0,46.36897440643321,0.9973094186170749,73.04995813407035,,fixed_independent,,,0.09863030899941805,,,,7870.0,7587.0,283.0,0.9640406607369758,
set12,moderate,09.png,4,0.03,"[512, 512]",4b3ddbef5883a30e02120d9280c878727f5282bb054525cf3a5b0fcffb889d5c,197f65e812b0eeb2cf91510c2b107e0d658adcb343eaa673a6289fbe2bc4596e,ianlm,1.0,40.62394479168965,0.995774329796052,70.10068888564743,,fixed_independent,,,0.09729249699921638,,,,7866.0,7614.0,252.0,0.9679633867276888,
set12,moderate,07.png,4,0.03,"[512, 512]",154769fc48745384ec8816fc554051b0dd5f1c55071de2669c9058bf3a96574e,b36e158819d385dc062ac7799786f1c8f4d46446b333738c6e5fa3718cffe970,ianlm,1.0,34.40014396147154,0.9961324749725812,67.00669572936482,,fixed_independent,,,0.10708023100050923,,,,9369.0,7963.0,1406.0,0.8499306222649162,
set12,moderate,05.png,4,0.03,"[512, 512]",0a48bd94dc684e9744094acf5f9409ae1a147f367207cbcf847ffecc9506b1e3,114a2e420e0ad99810e3e866c2b4386ab515991bfd7c5db3c2eb96d637d19c5b,ianlm,1.0,55.47978974262101,0.9996754696816849,77.72366835539475,,fixed_independent,,,0.10224862699942605,,,,7866.0,7804.0,62.0,0.9921179760996695,
set12,moderate,08.png,4,0.03,"[512, 512]",2c394996c73fe787fca843f9f42014d5330dda4ad3053466b934f2c52d1c1f84,f41575c24a908e64f17f53ab3e3de05a585eca0546392a462de5fb0793ed1ce6,ianlm,1.0,43.67881769828781,0.9959952008351849,71.63916889090315,,fixed_independent,,,0.10465160700005072,,,,8706.0,7996.0,710.0,0.9184470480128647,
set12,moderate,01.png,4,0.03,"[512, 512]",0a372ced9fd4d1f9633532a58073e3974b41da8cfc87f04ec8e9a8dc6a89bba1,8022eb92cc13c07829c548cf238b714175cd922f1b59a9ef093b7a962ea44eae,ianlm,1.0,49.977868679351374,0.9990322381823874,74.94054624879506,,fixed_independent,,,0.09996277000027476,,,,8471.0,7259.0,1212.0,0.8569236217683862,
set12,moderate,04.png,4,0.03,"[512, 512]",7f6baec8e072815d469acd5d149f5da86b89ef26df1895c4edde2d5758900fd0,558b3a110914cdad728ad09d50eba68d5001d3cabe99f29756fe4a3478144a26,ianlm,1.0,56.2858422656905,0.9995976069562106,78.12280148065578,,fixed_independent,,,0.09029593400009617,,,,7866.0,7327.0,539.0,0.9314772438342233,
set12,moderate,06.png,4,0.03,"[512, 512]",aa1ae42753ac532294aa25320a62b1fb9aa4b54ad1627f3551d0532393b63c6e,0e78536a56147ba906c487c61e6164992aafc64d24893e1e756d7777e6184f16,ianlm,1.0,47.242218750464524,0.998375040242249,73.53986138734471,,fixed_independent,,,0.094206290999864,,,,7866.0,7838.0,28.0,0.9964403763030766,
set12,moderate,03.png,4,0.03,"[512, 512]",ecaf4e62d02b750095b71c0828247049848c285190975276e63ef6d951b37cf4,d9a7aa26403306264e3dab31bb083178514a9ce2d7e31938922d1ea09f35d416,ianlm,1.0,40.52322766220495,0.998491345258998,70.18618109405237,,fixed_independent,,,0.09807533399907697,,,,9949.0,8736.0,1213.0,0.8780781988139511,
set12,moderate,11.png,4,0.03,"[512, 512]",17b452cc44e876adc0d3fd3607e8c9ab9e04406fa1702d436005e99db30c6108,4f6af6012acab1aca32e1626772dece3f447b16d814b44a65374637178964709,ianlm,1.0,31.544994686996368,0.898074559771227,60.67622533205953,,fixed_independent,,,0.19932106699889118,,,,58995.0,39414.0,19581.0,0.668090516145436,
set12,low,02.png,4,0.01,"[512, 512]",9a0925d4efea52b4b8355baab41b735118c594bada85c1650a8c929d4bedd645,5a06d5c62acf1b36874d17fbb7c8fbcf1bfa1a90a72f48c16e827f3f6067b418,ianlm,1.0,65.24476094477126,0.9998810854381383,82.61643474429255,,fixed_independent,,,0.03750298299928545,,,,2622.0,2588.0,34.0,0.9870327993897788,
set12,low,10.png,4,0.01,"[512, 512]",fa9370ee1649c3bf2aa161f01d3d2575a2dedca729f26b78bd75d618679b9889,fe06adf3c895b40fb6b5a15eaf684dfca16946f6169b38d893ed18d3aef8cf92,ianlm,1.0,51.09981662197626,0.9991082344939572,75.505320035686,,fixed_independent,,,0.03360275500017451,,,,2626.0,2519.0,107.0,0.9592536176694593,
set12,low,09.png,4,0.01,"[512, 512]",4b3ddbef5883a30e02120d9280c878727f5282bb054525cf3a5b0fcffb889d5c,bf4e02197794a0e21fbe08f301c6e1a7f1d9ff3ad8f7a4b371f0e200d7cb39b1,ianlm,1.0,45.030782120508945,0.9984945671713457,72.44011941882175,,fixed_independent,,,0.03986793299918645,,,,2622.0,2530.0,92.0,0.9649122807017544,
set12,low,07.png,4,0.01,"[512, 512]",154769fc48745384ec8816fc554051b0dd5f1c55071de2669c9058bf3a96574e,bebd5b94e7c8cd5e3c45a4c02eeb5c2f8901ef456e75534811f5ac6a29a3fac0,ianlm,1.0,34.55532482529453,0.997038653353525,67.12959508032351,,fixed_independent,,,0.04442213399852335,,,,4150.0,3195.0,955.0,0.7698795180722892,
set12,low,05.png,4,0.01,"[512, 512]",0a48bd94dc684e9744094acf5f9409ae1a147f367207cbcf847ffecc9506b1e3,166ad95c58f0c06dd2685ab4d5020f880563f9a5058e35aa36901da12704efa6,ianlm,1.0,59.989798807926284,0.9998916746043158,79.98948313417894,,fixed_independent,,,0.030692972000906593,,,,2622.0,2604.0,18.0,0.9931350114416476,
set12,low,08.png,4,0.01,"[512, 512]",2c394996c73fe787fca843f9f42014d5330dda4ad3053466b934f2c52d1c1f84,66926c0920534e26b939a5d9f0556865f11d7abe2870967adce74daa613116e0,ianlm,1.0,46.44010328263241,0.9982451693763454,73.13231011013347,,fixed_independent,,,0.05344551599955594,,,,3484.0,2800.0,684.0,0.8036739380022963,
set12,low,01.png,4,0.01,"[512, 512]",0a372ced9fd4d1f9633532a58073e3974b41da8cfc87f04ec8e9a8dc6a89bba1,44e11976558cb007c81a668559ae9107fdef12040d6bf3409d86e01b32bb629b,ianlm,1.0,53.659301397623615,0.9995962360225997,76.80946249994179,,fixed_independent,,,0.03857540900025924,,,,3247.0,2413.0,834.0,0.7431475207884201,
set12,low,04.png,4,0.01,"[512, 512]",7f6baec8e072815d469acd5d149f5da86b89ef26df1895c4edde2d5758900fd0,ecca96323697cb95c9b9c67fa33692a63a0bcc03cbf07eb1f49bfa5e122f8d4d,ianlm,1.0,61.29152274031555,0.9998775442258244,80.63963858144899,,fixed_independent,,,0.030624300999988918,,,,2622.0,2439.0,183.0,0.9302059496567505,
set12,low,06.png,4,0.01,"[512, 512]",aa1ae42753ac532294aa25320a62b1fb9aa4b54ad1627f3551d0532393b63c6e,17094acf9de65d3df3665b52428f406b7e9029614715969875e5da956e308411,ianlm,1.0,52.55224446207692,0.9994507199920778,76.24865823064235,,fixed_independent,,,0.03265023200037831,,,,2622.0,2606.0,16.0,0.9938977879481312,
set12,low,03.png,4,0.01,"[512, 512]",ecaf4e62d02b750095b71c0828247049848c285190975276e63ef6d951b37cf4,2d3e27d6769c28d88fcabbfa79deb4e13ee1277e06787f8cfec414322f383aed,ianlm,1.0,40.745154448370144,0.9991652941830447,70.3308419333373,,fixed_independent,,,0.04438135499913187,,,,4734.0,3602.0,1132.0,0.7608787494719054,
set12,low,11.png,4,0.01,"[512, 512]",17b452cc44e876adc0d3fd3607e8c9ab9e04406fa1702d436005e99db30c6108,4d79c36b74d775043c078b1a3b12fac535b38d23f700cf6d0a06dba47d86941f,ianlm,1.0,32.855908254902374,0.9323960621056921,63.0477572327358,,fixed_independent,,,0.15039955300017027,,,,54771.0,33321.0,21450.0,0.6083693925617571,
set50,high,19.gif,0,0.1,"[512, 512]",d17c7663feb48c0fe318904421cb04ec7e850a109d952f66a49ac464a4176a1e,b36a0e2777a4778ee716a1dfe989dd541a6b3d7c5af5fd33a1b733957ca06fd4,median,,28.61093981395522,0.8731627316539567,57.96360648967544,,,,,0.017722069000228657,8.0,8.0,NLM_fast_cuda_global,,,,,
set50,high,22.gif,0,0.1,"[512, 512]",dfe4f6c6370dbe0651bccc46e98ac3b787e8c63a3a37fb138fe6c81f3e32edd4,455a61e743daec9940c17a770102e9f6d8150016e197a7b40ba5ed8b526bdc6d,median,,24.873514565320676,0.7499755262947321,49.93553359739694,,,,,0.019117503999950713,8.0,8.0,NLM_fast_cuda_global,,,,,
set50,high,10.gif,0,0.1,"[512, 512]",e233b9bc584bbcbbdcbcbf3674e9c18c92aff37cf54afeec01dc2e7dc1811878,40725b43529bab17a6c41cf7934a73bda5b434a8803e87e4fc1465424cfe2303,median,,32.16974387974267,0.9459259984620791,63.38117186297529,,,,,0.020427285999176092,8.0,8.0,NLM_fast_cuda_global,,,,,
set50,high,14.gif,0,0.1,"[512, 512]",83fe92c5398701971c09c467a97dc4bfdb94eb4b3ded548d26e5e7fcf62e4d2a,6b7ebb5297b454e99889eaa9e3c4e7c51d253902665731705f49dc1a7a3fe113,median,,22.071095022960108,0.6773368145666303,44.90238823981157,,,,,0.022689133000312722,8.0,8.0,NLM_fast_cuda_global,,,,,
set50,high,5.gif,0,0.1,"[512, 512]",49db903e1a87a0044a734fb77708aad9985011bc9ee9fb379099de1b4e946109,e06f2bc488a0ff103329561f1b985093b78f631466c577b7e6aeacf6ec8eefe8,median,,33.39837203246506,0.9068085891777864,62.03961547512185,,,,,0.01552040299793589,8.0,8.0,NLM_fast_cuda_global,,,,,
set50,high,44.gif,0,0.1,"[512, 512]",f968969e97bf6f8f47fd5940af0bd7481b61f2df6d5d553882b8938123b37289,ec7bcd577aab4cb2bedb2657569a7b495db193526b6667e04b6672396e29b078,median,,18.506752729813815,0.5610356142879405,37.30515707930393,,,,,0.020709848999103997,8.0,8.0,NLM_fast_cuda_global,,,,,
set50,high,42.gif,0,0.1,"[512, 512]",f9b953242d46fc204da43e46262ac3754e9428050546213f592efb0fb7398f12,d0610cf35e287c81eb1f642f3b1f542f30070d26d13b0067e7baf4d73663ef18,median,,27.652022193949627,0.8462796454754503,56.139993370747334,,,,,0.021483003998582717,8.0,8.0,NLM_fast_cuda_global,,,,,
set50,high,38.gif,0,0.1,"[512, 512]",e39779dc60dbc76330293a5fdb44dfabe4d22433c36132e18afcf31a515217b4,b024231c1c516936430ae7117c8c77dd3ee6a417718598f0b9968ffc86f3b5f5,median,,31.581763026594327,0.8822885263147955,59.90530782903694,,,,,0.017383091002557194,8.0,8.0,NLM_fast_cuda_global,,,,,
set50,high,48.gif,0,0.1,"[512, 512]",9b261d731fc3d639b0cc3dac391980b0c49dd558b24b95a14bb3f3eb9f3569d0,f7e02ffabb7c26975ac77d2ba941fa8dfff992fc0d3c3a52904286975a396ab4,median,,30.9381163469765,0.904234094978242,60.680762922400355,,,,,0.02078841100228601,8.0,8.0,NLM_fast_cuda_global,,,,,
set50,high,17.gif,0,0.1,"[512, 512]",6f8a02e1689062bed722742a554760dd74359b35fc8b969bab8beed8e59421a0,e7c516b92404f02e0645aab2369f6d006b10771e2148c9e3305e1e93828f5d9b,median,,25.089630093598547,0.8471193212295337,54.90078110827596,,,,,0.019230113000958227,8.0,8.0,NLM_fast_cuda_global,,,,,
set50,high,0.png,0,0.1,"[512, 512]",0a372ced9fd4d1f9633532a58073e3974b41da8cfc87f04ec8e9a8dc6a89bba1,5c64fdfe33f4ceb5a47428c2edc3ca4f989b1078a7da5d038a7aac327de869fd,median,,34.44587157385412,0.9681983055784551,65.63285106584982,,,,,0.018627759000082733,8.0,8.0,NLM_fast_cuda_global,,,,,
set50,high,16.gif,0,0.1,"[512, 512]",2d68b31ae4d4c10bc0e60742ba3064c10d62113ffb3ca9a7c14b80e40b0e6170,6ca2d5d1195f31115e9e15bd7978d65bde8735913f5134a99256e529c86a3d8a,median,,23.08836175682394,0.5855141721400214,40.81988948541304,,,,,0.02090222400147468,8.0,8.0,NLM_fast_cuda_global,,,,,
set50,high,32.gif,0,0.1,"[512, 512]",c3cc3fb5da093d47d6808c6219ed907c3e69ab01954b1b929a8739cbbcc26493,810d3fc722ad3d6be42c77a540abbe450d08f86c4c996feebc699bf3e2187fb0,median,,26.827546796082018,0.8086739252220194,53.84746965914198,,,,,0.01841596899976139,8.0,8.0,NLM_fast_cuda_global,,,,,
set50,high,30.gif,0,0.1,"[512, 512]",b1cccc0e8d64bae511f9cd0c5596628364bd1e09c90c5e793604a1f7a55f642f,8f3d6ba7eafb9220ec09f0fc23d98c4362582f25fe465748fde08df029299774,median,,28.129450625281255,0.808491205744272,54.48928559985423,,,,,0.019900521001545712,8.0,8.0,NLM_fast_cuda_global,,,,,
set50,high,43.gif,0,0.1,"[512, 512]",443801cafadb33c7829b313f4efd834e70cc313567a260dd2b5554dc7ee6be98,f9f8d19328bf1d7475a95984514a389b0136e60eba80c85712e9c05f9a967619,median,,32.23951777195418,0.9481760542390553,63.52856159792986,,,,,0.01859054700253182,8.0,8.0,NLM_fast_cuda_global,,,,,
set50,high,47.gif,0,0.1,"[512, 512]",9005ddf994846f88305becd36c72a046818a094c026c69a8106c34b34a31a8fe,5e23fe352e87a835d6f7372654af688603bdc568b1d6edc31757a6b71ff6f072,median,,23.164352522177523,0.7231198873351893,47.73817062784823,,,,,0.02161913600139087,8.0,8.0,NLM_fast_cuda_global,,,,,
set50,high,25.gif,0,0.1,"[512, 512]",30838b6c4e963b60da10cc6158a119a7052a4ffa1ebdcc87bcf0054f681427c6,2539e5cf1bcc6130b9238ebc011a1069fdfddd7401c69aa83c14b2efb244dee4,median,,34.300477590568605,0.9151106026914594,62.905768929857274,,,,,0.015362894999270793,8.0,8.0,NLM_fast_cuda_global,,,,,
set50,high,7.gif,0,0.1,"[512, 512]",5e3769e24988284e1036ce844ee8e0f11dbe28fe111f6a962e37864dc34b60dc,bfb32fd0573f98e26541bf24de61f68beccaeb66008181d1d775350c1789035f,median,,21.51656380130803,0.7468222311343363,48.09939345737084,,,,,0.016820865999761736,8.0,8.0,NLM_fast_cuda_global,,,,,
set50,high,15.gif,0,0.1,"[512, 512]",51e2066df33af18b47bcd356b17c6cdf04f2a5fd219ace410fcabb06698c6c71,bf8b02c350afda2a086d62f94ecfc2be823c619bb2256328323737766f031044,median,,25.297775358659145,0.7818618655548166,51.74198095707041,,,,,0.019554009999410482,8.0,8.0,NLM_fast_cuda_global,,,,,
set50,high,41.gif,0,0.1,"[512, 512]",1569598ab7f33ee44bcf70502565ffcd7528912a2c13cd1977fe64573770f1e6,70ff830e123ba0b8a56a22fa8d8361dd52e6efc94cce0dc0117077a8d211d455,median,,29.5938487778591,0.8661256947397491,58.103209125917004,,,,,0.020529186997009674,8.0,8.0,NLM_fast_cuda_global,,,,,
set50,high,6.gif,0,0.1,"[512, 512]",ca956c8aa0ec2de8bd2e4d7545c7f969215d4f7f65cb72ee9d31cb17df0033b6,91c0d484c15597d9172a55a9609dcaaab6020d9ca89b915718e7c130aa54ed16,median,,28.285870584579857,0.8614789880743702,57.216884696008435,,,,,0.017845111000497127,8.0,8.0,NLM_fast_cuda_global,,,,,
set50,high,21.gif,0,0.1,"[512, 512]",74d2fa3fc2447fd331660c09f2f468f3cce983dc347509d32564e992fdebaf9a,93925f5a9a6755a73923c2bef7adff8c2bdab08e8e089892c36ace4313afb948,median,,29.354063570990128,0.8344915559739153,56.40160958419084,,,,,0.017044435000570957,8.0,8.0,NLM_fast_cuda_global,,,,,
set50,high,27.gif,0,0.1,"[512, 512]",bc7a1c1300b1b1bda264e18fbde62fa845194fac5839cb705a788c6ac331f517,144439eafed501fe7aa53d4e6967a995d40da47c2ef83b7b5e02b718dafccd80,median,,33.5393036000908,0.9189918193652915,62.71924276830997,,,,,0.01565187599771889,8.0,8.0,NLM_fast_cuda_global,,,,,
set50,high,46.gif,0,0.1,"[512, 512]",14cdebcd7b2b9e534cc9717933df6ccb4861289237cde90700810e2e6e2e245f,f9ffe1409fcf91d55fa900020b1f0f613dd8b50d40a2f9d090f6f53caa03f076,median,,26.160706080358032,0.8032977349953356,53.2452397899458,,,,,0.020825109000725206,8.0,8.0,NLM_fast_cuda_global,,,,,
set50,high,20.gif,0,0.1,"[512, 512]",c3a4da195ffc62103521cd979723e50840fe46cfd989b567c826985f8b23dcf4,bd08cc1fb18acc1d47463e9c075d7d5d446aa4ae53b1672824ff6a737dc1f69d,median,,27.20875301921844,0.794088183777399,53.30878569847917,,,,,0.019834402000924456,8.0,8.0,NLM_fast_cuda_global,,,,,
set50,high,2.gif,0,0.1,"[512, 512]",b101b795e2638a1e9dbdaa513bdc8be6090aed4d6ac294b155e5f3a2c7c0bb80,13d3b6b9e05ddc640a63ea227d1f32df0b4e453f33794f15001a41ae53644828,median,,30.91261503091131,0.8596832531680901,58.44047017386016,,,,,0.026013100999989547,8.0,8.0,NLM_fast_cuda_global,,,,,
set50,high,40.gif,0,0.1,"[512, 512]",911cad3f1d559f196f94ed9e80a9602969b74319acb1d70da238efdb48af38e2,d5f4e4babce2a4896b57ee8a524799a4a612a77617adc6237c295f1b8268313a,median,,35.77889723549182,0.9253079996174586,64.15484859861884,,,,,0.020178913000563625,8.0,8.0,NLM_fast_cuda_global,,,,,
set50,high,31.gif,0,0.1,"[512, 512]",33781418a1e6e85521011be7d450b002a8f8a8f1ba68a79c1219f3b3ba59b160,85c7dd0dbdad648e1bc43c9d6bbf15a1baffa81644e4a28e665df8f4296b38c0,median,,20.784204703891305,0.6189730920136902,41.34075695263016,,,,,0.02103916099804337,8.0,8.0,NLM_fast_cuda_global,,,,,
set50,high,29.gif,0,0.1,"[512, 512]",1eeb76c0386fbcd563a08eb25bbeffde427bdc62658e4bcc02c8aafbf733f219,a7c813ed42caac8cc5e59ba0b313601fb3411f9081c2c98c849a0f386c717927,median,,24.840916584373524,0.6899002389110487,46.9154702377392,,,,,0.020535248000669526,8.0,8.0,NLM_fast_cuda_global,,,,,
set50,high,33.gif,0,0.1,"[512, 512]",7a10c4eca50167d8d459c2505f2b0f21cfb399e7b01adccaa0422695496c2e72,0b9b79cc55914de4df60ffdc521344bb95f073f3bbae4f345c20bb3d16868469,median,,28.850804063367164,0.8284913000017513,55.84996703177115,,,,,0.01973365699814167,8.0,8.0,NLM_fast_cuda_global,,,,,
set50,high,24.gif,0,0.1,"[512, 512]",b8f6ebed7641854cd23e807c2f78d350f1373b2fe7f96e6ea18f8531797fbc3a,933931a3c3cf3e69d505146c4f660b276aa0eb49b9bdfff9b8e7b90470c69978,median,,31.729525784828994,0.8821849607817632,59.97401093150266,,,,,0.015979357000105665,8.0,8.0,NLM_fast_cuda_global,,,,,
set50,high,3.gif,0,0.1,"[512, 512]",e3e2313cc250162bd613776c7b0063891d9d56b3576c9808ac5c8c0e7e8fcb8d,735ba2525df2e7b6a619ada7a3ef29d9102198e0392841695017c0dd0b5ee365,median,,30.004404716189264,0.880223199964276,59.013362356308434,,,,,0.016914750998694217,8.0,8.0,NLM_fast_cuda_global,,,,,
set50,high,1.gif,0,0.1,"[512, 512]",95f21dff4cd5a318a519cb05a1e35fb41f49c007ca46345fd6917258be8d9d73,3c777b4aafc995f531dbb45a128a3eae2ac912519ef53a690559aa448818fa5c,median,,24.806587225822938,0.8065549266073245,52.73103994327769,,,,,0.026334352000048966,8.0,8.0,NLM_fast_cuda_global,,,,,
set50,high,23.gif,0,0.1,"[512, 512]",05918015ae96873f255fec3e75ace895a76214abbeffdbfff55b5cf6214224c6,5f89d28e00ddcbb3c400744e705cf34f0576d46a30918f8130ebe8b81f0dbd6b,median,,35.01365130971373,0.9315778417387708,64.0857177417954,,,,,0.014793352998822229,8.0,8.0,NLM_fast_cuda_global,,,,,
set50,high,35.gif,0,0.1,"[512, 512]",353590d221e21b53b97858fbc575a2320a10336f21bbed5dd461fa942bab100f,7fd0001b7f292822b216f02c457dbcecd3cc83fe14deb66f3451f8f3ef72671e,median,,30.567171399952244,0.8639963903274817,58.48340521635021,,,,,0.01917410399983055,8.0,8.0,NLM_fast_cuda_global,,,,,
set50,high,36.gif,0,0.1,"[512, 512]",99a41bcc709d43204ca0f73a6593656300237e5367043081c5065ca77d5e3628,ff4228673bf5f8b1cc0996ca7aebcbc4b4745a91c7d8bae3aa2dd541df188359,median,,26.736472041776413,0.809828713530967,53.85967169743655,,,,,0.01986175300044124,8.0,8.0,NLM_fast_cuda_global,,,,,
set50,high,26.gif,0,0.1,"[512, 512]",3efcc155fe7f35f9428c0536c9c1dc2b826188d5f0a5b0a90ecbf681233221e2,82c2e5bf1fd025c58e0731a894ed6f185e49d9f6da055c0ddcccab37d1acaf68,median,,33.147165855015444,0.8994738499269733,61.54727542385639,,,,,0.020211676999679185,8.0,8.0,NLM_fast_cuda_global,,,,,
set50,high,37.gif,0,0.1,"[512, 512]",74881a36c4896c931da56c784ac35afb478dc71ae7af27894deeb074f83e518a,6711e4fc698c6f6b88662c31c7011be6475f79e420b41957137edbe48c02cc84,median,,28.946573991762182,0.7723638812198025,53.09148105687122,,,,,0.020355258999188663,8.0,8.0,NLM_fast_cuda_global,,,,,
set50,high,13.gif,0,0.1,"[512, 512]",c34b796bde09761f5bc3c358f20b72f49e020580ed0a76d5456c61f0da4499eb,b23b2328bee24b6db72c9714ba291238b97ab3df260f49344564758f266b6c76,median,,29.905286799427614,0.913754753844029,60.64038109191526,,,,,0.018668005999643356,8.0,8.0,NLM_fast_cuda_global,,,,,
set50,high,28.gif,0,0.1,"[512, 512]",f509179793e6551fbec77f8fdd91e45d53d2dd6e0a87394377c4bb4c52eb9a43,d1611978754e5fc4a32fa267275458c29f71665a67a3d6e772e5a8d97a888b76,median,,30.408766486215555,0.8319943045796098,56.80409847208826,,,,,0.016915579999476904,8.0,8.0,NLM_fast_cuda_global,,,,,
set50,high,9.gif,0,0.1,"[512, 512]",8b76cd61996084e7d23b9f638b4d32839d9f6ac7965ef9b585f78bdbdaff16b3,bf30a7802fc17f31bf72e321b90d3ed5f0390b5768e85c9c5499096eb9fcde3e,median,,27.60615550340354,0.8694711079258326,57.2766331479934,,,,,0.02038021999760531,8.0,8.0,NLM_fast_cuda_global,,,,,
set50,high,18.gif,0,0.1,"[512, 512]",539caf0cced15a86b729848a1a182b75776a621cf01b5e9a62085f53b86f3407,57502a7add237e5d5309882c717ca9c474cb1f376e21798057c8e0f71c0150ec,median,,21.43679425888314,0.6745876792746107,44.447781093172104,,,,,0.020421315000930917,8.0,8.0,NLM_fast_cuda_global,,,,,
set50,high,49.gif,0,0.1,"[512, 512]",8311e02cd6238d6e74f6a9bf6fa5c250d748ceec5882a86242e2452c587cdf2b,16522de1ffa2356a43b6b1339c41f1a31b67ef45f92c4bb401a90a78555d2b30,median,,18.496388430392003,0.8757299324760446,53.03469083899823,,,,,0.014389766001841053,8.0,8.0,NLM_fast_cuda_global,,,,,
set50,high,4.gif,0,0.1,"[512, 512]",fd89b9bfe327e11c7cfbc851fff026261f2c33ef17edc9373682def6616fdc4f,3c0d019d5056b98dbdd01251831763caa26e55b8875f2444b402a81535401593,median,,31.482866837280348,0.8695028415079566,59.21657549403801,,,,,0.018099821998475818,8.0,8.0,NLM_fast_cuda_global,,,,,
set50,high,8.gif,0,0.1,"[512, 512]",fd53a01b9f6a3a02a5408efee91cfa235b1325372804d49874a677719089b14e,22ebb86ce1395a6ea03d541a188eef6e92c3804779678fd6b9d986ea4a3704f1,median,,31.216292003016633,0.892714207417585,60.24385637238757,,,,,0.01589090799825499,8.0,8.0,NLM_fast_cuda_global,,,,,
set50,high,39.gif,0,0.1,"[512, 512]",e43557540646572e4a7b69124c49ff2c37c4d1695507c5d64a44d09a5043958e,2cd48e49bed02f86e876dc092a5fe09f97580929bf9971223e5d235b9fc21e5d,median,,32.690504696731914,0.8984127723851312,61.26589096762251,,,,,0.015426069003297016,8.0,8.0,NLM_fast_cuda_global,,,,,
set50,high,12.gif,0,0.1,"[512, 512]",3c3ec23125fea9974f2e94c0d93a534edf2ec60d33b6af79f9a60fef58295de4,c499ec126eb1d4bd4772ea5064bf8c5aec9aedea33c962227fa457abfe5821f2,median,,28.827242081169334,0.8594740584914307,57.3873239651562,,,,,0.02129372799936391,8.0,8.0,NLM_fast_cuda_global,,,,,
set50,high,45.gif,0,0.1,"[512, 512]",72644242bceb1596c04ab4ddde11989c7aa206ee2094402fadeac9f9c500d55a,1c77a0ba17abe22ce790d8efab4ac203a1f91fa751c993883c8b6bb7b35b8ec7,median,,29.75752334068097,0.8669998197828415,58.22875265948255,,,,,0.022154511003463995,8.0,8.0,NLM_fast_cuda_global,,,,,
set50,high,11.gif,0,0.1,"[512, 512]",b12e0216f269d1ad8f5dfe769baf0fb60142ab5235a6d1d62707dc52ca591071,9cf4a3983f4c78b315b6e3696a2902c630e21959314e7d5ba80f4b5e3a698a9f,median,,21.001931159097808,0.7659783385891257,48.79988250900519,,,,,0.01509724700008519,8.0,8.0,NLM_fast_cuda_global,,,,,
set50,high,34.gif,0,0.1,"[512, 512]",42a4b02f48b536770f4d42c1c4884a5b2a4a662af62778249a90a16c1d9f5398,aeee58b67027a3d070fc355f6fa808729e4818e31921fdad3e72e016da9f0e59,median,,28.302185011984236,0.8378170357227354,56.04194429212889,,,,,0.020519736001006095,8.0,8.0,NLM_fast_cuda_global,,,,,
set50,medium,19.gif,0,0.05,"[512, 512]",d17c7663feb48c0fe318904421cb04ec7e850a109d952f66a49ac464a4176a1e,ab0f62ff71690b1f079d2442492232894b3d5cb0bd28f2a635a0154933a3ad9c,median,,29.23842301757209,0.8831565021485736,58.77703661621472,,,,,0.01710172500133922,8.0,8.0,NLM_fast_cuda_global,,,,,
set50,medium,22.gif,0,0.05,"[512, 512]",dfe4f6c6370dbe0651bccc46e98ac3b787e8c63a3a37fb138fe6c81f3e32edd4,620f2e4a57fed79f61ab777b3e184c38652054c24847572fdb76c0001885adc8,median,,25.169286584017193,0.7573065590864498,50.44997124633109,,,,,0.01922932199886418,8.0,8.0,NLM_fast_cuda_global,,,,,
set50,medium,10.gif,0,0.05,"[512, 512]",e233b9bc584bbcbbdcbcbf3674e9c18c92aff37cf54afeec01dc2e7dc1811878,bf39e4c2af1601555be9f4f79c87f5f72e4d70b0d0c6fbe349afddc726c4b64a,median,,33.80943115210128,0.9529488682307877,64.55215898759002,,,,,0.019305198000438395,8.0,8.0,NLM_fast_cuda_global,,,,,
set50,medium,14.gif,0,0.05,"[512, 512]",83fe92c5398701971c09c467a97dc4bfdb94eb4b3ded548d26e5e7fcf62e4d2a,15c8aaec04915b3a2e6edfedfb300a609784bb53adf334bf8a8dfad53fca7e0e,median,,22.30340822576601,0.6875781765785572,45.530612941810865,,,,,0.02294749300017429,8.0,8.0,NLM_fast_cuda_global,,,,,
set50,medium,5.gif,0,0.05,"[512, 512]",49db903e1a87a0044a734fb77708aad9985011bc9ee9fb379099de1b4e946109,c2224edd221ea21c84e5117528a8db3adfc3696f14b7d240e12cc2d0730553af,median,,34.143506911593214,0.914673543942927,62.80543065294296,,,,,0.014645117000327446,8.0,8.0,NLM_fast_cuda_global,,,,,
set50,medium,44.gif,0,0.05,"[512, 512]",f968969e97bf6f8f47fd5940af0bd7481b61f2df6d5d553882b8938123b37289,b3d71aafdd8875b49cb64bc4e793cabad947e6ab2f446605040bc133a31cd1d0,median,,18.728687952167984,0.569884489454649,37.85856844881644,,,,,0.02028914699985762,8.0,8.0,NLM_fast_cuda_global,,,,,
set50,medium,42.gif,0,0.05,"[512, 512]",f9b953242d46fc204da43e46262ac3754e9428050546213f592efb0fb7398f12,6e3b11e5a5fc79d6e322f09ce90be37d3ffe0078940e736dc490e04f24ae9a34,median,,28.178459383221718,0.8539148014441145,56.784969763816584,,,,,0.025763285999346408,8.0,8.0,NLM_fast_cuda_global,,,,,
set50,medium,38.gif,0,0.05,"[512, 512]",e39779dc60dbc76330293a5fdb44dfabe4d22433c36132e18afcf31a515217b4,2e0bec2731efda949bbf711f73c2cbc227dfc6737900f9055cfc90cf3cdf2fde,median,,32.1714557000732,0.8912846183582633,60.64995876794977,,,,,0.016727898000681307,8.0,8.0,NLM_fast_cuda_global,,,,,
set50,medium,48.gif,0,0.05,"[512, 512]",9b261d731fc3d639b0cc3dac391980b0c49dd558b24b95a14bb3f3eb9f3569d0,a747073b330968ee1aae040e4dc878fcf916f0a11f16fe05636a80b9fc875feb,median,,31.691171555795133,0.9120366758163918,61.44741956871716,,,,,0.02013280599931022,8.0,8.0,NLM_fast_cuda_global,,,,,
set50,medium,17.gif,0,0.05,"[512, 512]",6f8a02e1689062bed722742a554760dd74359b35fc8b969bab8beed8e59421a0,6af0ecd76919ca281da513ca27a3a90b46d370abb3eb6578013f06f4b900ca86,median,,25.640348949770626,0.8584182422435599,55.74108658706331,,,,,0.018747500998870237,8.0,8.0,NLM_fast_cuda_global,,,,,
set50,medium,0.png,0,0.05,"[512, 512]",0a372ced9fd4d1f9633532a58073e3974b41da8cfc87f04ec8e9a8dc6a89bba1,95660ff47115848bd895ed7581195e91c2ab4a1746122ef36b82c4d90108493b,median,,35.839058495213884,0.9734620313200748,66.59263081361068,,,,,0.016899009999178816,8.0,8.0,NLM_fast_cuda_global,,,,,
set50,medium,16.gif,0,0.05,"[512, 512]",2d68b31ae4d4c10bc0e60742ba3064c10d62113ffb3ca9a7c14b80e40b0e6170,7455aaabfc63093d044293a592276a820637f19bca9681cbe7c6ff4252ab18b7,median,,23.343774537146544,0.5961670821889725,41.4802413780219,,,,,0.020809604999158182,8.0,8.0,NLM_fast_cuda_global,,,,,
set50,medium,32.gif,0,0.05,"[512, 512]",c3cc3fb5da093d47d6808c6219ed907c3e69ab01954b1b929a8739cbbcc26493,d2e3e8ae3b57d5960df96ffa19753233b3b3181989f99a93fa4b43c98c09e669,median,,27.26911296504333,0.8181591307382707,54.542513019435205,,,,,0.017571556998518645,8.0,8.0,NLM_fast_cuda_global,,,,,
set50,medium,30.gif,0,0.05,"[512, 512]",b1cccc0e8d64bae511f9cd0c5596628364bd1e09c90c5e793604a1f7a55f642f,50942175cdb95f83dc200d5959fee5536d4754b54986e42ca9e7c656cbeb2d35,median,,28.55696133761061,0.8186719792069199,55.212079629151305,,,,,0.01908668400028546,8.0,8.0,NLM_fast_cuda_global,,,,,
set50,medium,43.gif,0,0.05,"[512, 512]",443801cafadb33c7829b313f4efd834e70cc313567a260dd2b5554dc7ee6be98,0f28e2bbe65b808a1ad16efa6f1a2414cb8e1679bad1f815c763acec68cff608,median,,33.235680582696006,0.956062009137095,64.42094074820275,,,,,0.017740065000907634,8.0,8.0,NLM_fast_cuda_global,,,,,
set50,medium,47.gif,0,0.05,"[512, 512]",9005ddf994846f88305becd36c72a046818a094c026c69a8106c34b34a31a8fe,f0b3f05cda30a32f8298ccca20c4e29bcc50c140242aed6be8d436ed2cbce168,median,,23.514768036377784,0.734950631294448,48.504915582911295,,,,,0.020751026000652928,8.0,8.0,NLM_fast_cuda_global,,,,,
set50,medium,25.gif,0,0.05,"[512, 512]",30838b6c4e963b60da10cc6158a119a7052a4ffa1ebdcc87bcf0054f681427c6,c89a7c0b0f09eb3263a9d11fe8efddbb4c1176dcd1ec6708e3bfd021c89ed096,median,,35.00163034500671,0.9220580913231997,63.603719738663344,,,,,0.014287743000750197,8.0,8.0,NLM_fast_cuda_global,,,,,
set50,medium,7.gif,0,0.05,"[512, 512]",5e3769e24988284e1036ce844ee8e0f11dbe28fe111f6a962e37864dc34b60dc,0b7b6c2421211e0fc8eb9beafb206d75c70b2b199d5853ec2da992719afaceeb,median,,21.95648339357925,0.7596376053502155,48.9601219643004,,,,,0.015849286000957363,8.0,8.0,NLM_fast_cuda_global,,,,,
set50,medium,15.gif,0,0.05,"[512, 512]",51e2066df33af18b47bcd356b17c6cdf04f2a5fd219ace410fcabb06698c6c71,39199cb66df82a184e9e3590d2a8fb0d07979479d1aa4b27f16430a55727c97d,median,,25.634461689472715,0.7914725973387945,52.39086071167608,,,,,0.019060248001551372,8.0,8.0,NLM_fast_cuda_global,,,,,
set50,medium,41.gif,0,0.05,"[512, 512]",1569598ab7f33ee44bcf70502565ffcd7528912a2c13cd1977fe64573770f1e6,639175861e9da8475bf7aae7e80671d5d0dab0e21f7e6410bb02e7d02ad6a8fb,median,,30.21585203850378,0.8772048962139571,58.96817082994975,,,,,0.01992097400034254,8.0,8.0,NLM_fast_cuda_global,,,,,
set50,medium,6.gif,0,0.05,"[512, 512]",ca956c8aa0ec2de8bd2e4d7545c7f969215d4f7f65cb72ee9d31cb17df0033b6,55397b364b569ec357ea88a4f227d75702d9c46065e68167ce5415a085e5c604,median,,28.77749790765069,0.8707116413664321,57.924331022146944,,,,,0.017633960000239313,8.0,8.0,NLM_fast_cuda_global,,,,,
set50,medium,21.gif,0,0.05,"[512, 512]",74d2fa3fc2447fd331660c09f2f468f3cce983dc347509d32564e992fdebaf9a,b6c46b122a5935b040c7876069901e8fa2e88d65c0dccd7d3eab28bd325feb1d,median,,29.729351680893462,0.842232966186291,56.976324149761275,,,,,0.018814302000464522,8.0,8.0,NLM_fast_cuda_global,,,,,
set50,medium,27.gif,0,0.05,"[512, 512]",bc7a1c1300b1b1bda264e18fbde62fa845194fac5839cb705a788c6ac331f517,bc5c0abc5cb89f2602601bed2e468d7abc51acd7e1e351256ff9700481db427e,median,,34.307268425767774,0.9243809783459878,63.372683130183276,,,,,0.014782575000936049,8.0,8.0,NLM_fast_cuda_global,,,,,
set50,medium,46.gif,0,0.05,"[512, 512]",14cdebcd7b2b9e534cc9717933df6ccb4861289237cde90700810e2e6e2e245f,d878c43c275cd0166300fe04d75a53c09d3d75d67cb3d908e5882e20a295ecc9,median,,26.57081303245766,0.815015781958056,54.036195614131636,,,,,0.01977755899861222,8.0,8.0,NLM_fast_cuda_global,,,,,
set50,medium,20.gif,0,0.05,"[512, 512]",c3a4da195ffc62103521cd979723e50840fe46cfd989b567c826985f8b23dcf4,5bfaaf6ce3c548fbb6ee19f84702519c6eb63441cab262540222464802072c15,median,,27.538972958552993,0.8034468899391998,53.94183097623648,,,,,0.019461850000880077,8.0,8.0,NLM_fast_cuda_global,,,,,
set50,medium,2.gif,0,0.05,"[512, 512]",b101b795e2638a1e9dbdaa513bdc8be6090aed4d6ac294b155e5f3a2c7c0bb80,47bd00b70c71b3de67094cd318e7fb07d41c4b8231d7032dbe43d4a7fd0afd84,median,,31.409316063902498,0.8690085292895388,59.15508449642819,,,,,0.019353760999365477,8.0,8.0,NLM_fast_cuda_global,,,,,
set50,medium,40.gif,0,0.05,"[512, 512]",911cad3f1d559f196f94ed9e80a9602969b74319acb1d70da238efdb48af38e2,dc1d71ab921c00086086b6fde9eb97f5acf18f1ed049f18da885c811f2618fe2,median,,36.66444488059952,0.9325976648770078,64.96210568415015,,,,,0.019823303999146447,8.0,8.0,NLM_fast_cuda_global,,,,,
set50,medium,31.gif,0,0.05,"[512, 512]",33781418a1e6e85521011be7d450b002a8f8a8f1ba68a79c1219f3b3ba59b160,a83f1584e818989261cb11cf48877cb0c510282d8114787afbbd003206284810,median,,21.014543517054083,0.6295511112615676,41.98482732160542,,,,,0.021156318000066676,8.0,8.0,NLM_fast_cuda_global,,,,,
set50,medium,29.gif,0,0.05,"[512, 512]",1eeb76c0386fbcd563a08eb25bbeffde427bdc62658e4bcc02c8aafbf733f219,83a2de1c8dcf51614771b01920c82a7c23337d67875efe46d6c405c5127135c7,median,,25.13382223440371,0.7000439203943887,47.56910713692129,,,,,0.019801311000264832,8.0,8.0,NLM_fast_cuda_global,,,,,
set50,medium,33.gif,0,0.05,"[512, 512]",7a10c4eca50167d8d459c2505f2b0f21cfb399e7b01adccaa0422695496c2e72,08d26c934a289bb92e048127732aeadfa9b78a9f4b5882efb73995bdf3cd72d1,median,,29.3344562824452,0.8372411711215976,56.52928669730248,,,,,0.01926989699859405,8.0,8.0,NLM_fast_cuda_global,,,,,
set50,medium,24.gif,0,0.05,"[512, 512]",b8f6ebed7641854cd23e807c2f78d350f1373b2fe7f96e6ea18f8531797fbc3a,7df6a26996b27055fbd6fade2729c1bef1483650ee3f0c3831c8b73955e45a96,median,,32.19741967194234,0.8887929351716658,60.53835659455446,,,,,0.015049659999931464,8.0,8.0,NLM_fast_cuda_global,,,,,
set50,medium,3.gif,0,0.05,"[512, 512]",e3e2313cc250162bd613776c7b0063891d9d56b3576c9808ac5c8c0e7e8fcb8d,796ec59771c5391e193cc91c432e0a5596e1920f3a4db227d9eb10f6a3d518d5,median,,30.631571258275354,0.8891292905910769,59.77225015869153,,,,,0.016476131000672467,8.0,8.0,NLM_fast_cuda_global,,,,,
set50,medium,1.gif,0,0.05,"[512, 512]",95f21dff4cd5a318a519cb05a1e35fb41f49c007ca46345fd6917258be8d9d73,e24ed88e7f0eb2dddfa6a9612b63b2c33becdf037cb98dd934bdb9f01a47ea78,median,,25.15797509593639,0.8169318637522209,53.425580735579246,,,,,0.019796732000031625,8.0,8.0,NLM_fast_cuda_global,,,,,
set50,medium,23.gif,0,0.05,"[512, 512]",05918015ae96873f255fec3e75ace895a76214abbeffdbfff55b5cf6214224c6,655503e7d7fab0b5c67c003c7369ebf5019a3bde7ab7b4ded0a31511df31d745,median,,36.019621059868676,0.9377524648612542,64.89743377299705,,,,,0.01386118099981104,8.0,8.0,NLM_fast_cuda_global,,,,,
set50,medium,35.gif,0,0.05,"[512, 512]",353590d221e21b53b97858fbc575a2320a10336f21bbed5dd461fa942bab100f,d8405f20d92cf2c558f2ca882734d0a50ace70c0b016ae8d28e3ae1f7bf374d8,median,,31.276591159115075,0.8729618594210873,59.2863885506119,,,,,0.018694248999963747,8.0,8.0,NLM_fast_cuda_global,,,,,
set50,medium,36.gif,0,0.05,"[512, 512]",99a41bcc709d43204ca0f73a6593656300237e5367043081c5065ca77d5e3628,57e4e3e6cfe9d42cb759240f0c415ccaf8f59eecb6632db03e3d83df22720313,median,,27.192211527526563,0.8212470712403976,54.65845932578316,,,,,0.019151460999637493,8.0,8.0,NLM_fast_cuda_global,,,,,
set50,medium,26.gif,0,0.05,"[512, 512]",3efcc155fe7f35f9428c0536c9c1dc2b826188d5f0a5b0a90ecbf681233221e2,854fb7772003d6ba3ae6e98b9a7fb849cc21ff8676ba7f04a3260e753a54d7cd,median,,33.59357052722963,0.906010266491501,62.097298588189865,,,,,0.016334463998646243,8.0,8.0,NLM_fast_cuda_global,,,,,
set50,medium,37.gif,0,0.05,"[512, 512]",74881a36c4896c931da56c784ac35afb478dc71ae7af27894deeb074f83e518a,036505e5dfbec15ce66a6908c05abf048cc47a82646c9b6094a5edfac7c701dc,median,,29.279472820157224,0.782698121973852,53.774642508771215,,,,,0.01994358999945689,8.0,8.0,NLM_fast_cuda_global,,,,,
set50,medium,13.gif,0,0.05,"[512, 512]",c34b796bde09761f5bc3c358f20b72f49e020580ed0a76d5456c61f0da4499eb,e2de224a77a3db31067ae6e062087f6bfac38a8df3f2a2d549c5cef396b3bc18,median,,30.935369350625198,0.9230172863489159,61.61854899275839,,,,,0.018814136999935727,8.0,8.0,NLM_fast_cuda_global,,,,,
set50,medium,28.gif,0,0.05,"[512, 512]",f509179793e6551fbec77f8fdd91e45d53d2dd6e0a87394377c4bb4c52eb9a43,58a9abd4838209bd106b4a74ece0597005b07fe99a36d69bd1aa86ba516bad88,median,,30.73489868517101,0.8390874594715481,57.32182231616291,,,,,0.016084597998997197,8.0,8.0,NLM_fast_cuda_global,,,,,
set50,medium,9.gif,0,0.05,"[512, 512]",8b76cd61996084e7d23b9f638b4d32839d9f6ac7965ef9b585f78bdbdaff16b3,e0f43ad256990bfaa3242b836c5dd9d4cf4e80021e09d929388010da18ae0559,median,,28.011447704527924,0.877435786420929,57.87751317331041,,,,,0.016986925998935476,8.0,8.0,NLM_fast_cuda_global,,,,,
set50,medium,18.gif,0,0.05,"[512, 512]",539caf0cced15a86b729848a1a182b75776a621cf01b5e9a62085f53b86f3407,4a90c942e2032c8804b9ebb9792d42187fe4daeee7ef4378cd6b6eb20be33093,median,,21.79574322896492,0.6860944849509948,45.202595862032204,,,,,0.02025960699938878,8.0,8.0,NLM_fast_cuda_global,,,,,
set50,medium,49.gif,0,0.05,"[512, 512]",8311e02cd6238d6e74f6a9bf6fa5c250d748ceec5882a86242e2452c587cdf2b,5a601ed1dcc9698d64a9477467d78dda4fff8dd35cfeaf9d23934a7ad5017559,median,,18.780512167113326,0.8805829340926992,53.419402788191626,,,,,0.008387038000364555,8.0,8.0,NLM_fast_cuda_global,,,,,
set50,medium,4.gif,0,0.05,"[512, 512]",fd89b9bfe327e11c7cfbc851fff026261f2c33ef17edc9373682def6616fdc4f,1bddc85da101df43df7bb7612200d6defe6021e2962e858d3d0572298eb96ac2,median,,31.976615488088168,0.8788810336040507,59.93235942424662,,,,,0.017261279001104413,8.0,8.0,NLM_fast_cuda_global,,,,,
set50,medium,8.gif,0,0.05,"[512, 512]",fd53a01b9f6a3a02a5408efee91cfa235b1325372804d49874a677719089b14e,e2dea4fbc7e21862ca9af16abc32c18c40a4dd5dd02696d500714675394acfb8,median,,31.723848488855335,0.9001823125141915,60.87103987013724,,,,,0.014734268001120654,8.0,8.0,NLM_fast_cuda_global,,,,,
set50,medium,39.gif,0,0.05,"[512, 512]",e43557540646572e4a7b69124c49ff2c37c4d1695507c5d64a44d09a5043958e,3302c586943fdd9db0f9ba7e02a73af0dce174011bc328f077b07b2e455337b4,median,,33.23642558703571,0.9046027428798182,61.848349937508765,,,,,0.014337699998577591,8.0,8.0,NLM_fast_cuda_global,,,,,
set50,medium,12.gif,0,0.05,"[512, 512]",3c3ec23125fea9974f2e94c0d93a534edf2ec60d33b6af79f9a60fef58295de4,59d963dcd00180e7f3f72547745489e101cd7eff2175e5f3bb993ec828ffbb2f,median,,29.45516129692237,0.8689945214753412,58.177306722228245,,,,,0.021046802999990177,8.0,8.0,NLM_fast_cuda_global,,,,,
set50,medium,45.gif,0,0.05,"[512, 512]",72644242bceb1596c04ab4ddde11989c7aa206ee2094402fadeac9f9c500d55a,81ad42bbcf0b5e8f33c2ad489cebceb574e8a1035bc12ec2a3d57de309ae0f6a,median,,30.454346139541943,0.8748130008221259,58.96782311087726,,,,,0.02118751499983773,8.0,8.0,NLM_fast_cuda_global,,,,,
set50,medium,11.gif,0,0.05,"[512, 512]",b12e0216f269d1ad8f5dfe769baf0fb60142ab5235a6d1d62707dc52ca591071,901e5232f1e9d4af8b7e7854cd94540c565ee392f1959e992aa40cca5ec504b7,median,,21.47172921904708,0.7784845077542982,49.66008999723845,,,,,0.014622851000240189,8.0,8.0,NLM_fast_cuda_global,,,,,
set50,medium,34.gif,0,0.05,"[512, 512]",42a4b02f48b536770f4d42c1c4884a5b2a4a662af62778249a90a16c1d9f5398,f88df87e1cc3de2cabfeea22db517da9ce53ffbe36b4b8fcb3fda6b33e5bcef7,median,,28.70225583995987,0.8470378366385991,56.70301975190989,,,,,0.02030557800026145,8.0,8.0,NLM_fast_cuda_global,,,,,
set50,extreme,10.gif,0,0.2,"[512, 512]",e233b9bc584bbcbbdcbcbf3674e9c18c92aff37cf54afeec01dc2e7dc1811878,c2298b7f30afbb2db5aebc17d7f29055d6f3492e431507d9548fbcca879a142f,median,,28.155661358967876,0.9003804591965281,59.09685363931034,,,,,0.02117791399723501,8.0,8.0,NLM_fast_cuda_global,,,,,
set50,extreme,14.gif,0,0.2,"[512, 512]",83fe92c5398701971c09c467a97dc4bfdb94eb4b3ded548d26e5e7fcf62e4d2a,36c3db98b37020897cb790eee3f380ca4e3c589a7337e0f1731d5083be74de8b,median,,21.12029878046076,0.6346679187380151,42.293545327131135,,,,,0.021234910000202945,8.0,8.0,NLM_fast_cuda_global,,,,,
set50,extreme,17.gif,0,0.2,"[512, 512]",6f8a02e1689062bed722742a554760dd74359b35fc8b969bab8beed8e59421a0,17e6123b721dbc81875513fc7c9915a2eba92d8c973008e05f4954fdda41b490,median,,23.250874072898362,0.8029225591754722,51.77156499522279,,,,,0.020260964000044623,8.0,8.0,NLM_fast_cuda_global,,,,,
set50,extreme,0.png,0,0.2,"[512, 512]",0a372ced9fd4d1f9633532a58073e3974b41da8cfc87f04ec8e9a8dc6a89bba1,bb82ddd95a6a25e95485a996c31e0375130595fb41bbf773b1bd5b01c13959c1,median,,29.133335524597413,0.9204720727165234,60.59027139812488,,,,,0.019804612998996163,8.0,8.0,NLM_fast_cuda_global,,,,,
set50,extreme,16.gif,0,0.2,"[512, 512]",2d68b31ae4d4c10bc0e60742ba3064c10d62113ffb3ca9a7c14b80e40b0e6170,c8d9a39d5ea106b2f8e0b3580157d89fa6290b7d7e8c0e322943dca12a068081,median,,22.072177095967064,0.549332947809366,38.502735938451835,,,,,0.0269797330001893,8.0,8.0,NLM_fast_cuda_global,,,,,
set50,extreme,15.gif,0,0.2,"[512, 512]",51e2066df33af18b47bcd356b17c6cdf04f2a5fd219ace410fcabb06698c6c71,c0c5b975b75787dda8b1787640e80a6419da298beb2e1a402d4d533166ac79a8,median,,23.865278390359805,0.7369329497193686,48.779286681148335,,,,,0.021391957001469564,8.0,8.0,NLM_fast_cuda_global,,,,,
set50,extreme,1.gif,0,0.2,"[512, 512]",95f21dff4cd5a318a519cb05a1e35fb41f49c007ca46345fd6917258be8d9d73,54e822cbce4710b252fbe64e0411a8ba078cc0c39f84b7119227543ee0ff4185,median,,23.508662729713944,0.7623366980277184,49.871166266242895,,,,,0.021397969001554884,8.0,8.0,NLM_fast_cuda_global,,,,,
set50,extreme,13.gif,0,0.2,"[512, 512]",c34b796bde09761f5bc3c358f20b72f49e020580ed0a76d5456c61f0da4499eb,a84c1c331a5b2661871dff4b6ef9f179c3d48a7adff60094eeec0c37ae9dc833,median,,26.84767702909216,0.8662763009336194,56.73765356122705,,,,,0.02081563100000494,8.0,8.0,NLM_fast_cuda_global,,,,,
set50,extreme,12.gif,0,0.2,"[512, 512]",3c3ec23125fea9974f2e94c0d93a534edf2ec60d33b6af79f9a60fef58295de4,1d12433516009299264d8cd1854d468e863db6cbefb911afc9f1b697bfd9710b,median,,26.310449648376522,0.8134605320506085,53.82825142671869,,,,,0.022099007001088466,8.0,8.0,NLM_fast_cuda_global,,,,,
set50,extreme,11.gif,0,0.2,"[512, 512]",b12e0216f269d1ad8f5dfe769baf0fb60142ab5235a6d1d62707dc52ca591071,fcdb2ce8ef577a9371493db0c92e2c924d780969164bcbc7ba6b5180060404fa,median,,19.772620945672454,0.7233507911732644,46.05385003149945,,,,,0.016421221000200603,8.0,8.0,NLM_fast_cuda_global,,,,,
set50,moderate,19.gif,0,0.03,"[512, 512]",d17c7663feb48c0fe318904421cb04ec7e850a109d952f66a49ac464a4176a1e,4a77cc7feb68ac2e5a85825f247e8e4c3c9679a7c0426f5bfdcd4072c19d4627,median,,29.481452353948182,0.8864644626877137,59.06394931135978,,,,,0.015973302999555017,,,,,,,,
set50,moderate,22.gif,0,0.03,"[512, 512]",dfe4f6c6370dbe0651bccc46e98ac3b787e8c63a3a37fb138fe6c81f3e32edd4,2e45a4290be99d09ad7c8b15ab628d656e317851811cf62a814d56799172c143,median,,25.239277976669495,0.759871015464159,50.6131897615427,,,,,0.02288484099881316,,,,,,,,
set50,moderate,10.gif,0,0.03,"[512, 512]",e233b9bc584bbcbbdcbcbf3674e9c18c92aff37cf54afeec01dc2e7dc1811878,bf021845440d96f05ab8d1c21303bf9963fdc05185458026279984bb6cf67882,median,,34.06680990442011,0.9548090904578828,64.77385947510419,,,,,0.01908278100017924,,,,,,,,
set50,moderate,14.gif,0,0.03,"[512, 512]",83fe92c5398701971c09c467a97dc4bfdb94eb4b3ded548d26e5e7fcf62e4d2a,abe42801e069a3aebf3f39389e875a54b88a4e1f606a29719e6111251e33d91b,median,,22.41521577557578,0.6925034771646571,45.83278174602074,,,,,0.01980451600138622,,,,,,,,
set50,moderate,5.gif,0,0.03,"[512, 512]",49db903e1a87a0044a734fb77708aad9985011bc9ee9fb379099de1b4e946109,af29f9154f09d34b94284c16eae6366125c9201801f5961f397ede4007ff8d2a,median,,34.34787184428076,0.9170208739141887,63.024979617849816,,,,,0.01722596500076179,8.0,8.0,NLM_fast_cuda_global,,,,,
set50,moderate,44.gif,0,0.03,"[512, 512]",f968969e97bf6f8f47fd5940af0bd7481b61f2df6d5d553882b8938123b37289,bb1a9080a734e4376c0068ee09317d2e77d45ff3bc06189f526414812d722522,median,,18.820257836144762,0.5739753020632685,38.108894021235805,,,,,0.02301776399872324,8.0,8.0,NLM_fast_cuda_global,,,,,
set50,moderate,42.gif,0,0.03,"[512, 512]",f9b953242d46fc204da43e46262ac3754e9428050546213f592efb0fb7398f12,5a97f335dd14d16fa2a26568a61dbdd1f0cd96c034e1d93323385c6c8ee1278b,median,,28.38011828780752,0.8563496918622575,57.00754373701663,,,,,0.021050995999758015,8.0,8.0,NLM_fast_cuda_global,,,,,
set50,moderate,38.gif,0,0.03,"[512, 512]",e39779dc60dbc76330293a5fdb44dfabe4d22433c36132e18afcf31a515217b4,7b05a5462bc68e44134575d6e71c54256811d7816777d48e15b8ebff29020534,median,,32.37645420412411,0.8937658594399369,60.8765200740589,,,,,0.015996465999705833,8.0,8.0,NLM_fast_cuda_global,,,,,
set50,moderate,48.gif,0,0.03,"[512, 512]",9b261d731fc3d639b0cc3dac391980b0c49dd558b24b95a14bb3f3eb9f3569d0,be699cc3e412bf91ef9e26d4f7be8e45cc78cbc1049db067c20cc8e0fdefa309,median,,31.96801147417245,0.9146892233780065,61.718466905986546,,,,,0.022164992000398342,8.0,8.0,NLM_fast_cuda_global,,,,,
set50,moderate,17.gif,0,0.03,"[512, 512]",6f8a02e1689062bed722742a554760dd74359b35fc8b969bab8beed8e59421a0,29b950eb5447df2cee11f6d9ed1e4ef64d57aa95f3d5eddc1297ed8706b401b4,median,,25.840997394412927,0.8622628294891329,56.03364017166311,,,,,0.018391952999081695,,,,,,,,
set50,moderate,0.png,0,0.03,"[512, 512]",0a372ced9fd4d1f9633532a58073e3974b41da8cfc87f04ec8e9a8dc6a89bba1,1890871d8ac6fdf241ae77566f9a0eb175baed8033bd8ffbdecf5475a45749fe,median,,36.36013076561258,0.9749300080828883,66.9265657869507,,,,,0.016440141000202857,,,,,,,,
set50,moderate,16.gif,0,0.03,"[512, 512]",2d68b31ae4d4c10bc0e60742ba3064c10d62113ffb3ca9a7c14b80e40b0e6170,108534efa550eb43c28b1af1689dc7e2b4ce02a2879364bb26dfe0bda7ea36a0,median,,23.43492160043496,0.5999631062096474,41.715616110699855,,,,,0.02272729700052878,,,,,,,,
set50,moderate,32.gif,0,0.03,"[512, 512]",c3cc3fb5da093d47d6808c6219ed907c3e69ab01954b1b929a8739cbbcc26493,d278879439261ffe9ed28694e5eea47639c1b8f5a8a94bace3543395b60dd533,median,,27.474427466270477,0.8213584237803482,54.80513492215265,,,,,0.018704366999372724,,,,,,,,
set50,moderate,30.gif,0,0.03,"[512, 512]",b1cccc0e8d64bae511f9cd0c5596628364bd1e09c90c5e793604a1f7a55f642f,d28020be6943581ea586663a46ffe8f3a0fb5dabd1de0042b989c19d113e461f,median,,28.728755084834525,0.8218481606222262,55.45678557352858,,,,,0.01913660600075673,,,,,,,,
set50,moderate,43.gif,0,0.03,"[512, 512]",443801cafadb33c7829b313f4efd834e70cc313567a260dd2b5554dc7ee6be98,1f8784755ea55d81ac618ccaca204d47bf177db66bd5c7daaede569bb788a981,median,,33.65966944434654,0.9587414568596007,64.7669075651533,,,,,0.01702367600046273,8.0,8.0,NLM_fast_cuda_global,,,,,
set50,moderate,47.gif,0,0.03,"[512, 512]",9005ddf994846f88305becd36c72a046818a094c026c69a8106c34b34a31a8fe,4d80ef3a631443edbca7f0f765de5e35a2502b2f168084e29548ba4f32211a34,median,,23.607563159787116,0.7387666783499353,48.74211549739032,,,,,0.020808859000680968,8.0,8.0,NLM_fast_cuda_global,,,,,
set50,moderate,25.gif,0,0.03,"[512, 512]",30838b6c4e963b60da10cc6158a119a7052a4ffa1ebdcc87bcf0054f681427c6,8e83987dd80258df03bc1d39081bd12f3e414e2a92e3b00b5454514001fa330e,median,,35.19750907733159,0.923727329982614,63.78512103779649,,,,,0.014130748000752646,,,,,,,,
set50,moderate,7.gif,0,0.03,"[512, 512]",5e3769e24988284e1036ce844ee8e0f11dbe28fe111f6a962e37864dc34b60dc,43f856b2e4729aee32854ee85f842476fc982f3d9d390db1fb2b7253e4e7e89c,median,,22.081807628279265,0.7639744811150416,49.23962786989171,,,,,0.015802765999978874,8.0,8.0,NLM_fast_cuda_global,,,,,
set50,moderate,15.gif,0,0.03,"[512, 512]",51e2066df33af18b47bcd356b17c6cdf04f2a5fd219ace410fcabb06698c6c71,2d9093eb41be84ce7ed0d978b9b19c485cbf154d47e52c2dd0fd828853447d0c,median,,25.735706508413543,0.7942020891017443,52.57795770929398,,,,,0.018739494000328705,,,,,,,,
set50,moderate,41.gif,0,0.03,"[512, 512]",1569598ab7f33ee44bcf70502565ffcd7528912a2c13cd1977fe64573770f1e6,ff0263a6707841b84077f68687f1b5681a02f5a5751a9c11140365b8582c92b3,median,,30.449312421212056,0.880453396610264,59.24732604111923,,,,,0.019699583999681636,8.0,8.0,NLM_fast_cuda_global,,,,,
set50,moderate,6.gif,0,0.03,"[512, 512]",ca956c8aa0ec2de8bd2e4d7545c7f969215d4f7f65cb72ee9d31cb17df0033b6,84221910b6b9a6acdbb5afef9fc1ca7d246990555c43db357055a2f7fb1696d9,median,,28.968784647956948,0.873677470621279,58.16826585504243,,,,,0.016707202999896253,8.0,8.0,NLM_fast_cuda_global,,,,,
set50,moderate,21.gif,0,0.03,"[512, 512]",74d2fa3fc2447fd331660c09f2f468f3cce983dc347509d32564e992fdebaf9a,d5ccfab06b048653f8250b070ca0b04342317d22a38961fa45c8b80e0d09c15a,median,,29.887719754054842,0.84474893504343,57.18130662919892,,,,,0.01640844699977606,,,,,,,,
set50,moderate,27.gif,0,0.03,"[512, 512]",bc7a1c1300b1b1bda264e18fbde62fa845194fac5839cb705a788c6ac331f517,aab60ccc545edf9dca9fa48d80e67ab5ad51f1057b062d7157c1f27cece394a7,median,,34.58363795603415,0.9259280711202145,63.5882225340278,,,,,0.014153811998767196,,,,,,,,
set50,moderate,46.gif,0,0.03,"[512, 512]",14cdebcd7b2b9e534cc9717933df6ccb4861289237cde90700810e2e6e2e245f,f68a978e6ae4cceafd52796314ca1bd61710126b4514f19d2cf2a1dbf543f9eb,median,,26.72220941898981,0.8189111616363866,54.30666279131423,,,,,0.01944281900068745,8.0,8.0,NLM_fast_cuda_global,,,,,
set50,moderate,20.gif,0,0.03,"[512, 512]",c3a4da195ffc62103521cd979723e50840fe46cfd989b567c826985f8b23dcf4,00025b7fcbcf353bccb34525bf06153c13450094f9fb05eda8e25b4b3cf81775,median,,27.670207300371853,0.8067195934951542,54.17108332494364,,,,,0.0197808310003893,,,,,,,,
set50,moderate,2.gif,0,0.03,"[512, 512]",b101b795e2638a1e9dbdaa513bdc8be6090aed4d6ac294b155e5f3a2c7c0bb80,7815db9fcaba45ca1fe9659edc8745c582da03a285a37be6aefbfc147089a99b,median,,31.58663402949592,0.8715627800801955,59.37145601875774,,,,,0.020319608000136213,,,,,,,,
set50,moderate,40.gif,0,0.03,"[512, 512]",911cad3f1d559f196f94ed9e80a9602969b74319acb1d70da238efdb48af38e2,4ed4227588674f3dfbd060c06df4a2a8737dae851b4ce97b19d6d26acd29cd88,median,,36.9310662051728,0.9348723150548446,65.20914885532864,,,,,0.019555122999008745,8.0,8.0,NLM_fast_cuda_global,,,,,
set50,moderate,31.gif,0,0.03,"[512, 512]",33781418a1e6e85521011be7d450b002a8f8a8f1ba68a79c1219f3b3ba59b160,6c04ab1e187ca58f545f9b32e49810d14cc9f4baabf6e8b2e3ab576507435c08,median,,21.08747723581121,0.6327362991271234,42.18055357426177,,,,,0.021630569000990363,,,,,,,,
set50,moderate,29.gif,0,0.03,"[512, 512]",1eeb76c0386fbcd563a08eb25bbeffde427bdc62658e4bcc02c8aafbf733f219,7e36de98996efc03518db23d8b2790304e843bc1b59fa6dbd37c32ded4a6902b,median,,25.25411281288416,0.70352974502038,47.80354365746108,,,,,0.019657216000268818,,,,,,,,
set50,moderate,33.gif,0,0.03,"[512, 512]",7a10c4eca50167d8d459c2505f2b0f21cfb399e7b01adccaa0422695496c2e72,ba09b5b2b00094264b93b15dfe764f5f155d14fd8012fef6795bbb30e2e02af9,median,,29.545435946834864,0.8406442401505427,56.804929980944564,,,,,0.019059691998336348,8.0,8.0,NLM_fast_cuda_global,,,,,
set50,moderate,24.gif,0,0.03,"[512, 512]",b8f6ebed7641854cd23e807c2f78d350f1373b2fe7f96e6ea18f8531797fbc3a,00361d9d18adafe8f56c1222f7c494507b310d4a76d7b0c8a82b2c1609574b41,median,,32.39276054336702,0.8908706591619667,60.73991322978185,,,,,0.015285949999451987,,,,,,,,
set50,moderate,3.gif,0,0.03,"[512, 512]",e3e2313cc250162bd613776c7b0063891d9d56b3576c9808ac5c8c0e7e8fcb8d,dd14e890ca3c05f9cb0de1181aa5a5db0779077468bd4909ced1783680752557,median,,30.869455609011403,0.8917935854010407,60.02440707455774,,,,,0.015737380999780726,,,,,,,,
set50,moderate,1.gif,0,0.03,"[512, 512]",95f21dff4cd5a318a519cb05a1e35fb41f49c007ca46345fd6917258be8d9d73,b046c3ca53ac27d398655bff7451b2b566c0b17466b8819f428a346cbe1fb919,median,,25.287510978872376,0.8203565958699203,53.6615852829322,,,,,0.01965670699973998,,,,,,,,
set50,moderate,23.gif,0,0.03,"[512, 512]",05918015ae96873f255fec3e75ace895a76214abbeffdbfff55b5cf6214224c6,2daf28aacbb63227de565cd84c202daafbc0a84772d4320a0d4213b8214207da,median,,36.34008673722091,0.939218299561888,65.13095834670486,,,,,0.013789913000437082,,,,,,,,
set50,moderate,35.gif,0,0.03,"[512, 512]",353590d221e21b53b97858fbc575a2320a10336f21bbed5dd461fa942bab100f,0fb08c5de87a5a41e52590493adbddf82a33f95b9154da10a9801c12a103de9f,median,,31.469753095782643,0.8756456043785653,59.51715676681958,,,,,0.018381894000413013,8.0,8.0,NLM_fast_cuda_global,,,,,
set50,moderate,36.gif,0,0.03,"[512, 512]",99a41bcc709d43204ca0f73a6593656300237e5367043081c5065ca77d5e3628,ac5122e3551e0bbc5ce45212b3e5a5b0036fdaec4bb1859d21d61fc5d6d185a9,median,,27.33037339489972,0.8245143489827647,54.89090414658809,,,,,0.018806375001076958,8.0,8.0,NLM_fast_cuda_global,,,,,
set50,moderate,26.gif,0,0.03,"[512, 512]",3efcc155fe7f35f9428c0536c9c1dc2b826188d5f0a5b0a90ecbf681233221e2,80df9d16ce4f4c986faf28bb5b520724b7cc3964f0373fd572fa16b065e88889,median,,33.75840507534925,0.9077796676494598,62.268185920147616,,,,,0.016068079999968177,,,,,,,,
set50,moderate,37.gif,0,0.03,"[512, 512]",74881a36c4896c931da56c784ac35afb478dc71ae7af27894deeb074f83e518a,7173cba5345fcfbe9557abb697d95042a919f4d6122da8ce612d77d8fb82cf11,median,,29.39480821890623,0.7855930107881129,53.97705464885876,,,,,0.019833574999211123,8.0,8.0,NLM_fast_cuda_global,,,,,
set50,moderate,13.gif,0,0.03,"[512, 512]",c34b796bde09761f5bc3c358f20b72f49e020580ed0a76d5456c61f0da4499eb,a2f2a757fc1c83f9bed8ee3c789083b32351ef8857a1a102fba848a3fe7d0f2a,median,,31.176192065902455,0.9257623769160734,61.8762148787549,,,,,0.01877875399986806,,,,,,,,
set50,moderate,28.gif,0,0.03,"[512, 512]",f509179793e6551fbec77f8fdd91e45d53d2dd6e0a87394377c4bb4c52eb9a43,0ec572cf93ac546cce976f078eeb44740a3e46ee9a4fce5909a4ee51526b79a3,median,,30.852340427800424,0.8413969081911682,57.496015623458625,,,,,0.015911524000330246,,,,,,,,
set50,moderate,9.gif,0,0.03,"[512, 512]",8b76cd61996084e7d23b9f638b4d32839d9f6ac7965ef9b585f78bdbdaff16b3,08ebebac1d0c3f7ebfafdfa8e93fa92ed980cc02966803336351778a3d0128df,median,,28.161126304450978,0.8797682319368777,58.06897474906937,,,,,0.016386644001613604,8.0,8.0,NLM_fast_cuda_global,,,,,
set50,moderate,18.gif,0,0.03,"[512, 512]",539caf0cced15a86b729848a1a182b75776a621cf01b5e9a62085f53b86f3407,762e6943b9437065f73e4f6277554701b84063ead3f21c15cf1e7188d5fc83c8,median,,21.916046522061322,0.6902674012405917,45.47139332306025,,,,,0.01966514699961408,,,,,,,,
set50,moderate,49.gif,0,0.03,"[512, 512]",8311e02cd6238d6e74f6a9bf6fa5c250d748ceec5882a86242e2452c587cdf2b,51d6c89faaff83ef0b7b15a14c8357cccf0aa1dd8a38cf19b3dc5e7488c4f352,median,,18.777745540550907,0.8791199016685566,53.344867853703285,,,,,0.0077027610004734015,8.0,8.0,NLM_fast_cuda_global,,,,,
set50,moderate,4.gif,0,0.03,"[512, 512]",fd89b9bfe327e11c7cfbc851fff026261f2c33ef17edc9373682def6616fdc4f,90c0c67bdd6ea5e7262ae4a17200e7f45a845bcba4d8cd17bc0c12abd43e6ccf,median,,32.18827417447251,0.8818607828611511,60.18717623029381,,,,,0.01673638300053426,8.0,8.0,NLM_fast_cuda_global,,,,,
set50,moderate,8.gif,0,0.03,"[512, 512]",fd53a01b9f6a3a02a5408efee91cfa235b1325372804d49874a677719089b14e,eb3e181f36ac425d497e384772f1bc27cbb99aaccac73affe890e3b538d1fec8,median,,31.896251360242967,0.9021263996040734,61.05444566032515,,,,,0.014689408000776893,8.0,8.0,NLM_fast_cuda_global,,,,,
set50,moderate,39.gif,0,0.03,"[512, 512]",e43557540646572e4a7b69124c49ff2c37c4d1695507c5d64a44d09a5043958e,b18d17a3f4769d559d7b4a3cbb523afee8371b8e3419c1884514b2f407e9a4ac,median,,33.373989554113656,0.9059642297674214,61.985206265427905,,,,,0.014076229001148022,8.0,8.0,NLM_fast_cuda_global,,,,,
set50,moderate,12.gif,0,0.03,"[512, 512]",3c3ec23125fea9974f2e94c0d93a534edf2ec60d33b6af79f9a60fef58295de4,a88e463713c8906dc55b4636147c4434d127d68a71e2e4d94601b4da5b09fa9e,median,,29.692709200923616,0.8722195032489063,58.45732976290712,,,,,0.019723350000276696,,,,,,,,
set50,moderate,45.gif,0,0.03,"[512, 512]",72644242bceb1596c04ab4ddde11989c7aa206ee2094402fadeac9f9c500d55a,8f542b8722cb2b0dabbae2e6f726b67333642ec2c57fc7ddbf447d23110afc60,median,,30.712164054633433,0.8774585450664133,59.229009280637385,,,,,0.02072933599993121,8.0,8.0,NLM_fast_cuda_global,,,,,
set50,moderate,11.gif,0,0.03,"[512, 512]",b12e0216f269d1ad8f5dfe769baf0fb60142ab5235a6d1d62707dc52ca591071,2b4a035721bdad7497c2bbf55e4f48957b4abd07b77f288442c504b9a2e5e739,median,,21.606024790895955,0.7817186787322926,49.88894633206261,,,,,0.014333573999465443,,,,,,,,
set50,moderate,34.gif,0,0.03,"[512, 512]",42a4b02f48b536770f4d42c1c4884a5b2a4a662af62778249a90a16c1d9f5398,55a28dcc5b7916918ef13b18a26e0b258b3c954f785ec8c1ee8d6498ea3b939b,median,,28.864800360412417,0.8503233943498703,56.94856989769972,,,,,0.020529542000076617,8.0,8.0,NLM_fast_cuda_global,,,,,
set50,low,19.gif,0,0.01,"[512, 512]",d17c7663feb48c0fe318904421cb04ec7e850a109d952f66a49ac464a4176a1e,4d9fcea700a23bddd85518f70e1f1a21427252e043050cf82bbd584a784dcdf2,median,,29.6994361554778,0.8891074414247616,59.30509014897698,,,,,0.015745008999147103,,,,,,,,
set50,low,22.gif,0,0.01,"[512, 512]",dfe4f6c6370dbe0651bccc46e98ac3b787e8c63a3a37fb138fe6c81f3e32edd4,b2c86302dd35784935b349103eea4994bac78882b1f66fe05cbd0eff3c4f3692,median,,25.321827169323264,0.7622957996907054,50.77570356919691,,,,,0.01810611700057052,,,,,,,,
set50,low,10.gif,0,0.01,"[512, 512]",e233b9bc584bbcbbdcbcbf3674e9c18c92aff37cf54afeec01dc2e7dc1811878,ed18cdba5c14f3575b15c3dbd6cb7821e1672460cf265af262fa809b2dcc9878,median,,34.75497569073855,0.9563232122098342,65.19364845586098,,,,,0.01993421999941347,,,,,,,,
set50,low,14.gif,0,0.01,"[512, 512]",83fe92c5398701971c09c467a97dc4bfdb94eb4b3ded548d26e5e7fcf62e4d2a,64abc2d905aabb38864450f0af1ad424bb1689ea0666689a0a39ea98c8e6c64e,median,,22.495600007384546,0.6954102901036299,46.01831450887377,,,,,0.01890913100032776,,,,,,,,
set50,low,5.gif,0,0.01,"[512, 512]",49db903e1a87a0044a734fb77708aad9985011bc9ee9fb379099de1b4e946109,dbd952e46b4726c976e4c86376e9410d20bfc6334f5e9e484a536a9f0337370b,median,,34.567751290947605,0.9196467537415178,63.2662133325497,,,,,0.013096136999593,,,,,,,,
set50,low,44.gif,0,0.01,"[512, 512]",f968969e97bf6f8f47fd5940af0bd7481b61f2df6d5d553882b8938123b37289,42e3c08cf2b0cec0c123c4090e6a3f4b8b8ee6df540c5eec04ad9484bc032028,median,,18.90023010418991,0.5775092275004106,38.32557642711548,,,,,0.020264150998627883,,,,,,,,
set50,low,42.gif,0,0.01,"[512, 512]",f9b953242d46fc204da43e46262ac3754e9428050546213f592efb0fb7398f12,fca820cfcfd19eacbd368d0e7c81d4bf941a17e29fe10943058be3157ad7ecdd,median,,28.560299473768602,0.8589492407316549,57.227611773467046,,,,,0.02142184299918881,,,,,,,,
set50,low,38.gif,0,0.01,"[512, 512]",e39779dc60dbc76330293a5fdb44dfabe4d22433c36132e18afcf31a515217b4,8a4f622d145ab8ed04f447bd3e6fea77afa39ceaa5e438fdaefe8a638cb76d4d,median,,32.50667912611066,0.8959587723290563,61.051278179508145,,,,,0.015659433000109857,,,,,,,,
set50,low,48.gif,0,0.01,"[512, 512]",9b261d731fc3d639b0cc3dac391980b0c49dd558b24b95a14bb3f3eb9f3569d0,de7039382b2c716bf8b8bd9ef90136c7a8e43e3e8bdee5fa3447bde9a6becb68,median,,32.14816261428359,0.9168887234633344,61.918517480308516,,,,,0.019819649000055506,,,,,,,,
set50,low,17.gif,0,0.01,"[512, 512]",6f8a02e1689062bed722742a554760dd74359b35fc8b969bab8beed8e59421a0,da214e6323ceeebbcc7aa2be59f5915388fdb98dd02a39f8ca94705bae09da2a,median,,26.026739028544537,0.8661139423018832,56.31906662936643,,,,,0.017689846999928704,,,,,,,,
set50,low,0.png,0,0.01,"[512, 512]",0a372ced9fd4d1f9633532a58073e3974b41da8cfc87f04ec8e9a8dc6a89bba1,580fbc14af471717cfc09261d71b2bee527d3960eb5a144e296d4af84219023d,median,,36.74871412029332,0.9760125384320513,67.17498398174922,,,,,0.017143215000032797,,,,,,,,
set50,low,16.gif,0,0.01,"[512, 512]",2d68b31ae4d4c10bc0e60742ba3064c10d62113ffb3ca9a7c14b80e40b0e6170,5a34727aa846ef18673a8ed97ce9030df3297566700329ed4d9163d22c8c0e23,median,,23.51536134642359,0.603088665124388,41.91211392943119,,,,,0.02079398799833143,,,,,,,,
set50,low,32.gif,0,0.01,"[512, 512]",c3cc3fb5da093d47d6808c6219ed907c3e69ab01954b1b929a8739cbbcc26493,ee0b605cf5805cee95dec190b897d374b300762268a951bc2923c750885eb553,median,,27.63131076509444,0.8237130251163486,55.001306638364646,,,,,0.02226786400024139,,,,,,,,
set50,low,30.gif,0,0.01,"[512, 512]",b1cccc0e8d64bae511f9cd0c5596628364bd1e09c90c5e793604a1f7a55f642f,8ca3d59b856fd4291a18000f1171df98f2ccda8b342a7686d3fe46cb7cbe5e9a,median,,28.860940563834305,0.8247632190781135,55.66863123582282,,,,,0.018540358998507145,,,,,,,,
set50,low,43.gif,0,0.01,"[512, 512]",443801cafadb33c7829b313f4efd834e70cc313567a260dd2b5554dc7ee6be98,0367df72489ecd2f6c17785be16d482c8ad0f56c301ac5135b7c597d340c320a,median,,34.04017187047627,0.9610953883529441,65.07485535288534,,,,,0.016646931999275694,,,,,,,,
set50,low,47.gif,0,0.01,"[512, 512]",9005ddf994846f88305becd36c72a046818a094c026c69a8106c34b34a31a8fe,b58103ccb1517d653cbc447db4dc4d1bbfe39e12b76ae800a60c523302295055,median,,23.73484271070172,0.7427658359642731,49.005713153564514,,,,,0.020395219000420184,,,,,,,,
set50,low,25.gif,0,0.01,"[512, 512]",30838b6c4e963b60da10cc6158a119a7052a4ffa1ebdcc87bcf0054f681427c6,54d84616da890c632d6a16057e9dc62f9b7d564bf73fa85bad96d32d0b8e37f3,median,,35.35044268275148,0.9251182657021548,63.93113462648348,,,,,0.013900022999223438,,,,,,,,
set50,low,7.gif,0,0.01,"[512, 512]",5e3769e24988284e1036ce844ee8e0f11dbe28fe111f6a962e37864dc34b60dc,64adbe011994dd5254c8b1aa9d24094637976f4c9b2c0e6b111ad13c8fd77d7f,median,,22.218386757622596,0.7676319589457082,49.49079132609671,,,,,0.015029135000077076,,,,,,,,
set50,low,15.gif,0,0.01,"[512, 512]",51e2066df33af18b47bcd356b17c6cdf04f2a5fd219ace410fcabb06698c6c71,8c7914d337e62afbc812f7fa21b64172783d92b5a5d191250b56d3acae35dbbe,median,,25.833716606979547,0.7968226011981873,52.757988363399136,,,,,0.01849846100049035,,,,,,,,
set50,low,41.gif,0,0.01,"[512, 512]",1569598ab7f33ee44bcf70502565ffcd7528912a2c13cd1977fe64573770f1e6,5ca718b9bf3bcbf2d15f3cbfb1bb2ef9abb4b101ff07a87ae2357f80b38f995c,median,,30.598231194982212,0.883024857754251,59.45035848520365,,,,,0.0199804870007938,,,,,,,,
set50,low,6.gif,0,0.01,"[512, 512]",ca956c8aa0ec2de8bd2e4d7545c7f969215d4f7f65cb72ee9d31cb17df0033b6,c6a47fae86a982cf63f74e711953f9f9a442abe14bf023e0693cfabf476f7cb5,median,,29.083796952147694,0.8758767518119154,58.33573606666962,,,,,0.016400894999605953,,,,,,,,
set50,low,21.gif,0,0.01,"[512, 512]",74d2fa3fc2447fd331660c09f2f468f3cce983dc347509d32564e992fdebaf9a,d6fd972bca83abb88fbd0d7db771bbd0375fc9aad445e30f544c635990c9c919,median,,30.02202731641578,0.8471731915549877,57.36967323595728,,,,,0.015389562999189366,,,,,,,,
set50,low,27.gif,0,0.01,"[512, 512]",bc7a1c1300b1b1bda264e18fbde62fa845194fac5839cb705a788c6ac331f517,34bf2bcdfa12b56d970deac4f2646885f4df8f2a6be51ff1c842febb5cfa07bb,median,,34.829963189353705,0.927104198092446,63.77019149929915,,,,,0.01371017400015262,,,,,,,,
set50,low,46.gif,0,0.01,"[512, 512]",14cdebcd7b2b9e534cc9717933df6ccb4861289237cde90700810e2e6e2e245f,78f82fbfe7bfe1bd10a0ec830f660de577a7abe9ec75464d1c9180c2515cc412,median,,26.846625483313687,0.821956848050881,54.52115514420089,,,,,0.018973092001033365,,,,,,,,
set50,low,20.gif,0,0.01,"[512, 512]",c3a4da195ffc62103521cd979723e50840fe46cfd989b567c826985f8b23dcf4,926c8ffad204b1af9489027ea8e92efcf84f2315c100ce06303e326031b86775,median,,27.779802864077688,0.8097181473504855,54.37580879956312,,,,,0.018507770999349304,,,,,,,,
set50,low,2.gif,0,0.01,"[512, 512]",b101b795e2638a1e9dbdaa513bdc8be6090aed4d6ac294b155e5f3a2c7c0bb80,7195960aa368bfaccac8b97b6cd55bb61f7a81ada3a5c613dad979b7e2a88ecd,median,,31.706817212252474,0.873904744849719,59.54864584861219,,,,,0.01997290500003146,,,,,,,,
set50,low,40.gif,0,0.01,"[512, 512]",911cad3f1d559f196f94ed9e80a9602969b74319acb1d70da238efdb48af38e2,bb2b2ab1d2fb46491c3104537a7862d16c6540386d39c2d42b4dc0416f5fb0f1,median,,37.10422422332539,0.9366825289611661,65.386238559721,,,,,0.019739504999961355,,,,,,,,
set50,low,31.gif,0,0.01,"[512, 512]",33781418a1e6e85521011be7d450b002a8f8a8f1ba68a79c1219f3b3ba59b160,d6d7419dbd47cf4100df960a94ea3e33a9de9181970199e822813a042cca89e3,median,,21.14646842903764,0.6351834936878443,42.33240889891104,,,,,0.019877756998539553,,,,,,,,
set50,low,29.gif,0,0.01,"[512, 512]",1eeb76c0386fbcd563a08eb25bbeffde427bdc62658e4bcc02c8aafbf733f219,344bd3e7159aeb387f857c93bd519dbbefe06fcd40fc9b623eb0f0cfe1416ba9,median,,25.346523192125822,0.7066687459086779,48.00669889149681,,,,,0.019700564998856862,,,,,,,,
set50,low,33.gif,0,0.01,"[512, 512]",7a10c4eca50167d8d459c2505f2b0f21cfb399e7b01adccaa0422695496c2e72,c217786b989c52b18af02ac4eccfe62dd596f977dca2d7b6dc1bd0986f48da81,median,,29.64941746848843,0.8429401671586799,56.97171709217821,,,,,0.01865919000010763,,,,,,,,
set50,low,24.gif,0,0.01,"[512, 512]",b8f6ebed7641854cd23e807c2f78d350f1373b2fe7f96e6ea18f8531797fbc3a,23816520001755e583487cbe7dcd417d2e11a1ad056ec210acef626b034fdf36,median,,32.519954808328464,0.8926478121745824,60.89236801289336,,,,,0.014216292998753488,,,,,,,,
set50,low,3.gif,0,0.01,"[512, 512]",e3e2313cc250162bd613776c7b0063891d9d56b3576c9808ac5c8c0e7e8fcb8d,cc396bbe23c5212ba6baa086bf53a40beef07fa4020fe5ace7fbfa32416f23fa,median,,31.066809056273836,0.8940535013625828,60.23607959626606,,,,,0.015369512999313883,,,,,,,,
set50,low,1.gif,0,0.01,"[512, 512]",95f21dff4cd5a318a519cb05a1e35fb41f49c007ca46345fd6917258be8d9d73,be092100aa91ae017a208b593f7b1c88fc347faaded98e1691b9fbdb9bbdb3ae,median,,25.409868226709964,0.8236453156506917,53.887199895889566,,,,,0.019446037000307115,,,,,,,,
set50,low,23.gif,0,0.01,"[512, 512]",05918015ae96873f255fec3e75ace895a76214abbeffdbfff55b5cf6214224c6,8825f87136cb87cb87b7ee7b3bb71b82eaa68700864d5cc6e83af9fae3f56555,median,,36.586222426916365,0.9405572401309118,65.32097322000376,,,,,0.013516114999220008,,,,,,,,
set50,low,35.gif,0,0.01,"[512, 512]",353590d221e21b53b97858fbc575a2320a10336f21bbed5dd461fa942bab100f,470525874460bc637beb1f22c12cf7d95266c96ae72a58df1b8b8a45d7421dd5,median,,31.637861935539533,0.8777479247432243,59.70632720493098,,,,,0.01841180799965514,,,,,,,,
set50,low,36.gif,0,0.01,"[512, 512]",99a41bcc709d43204ca0f73a6593656300237e5367043081c5065ca77d5e3628,4c9fb2ffd6c3cd4191de57133e1f175dccaa7d659a83f2db7fb68f86bfb5eab5,median,,27.45731231151709,0.828005012578835,55.12890678470029,,,,,0.01861105399984808,,,,,,,,
set50,low,26.gif,0,0.01,"[512, 512]",3efcc155fe7f35f9428c0536c9c1dc2b826188d5f0a5b0a90ecbf681233221e2,fd6e5b6bb21f31fce84588fbf0def61aa7799be96bceaf1f8f821ce91540ca55,median,,33.91830673374466,0.9097156304267376,62.44493488820921,,,,,0.015967790001013782,,,,,,,,
set50,low,37.gif,0,0.01,"[512, 512]",74881a36c4896c931da56c784ac35afb478dc71ae7af27894deeb074f83e518a,d34dc52c2c08a14e007ecacf562579826f45b0b1707e067dff6b3df9968dbbaf,median,,29.48059256353359,0.7879302741245212,54.136809987992855,,,,,0.018418878000375116,,,,,,,,
set50,low,13.gif,0,0.01,"[512, 512]",c34b796bde09761f5bc3c358f20b72f49e020580ed0a76d5456c61f0da4499eb,21d5f13f0aba8a02886ff598d918384e41d968bbb44abcae71af497143790552,median,,31.62356112189313,0.9278040205531294,62.20198158860303,,,,,0.017720068999551586,,,,,,,,
set50,low,28.gif,0,0.01,"[512, 512]",f509179793e6551fbec77f8fdd91e45d53d2dd6e0a87394377c4bb4c52eb9a43,dd3ba862107b756742d3029f750c4d7be7c1283c6fb9ff3273684e5e05640984,median,,30.907306243054933,0.8428466506833407,57.595985655694506,,,,,0.015526740999121103,,,,,,,,
set50,low,9.gif,0,0.01,"[512, 512]",8b76cd61996084e7d23b9f638b4d32839d9f6ac7965ef9b585f78bdbdaff16b3,4cd76b34e1053d8ac22d03bda2ce6fe4218266806e9f352d164ab9cdb6ad5b7d,median,,28.311255523484952,0.8822810920437114,58.26968236392804,,,,,0.016244177999396925,,,,,,,,
set50,low,18.gif,0,0.01,"[512, 512]",539caf0cced15a86b729848a1a182b75776a621cf01b5e9a62085f53b86f3407,5873c891357876f2dbe9c9d0e5fc2da0fd371a9cf25f1268ae8f5893ee21f411,median,,22.027491898808368,0.6934088823806425,45.68419006843631,,,,,0.02076133700029459,,,,,,,,
set50,low,49.gif,0,0.01,"[512, 512]",8311e02cd6238d6e74f6a9bf6fa5c250d748ceec5882a86242e2452c587cdf2b,8125d7f83fc4d3be014d6ec00247ddfe409213305964ff8d8abbcaaaf07d5131,median,,18.7984555208472,0.8779007505999727,53.29426529042224,,,,,0.007096352999724331,,,,,,,,
set50,low,4.gif,0,0.01,"[512, 512]",fd89b9bfe327e11c7cfbc851fff026261f2c33ef17edc9373682def6616fdc4f,cb585c5a840cc56bfa16227eca05f3d968ee47e4d8a6d4f6a8098f24c92e5ebe,median,,32.339654091804476,0.8845253114808752,60.396092619945996,,,,,0.0209732109997276,,,,,,,,
set50,low,8.gif,0,0.01,"[512, 512]",fd53a01b9f6a3a02a5408efee91cfa235b1325372804d49874a677719089b14e,959d9223c31d5d17f16e71514f09e97be2737ed240f0e73975f0bb5c91651a10,median,,32.02883151558174,0.9039946844928655,61.214149982434144,,,,,0.017143319000751944,,,,,,,,
set50,low,39.gif,0,0.01,"[512, 512]",e43557540646572e4a7b69124c49ff2c37c4d1695507c5d64a44d09a5043958e,44e6529e24cceca1d712601d81f8499b0bc9587c6093ab99c831d09ccf79016a,median,,33.49486330128692,0.9070967635817143,62.10226982972918,,,,,0.012796573000741773,,,,,,,,
set50,low,12.gif,0,0.01,"[512, 512]",3c3ec23125fea9974f2e94c0d93a534edf2ec60d33b6af79f9a60fef58295de4,fa9482fa551439d9f17531d42a955c1c9fb456df7a7ea0c45be4ad6a23db1c47,median,,29.873391779099872,0.8748788130073659,58.68063653991823,,,,,0.02009992099920055,,,,,,,,
set50,low,45.gif,0,0.01,"[512, 512]",72644242bceb1596c04ab4ddde11989c7aa206ee2094402fadeac9f9c500d55a,c3ab35a48c81121c8b48794984160850baf0a8f64d9009ea6eeefb548e11df68,median,,30.951740735357596,0.8796641685202138,59.459078793689486,,,,,0.020597193999492447,,,,,,,,
set50,low,11.gif,0,0.01,"[512, 512]",b12e0216f269d1ad8f5dfe769baf0fb60142ab5235a6d1d62707dc52ca591071,8948decfdbaad42c41f6d0264883a357a35557ce680c55d8a78313aad39151af,median,,21.774086650736763,0.7856480895656118,50.16944780364897,,,,,0.012950791999173816,,,,,,,,
set50,low,34.gif,0,0.01,"[512, 512]",42a4b02f48b536770f4d42c1c4884a5b2a4a662af62778249a90a16c1d9f5398,dd73eaa5ded2fd68bedf81c188a0c44f01c7edbdcbf0abdf70e7d6c10a63bf63,median,,28.997915557828136,0.8529851727784156,57.148216417834846,,,,,0.019904746000975138,,,,,,,,
set12,high,02.png,0,0.1,"[512, 512]",9a0925d4efea52b4b8355baab41b735118c594bada85c1650a8c929d4bedd645,e416650380e12917a3a2eeeb4269219a30b3b8cc16efb4db753ec8cb052bd8c8,median,,41.497755858415786,0.9862266085251339,70.0602083554646,,,,,0.016363971000828315,,,,,,,,
set12,high,10.png,0,0.1,"[512, 512]",fa9370ee1649c3bf2aa161f01d3d2575a2dedca729f26b78bd75d618679b9889,7164aae5d6477ab64a9b20611d6b33f74569a62d739a897485e7d12dad80435d,median,,30.698672470853076,0.901917033761602,60.44518792350664,,,,,0.020865196000158903,,,,,,,,
set12,high,09.png,0,0.1,"[512, 512]",4b3ddbef5883a30e02120d9280c878727f5282bb054525cf3a5b0fcffb889d5c,3e0d74d912d9f117e2941f19693e873a800672ebfc0237c1409a0ea272ec7872,median,,24.59614442096886,0.8027941408261776,52.43777925179331,,,,,0.020474618999287486,,,,,,,,
set12,high,07.png,0,0.1,"[512, 512]",154769fc48745384ec8816fc554051b0dd5f1c55071de2669c9058bf3a96574e,2ba0d75dafd4a58439379072ed0bc3d150f40e4390b9b33d20349e9f1b29b718,median,,32.14653220245282,0.9598232411438858,64.0644281584207,,,,,0.016419609999502427,,,,,,,,
set12,high,05.png,0,0.1,"[512, 512]",0a48bd94dc684e9744094acf5f9409ae1a147f367207cbcf847ffecc9506b1e3,99ebf5f91f8d5011c136e3657c039f5f484f7a9ad07790541df20dd03bf9c836,median,,37.389960685543166,0.9868611302165347,68.03803685359831,,,,,0.01683205600056681,,,,,,,,
set12,high,08.png,0,0.1,"[512, 512]",2c394996c73fe787fca843f9f42014d5330dda4ad3053466b934f2c52d1c1f84,df4e8481f6afd5a29944a9cd59f15e3ba5659986829732fd430d6985cd4b7fc9,median,,29.594500606195815,0.8661273920792523,58.10361990706052,,,,,0.02097290600067936,,,,,,,,
set12,high,01.png,0,0.1,"[512, 512]",0a372ced9fd4d1f9633532a58073e3974b41da8cfc87f04ec8e9a8dc6a89bba1,5c64fdfe33f4ceb5a47428c2edc3ca4f989b1078a7da5d038a7aac327de869fd,median,,34.44587157385412,0.9681983055784551,65.63285106584982,,,,,0.018233545999464695,,,,,,,,
set12,high,04.png,0,0.1,"[512, 512]",7f6baec8e072815d469acd5d149f5da86b89ef26df1895c4edde2d5758900fd0,0a9fd41a69964cdee98a13387f66a0e0afec3986fcdb81bfef6cf0b952ec854c,median,,38.7499467175319,0.9853909783663763,68.64452227708477,,,,,0.01694777000011527,,,,,,,,
set12,high,06.png,0,0.1,"[512, 512]",aa1ae42753ac532294aa25320a62b1fb9aa4b54ad1627f3551d0532393b63c6e,d64e7d6cff0dd1480f8ba1a2df2cb1a7e53c3656ab86e3b1aaaf93b31a9edfbf,median,,32.048283571500214,0.9455402638387942,63.30115497768982,,,,,0.020190945999274845,,,,,,,,
set12,high,03.png,0,0.1,"[512, 512]",ecaf4e62d02b750095b71c0828247049848c285190975276e63ef6d951b37cf4,4b3536cd26cb2a06a9257208afef360b062fd3e9ee7285ba6d4c75c0e03474d9,median,,38.4911947866495,0.9866708190962027,68.57913834813488,,,,,0.017294568000579602,,,,,,,,
set12,high,11.png,0,0.1,"[512, 512]",17b452cc44e876adc0d3fd3607e8c9ab9e04406fa1702d436005e99db30c6108,efb327d0e9507fdf30c7e6389581d470feab9b99fac8c2659863071b5babac8d,median,,28.41955825820312,0.8581491393761769,57.11723609791041,,,,,0.020504703001279267,,,,,,,,
set12,medium,02.png,0,0.05,"[512, 512]",9a0925d4efea52b4b8355baab41b735118c594bada85c1650a8c929d4bedd645,c3f9d39a11e3011c40ec0ba98de83291f1b1fcd783cfca19fa39be37ecb6240b,median,,44.93636132325774,0.9907093187019648,72.00364659672711,,,,,0.01513141900068149,,,,,,,,
set12,medium,10.png,0,0.05,"[512, 512]",fa9370ee1649c3bf2aa161f01d3d2575a2dedca729f26b78bd75d618679b9889,87d8a8c260cdb8c52551132cb0dfe95ee2f14d151af9ff4d6168d5800396b42c,median,,31.444270509112343,0.9097328188014242,61.20877619462738,,,,,0.02036662200043793,,,,,,,,
set12,medium,09.png,0,0.05,"[512, 512]",4b3ddbef5883a30e02120d9280c878727f5282bb054525cf3a5b0fcffb889d5c,7c56fc735c741056497fe6ad8b491244bf2746021f23f9e3f3b7401a4df3be52,median,,24.94749232519999,0.8132675393419312,53.137123129696555,,,,,0.020264151000446873,,,,,,,,
set12,medium,07.png,0,0.05,"[512, 512]",154769fc48745384ec8816fc554051b0dd5f1c55071de2669c9058bf3a96574e,50403390a446b8878af128c5b5eb24f750286ab630615b3caace33849ff6c560,median,,33.303585009829696,0.9657031992651955,64.93695246817462,,,,,0.016339608999260236,,,,,,,,
set12,medium,05.png,0,0.05,"[512, 512]",0a48bd94dc684e9744094acf5f9409ae1a147f367207cbcf847ffecc9506b1e3,adb057f232e03a2f58a65b65c32bd3ae831f109d80147c92d9e62f40775bc731,median,,40.27106899022402,0.9917743830931537,69.7242536497697,,,,,0.015401626000311808,,,,,,,,
set12,medium,08.png,0,0.05,"[512, 512]",2c394996c73fe787fca843f9f42014d5330dda4ad3053466b934f2c52d1c1f84,8e3d7b1e875d19f22c64e3044a9d0c41b820f9cfa02088458ff600eaf223eb5f,median,,30.216123022282172,0.8772054429152699,58.96833365690458,,,,,0.020054191998497117,,,,,,,,
set12,medium,01.png,0,0.05,"[512, 512]",0a372ced9fd4d1f9633532a58073e3974b41da8cfc87f04ec8e9a8dc6a89bba1,95660ff47115848bd895ed7581195e91c2ab4a1746122ef36b82c4d90108493b,median,,35.839058495213884,0.9734620313200748,66.59263081361068,,,,,0.018273383000632748,,,,,,,,
set12,medium,04.png,0,0.05,"[512, 512]",7f6baec8e072815d469acd5d149f5da86b89ef26df1895c4edde2d5758900fd0,1c72f71d2f5910501fba30fd6269d5a73022d2e2701365d87f47014e5f50f8e5,median,,41.282363547090455,0.9907640272831755,70.17938313770401,,,,,0.015547250000963686,,,,,,,,
set12,medium,06.png,0,0.05,"[512, 512]",aa1ae42753ac532294aa25320a62b1fb9aa4b54ad1627f3551d0532393b63c6e,418ae6ffd6be74f226d8da4b414080f6be346245802a6e9c0b97dc4ff2a94400,median,,33.68284929475908,0.9525751127613991,64.47018028544949,,,,,0.01943599999867729,,,,,,,,
set12,medium,03.png,0,0.05,"[512, 512]",ecaf4e62d02b750095b71c0828247049848c285190975276e63ef6d951b37cf4,0a2b74a80e9ef7c6edfd254d6abd4f21d8fc939cbcfe8e477f4c4a919f7d715d,median,,41.17550335420398,0.9909867613423458,70.13708974421928,,,,,0.016241421000813716,,,,,,,,
set12,medium,11.png,0,0.05,"[512, 512]",17b452cc44e876adc0d3fd3607e8c9ab9e04406fa1702d436005e99db30c6108,599e46ff8f73bb0bcb238e7a5776355ab3a55274a6828355adfafd7ae4d55c02,median,,29.045875289712242,0.8675055305709071,57.89821417340148,,,,,0.019415798000409268,,,,,,,,
set12,extreme,02.png,0,0.2,"[512, 512]",9a0925d4efea52b4b8355baab41b735118c594bada85c1650a8c929d4bedd645,49df52a59b6c929c5f31dd1d9dcd3a8cc145517e504d2433ddbe093f2ea75a04,median,,31.637090785272825,0.9359806259314157,62.6175766892072,,,,,0.01999052099927212,,,,,,,,
set12,extreme,10.png,0,0.2,"[512, 512]",fa9370ee1649c3bf2aa161f01d3d2575a2dedca729f26b78bd75d618679b9889,54206e07e2533ce3cdc4f253b01d2bcf15986e6aa5edcfa3142c91d69412c383,median,,27.56137784868887,0.8527494932602141,56.41816358735514,,,,,0.021688652001103037,,,,,,,,
set12,extreme,09.png,0,0.2,"[512, 512]",4b3ddbef5883a30e02120d9280c878727f5282bb054525cf3a5b0fcffb889d5c,0b3ebc1adeda4f915d78dc938f4f6754e061d4488a42511b466d50496ed3c90d,median,,23.316644263180745,0.7589056425385786,49.603604258519304,,,,,0.021283353000399075,,,,,,,,
set12,extreme,07.png,0,0.2,"[512, 512]",154769fc48745384ec8816fc554051b0dd5f1c55071de2669c9058bf3a96574e,a555b68256523f4ea9a6a3a1d63d525af0a21767eb731194aeaa7d0237229d14,median,,28.238608688661756,0.9160717635031005,59.922892519485906,,,,,0.01961582100011583,,,,,,,,
set12,extreme,05.png,0,0.2,"[512, 512]",0a48bd94dc684e9744094acf5f9409ae1a147f367207cbcf847ffecc9506b1e3,47e001521556c7ceb0d8f2d01af9cf5e6eedb001280a9b295e77fef79fb60244,median,,30.2808639585985,0.9413457985029716,62.20772190444783,,,,,0.018992168001204845,,,,,,,,
set12,extreme,08.png,0,0.2,"[512, 512]",2c394996c73fe787fca843f9f42014d5330dda4ad3053466b934f2c52d1c1f84,b513454383e7814ea07019014f0d151fde15b5a47f3e20c6d9f3194be9c69f56,median,,27.03338952211226,0.8149775205741736,54.26557078976481,,,,,0.02139783799975703,,,,,,,,
set12,extreme,01.png,0,0.2,"[512, 512]",0a372ced9fd4d1f9633532a58073e3974b41da8cfc87f04ec8e9a8dc6a89bba1,bb82ddd95a6a25e95485a996c31e0375130595fb41bbf773b1bd5b01c13959c1,median,,29.133335524597413,0.9204720727165234,60.59027139812488,,,,,0.020157441998890135,,,,,,,,
set12,extreme,04.png,0,0.2,"[512, 512]",7f6baec8e072815d469acd5d149f5da86b89ef26df1895c4edde2d5758900fd0,bed36c52da9f24d3ca3fb49a29cd8e86158fb485d9e63c07e1c4acb7624e204a,median,,30.846979049142867,0.9441749985850647,62.63223945382467,,,,,0.019154113999320543,,,,,,,,
set12,extreme,06.png,0,0.2,"[512, 512]",aa1ae42753ac532294aa25320a62b1fb9aa4b54ad1627f3551d0532393b63c6e,99762f4e36329a2a9ca8ae0af403f0994ac05cc0f2d8cfc948e27d609ae70bab,median,,28.0687347800125,0.9002278946994564,59.04576212497907,,,,,0.021183632999964175,,,,,,,,
set12,extreme,03.png,0,0.2,"[512, 512]",ecaf4e62d02b750095b71c0828247049848c285190975276e63ef6d951b37cf4,5d873642d5904df0268ba3e2ab75f110ac16583462f4036e07f029c689362f0c,median,,30.664218227507675,0.9401204682387336,62.33813252569052,,,,,0.019380227000510786,,,,,,,,
set12,extreme,11.png,0,0.2,"[512, 512]",17b452cc44e876adc0d3fd3607e8c9ab9e04406fa1702d436005e99db30c6108,9a04391c3b1256307bf621b3151ddf799518fb0a981f8949a152baac9237f5bf,median,,25.982517163574784,0.8128771001209658,53.63511358783568,,,,,0.020879143999991356,,,,,,,,
set12,moderate,02.png,0,0.03,"[512, 512]",9a0925d4efea52b4b8355baab41b735118c594bada85c1650a8c929d4bedd645,ee7bfd453ba8d6e6718aaf8a97d81f5f2238214fca6f66b9cd8f2e44d4e6969a,median,,46.24505321969551,0.9917065474615604,72.70785398292577,,,,,0.015533271999629505,,,,,,,,
set12,moderate,10.png,0,0.03,"[512, 512]",fa9370ee1649c3bf2aa161f01d3d2575a2dedca729f26b78bd75d618679b9889,5d887063ebde1fcfbf95f8deca1ac10049d03f7db0a73c069699f665d6977104,median,,31.719422671885148,0.9123993712234929,61.47967989711722,,,,,0.02463883600103145,,,,,,,,
set12,moderate,09.png,0,0.03,"[512, 512]",4b3ddbef5883a30e02120d9280c878727f5282bb054525cf3a5b0fcffb889d5c,de0042a9b572069c4805997a988a6eb7d29426746f4b470c08ec69dfefe9b523,median,,25.077478306637108,0.8167181344689685,53.37464587676698,,,,,0.019971118999819737,,,,,,,,
set12,moderate,07.png,0,0.03,"[512, 512]",154769fc48745384ec8816fc554051b0dd5f1c55071de2669c9058bf3a96574e,41c6793af84e33ba2ceb749b4738b40b1b3737129d2d2babeb1dd4ec40eb3ac5,median,,33.76576324694912,0.9674220056949061,65.25398190821986,,,,,0.015367579999292502,,,,,,,,
set12,moderate,05.png,0,0.03,"[512, 512]",0a48bd94dc684e9744094acf5f9409ae1a147f367207cbcf847ffecc9506b1e3,9f3476abacfd546a3608bc4be56078d043e749803d48ceb9c514386cce77c211,median,,41.73295251163921,0.993311326510328,70.53204258133601,,,,,0.014183866000166745,,,,,,,,
set12,moderate,08.png,0,0.03,"[512, 512]",2c394996c73fe787fca843f9f42014d5330dda4ad3053466b934f2c52d1c1f84,b0b958f06122f7dfd86e575b45174a19c43c39d05a9f75e6d37f0d1b885e83d9,median,,30.449871906195813,0.8804555424918133,59.24771307768857,,,,,0.01930394000009983,,,,,,,,
set12,moderate,01.png,0,0.03,"[512, 512]",0a372ced9fd4d1f9633532a58073e3974b41da8cfc87f04ec8e9a8dc6a89bba1,1890871d8ac6fdf241ae77566f9a0eb175baed8033bd8ffbdecf5475a45749fe,median,,36.36013076561258,0.9749300080828883,66.9265657869507,,,,,0.016248798999185965,,,,,,,,
set12,moderate,04.png,0,0.03,"[512, 512]",7f6baec8e072815d469acd5d149f5da86b89ef26df1895c4edde2d5758900fd0,5aab2f4c90265de03c4286a1026b54930c9f1174f15bd4788a5cea6ddc26c27a,median,,42.46970574186556,0.9921143353244977,70.84056963715766,,,,,0.020235404999766615,,,,,,,,
set12,moderate,06.png,0,0.03,"[512, 512]",aa1ae42753ac532294aa25320a62b1fb9aa4b54ad1627f3551d0532393b63c6e,f6c87c3541133224f0d0b09d3ddb74251b7ff019191b5f7b5cf5f3356ce374c4,median,,33.93441025406934,0.954434536446134,64.68893194934137,,,,,0.019193009999071364,,,,,,,,
set12,moderate,03.png,0,0.03,"[512, 512]",ecaf4e62d02b750095b71c0828247049848c285190975276e63ef6d951b37cf4,231f53176f51c4b24bdc12fd9f1b4c16454140fdfe7631cec75f8301deab3824,median,,42.86188136621902,0.9922239661725488,71.04213899173695,,,,,0.014989334999881976,,,,,,,,
set12,moderate,11.png,0,0.03,"[512, 512]",17b452cc44e876adc0d3fd3607e8c9ab9e04406fa1702d436005e99db30c6108,fc459f467923651b85169e1d453047db01071c2115000fa34e05ff50a6c59429,median,,29.28104758366593,0.8707361191272002,58.177329748192975,,,,,0.020079242000065278,,,,,,,,
set12,low,02.png,0,0.01,"[512, 512]",9a0925d4efea52b4b8355baab41b735118c594bada85c1650a8c929d4bedd645,7d03f7624fa0aaaef532f6ccb5b007c11ecfba46dc0bf970948880603d265edc,median,,47.42321476030361,0.9923840825349886,73.33081150690123,,,,,0.013087254999845754,,,,,,,,
set12,low,10.png,0,0.01,"[512, 512]",fa9370ee1649c3bf2aa161f01d3d2575a2dedca729f26b78bd75d618679b9889,d06c846ad219995869474be865acb70b5ec7d01068ecd7580cc3fde6a2889b07,median,,31.897244629501866,0.9146078876176088,61.679016695631375,,,,,0.01851385699956154,,,,,,,,
set12,low,09.png,0,0.01,"[512, 512]",4b3ddbef5883a30e02120d9280c878727f5282bb054525cf3a5b0fcffb889d5c,f57c1e0803358fa46cb3fcadacd603e0bc8a9a1500621f0dea3a800d055c6fe6,median,,25.199377943198918,0.8200195057778826,53.60066426049359,,,,,0.019106797999484115,,,,,,,,
set12,low,07.png,0,0.01,"[512, 512]",154769fc48745384ec8816fc554051b0dd5f1c55071de2669c9058bf3a96574e,584ba7517a59730143877939055ad6e1e59eec8663870de1e2f41b823592272b,median,,34.03047962799259,0.9684916678325977,65.43982320562617,,,,,0.014671734000330616,,,,,,,,
set12,low,05.png,0,0.01,"[512, 512]",0a48bd94dc684e9744094acf5f9409ae1a147f367207cbcf847ffecc9506b1e3,d9a99fe9c66291c5480b648f63457e4e7868b0267787c7b85908acc020420910,median,,43.176158064069895,0.9944500085692032,71.3105794604951,,,,,0.013823023999975703,,,,,,,,
set12,low,08.png,0,0.01,"[512, 512]",2c394996c73fe787fca843f9f42014d5330dda4ad3053466b934f2c52d1c1f84,e160bea8a7b841fbbcb9a08d2452bc47be4e0b6c86d87d1b0bea001f91693d97,median,,30.59881692486769,0.8830271070478471,59.4507638148262,,,,,0.019415928999478638,,,,,,,,
set12,low,01.png,0,0.01,"[512, 512]",0a372ced9fd4d1f9633532a58073e3974b41da8cfc87f04ec8e9a8dc6a89bba1,580fbc14af471717cfc09261d71b2bee527d3960eb5a144e296d4af84219023d,median,,36.74871412029332,0.9760125384320513,67.17498398174922,,,,,0.015808547999768052,,,,,,,,
set12,low,04.png,0,0.01,"[512, 512]",7f6baec8e072815d469acd5d149f5da86b89ef26df1895c4edde2d5758900fd0,e8a6fc5f208fe29f03f5cbd984d49640d58559cd6c5aa49284f500b1f7ee7903,median,,43.65190565756425,0.993363705433405,71.49413810045237,,,,,0.01354381600049237,,,,,,,,
set12,low,06.png,0,0.01,"[512, 512]",aa1ae42753ac532294aa25320a62b1fb9aa4b54ad1627f3551d0532393b63c6e,e340e8d85915e482eb2fcd7c112e25b58f52ae82986a937d947c38437b40d732,median,,34.625084154200614,0.9559484011333741,65.10996213376902,,,,,0.018431249999594,,,,,,,,
set12,low,03.png,0,0.01,"[512, 512]",ecaf4e62d02b750095b71c0828247049848c285190975276e63ef6d951b37cf4,18313c5d887bba3759a18d07833b66fb952544043545ed839a5d493c1c132871,median,,44.49742174508968,0.9931375847341358,71.90559010925163,,,,,0.014454072000262386,,,,,,,,
set12,low,11.png,0,0.01,"[512, 512]",17b452cc44e876adc0d3fd3607e8c9ab9e04406fa1702d436005e99db30c6108,030fd588168a45176d9b0eca993f8007814b0503964557c1914c2fbae448d11f,median,,29.464791507615587,0.8734361212031285,58.40420181396422,,,,,0.023474441000871593,,,,,,,,
set12,high,02.png,4,0.1,"[512, 512]",9a0925d4efea52b4b8355baab41b735118c594bada85c1650a8c929d4bedd645,fb5756b2f1977a53d6af3dcead4efb66402b9d5e985cdbdec56b32e00ffd97a7,median,,41.560777008892764,0.986262692247603,70.09352311682653,,,,,0.018282966999322525,,,,,,,,
set12,high,10.png,4,0.1,"[512, 512]",fa9370ee1649c3bf2aa161f01d3d2575a2dedca729f26b78bd75d618679b9889,20cbcff47f8f1652d0beb4647260b220d5985351324e73ce58f91790a1b40bdd,median,,30.703853747961137,0.9019432195013953,60.449087849050336,,,,,0.0206844970016391,,,,,,,,
set12,high,09.png,4,0.1,"[512, 512]",4b3ddbef5883a30e02120d9280c878727f5282bb054525cf3a5b0fcffb889d5c,6580f7427fae38e6900e311bc3d882abd5bbd2d3ee833d3f15f08e971f1badd3,median,,24.59749177555561,0.8028190424917034,52.439698012362975,,,,,0.020473171998673934,,,,,,,,
set12,high,07.png,4,0.1,"[512, 512]",154769fc48745384ec8816fc554051b0dd5f1c55071de2669c9058bf3a96574e,6b2b7a6b103aa4415de2661efe3e7b16f3e8a8d91d505c35019889f45be2ccdf,median,,32.15872099827947,0.9598534936456053,64.07203518142,,,,,0.01736579199859989,,,,,,,,
set12,high,05.png,4,0.1,"[512, 512]",0a48bd94dc684e9744094acf5f9409ae1a147f367207cbcf847ffecc9506b1e3,0d5e8010bb26a850d7bcc7fe1db68e0f0c6af22b17fa9bc70b31b059f1079a92,median,,37.414247629851666,0.986890001620988,68.05162389597524,,,,,0.0164548669999931,,,,,,,,
set12,high,08.png,4,0.1,"[512, 512]",2c394996c73fe787fca843f9f42014d5330dda4ad3053466b934f2c52d1c1f84,0c9b60e4d12da52284c5eb24f1ad2f1c68d32c53c03585a9c05992f6df84ca1f,median,,29.598812469203438,0.8661546101668329,58.10713674294337,,,,,0.026953249000143842,,,,,,,,
set12,high,01.png,4,0.1,"[512, 512]",0a372ced9fd4d1f9633532a58073e3974b41da8cfc87f04ec8e9a8dc6a89bba1,9ea25905277eaa2c13405c16af5a2bd159339f43e0d8dbc939852ca029957356,median,,34.45772166857593,0.9682302715878588,65.6403744136809,,,,,0.01772926999910851,,,,,,,,
set12,high,04.png,4,0.1,"[512, 512]",7f6baec8e072815d469acd5d149f5da86b89ef26df1895c4edde2d5758900fd0,fdc436c0c8446ba46cfc24590bb554f37546781412b4b4564d6407e3391d198a,median,,38.77909231927697,0.9854303319065814,68.66106275496756,,,,,0.016506409001522115,,,,,,,,
set12,high,06.png,4,0.1,"[512, 512]",aa1ae42753ac532294aa25320a62b1fb9aa4b54ad1627f3551d0532393b63c6e,a363dcecce4b7295d8e22162211f906c57f7427694cc70216f5f5b9f9c8ae75e,median,,32.05778885843581,0.9455627147412236,63.307030166279084,,,,,0.01996243200119352,,,,,,,,
set12,high,03.png,4,0.1,"[512, 512]",ecaf4e62d02b750095b71c0828247049848c285190975276e63ef6d951b37cf4,85f7066b7aa1244baa2f27667095e1ea8355fef86e40ccd8d4b2514ec34fd63d,median,,38.52905589667576,0.986714620588827,68.60025897777922,,,,,0.017088886999772512,,,,,,,,
set12,high,11.png,4,0.1,"[512, 512]",17b452cc44e876adc0d3fd3607e8c9ab9e04406fa1702d436005e99db30c6108,d985d535d00b2df1afd30e645e35cfc28961b28fa786c9d6216e5ca98bb90604,median,,28.425166704482034,0.8586807316168154,57.14661993308179,,,,,0.02008193000074243,,,,,,,,
set12,medium,02.png,4,0.05,"[512, 512]",9a0925d4efea52b4b8355baab41b735118c594bada85c1650a8c929d4bedd645,4e69b9926757359b28d2ba0ddea539b9b5734c1c9927cbb52997eed2c2c65a57,median,,44.95417463282938,0.9907122985834635,72.01270224558786,,,,,0.014614032999816118,,,,,,,,
set12,medium,10.png,4,0.05,"[512, 512]",fa9370ee1649c3bf2aa161f01d3d2575a2dedca729f26b78bd75d618679b9889,461dc699c7e6039d3c7fbc9e361c8477afcdd41db684ad67d9d1dd1715aba45a,median,,31.445186915781388,0.9097343528836574,61.20931110207357,,,,,0.02229086700026528,,,,,,,,
set12,medium,09.png,4,0.05,"[512, 512]",4b3ddbef5883a30e02120d9280c878727f5282bb054525cf3a5b0fcffb889d5c,5780430f9e94feaf25364471128f02e7454678af26c718534cb418901e5bbe6c,median,,24.947816707458376,0.8132682577746216,53.13732124246027,,,,,0.02202044899968314,,,,,,,,
set12,medium,07.png,4,0.05,"[512, 512]",154769fc48745384ec8816fc554051b0dd5f1c55071de2669c9058bf3a96574e,57067cdfaec1e7cbd302b6992dd6d10ca47b25065f31c44a1bfe1573c39a6480,median,,33.308640477104255,0.9657069407303941,64.93966727507183,,,,,0.016063537999798427,,,,,,,,
set12,medium,05.png,4,0.05,"[512, 512]",0a48bd94dc684e9744094acf5f9409ae1a147f367207cbcf847ffecc9506b1e3,e0fa916e823acf6effc4f3b42e72ab8a62ce26e6958e64dcd7833e8e36a12729,median,,40.27980732638247,0.9917755311008184,69.72868021823216,,,,,0.014963752999392455,,,,,,,,
set12,medium,08.png,4,0.05,"[512, 512]",2c394996c73fe787fca843f9f42014d5330dda4ad3053466b934f2c52d1c1f84,e1b0f210137124047cfa6d6db5eb311ebf1bd872e71c7f34ecbce8d731865d47,median,,30.217142844009793,0.8772085104739115,58.96899694570047,,,,,0.02004803900126717,,,,,,,,
set12,medium,01.png,4,0.05,"[512, 512]",0a372ced9fd4d1f9633532a58073e3974b41da8cfc87f04ec8e9a8dc6a89bba1,9379e76152d6d388d723e1eaa08d1618611906ad05b452f66e45fc46f2920222,median,,35.842919942137776,0.9734631098211267,66.59461546212522,,,,,0.01973118099886051,,,,,,,,
set12,medium,04.png,4,0.05,"[512, 512]",7f6baec8e072815d469acd5d149f5da86b89ef26df1895c4edde2d5758900fd0,96b121cc217c410a07c6e8b75d018b9c2d013f47489b90382de26ad622a43a5a,median,,41.29324502972584,0.9907672458381931,70.18498480677258,,,,,0.015138476999709383,,,,,,,,
set12,medium,06.png,4,0.05,"[512, 512]",aa1ae42753ac532294aa25320a62b1fb9aa4b54ad1627f3551d0532393b63c6e,5d3d90db8b69e62a740e7e86ea6a5df988b44fac6affdc46ef302b5c6eb8dce4,median,,33.68396845870416,0.9525762248663397,64.47079547266907,,,,,0.019389654000406154,,,,,,,,
set12,medium,03.png,4,0.05,"[512, 512]",ecaf4e62d02b750095b71c0828247049848c285190975276e63ef6d951b37cf4,76e43ccb10d0fd50514c324d9319b070e705fa6c949ead13598cc60431e1acd1,median,,41.194377174154795,0.9909883560712814,70.14660639064147,,,,,0.016043674999309587,,,,,,,,
set12,medium,11.png,4,0.05,"[512, 512]",17b452cc44e876adc0d3fd3607e8c9ab9e04406fa1702d436005e99db30c6108,d061e894c51d566e883b22e0983bc6c1f82e2c15c660fea833b8da2c916beea5,median,,29.047911428440585,0.8678221633956439,57.915063884002485,,,,,0.019937451999794575,,,,,,,,
set12,extreme,02.png,4,0.2,"[512, 512]",9a0925d4efea52b4b8355baab41b735118c594bada85c1650a8c929d4bedd645,c78625d61f7341c9115095ca61bc56d13277a60903cbda9e7817dcbf3fad2403,median,,31.814900371687145,0.9366115932511682,62.73802984840198,,,,,0.018425174001095,,,,,,,,
set12,extreme,10.png,4,0.2,"[512, 512]",fa9370ee1649c3bf2aa161f01d3d2575a2dedca729f26b78bd75d618679b9889,55df1265f85a4f395abe6fdb9f8d6ced6f37fabb2f2efbdcd9ad51de31f0f358,median,,27.630027841612026,0.8533136783770202,56.480697839657026,,,,,0.021169351999560604,,,,,,,,
set12,extreme,09.png,4,0.2,"[512, 512]",4b3ddbef5883a30e02120d9280c878727f5282bb054525cf3a5b0fcffb889d5c,d5200db9a81ea1ad2851337034ec180dcba65337806d6f544c91105b701dd5a8,median,,23.342787928086462,0.7594503545868246,49.64391169338447,,,,,0.022004401998856338,,,,,,,,
set12,extreme,07.png,4,0.2,"[512, 512]",154769fc48745384ec8816fc554051b0dd5f1c55071de2669c9058bf3a96574e,d658efe3236f7ef4462769d23a0c6a782ae9c9bb794297f469fb22a6a114781d,median,,28.320495584416324,0.9167351555022378,59.99700556732005,,,,,0.018958813001518138,,,,,,,,
set12,extreme,05.png,4,0.2,"[512, 512]",0a48bd94dc684e9744094acf5f9409ae1a147f367207cbcf847ffecc9506b1e3,f14c438201f32887ca2958073a99c9c4367ca05aa3996a24e4a516345d4ee79d,median,,30.408721698550636,0.942072537458159,62.30798772218327,,,,,0.01912960200024827,,,,,,,,
set12,extreme,08.png,4,0.2,"[512, 512]",2c394996c73fe787fca843f9f42014d5330dda4ad3053466b934f2c52d1c1f84,a8484a10dd4d38b8a5ac055a083f83a730aeb890ecb2fff33eb9cc1791e5eb5b,median,,27.093483797277944,0.8155233135096508,54.32290757412151,,,,,0.02125033299853385,,,,,,,,
set12,extreme,01.png,4,0.2,"[512, 512]",0a372ced9fd4d1f9633532a58073e3974b41da8cfc87f04ec8e9a8dc6a89bba1,65177135c7481be235c048926973169e2e8bf506e1b0926ab33339f39e25d3b0,median,,29.23457612017551,0.9210748885374288,60.67103248695919,,,,,0.019422534998739138,,,,,,,,
set12,extreme,04.png,4,0.2,"[512, 512]",7f6baec8e072815d469acd5d149f5da86b89ef26df1895c4edde2d5758900fd0,9bdf88a0f1a278417dd2a591efa55b88d04dfe89bd8aaa8ad24e1443228a0a94,median,,30.989342908147172,0.9449407375205521,62.74170833010119,,,,,0.018815716000972316,,,,,,,,
set12,extreme,06.png,4,0.2,"[512, 512]",aa1ae42753ac532294aa25320a62b1fb9aa4b54ad1627f3551d0532393b63c6e,3d987315aa538246f5a208b6d41f81eab45d6f505e0a6f7243927c5ad7a0fe40,median,,28.144220736332688,0.9010879022984382,59.12650548308825,,,,,0.020836778001466882,,,,,,,,
set12,extreme,03.png,4,0.2,"[512, 512]",ecaf4e62d02b750095b71c0828247049848c285190975276e63ef6d951b37cf4,aad7e4eba1d0a55ac4a983788b73e9e5a66f24a767e26e93e98c74ddff8dd54a,median,,30.807479340282473,0.940757089685208,62.441594154401635,,,,,0.01934294999955455,,,,,,,,
set12,extreme,11.png,4,0.2,"[512, 512]",17b452cc44e876adc0d3fd3607e8c9ab9e04406fa1702d436005e99db30c6108,76b80ddc8c4f96ba7c3331b18a0331e1aa705a7e327f7bf24342319ad0898b04,median,,26.033932572711926,0.8141816446181145,53.72604851726169,,,,,0.021187458998610964,,,,,,,,
set12,moderate,02.png,4,0.03,"[512, 512]",9a0925d4efea52b4b8355baab41b735118c594bada85c1650a8c929d4bedd645,d879986baaf42190982449d59dd5553d540eb63dbc7567ea488c75632114b5ac,median,,46.24505321969551,0.9917065474615604,72.70785398292577,,,,,0.01371474500047043,,,,,,,,
set12,moderate,10.png,4,0.03,"[512, 512]",fa9370ee1649c3bf2aa161f01d3d2575a2dedca729f26b78bd75d618679b9889,434ac8f246e81cbe180927267d40fe66e3454116170de134fb46d837087c066b,median,,31.719422671885148,0.9123993712234929,61.47967989711722,,,,,0.019843673000650597,,,,,,,,
set12,moderate,09.png,4,0.03,"[512, 512]",4b3ddbef5883a30e02120d9280c878727f5282bb054525cf3a5b0fcffb889d5c,197f65e812b0eeb2cf91510c2b107e0d658adcb343eaa673a6289fbe2bc4596e,median,,25.077478306637108,0.8167181344689685,53.37464587676698,,,,,0.01956392800093454,,,,,,,,
set12,moderate,07.png,4,0.03,"[512, 512]",154769fc48745384ec8816fc554051b0dd5f1c55071de2669c9058bf3a96574e,b36e158819d385dc062ac7799786f1c8f4d46446b333738c6e5fa3718cffe970,median,,33.76657040534014,0.9674220758633549,65.25438899583781,,,,,0.015650170000299113,,,,,,,,
set12,moderate,05.png,4,0.03,"[512, 512]",0a48bd94dc684e9744094acf5f9409ae1a147f367207cbcf847ffecc9506b1e3,114a2e420e0ad99810e3e866c2b4386ab515991bfd7c5db3c2eb96d637d19c5b,median,,41.73295251163921,0.993311326510328,70.53204258133601,,,,,0.014394786001503235,,,,,,,,
set12,moderate,08.png,4,0.03,"[512, 512]",2c394996c73fe787fca843f9f42014d5330dda4ad3053466b934f2c52d1c1f84,f41575c24a908e64f17f53ab3e3de05a585eca0546392a462de5fb0793ed1ce6,median,,30.449892535050218,0.8804565837407345,59.24777545456183,,,,,0.019760373999815783,,,,,,,,
set12,moderate,01.png,4,0.03,"[512, 512]",0a372ced9fd4d1f9633532a58073e3974b41da8cfc87f04ec8e9a8dc6a89bba1,8022eb92cc13c07829c548cf238b714175cd922f1b59a9ef093b7a962ea44eae,median,,36.3602068034922,0.9749304453050665,66.92662566699943,,,,,0.016581977000896586,,,,,,,,
set12,moderate,04.png,4,0.03,"[512, 512]",7f6baec8e072815d469acd5d149f5da86b89ef26df1895c4edde2d5758900fd0,558b3a110914cdad728ad09d50eba68d5001d3cabe99f29756fe4a3478144a26,median,,42.46970574186556,0.9921143353244977,70.84056963715766,,,,,0.014833114999419195,,,,,,,,
set12,moderate,06.png,4,0.03,"[512, 512]",aa1ae42753ac532294aa25320a62b1fb9aa4b54ad1627f3551d0532393b63c6e,0e78536a56147ba906c487c61e6164992aafc64d24893e1e756d7777e6184f16,median,,33.93441025406934,0.954434536446134,64.68893194934137,,,,,0.019235126001149183,,,,,,,,
set12,moderate,03.png,4,0.03,"[512, 512]",ecaf4e62d02b750095b71c0828247049848c285190975276e63ef6d951b37cf4,d9a7aa26403306264e3dab31bb083178514a9ce2d7e31938922d1ea09f35d416,median,,42.86737060077627,0.992223993925138,71.04488499664504,,,,,0.015004082000814378,,,,,,,,
set12,moderate,11.png,4,0.03,"[512, 512]",17b452cc44e876adc0d3fd3607e8c9ab9e04406fa1702d436005e99db30c6108,4f6af6012acab1aca32e1626772dece3f447b16d814b44a65374637178964709,median,,29.28154765544371,0.870916532062902,58.18660043086696,,,,,0.019668647000798956,,,,,,,,
set12,low,02.png,4,0.01,"[512, 512]",9a0925d4efea52b4b8355baab41b735118c594bada85c1650a8c929d4bedd645,5a06d5c62acf1b36874d17fbb7c8fbcf1bfa1a90a72f48c16e827f3f6067b418,median,,47.42321476030361,0.9923840825349886,73.33081150690123,,,,,0.016887042000234942,,,,,,,,
set12,low,10.png,4,0.01,"[512, 512]",fa9370ee1649c3bf2aa161f01d3d2575a2dedca729f26b78bd75d618679b9889,fe06adf3c895b40fb6b5a15eaf684dfca16946f6169b38d893ed18d3aef8cf92,median,,31.897244629501866,0.9146078876176088,61.679016695631375,,,,,0.019704771000760957,,,,,,,,
set12,low,09.png,4,0.01,"[512, 512]",4b3ddbef5883a30e02120d9280c878727f5282bb054525cf3a5b0fcffb889d5c,bf4e02197794a0e21fbe08f301c6e1a7f1d9ff3ad8f7a4b371f0e200d7cb39b1,median,,25.199377943198918,0.8200195057778826,53.60066426049359,,,,,0.018832757999916794,,,,,,,,
set12,low,07.png,4,0.01,"[512, 512]",154769fc48745384ec8816fc554051b0dd5f1c55071de2669c9058bf3a96574e,bebd5b94e7c8cd5e3c45a4c02eeb5c2f8901ef456e75534811f5ac6a29a3fac0,median,,34.03047189419412,0.9684916641823781,65.43981915621598,,,,,0.01494791499862913,,,,,,,,
set12,low,05.png,4,0.01,"[512, 512]",0a48bd94dc684e9744094acf5f9409ae1a147f367207cbcf847ffecc9506b1e3,166ad95c58f0c06dd2685ab4d5020f880563f9a5058e35aa36901da12704efa6,median,,43.176158064069895,0.9944500085692032,71.3105794604951,,,,,0.015807075998964137,,,,,,,,
set12,low,08.png,4,0.01,"[512, 512]",2c394996c73fe787fca843f9f42014d5330dda4ad3053466b934f2c52d1c1f84,66926c0920534e26b939a5d9f0556865f11d7abe2870967adce74daa613116e0,median,,30.59881692486769,0.8830271070478471,59.4507638148262,,,,,0.02015358900098363,,,,,,,,
set12,low,01.png,4,0.01,"[512, 512]",0a372ced9fd4d1f9633532a58073e3974b41da8cfc87f04ec8e9a8dc6a89bba1,44e11976558cb007c81a668559ae9107fdef12040d6bf3409d86e01b32bb629b,median,,36.74871412029332,0.9760125384320513,67.17498398174922,,,,,0.021868902000278467,,,,,,,,
set12,low,04.png,4,0.01,"[512, 512]",7f6baec8e072815d469acd5d149f5da86b89ef26df1895c4edde2d5758900fd0,ecca96323697cb95c9b9c67fa33692a63a0bcc03cbf07eb1f49bfa5e122f8d4d,median,,43.65190565756425,0.993363705433405,71.49413810045237,,,,,0.01346066900077858,,,,,,,,
set12,low,06.png,4,0.01,"[512, 512]",aa1ae42753ac532294aa25320a62b1fb9aa4b54ad1627f3551d0532393b63c6e,17094acf9de65d3df3665b52428f406b7e9029614715969875e5da956e308411,median,,34.625084154200614,0.9559484011333741,65.10996213376902,,,,,0.018642073000592063,,,,,,,,
set12,low,03.png,4,0.01,"[512, 512]",ecaf4e62d02b750095b71c0828247049848c285190975276e63ef6d951b37cf4,2d3e27d6769c28d88fcabbfa79deb4e13ee1277e06787f8cfec414322f383aed,median,,44.505409234649285,0.9931376480290176,71.90958701877553,,,,,0.014111630000115838,,,,,,,,
set12,low,11.png,4,0.01,"[512, 512]",17b452cc44e876adc0d3fd3607e8c9ab9e04406fa1702d436005e99db30c6108,4d79c36b74d775043c078b1a3b12fac535b38d23f700cf6d0a06dba47d86941f,median,,29.464932734631084,0.873484972635374,58.406714999084244,,,,,0.020009617999676266,,,,,,,,
set50,high,19.gif,0,0.1,"[512, 512]",d17c7663feb48c0fe318904421cb04ec7e850a109d952f66a49ac464a4176a1e,b36a0e2777a4778ee716a1dfe989dd541a6b3d7c5af5fd33a1b733957ca06fd4,aswmf,,32.027220498028214,0.9598786636348232,64.00754343075528,,,,,0.019359394998900825,8.0,8.0,NLM_fast_cuda_global,,,,,
set50,high,22.gif,0,0.1,"[512, 512]",dfe4f6c6370dbe0651bccc46e98ac3b787e8c63a3a37fb138fe6c81f3e32edd4,455a61e743daec9940c17a770102e9f6d8150016e197a7b40ba5ed8b526bdc6d,aswmf,,31.293830145990192,0.9611898831210098,63.70640922904559,,,,,0.01865570299924002,8.0,8.0,NLM_fast_cuda_global,,,,,
set50,high,10.gif,0,0.1,"[512, 512]",e233b9bc584bbcbbdcbcbf3674e9c18c92aff37cf54afeec01dc2e7dc1811878,40725b43529bab17a6c41cf7934a73bda5b434a8803e87e4fc1465424cfe2303,aswmf,,34.57209458493481,0.9779156497998404,66.18182978245942,,,,,0.01890190599988273,8.0,8.0,NLM_fast_cuda_global,,,,,
set50,high,14.gif,0,0.1,"[512, 512]",83fe92c5398701971c09c467a97dc4bfdb94eb4b3ded548d26e5e7fcf62e4d2a,6b7ebb5297b454e99889eaa9e3c4e7c51d253902665731705f49dc1a7a3fe113,aswmf,,27.472297637089966,0.9388048381550242,60.6763907262962,,,,,0.018560488000730402,8.0,8.0,NLM_fast_cuda_global,,,,,
set50,high,5.gif,0,0.1,"[512, 512]",49db903e1a87a0044a734fb77708aad9985011bc9ee9fb379099de1b4e946109,e06f2bc488a0ff103329561f1b985093b78f631466c577b7e6aeacf6ec8eefe8,aswmf,,37.203903247644476,0.9713564957035363,67.16977640899906,,,,,0.018587320002552588,8.0,8.0,NLM_fast_cuda_global,,,,,
set50,high,44.gif,0,0.1,"[512, 512]",f968969e97bf6f8f47fd5940af0bd7481b61f2df6d5d553882b8938123b37289,ec7bcd577aab4cb2bedb2657569a7b495db193526b6667e04b6672396e29b078,aswmf,,19.713378599083963,0.8517020114241922,52.44178987075159,,,,,0.022220068000024185,8.0,8.0,NLM_fast_cuda_global,,,,,
set50,high,42.gif,0,0.1,"[512, 512]",f9b953242d46fc204da43e46262ac3754e9428050546213f592efb0fb7398f12,d0610cf35e287c81eb1f642f3b1f542f30070d26d13b0067e7baf4d73663ef18,aswmf,,26.50725834217411,0.9542825034388103,60.96775434302757,,,,,0.019358408000698546,8.0,8.0,NLM_fast_cuda_global,,,,,
set50,high,38.gif,0,0.1,"[512, 512]",e39779dc60dbc76330293a5fdb44dfabe4d22433c36132e18afcf31a515217b4,b024231c1c516936430ae7117c8c77dd3ee6a417718598f0b9968ffc86f3b5f5,aswmf,,35.79263592806804,0.9676854772247458,66.2805918252713,,,,,0.018916247998276958,8.0,8.0,NLM_fast_cuda_global,,,,,
set50,high,48.gif,0,0.1,"[512, 512]",9b261d731fc3d639b0cc3dac391980b0c49dd558b24b95a14bb3f3eb9f3569d0,f7e02ffabb7c26975ac77d2ba941fa8dfff992fc0d3c3a52904286975a396ab4,aswmf,,34.68127599172679,0.9724227873832569,65.96177736502625,,,,,0.018381985002633883,8.0,8.0,NLM_fast_cuda_global,,,,,
set50,high,17.gif,0,0.1,"[512, 512]",6f8a02e1689062bed722742a554760dd74359b35fc8b969bab8beed8e59421a0,e7c516b92404f02e0645aab2369f6d006b10771e2148c9e3305e1e93828f5d9b,aswmf,,26.830153926006872,0.8804202911635935,57.436091521183116,,,,,0.021502802999748383,8.0,8.0,NLM_fast_cuda_global,,,,,
set50,high,0.png,0,0.1,"[512, 512]",0a372ced9fd4d1f9633532a58073e3974b41da8cfc87f04ec8e9a8dc6a89bba1,5c64fdfe33f4ceb5a47428c2edc3ca4f989b1078a7da5d038a7aac327de869fd,aswmf,,35.273286003038336,0.9793927136181982,66.60627868242908,,,,,0.01886036299947591,8.0,8.0,NLM_fast_cuda_global,,,,,
set50,high,16.gif,0,0.1,"[512, 512]",2d68b31ae4d4c10bc0e60742ba3064c10d62113ffb3ca9a7c14b80e40b0e6170,6ca2d5d1195f31115e9e15bd7978d65bde8735913f5134a99256e529c86a3d8a,aswmf,,27.268392722060504,0.8970277747302726,58.48558509754389,,,,,0.020565822000207845,8.0,8.0,NLM_fast_cuda_global,,,,,
set50,high,32.gif,0,0.1,"[512, 512]",c3cc3fb5da093d47d6808c6219ed907c3e69ab01954b1b929a8739cbbcc26493,810d3fc722ad3d6be42c77a540abbe450d08f86c4c996feebc699bf3e2187fb0,aswmf,,24.625590800920282,0.7783484201438304,51.23021640765166,,,,,0.025390899998456007,8.0,8.0,NLM_fast_cuda_global,,,,,
set50,high,30.gif,0,0.1,"[512, 512]",b1cccc0e8d64bae511f9cd0c5596628364bd1e09c90c5e793604a1f7a55f642f,8f3d6ba7eafb9220ec09f0fc23d98c4362582f25fe465748fde08df029299774,aswmf,,32.72429490262195,0.9562422413043755,64.17425951652976,,,,,0.018616050998389255,8.0,8.0,NLM_fast_cuda_global,,,,,
set50,high,43.gif,0,0.1,"[512, 512]",443801cafadb33c7829b313f4efd834e70cc313567a260dd2b5554dc7ee6be98,f9f8d19328bf1d7475a95984514a389b0136e60eba80c85712e9c05f9a967619,aswmf,,32.850968858029205,0.9693433734057118,64.89265309930019,,,,,0.018893144999310607,8.0,8.0,NLM_fast_cuda_global,,,,,
set50,high,47.gif,0,0.1,"[512, 512]",9005ddf994846f88305becd36c72a046818a094c026c69a8106c34b34a31a8fe,5e23fe352e87a835d6f7372654af688603bdc568b1d6edc31757a6b71ff6f072,aswmf,,29.69960804703101,0.9542081452197709,62.56021128450405,,,,,0.018711663997237338,8.0,8.0,NLM_fast_cuda_global,,,,,
set50,high,25.gif,0,0.1,"[512, 512]",30838b6c4e963b60da10cc6158a119a7052a4ffa1ebdcc87bcf0054f681427c6,2539e5cf1bcc6130b9238ebc011a1069fdfddd7401c69aa83c14b2efb244dee4,aswmf,,36.74255422900611,0.9639474644087774,66.56865033494192,,,,,0.01989571100057219,8.0,8.0,NLM_fast_cuda_global,,,,,
set50,high,7.gif,0,0.1,"[512, 512]",5e3769e24988284e1036ce844ee8e0f11dbe28fe111f6a962e37864dc34b60dc,bfb32fd0573f98e26541bf24de61f68beccaeb66008181d1d775350c1789035f,aswmf,,27.134246921640607,0.9453805896871093,60.83615294517577,,,,,0.01907725600176491,8.0,8.0,NLM_fast_cuda_global,,,,,
set50,high,15.gif,0,0.1,"[512, 512]",51e2066df33af18b47bcd356b17c6cdf04f2a5fd219ace410fcabb06698c6c71,bf8b02c350afda2a086d62f94ecfc2be823c619bb2256328323737766f031044,aswmf,,29.895261745815425,0.9427182658622442,62.08354416601992,,,,,0.02892078200056858,8.0,8.0,NLM_fast_cuda_global,,,,,
set50,high,41.gif,0,0.1,"[512, 512]",1569598ab7f33ee44bcf70502565ffcd7528912a2c13cd1977fe64573770f1e6,70ff830e123ba0b8a56a22fa8d8361dd52e6efc94cce0dc0117077a8d211d455,aswmf,,33.72900864164818,0.9642120880462413,65.07510872313615,,,,,0.01824298200153862,8.0,8.0,NLM_fast_cuda_global,,,,,
set50,high,6.gif,0,0.1,"[512, 512]",ca956c8aa0ec2de8bd2e4d7545c7f969215d4f7f65cb72ee9d31cb17df0033b6,91c0d484c15597d9172a55a9609dcaaab6020d9ca89b915718e7c130aa54ed16,aswmf,,31.047589520566564,0.9409156536823873,62.56957744440265,,,,,0.020159940999292303,8.0,8.0,NLM_fast_cuda_global,,,,,
set50,high,21.gif,0,0.1,"[512, 512]",74d2fa3fc2447fd331660c09f2f468f3cce983dc347509d32564e992fdebaf9a,93925f5a9a6755a73923c2bef7adff8c2bdab08e8e089892c36ace4313afb948,aswmf,,34.32184130167893,0.9645901818089658,65.39042974128776,,,,,0.02418293400114635,8.0,8.0,NLM_fast_cuda_global,,,,,
set50,high,27.gif,0,0.1,"[512, 512]",bc7a1c1300b1b1bda264e18fbde62fa845194fac5839cb705a788c6ac331f517,144439eafed501fe7aa53d4e6967a995d40da47c2ef83b7b5e02b718dafccd80,aswmf,,30.383588197533605,0.9703379472780074,63.708691462667176,,,,,0.0194651679994422,8.0,8.0,NLM_fast_cuda_global,,,,,
set50,high,46.gif,0,0.1,"[512, 512]",14cdebcd7b2b9e534cc9717933df6ccb4861289237cde90700810e2e6e2e245f,f9ffe1409fcf91d55fa900020b1f0f613dd8b50d40a2f9d090f6f53caa03f076,aswmf,,30.299902861429764,0.9507005054536928,62.68497670339953,,,,,0.01952223199987202,8.0,8.0,NLM_fast_cuda_global,,,,,
set50,high,20.gif,0,0.1,"[512, 512]",c3a4da195ffc62103521cd979723e50840fe46cfd989b567c826985f8b23dcf4,bd08cc1fb18acc1d47463e9c075d7d5d446aa4ae53b1672824ff6a737dc1f69d,aswmf,,31.989573293151054,0.952617830072009,63.62567815017597,,,,,0.018829747999916435,8.0,8.0,NLM_fast_cuda_global,,,,,
set50,high,2.gif,0,0.1,"[512, 512]",b101b795e2638a1e9dbdaa513bdc8be6090aed4d6ac294b155e5f3a2c7c0bb80,13d3b6b9e05ddc640a63ea227d1f32df0b4e453f33794f15001a41ae53644828,aswmf,,36.21720480969442,0.9688525835359479,66.5512315816446,,,,,0.018339677999392734,8.0,8.0,NLM_fast_cuda_global,,,,,
set50,high,40.gif,0,0.1,"[512, 512]",911cad3f1d559f196f94ed9e80a9602969b74319acb1d70da238efdb48af38e2,d5f4e4babce2a4896b57ee8a524799a4a612a77617adc6237c295f1b8268313a,aswmf,,39.871224826654775,0.9756285991732297,68.71704237198888,,,,,0.018142926001019077,8.0,8.0,NLM_fast_cuda_global,,,,,
set50,high,31.gif,0,0.1,"[512, 512]",33781418a1e6e85521011be7d450b002a8f8a8f1ba68a79c1219f3b3ba59b160,85c7dd0dbdad648e1bc43c9d6bbf15a1baffa81644e4a28e665df8f4296b38c0,aswmf,,25.757945734141593,0.8994816564496403,57.85305568955282,,,,,0.021035814999777358,8.0,8.0,NLM_fast_cuda_global,,,,,
set50,high,29.gif,0,0.1,"[512, 512]",1eeb76c0386fbcd563a08eb25bbeffde427bdc62658e4bcc02c8aafbf733f219,a7c813ed42caac8cc5e59ba0b313601fb3411f9081c2c98c849a0f386c717927,aswmf,,28.25571405441393,0.8848294677019626,58.369330412305096,,,,,0.02276821200211998,8.0,8.0,NLM_fast_cuda_global,,,,,
set50,high,33.gif,0,0.1,"[512, 512]",7a10c4eca50167d8d459c2505f2b0f21cfb399e7b01adccaa0422695496c2e72,0b9b79cc55914de4df60ffdc521344bb95f073f3bbae4f345c20bb3d16868469,aswmf,,31.80120039382984,0.9497909607611968,63.39014823497477,,,,,0.019079875000898028,8.0,8.0,NLM_fast_cuda_global,,,,,
set50,high,24.gif,0,0.1,"[512, 512]",b8f6ebed7641854cd23e807c2f78d350f1373b2fe7f96e6ea18f8531797fbc3a,933931a3c3cf3e69d505146c4f660b276aa0eb49b9bdfff9b8e7b90470c69978,aswmf,,35.61298527642212,0.9667663554979571,66.14481041310891,,,,,0.019238701001086156,8.0,8.0,NLM_fast_cuda_global,,,,,
set50,high,3.gif,0,0.1,"[512, 512]",e3e2313cc250162bd613776c7b0063891d9d56b3576c9808ac5c8c0e7e8fcb8d,735ba2525df2e7b6a619ada7a3ef29d9102198e0392841695017c0dd0b5ee365,aswmf,,32.957322945629954,0.9586435096108088,64.41083695335541,,,,,0.01944430199728231,8.0,8.0,NLM_fast_cuda_global,,,,,
set50,high,1.gif,0,0.1,"[512, 512]",95f21dff4cd5a318a519cb05a1e35fb41f49c007ca46345fd6917258be8d9d73,3c777b4aafc995f531dbb45a128a3eae2ac912519ef53a690559aa448818fa5c,aswmf,,32.66880412188789,0.9700494806906146,64.83687609547468,,,,,0.01883049900061451,8.0,8.0,NLM_fast_cuda_global,,,,,
set50,high,23.gif,0,0.1,"[512, 512]",05918015ae96873f255fec3e75ace895a76214abbeffdbfff55b5cf6214224c6,5f89d28e00ddcbb3c400744e705cf34f0576d46a30918f8130ebe8b81f0dbd6b,aswmf,,37.90859610057038,0.9778509395021446,67.84684502539241,,,,,0.01936915000078443,8.0,8.0,NLM_fast_cuda_global,,,,,
set50,high,35.gif,0,0.1,"[512, 512]",353590d221e21b53b97858fbc575a2320a10336f21bbed5dd461fa942bab100f,7fd0001b7f292822b216f02c457dbcecd3cc83fe14deb66f3451f8f3ef72671e,aswmf,,34.92252476734199,0.9704221570839285,65.98237023786743,,,,,0.018366106996836606,8.0,8.0,NLM_fast_cuda_global,,,,,
set50,high,36.gif,0,0.1,"[512, 512]",99a41bcc709d43204ca0f73a6593656300237e5367043081c5065ca77d5e3628,ff4228673bf5f8b1cc0996ca7aebcbc4b4745a91c7d8bae3aa2dd541df188359,aswmf,,31.30207132380562,0.9520785809149463,63.254964707650124,,,,,0.018684515001950786,8.0,8.0,NLM_fast_cuda_global,,,,,
set50,high,26.gif,0,0.1,"[512, 512]",3efcc155fe7f35f9428c0536c9c1dc2b826188d5f0a5b0a90ecbf681233221e2,82c2e5bf1fd025c58e0731a894ed6f185e49d9f6da055c0ddcccab37d1acaf68,aswmf,,37.583624178947986,0.9715731848815239,67.37047133355019,,,,,0.018311648000235436,8.0,8.0,NLM_fast_cuda_global,,,,,
set50,high,37.gif,0,0.1,"[512, 512]",74881a36c4896c931da56c784ac35afb478dc71ae7af27894deeb074f83e518a,6711e4fc698c6f6b88662c31c7011be6475f79e420b41957137edbe48c02cc84,aswmf,,34.42508029332258,0.9532054694782985,64.87281362057621,,,,,0.018253002999699675,8.0,8.0,NLM_fast_cuda_global,,,,,
set50,high,13.gif,0,0.1,"[512, 512]",c34b796bde09761f5bc3c358f20b72f49e020580ed0a76d5456c61f0da4499eb,b23b2328bee24b6db72c9714ba291238b97ab3df260f49344564758f266b6c76,aswmf,,32.95949305735914,0.9708482068524403,65.02215687130159,,,,,0.022488096999950358,8.0,8.0,NLM_fast_cuda_global,,,,,
set50,high,28.gif,0,0.1,"[512, 512]",f509179793e6551fbec77f8fdd91e45d53d2dd6e0a87394377c4bb4c52eb9a43,d1611978754e5fc4a32fa267275458c29f71665a67a3d6e772e5a8d97a888b76,aswmf,,35.955597699444546,0.9656759152605134,66.26159461274794,,,,,0.018713616002060007,8.0,8.0,NLM_fast_cuda_global,,,,,
set50,high,9.gif,0,0.1,"[512, 512]",8b76cd61996084e7d23b9f638b4d32839d9f6ac7965ef9b585f78bdbdaff16b3,bf30a7802fc17f31bf72e321b90d3ed5f0390b5768e85c9c5499096eb9fcde3e,aswmf,,29.857478178582987,0.9524958584691334,62.553532012748164,,,,,0.01971590399989509,8.0,8.0,NLM_fast_cuda_global,,,,,
set50,high,18.gif,0,0.1,"[512, 512]",539caf0cced15a86b729848a1a182b75776a621cf01b5e9a62085f53b86f3407,57502a7add237e5d5309882c717ca9c474cb1f376e21798057c8e0f71c0150ec,aswmf,,25.004794344365294,0.922482134142201,58.6265038792927,,,,,0.01949942099963664,8.0,8.0,NLM_fast_cuda_global,,,,,
set50,high,49.gif,0,0.1,"[512, 512]",8311e02cd6238d6e74f6a9bf6fa5c250d748ceec5882a86242e2452c587cdf2b,16522de1ffa2356a43b6b1339c41f1a31b67ef45f92c4bb401a90a78555d2b30,aswmf,,17.780237072658053,0.8330044614357374,50.540341608115895,,,,,0.024901728000259027,8.0,8.0,NLM_fast_cuda_global,,,,,
set50,high,4.gif,0,0.1,"[512, 512]",fd89b9bfe327e11c7cfbc851fff026261f2c33ef17edc9373682def6616fdc4f,3c0d019d5056b98dbdd01251831763caa26e55b8875f2444b402a81535401593,aswmf,,35.68331520359675,0.9630976829321077,65.99654174840376,,,,,0.01857592599844793,8.0,8.0,NLM_fast_cuda_global,,,,,
set50,high,8.gif,0,0.1,"[512, 512]",fd53a01b9f6a3a02a5408efee91cfa235b1325372804d49874a677719089b14e,22ebb86ce1395a6ea03d541a188eef6e92c3804779678fd6b9d986ea4a3704f1,aswmf,,35.87073084073271,0.9724366062226498,66.55719573149885,,,,,0.019852088000334334,8.0,8.0,NLM_fast_cuda_global,,,,,
set50,high,39.gif,0,0.1,"[512, 512]",e43557540646572e4a7b69124c49ff2c37c4d1695507c5d64a44d09a5043958e,2cd48e49bed02f86e876dc092a5fe09f97580929bf9971223e5d235b9fc21e5d,aswmf,,38.51834314984498,0.978938873251895,68.20611523751724,,,,,0.019118331001664046,8.0,8.0,NLM_fast_cuda_global,,,,,
set50,high,12.gif,0,0.1,"[512, 512]",3c3ec23125fea9974f2e94c0d93a534edf2ec60d33b6af79f9a60fef58295de4,c499ec126eb1d4bd4772ea5064bf8c5aec9aedea33c962227fa457abfe5821f2,aswmf,,32.07424391939876,0.9487481867882895,63.47453129911386,,,,,0.02139437000005273,8.0,8.0,NLM_fast_cuda_global,,,,,
set50,high,45.gif,0,0.1,"[512, 512]",72644242bceb1596c04ab4ddde11989c7aa206ee2094402fadeac9f9c500d55a,1c77a0ba17abe22ce790d8efab4ac203a1f91fa751c993883c8b6bb7b35b8ec7,aswmf,,33.63662030844629,0.9691628205937911,65.2764511839127,,,,,0.019265544000518275,8.0,8.0,NLM_fast_cuda_global,,,,,
set50,high,11.gif,0,0.1,"[512, 512]",b12e0216f269d1ad8f5dfe769baf0fb60142ab5235a6d1d62707dc52ca591071,9cf4a3983f4c78b315b6e3696a2902c630e21959314e7d5ba80f4b5e3a698a9f,aswmf,,25.86719351904053,0.9381579088412634,59.841492201583435,,,,,0.019981408999228734,8.0,8.0,NLM_fast_cuda_global,,,,,
set50,high,34.gif,0,0.1,"[512, 512]",42a4b02f48b536770f4d42c1c4884a5b2a4a662af62778249a90a16c1d9f5398,aeee58b67027a3d070fc355f6fa808729e4818e31921fdad3e72e016da9f0e59,aswmf,,33.15177283892798,0.9609672939848726,64.62425111870762,,,,,0.01813402299740119,8.0,8.0,NLM_fast_cuda_global,,,,,
set50,medium,19.gif,0,0.05,"[512, 512]",d17c7663feb48c0fe318904421cb04ec7e850a109d952f66a49ac464a4176a1e,ab0f62ff71690b1f079d2442492232894b3d5cb0bd28f2a635a0154933a3ad9c,aswmf,,32.0135258100345,0.9569539031771374,63.85445806387412,,,,,0.0179319070011843,8.0,8.0,NLM_fast_cuda_global,,,,,
set50,medium,22.gif,0,0.05,"[512, 512]",dfe4f6c6370dbe0651bccc46e98ac3b787e8c63a3a37fb138fe6c81f3e32edd4,620f2e4a57fed79f61ab777b3e184c38652054c24847572fdb76c0001885adc8,aswmf,,30.99238008873985,0.9556718092808255,63.2797805084112,,,,,0.02803946200037899,8.0,8.0,NLM_fast_cuda_global,,,,,
set50,medium,10.gif,0,0.05,"[512, 512]",e233b9bc584bbcbbdcbcbf3674e9c18c92aff37cf54afeec01dc2e7dc1811878,bf39e4c2af1601555be9f4f79c87f5f72e4d70b0d0c6fbe349afddc726c4b64a,aswmf,,35.792604017100984,0.9831688512018592,67.05474456864346,,,,,0.01634029799970449,8.0,8.0,NLM_fast_cuda_global,,,,,
set50,medium,14.gif,0,0.05,"[512, 512]",83fe92c5398701971c09c467a97dc4bfdb94eb4b3ded548d26e5e7fcf62e4d2a,15c8aaec04915b3a2e6edfedfb300a609784bb53adf334bf8a8dfad53fca7e0e,aswmf,,27.514684506071163,0.9384790735167802,60.68129592887459,,,,,0.018234461998872575,8.0,8.0,NLM_fast_cuda_global,,,,,
set50,medium,5.gif,0,0.05,"[512, 512]",49db903e1a87a0044a734fb77708aad9985011bc9ee9fb379099de1b4e946109,c2224edd221ea21c84e5117528a8db3adfc3696f14b7d240e12cc2d0730553af,aswmf,,36.921788274814894,0.9664199745097967,66.78189286289728,,,,,0.01794147299915494,8.0,8.0,NLM_fast_cuda_global,,,,,
set50,medium,44.gif,0,0.05,"[512, 512]",f968969e97bf6f8f47fd5940af0bd7481b61f2df6d5d553882b8938123b37289,b3d71aafdd8875b49cb64bc4e793cabad947e6ab2f446605040bc133a31cd1d0,aswmf,,19.815883251487396,0.8531306600378272,52.56447462763506,,,,,0.019163781000315794,8.0,8.0,NLM_fast_cuda_global,,,,,
set50,medium,42.gif,0,0.05,"[512, 512]",f9b953242d46fc204da43e46262ac3754e9428050546213f592efb0fb7398f12,6e3b11e5a5fc79d6e322f09ce90be37d3ffe0078940e736dc490e04f24ae9a34,aswmf,,26.807406463212494,0.9606040994699074,61.433908205101616,,,,,0.017207055001563276,8.0,8.0,NLM_fast_cuda_global,,,,,
set50,medium,38.gif,0,0.05,"[512, 512]",e39779dc60dbc76330293a5fdb44dfabe4d22433c36132e18afcf31a515217b4,2e0bec2731efda949bbf711f73c2cbc227dfc6737900f9055cfc90cf3cdf2fde,aswmf,,36.110716878666224,0.9675288612714558,66.4318015029059,,,,,0.01737620899984904,8.0,8.0,NLM_fast_cuda_global,,,,,
set50,medium,48.gif,0,0.05,"[512, 512]",9b261d731fc3d639b0cc3dac391980b0c49dd558b24b95a14bb3f3eb9f3569d0,a747073b330968ee1aae040e4dc878fcf916f0a11f16fe05636a80b9fc875feb,aswmf,,36.04226566719711,0.9786228209420401,66.95227388070056,,,,,0.016236753001066973,8.0,8.0,NLM_fast_cuda_global,,,,,
set50,medium,17.gif,0,0.05,"[512, 512]",6f8a02e1689062bed722742a554760dd74359b35fc8b969bab8beed8e59421a0,6af0ecd76919ca281da513ca27a3a90b46d370abb3eb6578013f06f4b900ca86,aswmf,,27.417028595159362,0.8898835523638076,58.20269191577006,,,,,0.01976071099852561,8.0,8.0,NLM_fast_cuda_global,,,,,
set50,medium,0.png,0,0.05,"[512, 512]",0a372ced9fd4d1f9633532a58073e3974b41da8cfc87f04ec8e9a8dc6a89bba1,95660ff47115848bd895ed7581195e91c2ab4a1746122ef36b82c4d90108493b,aswmf,,36.58795131710842,0.9827115261787567,67.42955196749205,,,,,0.016602588000750984,8.0,8.0,NLM_fast_cuda_global,,,,,
set50,medium,16.gif,0,0.05,"[512, 512]",2d68b31ae4d4c10bc0e60742ba3064c10d62113ffb3ca9a7c14b80e40b0e6170,7455aaabfc63093d044293a592276a820637f19bca9681cbe7c6ff4252ab18b7,aswmf,,27.35484001718296,0.8946010051780492,58.407470267493935,,,,,0.0185521269995661,8.0,8.0,NLM_fast_cuda_global,,,,,
set50,medium,32.gif,0,0.05,"[512, 512]",c3cc3fb5da093d47d6808c6219ed907c3e69ab01954b1b929a8739cbbcc26493,d2e3e8ae3b57d5960df96ffa19753233b3b3181989f99a93fa4b43c98c09e669,aswmf,,25.222858695217205,0.8015732781297519,52.6900932540962,,,,,0.022679690999211743,8.0,8.0,NLM_fast_cuda_global,,,,,
set50,medium,30.gif,0,0.05,"[512, 512]",b1cccc0e8d64bae511f9cd0c5596628364bd1e09c90c5e793604a1f7a55f642f,50942175cdb95f83dc200d5959fee5536d4754b54986e42ca9e7c656cbeb2d35,aswmf,,32.71802579423502,0.9524186070074375,63.97994324748939,,,,,0.016763913999966462,8.0,8.0,NLM_fast_cuda_global,,,,,
set50,medium,43.gif,0,0.05,"[512, 512]",443801cafadb33c7829b313f4efd834e70cc313567a260dd2b5554dc7ee6be98,0f28e2bbe65b808a1ad16efa6f1a2414cb8e1679bad1f815c763acec68cff608,aswmf,,34.11034698490188,0.9759271927311696,65.85153312900943,,,,,0.017065121999621624,8.0,8.0,NLM_fast_cuda_global,,,,,
set50,medium,47.gif,0,0.05,"[512, 512]",9005ddf994846f88305becd36c72a046818a094c026c69a8106c34b34a31a8fe,f0b3f05cda30a32f8298ccca20c4e29bcc50c140242aed6be8d436ed2cbce168,aswmf,,30.635321541318177,0.9630401237698479,63.46966695915148,,,,,0.016374109000025783,8.0,8.0,NLM_fast_cuda_global,,,,,
set50,medium,25.gif,0,0.05,"[512, 512]",30838b6c4e963b60da10cc6158a119a7052a4ffa1ebdcc87bcf0054f681427c6,c89a7c0b0f09eb3263a9d11fe8efddbb4c1176dcd1ec6708e3bfd021c89ed096,aswmf,,36.68270692271547,0.9601078540363552,66.3467461631755,,,,,0.018999969999640598,8.0,8.0,NLM_fast_cuda_global,,,,,
set50,medium,7.gif,0,0.05,"[512, 512]",5e3769e24988284e1036ce844ee8e0f11dbe28fe111f6a962e37864dc34b60dc,0b7b6c2421211e0fc8eb9beafb206d75c70b2b199d5853ec2da992719afaceeb,aswmf,,26.8049500473957,0.9360629569268706,60.20562287004138,,,,,0.017957654999918304,8.0,8.0,NLM_fast_cuda_global,,,,,
set50,medium,15.gif,0,0.05,"[512, 512]",51e2066df33af18b47bcd356b17c6cdf04f2a5fd219ace410fcabb06698c6c71,39199cb66df82a184e9e3590d2a8fb0d07979479d1aa4b27f16430a55727c97d,aswmf,,29.832851080066206,0.9394311105701673,61.887981068541464,,,,,0.017514113998913672,8.0,8.0,NLM_fast_cuda_global,,,,,
set50,medium,41.gif,0,0.05,"[512, 512]",1569598ab7f33ee44bcf70502565ffcd7528912a2c13cd1977fe64573770f1e6,639175861e9da8475bf7aae7e80671d5d0dab0e21f7e6410bb02e7d02ad6a8fb,aswmf,,34.82520265002338,0.9705877512421037,65.94198888711688,,,,,0.016298729000482126,8.0,8.0,NLM_fast_cuda_global,,,,,
set50,medium,6.gif,0,0.05,"[512, 512]",ca956c8aa0ec2de8bd2e4d7545c7f969215d4f7f65cb72ee9d31cb17df0033b6,55397b364b569ec357ea88a4f227d75702d9c46065e68167ce5415a085e5c604,aswmf,,31.047089830593873,0.9412628811795144,62.58668897427266,,,,,0.01892652700007602,8.0,8.0,NLM_fast_cuda_global,,,,,
set50,medium,21.gif,0,0.05,"[512, 512]",74d2fa3fc2447fd331660c09f2f468f3cce983dc347509d32564e992fdebaf9a,b6c46b122a5935b040c7876069901e8fa2e88d65c0dccd7d3eab28bd325feb1d,aswmf,,34.11248292752871,0.960409196055913,65.07670126656001,,,,,0.018704523999986122,8.0,8.0,NLM_fast_cuda_global,,,,,
set50,medium,27.gif,0,0.05,"[512, 512]",bc7a1c1300b1b1bda264e18fbde62fa845194fac5839cb705a788c6ac331f517,bc5c0abc5cb89f2602601bed2e468d7abc51acd7e1e351256ff9700481db427e,aswmf,,30.542930160542156,0.9681657245456182,63.67975130755199,,,,,0.018775307999021607,8.0,8.0,NLM_fast_cuda_global,,,,,
set50,medium,46.gif,0,0.05,"[512, 512]",14cdebcd7b2b9e534cc9717933df6ccb4861289237cde90700810e2e6e2e245f,d878c43c275cd0166300fe04d75a53c09d3d75d67cb3d908e5882e20a295ecc9,aswmf,,30.692068303147426,0.954383813916562,63.065224847401815,,,,,0.01689842099949601,8.0,8.0,NLM_fast_cuda_global,,,,,
set50,medium,20.gif,0,0.05,"[512, 512]",c3a4da195ffc62103521cd979723e50840fe46cfd989b567c826985f8b23dcf4,5bfaaf6ce3c548fbb6ee19f84702519c6eb63441cab262540222464802072c15,aswmf,,32.01393007617091,0.9519549780237173,63.60471393927132,,,,,0.016885598000953905,8.0,8.0,NLM_fast_cuda_global,,,,,
set50,medium,2.gif,0,0.05,"[512, 512]",b101b795e2638a1e9dbdaa513bdc8be6090aed4d6ac294b155e5f3a2c7c0bb80,47bd00b70c71b3de67094cd318e7fb07d41c4b8231d7032dbe43d4a7fd0afd84,aswmf,,37.40126359442803,0.9752004101729278,67.4606523058604,,,,,0.015393436999147525,8.0,8.0,NLM_fast_cuda_global,,,,,
set50,medium,40.gif,0,0.05,"[512, 512]",911cad3f1d559f196f94ed9e80a9602969b74319acb1d70da238efdb48af38e2,dc1d71ab921c00086086b6fde9eb97f5acf18f1ed049f18da885c811f2618fe2,aswmf,,40.96240487994947,0.9802475240230144,69.49357864112545,,,,,0.017109451999203884,8.0,8.0,NLM_fast_cuda_global,,,,,
set50,medium,31.gif,0,0.05,"[512, 512]",33781418a1e6e85521011be7d450b002a8f8a8f1ba68a79c1219f3b3ba59b160,a83f1584e818989261cb11cf48877cb0c510282d8114787afbbd003206284810,aswmf,,26.000581643930868,0.8993407652401839,57.96732908397463,,,,,0.01867232100084948,8.0,8.0,NLM_fast_cuda_global,,,,,
set50,medium,29.gif,0,0.05,"[512, 512]",1eeb76c0386fbcd563a08eb25bbeffde427bdc62658e4bcc02c8aafbf733f219,83a2de1c8dcf51614771b01920c82a7c23337d67875efe46d6c405c5127135c7,aswmf,,28.4361670185929,0.8850061867633384,58.46839284746337,,,,,0.020045684999786317,8.0,8.0,NLM_fast_cuda_global,,,,,
set50,medium,33.gif,0,0.05,"[512, 512]",7a10c4eca50167d8d459c2505f2b0f21cfb399e7b01adccaa0422695496c2e72,08d26c934a289bb92e048127732aeadfa9b78a9f4b5882efb73995bdf3cd72d1,aswmf,,31.76077516481204,0.9479885041700378,63.27981279090791,,,,,0.017486699000073713,8.0,8.0,NLM_fast_cuda_global,,,,,
set50,medium,24.gif,0,0.05,"[512, 512]",b8f6ebed7641854cd23e807c2f78d350f1373b2fe7f96e6ea18f8531797fbc3a,7df6a26996b27055fbd6fade2729c1bef1483650ee3f0c3831c8b73955e45a96,aswmf,,35.71780875083725,0.9645969240493553,66.08875057788639,,,,,0.018319583001357387,8.0,8.0,NLM_fast_cuda_global,,,,,
set50,medium,3.gif,0,0.05,"[512, 512]",e3e2313cc250162bd613776c7b0063891d9d56b3576c9808ac5c8c0e7e8fcb8d,796ec59771c5391e193cc91c432e0a5596e1920f3a4db227d9eb10f6a3d518d5,aswmf,,32.882501373768676,0.9566888937748536,64.27569537562701,,,,,0.0184462999986863,8.0,8.0,NLM_fast_cuda_global,,,,,
set50,medium,1.gif,0,0.05,"[512, 512]",95f21dff4cd5a318a519cb05a1e35fb41f49c007ca46345fd6917258be8d9d73,e24ed88e7f0eb2dddfa6a9612b63b2c33becdf037cb98dd934bdb9f01a47ea78,aswmf,,34.232919379174504,0.9788406116467938,66.05849027192694,,,,,0.016217215999859036,8.0,8.0,NLM_fast_cuda_global,,,,,
set50,medium,23.gif,0,0.05,"[512, 512]",05918015ae96873f255fec3e75ace895a76214abbeffdbfff55b5cf6214224c6,655503e7d7fab0b5c67c003c7369ebf5019a3bde7ab7b4ded0a31511df31d745,aswmf,,38.167112486011526,0.9755508809586219,67.86110029093686,,,,,0.019054370999583625,8.0,8.0,NLM_fast_cuda_global,,,,,
set50,medium,35.gif,0,0.05,"[512, 512]",353590d221e21b53b97858fbc575a2320a10336f21bbed5dd461fa942bab100f,d8405f20d92cf2c558f2ca882734d0a50ace70c0b016ae8d28e3ae1f7bf374d8,aswmf,,35.346239343877485,0.9689675375082679,66.12149654735214,,,,,0.01684472000124515,8.0,8.0,NLM_fast_cuda_global,,,,,
set50,medium,36.gif,0,0.05,"[512, 512]",99a41bcc709d43204ca0f73a6593656300237e5367043081c5065ca77d5e3628,57e4e3e6cfe9d42cb759240f0c415ccaf8f59eecb6632db03e3d83df22720313,aswmf,,31.390389995626713,0.9508685689056559,63.238623443096145,,,,,0.016713892000552732,8.0,8.0,NLM_fast_cuda_global,,,,,
set50,medium,26.gif,0,0.05,"[512, 512]",3efcc155fe7f35f9428c0536c9c1dc2b826188d5f0a5b0a90ecbf681233221e2,854fb7772003d6ba3ae6e98b9a7fb849cc21ff8676ba7f04a3260e753a54d7cd,aswmf,,36.92404127814472,0.9688062987931612,66.90233557873042,,,,,0.016593999000178883,8.0,8.0,NLM_fast_cuda_global,,,,,
set50,medium,37.gif,0,0.05,"[512, 512]",74881a36c4896c931da56c784ac35afb478dc71ae7af27894deeb074f83e518a,036505e5dfbec15ce66a6908c05abf048cc47a82646c9b6094a5edfac7c701dc,aswmf,,33.919079304814524,0.9482839280824212,64.37373605652833,,,,,0.016676701001415495,8.0,8.0,NLM_fast_cuda_global,,,,,
set50,medium,13.gif,0,0.05,"[512, 512]",c34b796bde09761f5bc3c358f20b72f49e020580ed0a76d5456c61f0da4499eb,e2de224a77a3db31067ae6e062087f6bfac38a8df3f2a2d549c5cef396b3bc18,aswmf,,33.74365061489343,0.9774165702954815,65.74265382222079,,,,,0.01671664300010889,8.0,8.0,NLM_fast_cuda_global,,,,,
set50,medium,28.gif,0,0.05,"[512, 512]",f509179793e6551fbec77f8fdd91e45d53d2dd6e0a87394377c4bb4c52eb9a43,58a9abd4838209bd106b4a74ece0597005b07fe99a36d69bd1aa86ba516bad88,aswmf,,35.222221729862305,0.9577663954089459,65.49943063537845,,,,,0.017660331001025042,8.0,8.0,NLM_fast_cuda_global,,,,,
set50,medium,9.gif,0,0.05,"[512, 512]",8b76cd61996084e7d23b9f638b4d32839d9f6ac7965ef9b585f78bdbdaff16b3,e0f43ad256990bfaa3242b836c5dd9d4cf4e80021e09d929388010da18ae0559,aswmf,,30.028741919013243,0.9516954332439465,62.59914262170395,,,,,0.019275630998890847,8.0,8.0,NLM_fast_cuda_global,,,,,
set50,medium,18.gif,0,0.05,"[512, 512]",539caf0cced15a86b729848a1a182b75776a621cf01b5e9a62085f53b86f3407,4a90c942e2032c8804b9ebb9792d42187fe4daeee7ef4378cd6b6eb20be33093,aswmf,,24.957604936243794,0.9213524912800515,58.54642703212447,,,,,0.01776457699997991,8.0,8.0,NLM_fast_cuda_global,,,,,
set50,medium,49.gif,0,0.05,"[512, 512]",8311e02cd6238d6e74f6a9bf6fa5c250d748ceec5882a86242e2452c587cdf2b,5a601ed1dcc9698d64a9477467d78dda4fff8dd35cfeaf9d23934a7ad5017559,aswmf,,17.88565906968653,0.8454100267217421,51.21333087093037,,,,,0.024312605999512016,8.0,8.0,NLM_fast_cuda_global,,,,,
set50,medium,4.gif,0,0.05,"[512, 512]",fd89b9bfe327e11c7cfbc851fff026261f2c33ef17edc9373682def6616fdc4f,1bddc85da101df43df7bb7612200d6defe6021e2962e858d3d0572298eb96ac2,aswmf,,35.719873693359304,0.9609834472792016,65.90910921063974,,,,,0.01705855500040343,8.0,8.0,NLM_fast_cuda_global,,,,,
set50,medium,8.gif,0,0.05,"[512, 512]",fd53a01b9f6a3a02a5408efee91cfa235b1325372804d49874a677719089b14e,e2dea4fbc7e21862ca9af16abc32c18c40a4dd5dd02696d500714675394acfb8,aswmf,,36.23765999496983,0.9734752601149846,66.79259300323415,,,,,0.019529941000655526,8.0,8.0,NLM_fast_cuda_global,,,,,
set50,medium,39.gif,0,0.05,"[512, 512]",e43557540646572e4a7b69124c49ff2c37c4d1695507c5d64a44d09a5043958e,3302c586943fdd9db0f9ba7e02a73af0dce174011bc328f077b07b2e455337b4,aswmf,,38.36985116317021,0.9756171201330157,67.9657815882359,,,,,0.019231968000894994,8.0,8.0,NLM_fast_cuda_global,,,,,
set50,medium,12.gif,0,0.05,"[512, 512]",3c3ec23125fea9974f2e94c0d93a534edf2ec60d33b6af79f9a60fef58295de4,59d963dcd00180e7f3f72547745489e101cd7eff2175e5f3bb993ec828ffbb2f,aswmf,,32.91731488050096,0.9549183288214743,64.2045738813242,,,,,0.01910416200007603,8.0,8.0,NLM_fast_cuda_global,,,,,
set50,medium,45.gif,0,0.05,"[512, 512]",72644242bceb1596c04ab4ddde11989c7aa206ee2094402fadeac9f9c500d55a,81ad42bbcf0b5e8f33c2ad489cebceb574e8a1035bc12ec2a3d57de309ae0f6a,aswmf,,35.16666610251254,0.9757508561046694,66.37087585648975,,,,,0.016354896999473567,8.0,8.0,NLM_fast_cuda_global,,,,,
set50,medium,11.gif,0,0.05,"[512, 512]",b12e0216f269d1ad8f5dfe769baf0fb60142ab5235a6d1d62707dc52ca591071,901e5232f1e9d4af8b7e7854cd94540c565ee392f1959e992aa40cca5ec504b7,aswmf,,25.429935260872046,0.9244567991733855,58.9378075891053,,,,,0.019709938000232796,8.0,8.0,NLM_fast_cuda_global,,,,,
set50,medium,34.gif,0,0.05,"[512, 512]",42a4b02f48b536770f4d42c1c4884a5b2a4a662af62778249a90a16c1d9f5398,f88df87e1cc3de2cabfeea22db517da9ce53ffbe36b4b8fcb3fda6b33e5bcef7,aswmf,,33.13168392007493,0.9623183115848206,64.6817575392785,,,,,0.016541311999390018,8.0,8.0,NLM_fast_cuda_global,,,,,
set50,extreme,10.gif,0,0.2,"[512, 512]",e233b9bc584bbcbbdcbcbf3674e9c18c92aff37cf54afeec01dc2e7dc1811878,c2298b7f30afbb2db5aebc17d7f29055d6f3492e431507d9548fbcca879a142f,aswmf,,32.024120036774384,0.9603735558937502,64.0307378130747,,,,,0.025366123001731467,8.0,8.0,NLM_fast_cuda_global,,,,,
set50,extreme,14.gif,0,0.2,"[512, 512]",83fe92c5398701971c09c467a97dc4bfdb94eb4b3ded548d26e5e7fcf62e4d2a,36c3db98b37020897cb790eee3f380ca4e3c589a7337e0f1731d5083be74de8b,aswmf,,25.55244327175554,0.8976908696433523,57.66076511804538,,,,,0.025487104001513217,8.0,8.0,NLM_fast_cuda_global,,,,,
set50,extreme,17.gif,0,0.2,"[512, 512]",6f8a02e1689062bed722742a554760dd74359b35fc8b969bab8beed8e59421a0,17e6123b721dbc81875513fc7c9915a2eba92d8c973008e05f4954fdda41b490,aswmf,,24.869577041647624,0.8439289897191948,54.63123800678355,,,,,0.02888442100083921,8.0,8.0,NLM_fast_cuda_global,,,,,
set50,extreme,0.png,0,0.2,"[512, 512]",0a372ced9fd4d1f9633532a58073e3974b41da8cfc87f04ec8e9a8dc6a89bba1,bb82ddd95a6a25e95485a996c31e0375130595fb41bbf773b1bd5b01c13959c1,aswmf,,32.69085501576519,0.964077186451853,64.54928683047524,,,,,0.02501292000306421,8.0,8.0,NLM_fast_cuda_global,,,,,
set50,extreme,16.gif,0,0.2,"[512, 512]",2d68b31ae4d4c10bc0e60742ba3064c10d62113ffb3ca9a7c14b80e40b0e6170,c8d9a39d5ea106b2f8e0b3580157d89fa6290b7d7e8c0e322943dca12a068081,aswmf,,25.92453855009176,0.8574922036695883,55.8368794585253,,,,,0.032114990000991384,8.0,8.0,NLM_fast_cuda_global,,,,,
set50,extreme,15.gif,0,0.2,"[512, 512]",51e2066df33af18b47bcd356b17c6cdf04f2a5fd219ace410fcabb06698c6c71,c0c5b975b75787dda8b1787640e80a6419da298beb2e1a402d4d533166ac79a8,aswmf,,27.807993296644785,0.9086701450183712,59.33750389924095,,,,,0.026491736000025412,8.0,8.0,NLM_fast_cuda_global,,,,,
set50,extreme,1.gif,0,0.2,"[512, 512]",95f21dff4cd5a318a519cb05a1e35fb41f49c007ca46345fd6917258be8d9d73,54e822cbce4710b252fbe64e0411a8ba078cc0c39f84b7119227543ee0ff4185,aswmf,,29.956795781341626,0.9434215583324039,62.14947580729101,,,,,0.025212317999830702,8.0,8.0,NLM_fast_cuda_global,,,,,
set50,extreme,13.gif,0,0.2,"[512, 512]",c34b796bde09761f5bc3c358f20b72f49e020580ed0a76d5456c61f0da4499eb,a84c1c331a5b2661871dff4b6ef9f179c3d48a7adff60094eeec0c37ae9dc833,aswmf,,30.64091790484355,0.9473279209819151,62.68685500151753,,,,,0.025559540001268033,8.0,8.0,NLM_fast_cuda_global,,,,,
set50,extreme,12.gif,0,0.2,"[512, 512]",3c3ec23125fea9974f2e94c0d93a534edf2ec60d33b6af79f9a60fef58295de4,1d12433516009299264d8cd1854d468e863db6cbefb911afc9f1b697bfd9710b,aswmf,,30.0028920955942,0.9211478847136195,61.05884028347808,,,,,0.029980093000631314,8.0,8.0,NLM_fast_cuda_global,,,,,
set50,extreme,11.gif,0,0.2,"[512, 512]",b12e0216f269d1ad8f5dfe769baf0fb60142ab5235a6d1d62707dc52ca591071,fcdb2ce8ef577a9371493db0c92e2c924d780969164bcbc7ba6b5180060404fa,aswmf,,23.98412182642677,0.9078642386838741,57.385272847407094,,,,,0.02498128600200289,8.0,8.0,NLM_fast_cuda_global,,,,,
set50,moderate,19.gif,0,0.03,"[512, 512]",d17c7663feb48c0fe318904421cb04ec7e850a109d952f66a49ac464a4176a1e,4a77cc7feb68ac2e5a85825f247e8e4c3c9679a7c0426f5bfdcd4072c19d4627,aswmf,,31.06071194400519,0.9449045712692308,62.775584535464134,,,,,0.017326012999546947,,,,,,,,
set50,moderate,22.gif,0,0.03,"[512, 512]",dfe4f6c6370dbe0651bccc46e98ac3b787e8c63a3a37fb138fe6c81f3e32edd4,2e45a4290be99d09ad7c8b15ab628d656e317851811cf62a814d56799172c143,aswmf,,29.969311630367788,0.9414106699302437,62.055189311696076,,,,,0.01883963199907157,,,,,,,,
set50,moderate,10.gif,0,0.03,"[512, 512]",e233b9bc584bbcbbdcbcbf3674e9c18c92aff37cf54afeec01dc2e7dc1811878,bf021845440d96f05ab8d1c21303bf9963fdc05185458026279984bb6cf67882,aswmf,,35.83560868587372,0.9828523149187849,67.0604200888761,,,,,0.01577863599959528,,,,,,,,
set50,moderate,14.gif,0,0.03,"[512, 512]",83fe92c5398701971c09c467a97dc4bfdb94eb4b3ded548d26e5e7fcf62e4d2a,abe42801e069a3aebf3f39389e875a54b88a4e1f606a29719e6111251e33d91b,aswmf,,26.846573097597272,0.9269809079516016,59.77233194637871,,,,,0.016229725000812323,,,,,,,,
set50,moderate,5.gif,0,0.03,"[512, 512]",49db903e1a87a0044a734fb77708aad9985011bc9ee9fb379099de1b4e946109,af29f9154f09d34b94284c16eae6366125c9201801f5961f397ede4007ff8d2a,aswmf,,35.99229202812725,0.9558257300587052,65.78743251699888,,,,,0.017301784000665066,8.0,8.0,NLM_fast_cuda_global,,,,,
set50,moderate,44.gif,0,0.03,"[512, 512]",f968969e97bf6f8f47fd5940af0bd7481b61f2df6d5d553882b8938123b37289,bb1a9080a734e4376c0068ee09317d2e77d45ff3bc06189f526414812d722522,aswmf,,19.697689714137976,0.8411104727456238,51.90436849435018,,,,,0.018602098998599104,8.0,8.0,NLM_fast_cuda_global,,,,,
set50,moderate,42.gif,0,0.03,"[512, 512]",f9b953242d46fc204da43e46262ac3754e9428050546213f592efb0fb7398f12,5a97f335dd14d16fa2a26568a61dbdd1f0cd96c034e1d93323385c6c8ee1278b,aswmf,,26.866200029319135,0.9596782079919837,61.41701041425875,,,,,0.016128635999848484,8.0,8.0,NLM_fast_cuda_global,,,,,
set50,moderate,38.gif,0,0.03,"[512, 512]",e39779dc60dbc76330293a5fdb44dfabe4d22433c36132e18afcf31a515217b4,7b05a5462bc68e44134575d6e71c54256811d7816777d48e15b8ebff29020534,aswmf,,35.35894384364294,0.9593164167983553,65.64529276173924,,,,,0.01718312299999525,8.0,8.0,NLM_fast_cuda_global,,,,,
set50,moderate,48.gif,0,0.03,"[512, 512]",9b261d731fc3d639b0cc3dac391980b0c49dd558b24b95a14bb3f3eb9f3569d0,be699cc3e412bf91ef9e26d4f7be8e45cc78cbc1049db067c20cc8e0fdefa309,aswmf,,36.01006219796086,0.9776333602201951,66.88669910999019,,,,,0.015703607999967062,8.0,8.0,NLM_fast_cuda_global,,,,,
set50,moderate,17.gif,0,0.03,"[512, 512]",6f8a02e1689062bed722742a554760dd74359b35fc8b969bab8beed8e59421a0,29b950eb5447df2cee11f6d9ed1e4ef64d57aa95f3d5eddc1297ed8706b401b4,aswmf,,27.181238379986038,0.8867944636569463,57.930342372840336,,,,,0.01902706699911505,,,,,,,,
set50,moderate,0.png,0,0.03,"[512, 512]",0a372ced9fd4d1f9633532a58073e3974b41da8cfc87f04ec8e9a8dc6a89bba1,1890871d8ac6fdf241ae77566f9a0eb175baed8033bd8ffbdecf5475a45749fe,aswmf,,36.73721189715616,0.9812763452708816,67.43242321212216,,,,,0.01644312999997055,,,,,,,,
set50,moderate,16.gif,0,0.03,"[512, 512]",2d68b31ae4d4c10bc0e60742ba3064c10d62113ffb3ca9a7c14b80e40b0e6170,108534efa550eb43c28b1af1689dc7e2b4ce02a2879364bb26dfe0bda7ea36a0,aswmf,,26.960741425285285,0.8789977664275624,57.430259034020764,,,,,0.017936408001332893,,,,,,,,
set50,moderate,32.gif,0,0.03,"[512, 512]",c3cc3fb5da093d47d6808c6219ed907c3e69ab01954b1b929a8739cbbcc26493,d278879439261ffe9ed28694e5eea47639c1b8f5a8a94bace3543395b60dd533,aswmf,,25.29798132880751,0.8109937350048531,53.198677414646404,,,,,0.023208550999697763,,,,,,,,
set50,moderate,30.gif,0,0.03,"[512, 512]",b1cccc0e8d64bae511f9cd0c5596628364bd1e09c90c5e793604a1f7a55f642f,d28020be6943581ea586663a46ffe8f3a0fb5dabd1de0042b989c19d113e461f,aswmf,,31.98887927323444,0.9398623264674416,62.987555959989294,,,,,0.02353112699893245,,,,,,,,
set50,moderate,43.gif,0,0.03,"[512, 512]",443801cafadb33c7829b313f4efd834e70cc313567a260dd2b5554dc7ee6be98,1f8784755ea55d81ac618ccaca204d47bf177db66bd5c7daaede569bb788a981,aswmf,,34.30648337480903,0.9760963294824626,65.95805816152765,,,,,0.016528271000424866,8.0,8.0,NLM_fast_cuda_global,,,,,
set50,moderate,47.gif,0,0.03,"[512, 512]",9005ddf994846f88305becd36c72a046818a094c026c69a8106c34b34a31a8fe,4d80ef3a631443edbca7f0f765de5e35a2502b2f168084e29548ba4f32211a34,aswmf,,30.367325250129518,0.9605868501032625,63.213005130227884,,,,,0.016064485998867895,8.0,8.0,NLM_fast_cuda_global,,,,,
set50,moderate,25.gif,0,0.03,"[512, 512]",30838b6c4e963b60da10cc6158a119a7052a4ffa1ebdcc87bcf0054f681427c6,8e83987dd80258df03bc1d39081bd12f3e414e2a92e3b00b5454514001fa330e,aswmf,,36.01780068988692,0.9506045807741346,65.53912938365019,,,,,0.01997855000081472,,,,,,,,
set50,moderate,7.gif,0,0.03,"[512, 512]",5e3769e24988284e1036ce844ee8e0f11dbe28fe111f6a962e37864dc34b60dc,43f856b2e4729aee32854ee85f842476fc982f3d9d390db1fb2b7253e4e7e89c,aswmf,,25.74595759604123,0.9163408122275071,58.69001940939597,,,,,0.018310661000214168,8.0,8.0,NLM_fast_cuda_global,,,,,
set50,moderate,15.gif,0,0.03,"[512, 512]",51e2066df33af18b47bcd356b17c6cdf04f2a5fd219ace410fcabb06698c6c71,2d9093eb41be84ce7ed0d978b9b19c485cbf154d47e52c2dd0fd828853447d0c,aswmf,,28.926592847518858,0.9240731048177143,60.66695166464515,,,,,0.017416880000382662,,,,,,,,
set50,moderate,41.gif,0,0.03,"[512, 512]",1569598ab7f33ee44bcf70502565ffcd7528912a2c13cd1977fe64573770f1e6,ff0263a6707841b84077f68687f1b5681a02f5a5751a9c11140365b8582c92b3,aswmf,,34.71542808441565,0.9686304197647636,65.78923503044601,,,,,0.015714235998530057,8.0,8.0,NLM_fast_cuda_global,,,,,
set50,moderate,6.gif,0,0.03,"[512, 512]",ca956c8aa0ec2de8bd2e4d7545c7f969215d4f7f65cb72ee9d31cb17df0033b6,84221910b6b9a6acdbb5afef9fc1ca7d246990555c43db357055a2f7fb1696d9,aswmf,,30.373961965746943,0.9329824038722254,61.83610117648474,,,,,0.018413486001009005,8.0,8.0,NLM_fast_cuda_global,,,,,
set50,moderate,21.gif,0,0.03,"[512, 512]",74d2fa3fc2447fd331660c09f2f468f3cce983dc347509d32564e992fdebaf9a,d5ccfab06b048653f8250b070ca0b04342317d22a38961fa45c8b80e0d09c15a,aswmf,,33.15911327309741,0.9490959383301696,64.03435355305719,,,,,0.01928450699961104,,,,,,,,
set50,moderate,27.gif,0,0.03,"[512, 512]",bc7a1c1300b1b1bda264e18fbde62fa845194fac5839cb705a788c6ac331f517,aab60ccc545edf9dca9fa48d80e67ab5ad51f1057b062d7157c1f27cece394a7,aswmf,,30.443416781309118,0.9610936882276933,63.276392802039226,,,,,0.01850129900049069,,,,,,,,
set50,moderate,46.gif,0,0.03,"[512, 512]",14cdebcd7b2b9e534cc9717933df6ccb4861289237cde90700810e2e6e2e245f,f68a978e6ae4cceafd52796314ca1bd61710126b4514f19d2cf2a1dbf543f9eb,aswmf,,30.33485432746986,0.9480553775499565,62.570196041232755,,,,,0.01614158299889823,8.0,8.0,NLM_fast_cuda_global,,,,,
set50,moderate,20.gif,0,0.03,"[512, 512]",c3a4da195ffc62103521cd979723e50840fe46cfd989b567c826985f8b23dcf4,00025b7fcbcf353bccb34525bf06153c13450094f9fb05eda8e25b4b3cf81775,aswmf,,31.327209348811206,0.9407723095143311,62.70222015012216,,,,,0.016484179999679327,,,,,,,,
set50,moderate,2.gif,0,0.03,"[512, 512]",b101b795e2638a1e9dbdaa513bdc8be6090aed4d6ac294b155e5f3a2c7c0bb80,7815db9fcaba45ca1fe9659edc8745c582da03a285a37be6aefbfc147089a99b,aswmf,,37.3472507538773,0.973616004735694,67.35442561372335,,,,,0.015589356000418775,,,,,,,,
set50,moderate,40.gif,0,0.03,"[512, 512]",911cad3f1d559f196f94ed9e80a9602969b74319acb1d70da238efdb48af38e2,4ed4227588674f3dfbd060c06df4a2a8737dae851b4ce97b19d6d26acd29cd88,aswmf,,40.747375131343176,0.9780838869248779,69.27788191191549,,,,,0.015767483000672655,8.0,8.0,NLM_fast_cuda_global,,,,,
set50,moderate,31.gif,0,0.03,"[512, 512]",33781418a1e6e85521011be7d450b002a8f8a8f1ba68a79c1219f3b3ba59b160,6c04ab1e187ca58f545f9b32e49810d14cc9f4baabf6e8b2e3ab576507435c08,aswmf,,25.58037848479369,0.8872444757276647,57.15241302878009,,,,,0.018972208999912255,,,,,,,,
set50,moderate,29.gif,0,0.03,"[512, 512]",1eeb76c0386fbcd563a08eb25bbeffde427bdc62658e4bcc02c8aafbf733f219,7e36de98996efc03518db23d8b2790304e843bc1b59fa6dbd37c32ded4a6902b,aswmf,,28.064566259590787,0.8739496621785371,57.72976623872225,,,,,0.01937545300097554,,,,,,,,
set50,moderate,33.gif,0,0.03,"[512, 512]",7a10c4eca50167d8d459c2505f2b0f21cfb399e7b01adccaa0422695496c2e72,ba09b5b2b00094264b93b15dfe764f5f155d14fd8012fef6795bbb30e2e02af9,aswmf,,31.177466236651313,0.9381737453566135,62.49742038615633,,,,,0.3140365670005849,8.0,8.0,NLM_fast_cuda_global,,,,,
set50,moderate,24.gif,0,0.03,"[512, 512]",b8f6ebed7641854cd23e807c2f78d350f1373b2fe7f96e6ea18f8531797fbc3a,00361d9d18adafe8f56c1222f7c494507b310d4a76d7b0c8a82b2c1609574b41,aswmf,,34.865587702286376,0.9551067073214559,65.18812921721599,,,,,0.01937677999922016,,,,,,,,
set50,moderate,3.gif,0,0.03,"[512, 512]",e3e2313cc250162bd613776c7b0063891d9d56b3576c9808ac5c8c0e7e8fcb8d,dd14e890ca3c05f9cb0de1181aa5a5db0779077468bd4909ced1783680752557,aswmf,,31.748708147938594,0.9474239048440796,63.24554931617328,,,,,0.018670948998988024,,,,,,,,
set50,moderate,1.gif,0,0.03,"[512, 512]",95f21dff4cd5a318a519cb05a1e35fb41f49c007ca46345fd6917258be8d9d73,b046c3ca53ac27d398655bff7451b2b566c0b17466b8819f428a346cbe1fb919,aswmf,,34.488858708977254,0.9790031267266176,66.19458569081951,,,,,0.015789746001246385,,,,,,,,
set50,moderate,23.gif,0,0.03,"[512, 512]",05918015ae96873f255fec3e75ace895a76214abbeffdbfff55b5cf6214224c6,2daf28aacbb63227de565cd84c202daafbc0a84772d4320a0d4213b8214207da,aswmf,,37.41183920838658,0.9681505502320503,67.11344711579581,,,,,0.019318045999170863,,,,,,,,
set50,moderate,35.gif,0,0.03,"[512, 512]",353590d221e21b53b97858fbc575a2320a10336f21bbed5dd461fa942bab100f,0fb08c5de87a5a41e52590493adbddf82a33f95b9154da10a9801c12a103de9f,aswmf,,34.63502018260654,0.9612734316049877,65.38118167155265,,,,,0.01649598999938462,8.0,8.0,NLM_fast_cuda_global,,,,,
set50,moderate,36.gif,0,0.03,"[512, 512]",99a41bcc709d43204ca0f73a6593656300237e5367043081c5065ca77d5e3628,ac5122e3551e0bbc5ce45212b3e5a5b0036fdaec4bb1859d21d61fc5d6d185a9,aswmf,,30.50780331043404,0.9392167029432709,62.214736802380564,,,,,0.0231290120009362,8.0,8.0,NLM_fast_cuda_global,,,,,
set50,moderate,26.gif,0,0.03,"[512, 512]",3efcc155fe7f35f9428c0536c9c1dc2b826188d5f0a5b0a90ecbf681233221e2,80df9d16ce4f4c986faf28bb5b520724b7cc3964f0373fd572fa16b065e88889,aswmf,,35.949727398739924,0.9607236167274315,66.01104453574153,,,,,0.01656061699941347,,,,,,,,
set50,moderate,37.gif,0,0.03,"[512, 512]",74881a36c4896c931da56c784ac35afb478dc71ae7af27894deeb074f83e518a,7173cba5345fcfbe9557abb697d95042a919f4d6122da8ce612d77d8fb82cf11,aswmf,,32.96084148959183,0.9338122996928008,63.17103572943595,,,,,0.01628860700111545,8.0,8.0,NLM_fast_cuda_global,,,,,
set50,moderate,13.gif,0,0.03,"[512, 512]",c34b796bde09761f5bc3c358f20b72f49e020580ed0a76d5456c61f0da4499eb,a2f2a757fc1c83f9bed8ee3c789083b32351ef8857a1a102fba848a3fe7d0f2a,aswmf,,33.60282770661793,0.9765564667135281,65.62923718898537,,,,,0.016622942999674706,,,,,,,,
set50,moderate,28.gif,0,0.03,"[512, 512]",f509179793e6551fbec77f8fdd91e45d53d2dd6e0a87394377c4bb4c52eb9a43,0ec572cf93ac546cce976f078eeb44740a3e46ee9a4fce5909a4ee51526b79a3,aswmf,,34.10786698528916,0.9423245162957806,64.17015930743361,,,,,0.017831879998993827,,,,,,,,
set50,moderate,9.gif,0,0.03,"[512, 512]",8b76cd61996084e7d23b9f638b4d32839d9f6ac7965ef9b585f78bdbdaff16b3,08ebebac1d0c3f7ebfafdfa8e93fa92ed980cc02966803336351778a3d0128df,aswmf,,29.66311135365412,0.9443764796004248,62.0503796568483,,,,,0.019303274999401765,8.0,8.0,NLM_fast_cuda_global,,,,,
set50,moderate,18.gif,0,0.03,"[512, 512]",539caf0cced15a86b729848a1a182b75776a621cf01b5e9a62085f53b86f3407,762e6943b9437065f73e4f6277554701b84063ead3f21c15cf1e7188d5fc83c8,aswmf,,24.467479509526193,0.9085010020351239,57.65878985651929,,,,,0.01797055899987754,,,,,,,,
set50,moderate,49.gif,0,0.03,"[512, 512]",8311e02cd6238d6e74f6a9bf6fa5c250d748ceec5882a86242e2452c587cdf2b,51d6c89faaff83ef0b7b15a14c8357cccf0aa1dd8a38cf19b3dc5e7488c4f352,aswmf,,17.738517063317328,0.843916686473086,51.06509285531297,,,,,0.024593935999291716,8.0,8.0,NLM_fast_cuda_global,,,,,
set50,moderate,4.gif,0,0.03,"[512, 512]",fd89b9bfe327e11c7cfbc851fff026261f2c33ef17edc9373682def6616fdc4f,90c0c67bdd6ea5e7262ae4a17200e7f45a845bcba4d8cd17bc0c12abd43e6ccf,aswmf,,34.99737843723034,0.9516267506198257,65.08002674960645,,,,,0.016790458999821567,8.0,8.0,NLM_fast_cuda_global,,,,,
set50,moderate,8.gif,0,0.03,"[512, 512]",fd53a01b9f6a3a02a5408efee91cfa235b1325372804d49874a677719089b14e,eb3e181f36ac425d497e384772f1bc27cbb99aaccac73affe890e3b538d1fec8,aswmf,,35.530830574467174,0.9678700627027198,66.15891842236957,,,,,0.021104040000864188,8.0,8.0,NLM_fast_cuda_global,,,,,
set50,moderate,39.gif,0,0.03,"[512, 512]",e43557540646572e4a7b69124c49ff2c37c4d1695507c5d64a44d09a5043958e,b18d17a3f4769d559d7b4a3cbb523afee8371b8e3419c1884514b2f407e9a4ac,aswmf,,37.31510381276307,0.9684174897321891,67.07842639299099,,,,,0.0193437960006122,8.0,8.0,NLM_fast_cuda_global,,,,,
set50,moderate,12.gif,0,0.03,"[512, 512]",3c3ec23125fea9974f2e94c0d93a534edf2ec60d33b6af79f9a60fef58295de4,a88e463713c8906dc55b4636147c4434d127d68a71e2e4d94601b4da5b09fa9e,aswmf,,32.956639912107924,0.9533296625213226,64.14480308212009,,,,,0.017284409999774653,,,,,,,,
set50,moderate,45.gif,0,0.03,"[512, 512]",72644242bceb1596c04ab4ddde11989c7aa206ee2094402fadeac9f9c500d55a,8f542b8722cb2b0dabbae2e6f726b67333642ec2c57fc7ddbf447d23110afc60,aswmf,,35.32479547456789,0.9744758551184226,66.38619049320508,,,,,0.015878633999818703,8.0,8.0,NLM_fast_cuda_global,,,,,
set50,moderate,11.gif,0,0.03,"[512, 512]",b12e0216f269d1ad8f5dfe769baf0fb60142ab5235a6d1d62707dc52ca591071,2b4a035721bdad7497c2bbf55e4f48957b4abd07b77f288442c504b9a2e5e739,aswmf,,24.402790270531547,0.8992657216156709,57.16468121604932,,,,,0.028002645000015036,,,,,,,,
set50,moderate,34.gif,0,0.03,"[512, 512]",42a4b02f48b536770f4d42c1c4884a5b2a4a662af62778249a90a16c1d9f5398,55a28dcc5b7916918ef13b18a26e0b258b3c954f785ec8c1ee8d6498ea3b939b,aswmf,,32.315041679989704,0.9543944370638311,63.87724269318641,,,,,0.016477347999170888,8.0,8.0,NLM_fast_cuda_global,,,,,
set50,low,19.gif,0,0.01,"[512, 512]",d17c7663feb48c0fe318904421cb04ec7e850a109d952f66a49ac464a4176a1e,4d9fcea700a23bddd85518f70e1f1a21427252e043050cf82bbd584a784dcdf2,aswmf,,29.756304816197098,0.9221557917411172,60.98594199515441,,,,,0.020698497999546817,,,,,,,,
set50,low,22.gif,0,0.01,"[512, 512]",dfe4f6c6370dbe0651bccc46e98ac3b787e8c63a3a37fb138fe6c81f3e32edd4,b2c86302dd35784935b349103eea4994bac78882b1f66fe05cbd0eff3c4f3692,aswmf,,28.514836737888146,0.9131580497669198,59.91532085729006,,,,,0.017489652000222122,,,,,,,,
set50,low,10.gif,0,0.01,"[512, 512]",e233b9bc584bbcbbdcbcbf3674e9c18c92aff37cf54afeec01dc2e7dc1811878,ed18cdba5c14f3575b15c3dbd6cb7821e1672460cf265af262fa809b2dcc9878,aswmf,,35.711340772206235,0.9802422117291089,66.86778097255856,,,,,0.01615230899915332,,,,,,,,
set50,low,14.gif,0,0.01,"[512, 512]",83fe92c5398701971c09c467a97dc4bfdb94eb4b3ded548d26e5e7fcf62e4d2a,64abc2d905aabb38864450f0af1ad424bb1689ea0666689a0a39ea98c8e6c64e,aswmf,,25.631050010577002,0.8996451024553889,57.797780128057944,,,,,0.022181168998940848,,,,,,,,
set50,low,5.gif,0,0.01,"[512, 512]",49db903e1a87a0044a734fb77708aad9985011bc9ee9fb379099de1b4e946109,dbd952e46b4726c976e4c86376e9410d20bfc6334f5e9e484a536a9f0337370b,aswmf,,34.618437075676226,0.9351023282206217,64.0643349488692,,,,,0.017355748001136817,,,,,,,,
set50,low,44.gif,0,0.01,"[512, 512]",f968969e97bf6f8f47fd5940af0bd7481b61f2df6d5d553882b8938123b37289,42e3c08cf2b0cec0c123c4090e6a3f4b8b8ee6df540c5eec04ad9484bc032028,aswmf,,19.445083660711624,0.8172827754595013,50.586680603330876,,,,,0.018184237998866593,,,,,,,,
set50,low,42.gif,0,0.01,"[512, 512]",f9b953242d46fc204da43e46262ac3754e9428050546213f592efb0fb7398f12,fca820cfcfd19eacbd368d0e7c81d4bf941a17e29fe10943058be3157ad7ecdd,aswmf,,26.836643188463395,0.9538263928680748,61.10964123763544,,,,,0.01574194899876602,,,,,,,,
set50,low,38.gif,0,0.01,"[512, 512]",e39779dc60dbc76330293a5fdb44dfabe4d22433c36132e18afcf31a515217b4,8a4f622d145ab8ed04f447bd3e6fea77afa39ceaa5e438fdaefe8a638cb76d4d,aswmf,,34.06171704363397,0.9430242688983226,64.18207196673312,,,,,0.01778560999991896,,,,,,,,
set50,low,48.gif,0,0.01,"[512, 512]",9b261d731fc3d639b0cc3dac391980b0c49dd558b24b95a14bb3f3eb9f3569d0,de7039382b2c716bf8b8bd9ef90136c7a8e43e3e8bdee5fa3447bde9a6becb68,aswmf,,35.50925242643678,0.973287205704577,66.41898649844724,,,,,0.015253805000611464,,,,,,,,
set50,low,17.gif,0,0.01,"[512, 512]",6f8a02e1689062bed722742a554760dd74359b35fc8b969bab8beed8e59421a0,da214e6323ceeebbcc7aa2be59f5915388fdb98dd02a39f8ca94705bae09da2a,aswmf,,26.54847294888043,0.8794646166732893,57.24746730810468,,,,,0.01792679700156441,,,,,,,,
set50,low,0.png,0,0.01,"[512, 512]",0a372ced9fd4d1f9633532a58073e3974b41da8cfc87f04ec8e9a8dc6a89bba1,580fbc14af471717cfc09261d71b2bee527d3960eb5a144e296d4af84219023d,aswmf,,36.09381591798092,0.9765190439766454,66.87286015782273,,,,,0.018044230999294086,,,,,,,,
set50,low,16.gif,0,0.01,"[512, 512]",2d68b31ae4d4c10bc0e60742ba3064c10d62113ffb3ca9a7c14b80e40b0e6170,5a34727aa846ef18673a8ed97ce9030df3297566700329ed4d9163d22c8c0e23,aswmf,,26.164955750446147,0.8468269467276881,55.42382521160748,,,,,0.017823177000536816,,,,,,,,
set50,low,32.gif,0,0.01,"[512, 512]",c3cc3fb5da093d47d6808c6219ed907c3e69ab01954b1b929a8739cbbcc26493,ee0b605cf5805cee95dec190b897d374b300762268a951bc2923c750885eb553,aswmf,,25.164988923283524,0.8296006481029569,54.06252686678961,,,,,0.020952120999936596,,,,,,,,
set50,low,30.gif,0,0.01,"[512, 512]",b1cccc0e8d64bae511f9cd0c5596628364bd1e09c90c5e793604a1f7a55f642f,8ca3d59b856fd4291a18000f1171df98f2ccda8b342a7686d3fe46cb7cbe5e9a,aswmf,,30.599669488705125,0.9133076131147729,60.96521540009121,,,,,0.016446003999590175,,,,,,,,
set50,low,43.gif,0,0.01,"[512, 512]",443801cafadb33c7829b313f4efd834e70cc313567a260dd2b5554dc7ee6be98,0367df72489ecd2f6c17785be16d482c8ad0f56c301ac5135b7c597d340c320a,aswmf,,34.216531285460874,0.9738065181301047,65.79859154923567,,,,,0.01643233100003272,,,,,,,,
set50,low,47.gif,0,0.01,"[512, 512]",9005ddf994846f88305becd36c72a046818a094c026c69a8106c34b34a31a8fe,b58103ccb1517d653cbc447db4dc4d1bbfe39e12b76ae800a60c523302295055,aswmf,,29.506084716653792,0.9505303818224161,62.2795614494477,,,,,0.015552799000943196,,,,,,,,
set50,low,25.gif,0,0.01,"[512, 512]",30838b6c4e963b60da10cc6158a119a7052a4ffa1ebdcc87bcf0054f681427c6,54d84616da890c632d6a16057e9dc62f9b7d564bf73fa85bad96d32d0b8e37f3,aswmf,,35.003377266215296,0.9329493288882827,64.14915507752178,,,,,0.020728470999529236,,,,,,,,
set50,low,7.gif,0,0.01,"[512, 512]",5e3769e24988284e1036ce844ee8e0f11dbe28fe111f6a962e37864dc34b60dc,64adbe011994dd5254c8b1aa9d24094637976f4c9b2c0e6b111ad13c8fd77d7f,aswmf,,24.131928256645466,0.873785082406685,55.75521824865698,,,,,0.018937568998808274,,,,,,,,
set50,low,15.gif,0,0.01,"[512, 512]",51e2066df33af18b47bcd356b17c6cdf04f2a5fd219ace410fcabb06698c6c71,8c7914d337e62afbc812f7fa21b64172783d92b5a5d191250b56d3acae35dbbe,aswmf,,27.648878187430515,0.8960750877588362,58.628193481657064,,,,,0.01716459599992959,,,,,,,,
set50,low,41.gif,0,0.01,"[512, 512]",1569598ab7f33ee44bcf70502565ffcd7528912a2c13cd1977fe64573770f1e6,5ca718b9bf3bcbf2d15f3cbfb1bb2ef9abb4b101ff07a87ae2357f80b38f995c,aswmf,,34.040101465364344,0.9606568154290863,65.05289150413648,,,,,0.01487426499988942,,,,,,,,
set50,low,6.gif,0,0.01,"[512, 512]",ca956c8aa0ec2de8bd2e4d7545c7f969215d4f7f65cb72ee9d31cb17df0033b6,c6a47fae86a982cf63f74e711953f9f9a442abe14bf023e0693cfabf476f7cb5,aswmf,,29.31673769133443,0.9150174520949702,60.40924145041572,,,,,0.01873425700068765,,,,,,,,
set50,low,21.gif,0,0.01,"[512, 512]",74d2fa3fc2447fd331660c09f2f468f3cce983dc347509d32564e992fdebaf9a,d6fd972bca83abb88fbd0d7db771bbd0375fc9aad445e30f544c635990c9c919,aswmf,,31.7976565903379,0.9257290129747257,62.18527894390523,,,,,0.028303741000854643,,,,,,,,
set50,low,27.gif,0,0.01,"[512, 512]",bc7a1c1300b1b1bda264e18fbde62fa845194fac5839cb705a788c6ac331f517,34bf2bcdfa12b56d970deac4f2646885f4df8f2a6be51ff1c842febb5cfa07bb,aswmf,,30.21587024637007,0.9483469108552246,62.52528066594627,,,,,0.019389397999475477,,,,,,,,
set50,low,46.gif,0,0.01,"[512, 512]",14cdebcd7b2b9e534cc9717933df6ccb4861289237cde90700810e2e6e2e245f,78f82fbfe7bfe1bd10a0ec830f660de577a7abe9ec75464d1c9180c2515cc412,aswmf,,29.48861129404749,0.9324612144850619,61.36736637127684,,,,,0.015886033999777283,,,,,,,,
set50,low,20.gif,0,0.01,"[512, 512]",c3a4da195ffc62103521cd979723e50840fe46cfd989b567c826985f8b23dcf4,926c8ffad204b1af9489027ea8e92efcf84f2315c100ce06303e326031b86775,aswmf,,30.045272887984105,0.9172100110283649,60.8831369954103,,,,,0.016399787999034743,,,,,,,,
set50,low,2.gif,0,0.01,"[512, 512]",b101b795e2638a1e9dbdaa513bdc8be6090aed4d6ac294b155e5f3a2c7c0bb80,7195960aa368bfaccac8b97b6cd55bb61f7a81ada3a5c613dad979b7e2a88ecd,aswmf,,36.62931600400903,0.9670552493481247,66.66742046941076,,,,,0.015277016000254662,,,,,,,,
set50,low,40.gif,0,0.01,"[512, 512]",911cad3f1d559f196f94ed9e80a9602969b74319acb1d70da238efdb48af38e2,bb2b2ab1d2fb46491c3104537a7862d16c6540386d39c2d42b4dc0416f5fb0f1,aswmf,,39.79331230210694,0.9719974788508006,68.49653009359349,,,,,0.015182899000137695,,,,,,,,
set50,low,31.gif,0,0.01,"[512, 512]",33781418a1e6e85521011be7d450b002a8f8a8f1ba68a79c1219f3b3ba59b160,d6d7419dbd47cf4100df960a94ea3e33a9de9181970199e822813a042cca89e3,aswmf,,24.730866485466706,0.8606310821050215,55.39698734798443,,,,,0.0166425879997405,,,,,,,,
set50,low,29.gif,0,0.01,"[512, 512]",1eeb76c0386fbcd563a08eb25bbeffde427bdc62658e4bcc02c8aafbf733f219,344bd3e7159aeb387f857c93bd519dbbefe06fcd40fc9b623eb0f0cfe1416ba9,aswmf,,27.362468800304512,0.8497017698664338,56.16632289347395,,,,,0.022941913999602548,,,,,,,,
set50,low,33.gif,0,0.01,"[512, 512]",7a10c4eca50167d8d459c2505f2b0f21cfb399e7b01adccaa0422695496c2e72,c217786b989c52b18af02ac4eccfe62dd596f977dca2d7b6dc1bd0986f48da81,aswmf,,30.30988080763742,0.916866822849414,60.998281546289405,,,,,0.016700735000995337,,,,,,,,
set50,low,24.gif,0,0.01,"[512, 512]",b8f6ebed7641854cd23e807c2f78d350f1373b2fe7f96e6ea18f8531797fbc3a,23816520001755e583487cbe7dcd417d2e11a1ad056ec210acef626b034fdf36,aswmf,,33.84764554241089,0.9389755139805939,63.87259847023514,,,,,0.019496307999361306,,,,,,,,
set50,low,3.gif,0,0.01,"[512, 512]",e3e2313cc250162bd613776c7b0063891d9d56b3576c9808ac5c8c0e7e8fcb8d,cc396bbe23c5212ba6baa086bf53a40beef07fa4020fe5ace7fbfa32416f23fa,aswmf,,30.427187008510693,0.9287122602473955,61.64920651662513,,,,,0.01994350899985875,,,,,,,,
set50,low,1.gif,0,0.01,"[512, 512]",95f21dff4cd5a318a519cb05a1e35fb41f49c007ca46345fd6917258be8d9d73,be092100aa91ae017a208b593f7b1c88fc347faaded98e1691b9fbdb9bbdb3ae,aswmf,,34.0581515050499,0.9757914688516517,65.81864919510754,,,,,0.01536650999878475,,,,,,,,
set50,low,23.gif,0,0.01,"[512, 512]",05918015ae96873f255fec3e75ace895a76214abbeffdbfff55b5cf6214224c6,8825f87136cb87cb87b7ee7b3bb71b82eaa68700864d5cc6e83af9fae3f56555,aswmf,,36.2516367518342,0.9544197017436492,65.84680346309956,,,,,0.021212050000031013,,,,,,,,
set50,low,35.gif,0,0.01,"[512, 512]",353590d221e21b53b97858fbc575a2320a10336f21bbed5dd461fa942bab100f,470525874460bc637beb1f22c12cf7d95266c96ae72a58df1b8b8a45d7421dd5,aswmf,,33.33107365170628,0.9450520651007475,63.91814008089051,,,,,0.01643110599979991,,,,,,,,
set50,low,36.gif,0,0.01,"[512, 512]",99a41bcc709d43204ca0f73a6593656300237e5367043081c5065ca77d5e3628,4c9fb2ffd6c3cd4191de57133e1f175dccaa7d659a83f2db7fb68f86bfb5eab5,aswmf,,29.12797555065941,0.9130275241852809,60.21536398459375,,,,,0.01629322500048147,,,,,,,,
set50,low,26.gif,0,0.01,"[512, 512]",3efcc155fe7f35f9428c0536c9c1dc2b826188d5f0a5b0a90ecbf681233221e2,fd6e5b6bb21f31fce84588fbf0def61aa7799be96bceaf1f8f821ce91540ca55,aswmf,,34.5289165997399,0.942737290534324,64.40132282658615,,,,,0.017591580999578582,,,,,,,,
set50,low,37.gif,0,0.01,"[512, 512]",74881a36c4896c931da56c784ac35afb478dc71ae7af27894deeb074f83e518a,d34dc52c2c08a14e007ecacf562579826f45b0b1707e067dff6b3df9968dbbaf,aswmf,,31.497796144926255,0.9048700343399303,60.99239978945964,,,,,0.015258268000252428,,,,,,,,
set50,low,13.gif,0,0.01,"[512, 512]",c34b796bde09761f5bc3c358f20b72f49e020580ed0a76d5456c61f0da4499eb,21d5f13f0aba8a02886ff598d918384e41d968bbb44abcae71af497143790552,aswmf,,33.09565983088681,0.9716218394775133,65.12892188931907,,,,,0.01595277799970063,,,,,,,,
set50,low,28.gif,0,0.01,"[512, 512]",f509179793e6551fbec77f8fdd91e45d53d2dd6e0a87394377c4bb4c52eb9a43,dd3ba862107b756742d3029f750c4d7be7c1283c6fb9ff3273684e5e05640984,aswmf,,32.64477165982878,0.9137335371247586,62.00906268615232,,,,,0.018449942999723135,,,,,,,,
set50,low,9.gif,0,0.01,"[512, 512]",8b76cd61996084e7d23b9f638b4d32839d9f6ac7965ef9b585f78bdbdaff16b3,4cd76b34e1053d8ac22d03bda2ce6fe4218266806e9f352d164ab9cdb6ad5b7d,aswmf,,28.90485594162838,0.9278503759179367,60.844946766711026,,,,,0.020245609999619774,,,,,,,,
set50,low,18.gif,0,0.01,"[512, 512]",539caf0cced15a86b729848a1a182b75776a621cf01b5e9a62085f53b86f3407,5873c891357876f2dbe9c9d0e5fc2da0fd371a9cf25f1268ae8f5893ee21f411,aswmf,,23.623382993455255,0.8819472561104271,55.90905430224898,,,,,0.017750701001205016,,,,,,,,
set50,low,49.gif,0,0.01,"[512, 512]",8311e02cd6238d6e74f6a9bf6fa5c250d748ceec5882a86242e2452c587cdf2b,8125d7f83fc4d3be014d6ec00247ddfe409213305964ff8d8abbcaaaf07d5131,aswmf,,17.417747487002234,0.8332691653919375,50.37233201309799,,,,,0.024794942000880837,,,,,,,,
set50,low,4.gif,0,0.01,"[512, 512]",fd89b9bfe327e11c7cfbc851fff026261f2c33ef17edc9373682def6616fdc4f,cb585c5a840cc56bfa16227eca05f3d968ee47e4d8a6d4f6a8098f24c92e5ebe,aswmf,,33.79919668342983,0.9326699066142384,63.53309367242684,,,,,0.0172050199998921,,,,,,,,
set50,low,8.gif,0,0.01,"[512, 512]",fd53a01b9f6a3a02a5408efee91cfa235b1325372804d49874a677719089b14e,959d9223c31d5d17f16e71514f09e97be2737ed240f0e73975f0bb5c91651a10,aswmf,,34.10237783072273,0.9546570578228767,64.7840418065052,,,,,0.021830302001035307,,,,,,,,
set50,low,39.gif,0,0.01,"[512, 512]",e43557540646572e4a7b69124c49ff2c37c4d1695507c5d64a44d09a5043958e,44e6529e24cceca1d712601d81f8499b0bc9587c6093ab99c831d09ccf79016a,aswmf,,35.97871242464487,0.9532321860039722,65.65096551252105,,,,,0.01968953299910936,,,,,,,,
set50,low,12.gif,0,0.01,"[512, 512]",3c3ec23125fea9974f2e94c0d93a534edf2ec60d33b6af79f9a60fef58295de4,fa9482fa551439d9f17531d42a955c1c9fb456df7a7ea0c45be4ad6a23db1c47,aswmf,,32.62704283124484,0.9475833706176334,63.69268994650409,,,,,0.021345223000025726,,,,,,,,
set50,low,45.gif,0,0.01,"[512, 512]",72644242bceb1596c04ab4ddde11989c7aa206ee2094402fadeac9f9c500d55a,c3ab35a48c81121c8b48794984160850baf0a8f64d9009ea6eeefb548e11df68,aswmf,,34.832467896349876,0.968610028119763,65.84673535416309,,,,,0.01507619600124599,,,,,,,,
set50,low,11.gif,0,0.01,"[512, 512]",b12e0216f269d1ad8f5dfe769baf0fb60142ab5235a6d1d62707dc52ca591071,8948decfdbaad42c41f6d0264883a357a35557ce680c55d8a78313aad39151af,aswmf,,22.949637442689994,0.8504581104326712,53.997724242978556,,,,,0.022946335000597173,,,,,,,,
set50,low,34.gif,0,0.01,"[512, 512]",42a4b02f48b536770f4d42c1c4884a5b2a4a662af62778249a90a16c1d9f5398,dd73eaa5ded2fd68bedf81c188a0c44f01c7edbdcbf0abdf70e7d6c10a63bf63,aswmf,,31.1196470318566,0.9386155023978855,62.49059863582258,,,,,0.015756127999338787,,,,,,,,
set12,high,02.png,0,0.1,"[512, 512]",9a0925d4efea52b4b8355baab41b735118c594bada85c1650a8c929d4bedd645,e416650380e12917a3a2eeeb4269219a30b3b8cc16efb4db753ec8cb052bd8c8,aswmf,,43.00473242222327,0.9886187552119199,70.93330397170763,,,,,0.0189241750013025,,,,,,,,
set12,high,10.png,0,0.1,"[512, 512]",fa9370ee1649c3bf2aa161f01d3d2575a2dedca729f26b78bd75d618679b9889,7164aae5d6477ab64a9b20611d6b33f74569a62d739a897485e7d12dad80435d,aswmf,,34.45594497057564,0.972250539218975,65.84049944623658,,,,,0.018438315000821603,,,,,,,,
set12,high,09.png,0,0.1,"[512, 512]",4b3ddbef5883a30e02120d9280c878727f5282bb054525cf3a5b0fcffb889d5c,3e0d74d912d9f117e2941f19693e873a800672ebfc0237c1409a0ea272ec7872,aswmf,,32.43918900438379,0.9696327496165139,64.70123198301759,,,,,0.018330543000047328,,,,,,,,
set12,high,07.png,0,0.1,"[512, 512]",154769fc48745384ec8816fc554051b0dd5f1c55071de2669c9058bf3a96574e,2ba0d75dafd4a58439379072ed0bc3d150f40e4390b9b33d20349e9f1b29b718,aswmf,,32.55881267942363,0.9812144176635144,65.34012722288753,,,,,0.017747885998687707,,,,,,,,
set12,high,05.png,0,0.1,"[512, 512]",0a48bd94dc684e9744094acf5f9409ae1a147f367207cbcf847ffecc9506b1e3,99ebf5f91f8d5011c136e3657c039f5f484f7a9ad07790541df20dd03bf9c836,aswmf,,37.892082501622085,0.9856467709744331,68.22837979953269,,,,,0.01848880800025654,,,,,,,,
set12,high,08.png,0,0.1,"[512, 512]",2c394996c73fe787fca843f9f42014d5330dda4ad3053466b934f2c52d1c1f84,df4e8481f6afd5a29944a9cd59f15e3ba5659986829732fd430d6985cd4b7fc9,aswmf,,33.67695895419133,0.9639285993457929,65.0349094443853,,,,,0.01844380900001852,,,,,,,,
set12,high,01.png,0,0.1,"[512, 512]",0a372ced9fd4d1f9633532a58073e3974b41da8cfc87f04ec8e9a8dc6a89bba1,5c64fdfe33f4ceb5a47428c2edc3ca4f989b1078a7da5d038a7aac327de869fd,aswmf,,35.273286003038336,0.9793927136181982,66.60627868242908,,,,,0.019199661999664386,,,,,,,,
set12,high,04.png,0,0.1,"[512, 512]",7f6baec8e072815d469acd5d149f5da86b89ef26df1895c4edde2d5758900fd0,0a9fd41a69964cdee98a13387f66a0e0afec3986fcdb81bfef6cf0b952ec854c,aswmf,,39.05078180990253,0.9862224132192036,68.83651156591145,,,,,0.01857157099948381,,,,,,,,
set12,high,06.png,0,0.1,"[512, 512]",aa1ae42753ac532294aa25320a62b1fb9aa4b54ad1627f3551d0532393b63c6e,d64e7d6cff0dd1480f8ba1a2df2cb1a7e53c3656ab86e3b1aaaf93b31a9edfbf,aswmf,,34.44144576380082,0.9778374330647489,66.11259453513786,,,,,0.01842056799978309,,,,,,,,
set12,high,03.png,0,0.1,"[512, 512]",ecaf4e62d02b750095b71c0828247049848c285190975276e63ef6d951b37cf4,4b3536cd26cb2a06a9257208afef360b062fd3e9ee7285ba6d4c75c0e03474d9,aswmf,,31.610494666906767,0.9879268852836779,65.20159159763728,,,,,0.01891293300104735,,,,,,,,
set12,high,11.png,0,0.1,"[512, 512]",17b452cc44e876adc0d3fd3607e8c9ab9e04406fa1702d436005e99db30c6108,efb327d0e9507fdf30c7e6389581d470feab9b99fac8c2659863071b5babac8d,aswmf,,30.57296895003466,0.9327013276544266,61.92155085773866,,,,,0.026461381999979494,,,,,,,,
set12,medium,02.png,0,0.05,"[512, 512]",9a0925d4efea52b4b8355baab41b735118c594bada85c1650a8c929d4bedd645,c3f9d39a11e3011c40ec0ba98de83291f1b1fcd783cfca19fa39be37ecb6240b,aswmf,,44.63121296461388,0.990288067709532,71.83000986778355,,,,,0.017082700000173645,,,,,,,,
set12,medium,10.png,0,0.05,"[512, 512]",fa9370ee1649c3bf2aa161f01d3d2575a2dedca729f26b78bd75d618679b9889,87d8a8c260cdb8c52551132cb0dfe95ee2f14d151af9ff4d6168d5800396b42c,aswmf,,35.81561846039266,0.9783698191368498,66.82630018703883,,,,,0.01613234199976432,,,,,,,,
set12,medium,09.png,0,0.05,"[512, 512]",4b3ddbef5883a30e02120d9280c878727f5282bb054525cf3a5b0fcffb889d5c,7c56fc735c741056497fe6ad8b491244bf2746021f23f9e3f3b7401a4df3be52,aswmf,,33.99598116464573,0.9784555356936304,65.92076736700439,,,,,0.015903789000731194,,,,,,,,
set12,medium,07.png,0,0.05,"[512, 512]",154769fc48745384ec8816fc554051b0dd5f1c55071de2669c9058bf3a96574e,50403390a446b8878af128c5b5eb24f750286ab630615b3caace33849ff6c560,aswmf,,33.06052280567722,0.9845478931520295,65.75765606044008,,,,,0.016714478999347193,,,,,,,,
set12,medium,05.png,0,0.05,"[512, 512]",0a48bd94dc684e9744094acf5f9409ae1a147f367207cbcf847ffecc9506b1e3,adb057f232e03a2f58a65b65c32bd3ae831f109d80147c92d9e62f40775bc731,aswmf,,39.87737299109335,0.9894498785590311,69.41118042349822,,,,,0.01654794499881973,,,,,,,,
set12,medium,08.png,0,0.05,"[512, 512]",2c394996c73fe787fca843f9f42014d5330dda4ad3053466b934f2c52d1c1f84,8e3d7b1e875d19f22c64e3044a9d0c41b820f9cfa02088458ff600eaf223eb5f,aswmf,,34.754511209466045,0.9703218745655012,65.89334933300808,,,,,0.016110147000290453,,,,,,,,
set12,medium,01.png,0,0.05,"[512, 512]",0a372ced9fd4d1f9633532a58073e3974b41da8cfc87f04ec8e9a8dc6a89bba1,95660ff47115848bd895ed7581195e91c2ab4a1746122ef36b82c4d90108493b,aswmf,,36.58795131710842,0.9827115261787567,67.42955196749205,,,,,0.01709640599983686,,,,,,,,
set12,medium,04.png,0,0.05,"[512, 512]",7f6baec8e072815d469acd5d149f5da86b89ef26df1895c4edde2d5758900fd0,1c72f71d2f5910501fba30fd6269d5a73022d2e2701365d87f47014e5f50f8e5,aswmf,,41.14880079294668,0.9906643211515886,70.10761645405277,,,,,0.016543457999432576,,,,,,,,
set12,medium,06.png,0,0.05,"[512, 512]",aa1ae42753ac532294aa25320a62b1fb9aa4b54ad1627f3551d0532393b63c6e,418ae6ffd6be74f226d8da4b414080f6be346245802a6e9c0b97dc4ff2a94400,aswmf,,35.66460658614839,0.9830764489922242,66.9861257426854,,,,,0.01636068600055296,,,,,,,,
set12,medium,03.png,0,0.05,"[512, 512]",ecaf4e62d02b750095b71c0828247049848c285190975276e63ef6d951b37cf4,0a2b74a80e9ef7c6edfd254d6abd4f21d8fc939cbcfe8e477f4c4a919f7d715d,aswmf,,31.90258433664253,0.9911562093967001,65.50910263815626,,,,,0.016717147998861037,,,,,,,,
set12,medium,11.png,0,0.05,"[512, 512]",17b452cc44e876adc0d3fd3607e8c9ab9e04406fa1702d436005e99db30c6108,599e46ff8f73bb0bcb238e7a5776355ab3a55274a6828355adfafd7ae4d55c02,aswmf,,31.191819938925413,0.9402916665517712,62.61049329705126,,,,,0.02055324200046016,,,,,,,,
set12,extreme,02.png,0,0.2,"[512, 512]",9a0925d4efea52b4b8355baab41b735118c594bada85c1650a8c929d4bedd645,49df52a59b6c929c5f31dd1d9dcd3a8cc145517e504d2433ddbe093f2ea75a04,aswmf,,40.14085805460552,0.9797379926352475,69.05732865906513,,,,,0.025083766000534524,,,,,,,,
set12,extreme,10.png,0,0.2,"[512, 512]",fa9370ee1649c3bf2aa161f01d3d2575a2dedca729f26b78bd75d618679b9889,54206e07e2533ce3cdc4f253b01d2bcf15986e6aa5edcfa3142c91d69412c383,aswmf,,31.755036288614825,0.9492848433819903,63.34176031340692,,,,,0.031519586000285926,,,,,,,,
set12,extreme,09.png,0,0.2,"[512, 512]",4b3ddbef5883a30e02120d9280c878727f5282bb054525cf3a5b0fcffb889d5c,0b3ebc1adeda4f915d78dc938f4f6754e061d4488a42511b466d50496ed3c90d,aswmf,,29.72567793810636,0.9426221726763517,61.99394760287077,,,,,0.02474970100047358,,,,,,,,
set12,extreme,07.png,0,0.2,"[512, 512]",154769fc48745384ec8816fc554051b0dd5f1c55071de2669c9058bf3a96574e,a555b68256523f4ea9a6a3a1d63d525af0a21767eb731194aeaa7d0237229d14,aswmf,,30.98100087835344,0.967267672761664,63.85388407725992,,,,,0.025605697001083172,,,,,,,,
set12,extreme,05.png,0,0.2,"[512, 512]",0a48bd94dc684e9744094acf5f9409ae1a147f367207cbcf847ffecc9506b1e3,47e001521556c7ceb0d8f2d01af9cf5e6eedb001280a9b295e77fef79fb60244,aswmf,,35.04397055527859,0.9737082374947301,66.2073971523758,,,,,0.025082414998905733,,,,,,,,
set12,extreme,08.png,0,0.2,"[512, 512]",2c394996c73fe787fca843f9f42014d5330dda4ad3053466b934f2c52d1c1f84,b513454383e7814ea07019014f0d151fde15b5a47f3e20c6d9f3194be9c69f56,aswmf,,31.107579705610924,0.9342399774799751,62.26578872680422,,,,,0.02520866200029559,,,,,,,,
set12,extreme,01.png,0,0.2,"[512, 512]",0a372ced9fd4d1f9633532a58073e3974b41da8cfc87f04ec8e9a8dc6a89bba1,bb82ddd95a6a25e95485a996c31e0375130595fb41bbf773b1bd5b01c13959c1,aswmf,,32.69085501576519,0.964077186451853,64.54928683047524,,,,,0.030934295999031747,,,,,,,,
set12,extreme,04.png,0,0.2,"[512, 512]",7f6baec8e072815d469acd5d149f5da86b89ef26df1895c4edde2d5758900fd0,bed36c52da9f24d3ca3fb49a29cd8e86158fb485d9e63c07e1c4acb7624e204a,aswmf,,36.23080236518412,0.9746478779542973,66.84779508030692,,,,,0.025538137999319588,,,,,,,,
set12,extreme,06.png,0,0.2,"[512, 512]",aa1ae42753ac532294aa25320a62b1fb9aa4b54ad1627f3551d0532393b63c6e,99762f4e36329a2a9ca8ae0af403f0994ac05cc0f2d8cfc948e27d609ae70bab,aswmf,,31.892061547387527,0.9602037698153266,63.956219264460096,,,,,0.030254539000452496,,,,,,,,
set12,extreme,03.png,0,0.2,"[512, 512]",ecaf4e62d02b750095b71c0828247049848c285190975276e63ef6d951b37cf4,5d873642d5904df0268ba3e2ab75f110ac16583462f4036e07f029c689362f0c,aswmf,,30.934621419125303,0.9784854889127232,64.39158515519881,,,,,0.02523538099922007,,,,,,,,
set12,extreme,11.png,0,0.2,"[512, 512]",17b452cc44e876adc0d3fd3607e8c9ab9e04406fa1702d436005e99db30c6108,9a04391c3b1256307bf621b3151ddf799518fb0a981f8949a152baac9237f5bf,aswmf,,28.824399043873257,0.9039347551761822,59.608937280745735,,,,,0.030425533001107397,,,,,,,,
set12,moderate,02.png,0,0.03,"[512, 512]",9a0925d4efea52b4b8355baab41b735118c594bada85c1650a8c929d4bedd645,ee7bfd453ba8d6e6718aaf8a97d81f5f2238214fca6f66b9cd8f2e44d4e6969a,aswmf,,44.95368038079175,0.9893585158310895,71.94476598195035,,,,,0.028340599999864935,,,,,,,,
set12,moderate,10.png,0,0.03,"[512, 512]",fa9370ee1649c3bf2aa161f01d3d2575a2dedca729f26b78bd75d618679b9889,5d887063ebde1fcfbf95f8deca1ac10049d03f7db0a73c069699f665d6977104,aswmf,,35.78152671843191,0.9772597703830104,66.75375187836647,,,,,0.016287020000163466,,,,,,,,
set12,moderate,09.png,0,0.03,"[512, 512]",4b3ddbef5883a30e02120d9280c878727f5282bb054525cf3a5b0fcffb889d5c,de0042a9b572069c4805997a988a6eb7d29426746f4b470c08ec69dfefe9b523,aswmf,,34.243067878993706,0.9785559083669141,66.04932935784255,,,,,0.02896217800116574,,,,,,,,
set12,moderate,07.png,0,0.03,"[512, 512]",154769fc48745384ec8816fc554051b0dd5f1c55071de2669c9058bf3a96574e,41c6793af84e33ba2ceb749b4738b40b1b3737129d2d2babeb1dd4ec40eb3ac5,aswmf,,33.131614752445195,0.9841178535353118,65.77170005298818,,,,,0.016120754000439774,,,,,,,,
set12,moderate,05.png,0,0.03,"[512, 512]",0a48bd94dc684e9744094acf5f9409ae1a147f367207cbcf847ffecc9506b1e3,9f3476abacfd546a3608bc4be56078d043e749803d48ceb9c514386cce77c211,aswmf,,40.50492155454179,0.9897532281518997,69.74012218486588,,,,,0.015551552000033553,,,,,,,,
set12,moderate,08.png,0,0.03,"[512, 512]",2c394996c73fe787fca843f9f42014d5330dda4ad3053466b934f2c52d1c1f84,b0b958f06122f7dfd86e575b45174a19c43c39d05a9f75e6d37f0d1b885e83d9,aswmf,,34.654204707221126,0.9683949443579417,65.74684957150765,,,,,0.01562559199919633,,,,,,,,
set12,moderate,01.png,0,0.03,"[512, 512]",0a372ced9fd4d1f9633532a58073e3974b41da8cfc87f04ec8e9a8dc6a89bba1,1890871d8ac6fdf241ae77566f9a0eb175baed8033bd8ffbdecf5475a45749fe,aswmf,,36.73721189715616,0.9812763452708816,67.43242321212216,,,,,0.01580094699966139,,,,,,,,
set12,moderate,04.png,0,0.03,"[512, 512]",7f6baec8e072815d469acd5d149f5da86b89ef26df1895c4edde2d5758900fd0,5aab2f4c90265de03c4286a1026b54930c9f1174f15bd4788a5cea6ddc26c27a,aswmf,,41.94241998226904,0.9915614213711601,70.54928105969252,,,,,0.015186081000138074,,,,,,,,
set12,moderate,06.png,0,0.03,"[512, 512]",aa1ae42753ac532294aa25320a62b1fb9aa4b54ad1627f3551d0532393b63c6e,f6c87c3541133224f0d0b09d3ddb74251b7ff019191b5f7b5cf5f3356ce374c4,aswmf,,35.70017225704875,0.98273686455957,66.98692935650288,,,,,0.015942603999064886,,,,,,,,
set12,moderate,03.png,0,0.03,"[512, 512]",ecaf4e62d02b750095b71c0828247049848c285190975276e63ef6d951b37cf4,231f53176f51c4b24bdc12fd9f1b4c16454140fdfe7631cec75f8301deab3824,aswmf,,31.992129193150753,0.9917164903534764,65.5818891142492,,,,,0.01579853700059175,,,,,,,,
set12,moderate,11.png,0,0.03,"[512, 512]",17b452cc44e876adc0d3fd3607e8c9ab9e04406fa1702d436005e99db30c6108,fc459f467923651b85169e1d453047db01071c2115000fa34e05ff50a6c59429,aswmf,,31.20396359889348,0.9384347442092256,62.52371900990802,,,,,0.020722521998322918,,,,,,,,
set12,low,02.png,0,0.01,"[512, 512]",9a0925d4efea52b4b8355baab41b735118c594bada85c1650a8c929d4bedd645,7d03f7624fa0aaaef532f6ccb5b007c11ecfba46dc0bf970948880603d265edc,aswmf,,44.60770479460068,0.98639251442913,71.62347811875685,,,,,0.32445441099935124,,,,,,,,
set12,low,10.png,0,0.01,"[512, 512]",fa9370ee1649c3bf2aa161f01d3d2575a2dedca729f26b78bd75d618679b9889,d06c846ad219995869474be865acb70b5ec7d01068ecd7580cc3fde6a2889b07,aswmf,,35.27118524336653,0.9727150535723141,66.27134530029898,,,,,0.01448532799986424,,,,,,,,
set12,low,09.png,0,0.01,"[512, 512]",4b3ddbef5883a30e02120d9280c878727f5282bb054525cf3a5b0fcffb889d5c,f57c1e0803358fa46cb3fcadacd603e0bc8a9a1500621f0dea3a800d055c6fe6,aswmf,,33.8038566802492,0.9752109543130285,65.66247605577603,,,,,0.015087288000358967,,,,,,,,
set12,low,07.png,0,0.01,"[512, 512]",154769fc48745384ec8816fc554051b0dd5f1c55071de2669c9058bf3a96574e,584ba7517a59730143877939055ad6e1e59eec8663870de1e2f41b823592272b,aswmf,,32.823378383742714,0.9812372886189533,65.47355362281903,,,,,0.01589193699965108,,,,,,,,
set12,low,05.png,0,0.01,"[512, 512]",0a48bd94dc684e9744094acf5f9409ae1a147f367207cbcf847ffecc9506b1e3,d9a99fe9c66291c5480b648f63457e4e7868b0267787c7b85908acc020420910,aswmf,,40.57951603467886,0.9885260252245752,69.7160592785682,,,,,0.015191309999863734,,,,,,,,
set12,low,08.png,0,0.01,"[512, 512]",2c394996c73fe787fca843f9f42014d5330dda4ad3053466b934f2c52d1c1f84,e160bea8a7b841fbbcb9a08d2452bc47be4e0b6c86d87d1b0bea001f91693d97,aswmf,,33.992784140095225,0.9604416261472952,65.01847337741236,,,,,0.015454059000148845,,,,,,,,
set12,low,01.png,0,0.01,"[512, 512]",0a372ced9fd4d1f9633532a58073e3974b41da8cfc87f04ec8e9a8dc6a89bba1,580fbc14af471717cfc09261d71b2bee527d3960eb5a144e296d4af84219023d,aswmf,,36.09381591798092,0.9765190439766454,66.87286015782273,,,,,0.326273300000139,,,,,,,,
set12,low,04.png,0,0.01,"[512, 512]",7f6baec8e072815d469acd5d149f5da86b89ef26df1895c4edde2d5758900fd0,e8a6fc5f208fe29f03f5cbd984d49640d58559cd6c5aa49284f500b1f7ee7903,aswmf,,42.25645292237281,0.9910822523978271,70.68233908107776,,,,,0.014991146000284061,,,,,,,,
set12,low,06.png,0,0.01,"[512, 512]",aa1ae42753ac532294aa25320a62b1fb9aa4b54ad1627f3551d0532393b63c6e,e340e8d85915e482eb2fcd7c112e25b58f52ae82986a937d947c38437b40d732,aswmf,,35.572044992442414,0.9800858086600575,66.79031292922409,,,,,0.01526972899955581,,,,,,,,
set12,low,03.png,0,0.01,"[512, 512]",ecaf4e62d02b750095b71c0828247049848c285190975276e63ef6d951b37cf4,18313c5d887bba3759a18d07833b66fb952544043545ed839a5d493c1c132871,aswmf,,32.06008347821968,0.99060301483775,65.56019248099734,,,,,0.015585066999847186,,,,,,,,
set12,low,11.png,0,0.01,"[512, 512]",17b452cc44e876adc0d3fd3607e8c9ab9e04406fa1702d436005e99db30c6108,030fd588168a45176d9b0eca993f8007814b0503964557c1914c2fbae448d11f,aswmf,,30.931188653840454,0.9333576291318967,62.13347578351506,,,,,0.03063458900032856,,,,,,,,
set12,high,02.png,4,0.1,"[512, 512]",9a0925d4efea52b4b8355baab41b735118c594bada85c1650a8c929d4bedd645,fb5756b2f1977a53d6af3dcead4efb66402b9d5e985cdbdec56b32e00ffd97a7,aswmf,,18.38594315266858,0.26696736121817266,22.541339637242924,,,,,0.02391110300050059,,,,,,,,
set12,high,10.png,4,0.1,"[512, 512]",fa9370ee1649c3bf2aa161f01d3d2575a2dedca729f26b78bd75d618679b9889,20cbcff47f8f1652d0beb4647260b220d5985351324e73ce58f91790a1b40bdd,aswmf,,18.203327489200063,0.3875396976180352,28.47864862550179,,,,,0.0161302610013081,,,,,,,,
set12,high,09.png,4,0.1,"[512, 512]",4b3ddbef5883a30e02120d9280c878727f5282bb054525cf3a5b0fcffb889d5c,6580f7427fae38e6900e311bc3d882abd5bbd2d3ee833d3f15f08e971f1badd3,aswmf,,18.05202274654025,0.4526751177272133,31.65976725963079,,,,,0.020675650999692152,,,,,,,,
set12,high,07.png,4,0.1,"[512, 512]",154769fc48745384ec8816fc554051b0dd5f1c55071de2669c9058bf3a96574e,6b2b7a6b103aa4415de2661efe3e7b16f3e8a8d91d505c35019889f45be2ccdf,aswmf,,17.784484547060142,0.35586047010448524,26.685265778754335,,,,,0.0163447119994089,,,,,,,,
set12,high,05.png,4,0.1,"[512, 512]",0a48bd94dc684e9744094acf5f9409ae1a147f367207cbcf847ffecc9506b1e3,0d5e8010bb26a850d7bcc7fe1db68e0f0c6af22b17fa9bc70b31b059f1079a92,aswmf,,18.22540666401691,0.3628778861745047,27.25659764073369,,,,,0.015996902000551927,,,,,,,,
set12,high,08.png,4,0.1,"[512, 512]",2c394996c73fe787fca843f9f42014d5330dda4ad3053466b934f2c52d1c1f84,0c9b60e4d12da52284c5eb24f1ad2f1c68d32c53c03585a9c05992f6df84ca1f,aswmf,,18.3716574756723,0.40658175896513193,29.514916686092747,,,,,0.01740886300103739,,,,,,,,
set12,high,01.png,4,0.1,"[512, 512]",0a372ced9fd4d1f9633532a58073e3974b41da8cfc87f04ec8e9a8dc6a89bba1,9ea25905277eaa2c13405c16af5a2bd159339f43e0d8dbc939852ca029957356,aswmf,,17.989248472551886,0.33321481916766743,25.655365194659314,,,,,0.017968316000406048,,,,,,,,
set12,high,04.png,4,0.1,"[512, 512]",7f6baec8e072815d469acd5d149f5da86b89ef26df1895c4edde2d5758900fd0,fdc436c0c8446ba46cfc24590bb554f37546781412b4b4564d6407e3391d198a,aswmf,,18.031948631702967,0.38522562825914836,28.2772557288089,,,,,0.016234842001722427,,,,,,,,
set12,high,06.png,4,0.1,"[512, 512]",aa1ae42753ac532294aa25320a62b1fb9aa4b54ad1627f3551d0532393b63c6e,a363dcecce4b7295d8e22162211f906c57f7427694cc70216f5f5b9f9c8ae75e,aswmf,,17.69645573330678,0.3637806218201302,27.0372589576599,,,,,0.016475738000735873,,,,,,,,
set12,high,03.png,4,0.1,"[512, 512]",ecaf4e62d02b750095b71c0828247049848c285190975276e63ef6d951b37cf4,85f7066b7aa1244baa2f27667095e1ea8355fef86e40ccd8d4b2514ec34fd63d,aswmf,,18.08697868925047,0.31456741108615865,24.771859898933165,,,,,0.016395341999668744,,,,,,,,
set12,high,11.png,4,0.1,"[512, 512]",17b452cc44e876adc0d3fd3607e8c9ab9e04406fa1702d436005e99db30c6108,d985d535d00b2df1afd30e645e35cfc28961b28fa786c9d6216e5ca98bb90604,aswmf,,17.238701544712868,0.3985391835483528,28.546309949774074,,,,,0.01954266799839388,,,,,,,,
set12,medium,02.png,4,0.05,"[512, 512]",9a0925d4efea52b4b8355baab41b735118c594bada85c1650a8c929d4bedd645,4e69b9926757359b28d2ba0ddea539b9b5734c1c9927cbb52997eed2c2c65a57,aswmf,,23.123867199204312,0.6040349536971148,41.763681284457896,,,,,0.016096761000881088,,,,,,,,
set12,medium,10.png,4,0.05,"[512, 512]",fa9370ee1649c3bf2aa161f01d3d2575a2dedca729f26b78bd75d618679b9889,461dc699c7e6039d3c7fbc9e361c8477afcdd41db684ad67d9d1dd1715aba45a,aswmf,,22.792492274813142,0.675926432480559,45.19256776143452,,,,,0.01557044999935897,,,,,,,,
set12,medium,09.png,4,0.05,"[512, 512]",4b3ddbef5883a30e02120d9280c878727f5282bb054525cf3a5b0fcffb889d5c,5780430f9e94feaf25364471128f02e7454678af26c718534cb418901e5bbe6c,aswmf,,22.67977680447721,0.7264517502008143,47.66247591227933,,,,,0.016489899999214686,,,,,,,,
set12,medium,07.png,4,0.05,"[512, 512]",154769fc48745384ec8816fc554051b0dd5f1c55071de2669c9058bf3a96574e,57067cdfaec1e7cbd302b6992dd6d10ca47b25065f31c44a1bfe1573c39a6480,aswmf,,22.299514119025922,0.6658159388856274,44.44055400379433,,,,,0.015885354001511587,,,,,,,,
set12,medium,05.png,4,0.05,"[512, 512]",0a48bd94dc684e9744094acf5f9409ae1a147f367207cbcf847ffecc9506b1e3,e0fa916e823acf6effc4f3b42e72ab8a62ce26e6958e64dcd7833e8e36a12729,aswmf,,23.024937561391837,0.6704190423639516,45.033420898893496,,,,,0.015675806998842745,,,,,,,,
set12,medium,08.png,4,0.05,"[512, 512]",2c394996c73fe787fca843f9f42014d5330dda4ad3053466b934f2c52d1c1f84,e1b0f210137124047cfa6d6db5eb311ebf1bd872e71c7f34ecbce8d731865d47,aswmf,,23.03796195936627,0.692121413823599,46.12505167086309,,,,,0.015599861000737292,,,,,,,,
set12,medium,01.png,4,0.05,"[512, 512]",0a372ced9fd4d1f9633532a58073e3974b41da8cfc87f04ec8e9a8dc6a89bba1,9379e76152d6d388d723e1eaa08d1618611906ad05b452f66e45fc46f2920222,aswmf,,22.716328304173533,0.6500596297159045,43.86114563788199,,,,,0.016159057999175275,,,,,,,,
set12,medium,04.png,4,0.05,"[512, 512]",7f6baec8e072815d469acd5d149f5da86b89ef26df1895c4edde2d5758900fd0,96b121cc217c410a07c6e8b75d018b9c2d013f47489b90382de26ad622a43a5a,aswmf,,22.77055646369022,0.6934859097252285,46.059573718106535,,,,,0.01583706899873505,,,,,,,,
set12,medium,06.png,4,0.05,"[512, 512]",aa1ae42753ac532294aa25320a62b1fb9aa4b54ad1627f3551d0532393b63c6e,5d3d90db8b69e62a740e7e86ea6a5df988b44fac6affdc46ef302b5c6eb8dce4,aswmf,,22.449488687327342,0.6771050692575318,45.07999780654026,,,,,0.015739361999294488,,,,,,,,
set12,medium,03.png,4,0.05,"[512, 512]",ecaf4e62d02b750095b71c0828247049848c285190975276e63ef6d951b37cf4,76e43ccb10d0fd50514c324d9319b070e705fa6c949ead13598cc60431e1acd1,aswmf,,22.565582277609902,0.6406788629694079,43.316734287275345,,,,,0.01582020800015016,,,,,,,,
set12,medium,11.png,4,0.05,"[512, 512]",17b452cc44e876adc0d3fd3607e8c9ab9e04406fa1702d436005e99db30c6108,d061e894c51d566e883b22e0983bc6c1f82e2c15c660fea833b8da2c916beea5,aswmf,,21.498706180070954,0.6516775709321445,43.3332316366427,,,,,0.018274173000463634,,,,,,,,
set12,extreme,02.png,4,0.2,"[512, 512]",9a0925d4efea52b4b8355baab41b735118c594bada85c1650a8c929d4bedd645,c78625d61f7341c9115095ca61bc56d13277a60903cbda9e7817dcbf3fad2403,aswmf,,14.252303225832408,0.09002383014008375,11.627343119920392,,,,,0.018060690999845974,,,,,,,,
set12,extreme,10.png,4,0.2,"[512, 512]",fa9370ee1649c3bf2aa161f01d3d2575a2dedca729f26b78bd75d618679b9889,55df1265f85a4f395abe6fdb9f8d6ced6f37fabb2f2efbdcd9ad51de31f0f358,aswmf,,14.022614127734101,0.17514781784491437,15.768697956112769,,,,,0.017443886999899405,,,,,,,,
set12,extreme,09.png,4,0.2,"[512, 512]",4b3ddbef5883a30e02120d9280c878727f5282bb054525cf3a5b0fcffb889d5c,d5200db9a81ea1ad2851337034ec180dcba65337806d6f544c91105b701dd5a8,aswmf,,13.940820230139847,0.22088670271902966,18.014745251021406,,,,,0.018200327000158723,,,,,,,,
set12,extreme,07.png,4,0.2,"[512, 512]",154769fc48745384ec8816fc554051b0dd5f1c55071de2669c9058bf3a96574e,d658efe3236f7ef4462769d23a0c6a782ae9c9bb794297f469fb22a6a114781d,aswmf,,13.662622580158011,0.14880165241980522,14.271393911069268,,,,,0.017603350001081708,,,,,,,,
set12,extreme,05.png,4,0.2,"[512, 512]",0a48bd94dc684e9744094acf5f9409ae1a147f367207cbcf847ffecc9506b1e3,f14c438201f32887ca2958073a99c9c4367ca05aa3996a24e4a516345d4ee79d,aswmf,,14.02278002964863,0.16295310718886147,15.159045374267388,,,,,0.01779003800038481,,,,,,,,
set12,extreme,08.png,4,0.2,"[512, 512]",2c394996c73fe787fca843f9f42014d5330dda4ad3053466b934f2c52d1c1f84,a8484a10dd4d38b8a5ac055a083f83a730aeb890ecb2fff33eb9cc1791e5eb5b,aswmf,,14.276217449670185,0.18887024580655593,16.581621015162888,,,,,0.017584043000169913,,,,,,,,
set12,extreme,01.png,4,0.2,"[512, 512]",0a372ced9fd4d1f9633532a58073e3974b41da8cfc87f04ec8e9a8dc6a89bba1,65177135c7481be235c048926973169e2e8bf506e1b0926ab33339f39e25d3b0,aswmf,,13.85856371458292,0.13559266358729255,13.708915036656087,,,,,0.016912483999476535,,,,,,,,
set12,extreme,04.png,4,0.2,"[512, 512]",7f6baec8e072815d469acd5d149f5da86b89ef26df1895c4edde2d5758900fd0,9bdf88a0f1a278417dd2a591efa55b88d04dfe89bd8aaa8ad24e1443228a0a94,aswmf,,13.852539860913623,0.15766461457159575,14.8095006590366,,,,,0.017799860001105117,,,,,,,,
set12,extreme,06.png,4,0.2,"[512, 512]",aa1ae42753ac532294aa25320a62b1fb9aa4b54ad1627f3551d0532393b63c6e,3d987315aa538246f5a208b6d41f81eab45d6f505e0a6f7243927c5ad7a0fe40,aswmf,,13.641668658582574,0.15267355404805602,14.454512031694088,,,,,0.017569673998877988,,,,,,,,
set12,extreme,03.png,4,0.2,"[512, 512]",ecaf4e62d02b750095b71c0828247049848c285190975276e63ef6d951b37cf4,aad7e4eba1d0a55ac4a983788b73e9e5a66f24a767e26e93e98c74ddff8dd54a,aswmf,,14.026971058063866,0.1191540308410977,12.971187071086817,,,,,0.017800098999941838,,,,,,,,
set12,extreme,11.png,4,0.2,"[512, 512]",17b452cc44e876adc0d3fd3607e8c9ab9e04406fa1702d436005e99db30c6108,76b80ddc8c4f96ba7c3331b18a0331e1aa705a7e327f7bf24342319ad0898b04,aswmf,,13.222382169374566,0.1835367894987544,15.788030559625003,,,,,0.02698532099930162,,,,,,,,
set12,moderate,02.png,4,0.03,"[512, 512]",9a0925d4efea52b4b8355baab41b735118c594bada85c1650a8c929d4bedd645,d879986baaf42190982449d59dd5553d540eb63dbc7567ea488c75632114b5ac,aswmf,,27.139192998384864,0.8036027003292234,53.74973151565361,,,,,0.015994228000636213,,,,,,,,
set12,moderate,10.png,4,0.03,"[512, 512]",fa9370ee1649c3bf2aa161f01d3d2575a2dedca729f26b78bd75d618679b9889,434ac8f246e81cbe180927267d40fe66e3454116170de134fb46d837087c066b,aswmf,,26.503116560784328,0.8331584796270994,54.90948226174713,,,,,0.015313899999455316,,,,,,,,
set12,moderate,09.png,4,0.03,"[512, 512]",4b3ddbef5883a30e02120d9280c878727f5282bb054525cf3a5b0fcffb889d5c,197f65e812b0eeb2cf91510c2b107e0d658adcb343eaa673a6289fbe2bc4596e,aswmf,,26.2731703589027,0.8629552447349914,56.28434741620092,,,,,0.015394439000374405,,,,,,,,
set12,moderate,07.png,4,0.03,"[512, 512]",154769fc48745384ec8816fc554051b0dd5f1c55071de2669c9058bf3a96574e,b36e158819d385dc062ac7799786f1c8f4d46446b333738c6e5fa3718cffe970,aswmf,,25.803213301279612,0.8329582073022529,54.54951701575245,,,,,0.016001301000869717,,,,,,,,
set12,moderate,05.png,4,0.03,"[512, 512]",0a48bd94dc684e9744094acf5f9409ae1a147f367207cbcf847ffecc9506b1e3,114a2e420e0ad99810e3e866c2b4386ab515991bfd7c5db3c2eb96d637d19c5b,aswmf,,26.80554585857191,0.8359173863186337,55.19864224521764,,,,,0.01558252600079868,,,,,,,,
set12,moderate,08.png,4,0.03,"[512, 512]",2c394996c73fe787fca843f9f42014d5330dda4ad3053466b934f2c52d1c1f84,f41575c24a908e64f17f53ab3e3de05a585eca0546392a462de5fb0793ed1ce6,aswmf,,26.586461922480456,0.8370193952672285,55.144200724601646,,,,,0.015451967001354205,,,,,,,,
set12,moderate,01.png,4,0.03,"[512, 512]",0a372ced9fd4d1f9633532a58073e3974b41da8cfc87f04ec8e9a8dc6a89bba1,8022eb92cc13c07829c548cf238b714175cd922f1b59a9ef093b7a962ea44eae,aswmf,,26.451230642164468,0.8196111876226803,54.206174702216245,,,,,0.015917076998448465,,,,,,,,
set12,moderate,04.png,4,0.03,"[512, 512]",7f6baec8e072815d469acd5d149f5da86b89ef26df1895c4edde2d5758900fd0,558b3a110914cdad728ad09d50eba68d5001d3cabe99f29756fe4a3478144a26,aswmf,,26.702106714232055,0.8514316920536575,55.922637959798905,,,,,0.015342083999712486,,,,,,,,
set12,moderate,06.png,4,0.03,"[512, 512]",aa1ae42753ac532294aa25320a62b1fb9aa4b54ad1627f3551d0532393b63c6e,0e78536a56147ba906c487c61e6164992aafc64d24893e1e756d7777e6184f16,aswmf,,26.11216641174112,0.838338129628562,54.972989687298664,,,,,0.015604267999151489,,,,,,,,
set12,moderate,03.png,4,0.03,"[512, 512]",ecaf4e62d02b750095b71c0828247049848c285190975276e63ef6d951b37cf4,d9a7aa26403306264e3dab31bb083178514a9ce2d7e31938922d1ea09f35d416,aswmf,,25.875900038698063,0.8248106640642127,54.17848322255966,,,,,0.015398036000988213,,,,,,,,
set12,moderate,11.png,4,0.03,"[512, 512]",17b452cc44e876adc0d3fd3607e8c9ab9e04406fa1702d436005e99db30c6108,4f6af6012acab1aca32e1626772dece3f447b16d814b44a65374637178964709,aswmf,,24.357170782435198,0.7792155499899698,51.139362890716086,,,,,0.018018871000094805,,,,,,,,
set12,low,02.png,4,0.01,"[512, 512]",9a0925d4efea52b4b8355baab41b735118c594bada85c1650a8c929d4bedd645,5a06d5c62acf1b36874d17fbb7c8fbcf1bfa1a90a72f48c16e827f3f6067b418,aswmf,,35.93204113292866,0.9596930573154182,65.95067343223525,,,,,0.016370552000807947,,,,,,,,
set12,low,10.png,4,0.01,"[512, 512]",fa9370ee1649c3bf2aa161f01d3d2575a2dedca729f26b78bd75d618679b9889,fe06adf3c895b40fb6b5a15eaf684dfca16946f6169b38d893ed18d3aef8cf92,aswmf,,32.61562071191211,0.952751879225424,63.94540431722726,,,,,0.017099486000006436,,,,,,,,
set12,low,09.png,4,0.01,"[512, 512]",4b3ddbef5883a30e02120d9280c878727f5282bb054525cf3a5b0fcffb889d5c,bf4e02197794a0e21fbe08f301c6e1a7f1d9ff3ad8f7a4b371f0e200d7cb39b1,aswmf,,31.917571093159825,0.9583934995748083,63.87846052532033,,,,,0.015072122998390114,,,,,,,,
set12,low,07.png,4,0.01,"[512, 512]",154769fc48745384ec8816fc554051b0dd5f1c55071de2669c9058bf3a96574e,bebd5b94e7c8cd5e3c45a4c02eeb5c2f8901ef456e75534811f5ac6a29a3fac0,aswmf,,30.894822671360007,0.9598189105276924,63.43835686206462,,,,,0.015956314999129972,,,,,,,,
set12,low,05.png,4,0.01,"[512, 512]",0a48bd94dc684e9744094acf5f9409ae1a147f367207cbcf847ffecc9506b1e3,166ad95c58f0c06dd2685ab4d5020f880563f9a5058e35aa36901da12704efa6,aswmf,,34.74943333037646,0.9669314790463538,65.72129061750593,,,,,0.015496825999434805,,,,,,,,
set12,low,08.png,4,0.01,"[512, 512]",2c394996c73fe787fca843f9f42014d5330dda4ad3053466b934f2c52d1c1f84,66926c0920534e26b939a5d9f0556865f11d7abe2870967adce74daa613116e0,aswmf,,32.01207756614293,0.9414415531267191,63.078116439407424,,,,,0.0156435410008271,,,,,,,,
set12,low,01.png,4,0.01,"[512, 512]",0a372ced9fd4d1f9633532a58073e3974b41da8cfc87f04ec8e9a8dc6a89bba1,44e11976558cb007c81a668559ae9107fdef12040d6bf3409d86e01b32bb629b,aswmf,,33.10105894856652,0.9543880618811437,64.26993256834044,,,,,0.015715962999820476,,,,,,,,
set12,low,04.png,4,0.01,"[512, 512]",7f6baec8e072815d469acd5d149f5da86b89ef26df1895c4edde2d5758900fd0,ecca96323697cb95c9b9c67fa33692a63a0bcc03cbf07eb1f49bfa5e122f8d4d,aswmf,,34.70011896036766,0.971119623225673,65.90604064146748,,,,,0.015037944000141579,,,,,,,,
set12,low,06.png,4,0.01,"[512, 512]",aa1ae42753ac532294aa25320a62b1fb9aa4b54ad1627f3551d0532393b63c6e,17094acf9de65d3df3665b52428f406b7e9029614715969875e5da956e308411,aswmf,,32.627858847708985,0.958802470821174,64.25405296491319,,,,,0.01780156000131683,,,,,,,,
set12,low,03.png,4,0.01,"[512, 512]",ecaf4e62d02b750095b71c0828247049848c285190975276e63ef6d951b37cf4,2d3e27d6769c28d88fcabbfa79deb4e13ee1277e06787f8cfec414322f383aed,aswmf,,30.48563936663941,0.9644203437008031,63.46383686835986,,,,,0.015634888999557006,,,,,,,,
set12,low,11.png,4,0.01,"[512, 512]",17b452cc44e876adc0d3fd3607e8c9ab9e04406fa1702d436005e99db30c6108,4d79c36b74d775043c078b1a3b12fac535b38d23f700cf6d0a06dba47d86941f,aswmf,,27.85352505349188,0.8757709581688005,57.71531043518596,,,,,0.029624845999933314,,,,,,,,
set50,high,19.gif,0,0.1,"[512, 512]",d17c7663feb48c0fe318904421cb04ec7e850a109d952f66a49ac464a4176a1e,b36a0e2777a4778ee716a1dfe989dd541a6b3d7c5af5fd33a1b733957ca06fd4,nlmedians,1.935,26.236047274881763,0.8402372793707864,55.1298876059802,,scaled_current_nlm,,,0.9453277550001076,8.0,8.0,NLM_fast_cuda_global,,,,,
set50,high,22.gif,0,0.1,"[512, 512]",dfe4f6c6370dbe0651bccc46e98ac3b787e8c63a3a37fb138fe6c81f3e32edd4,455a61e743daec9940c17a770102e9f6d8150016e197a7b40ba5ed8b526bdc6d,nlmedians,1.82,24.306689754596675,0.743815921352509,49.34414094492379,,scaled_current_nlm,,,0.9186949169998115,8.0,8.0,NLM_fast_cuda_global,,,,,
set50,high,10.gif,0,0.1,"[512, 512]",e233b9bc584bbcbbdcbcbf3674e9c18c92aff37cf54afeec01dc2e7dc1811878,40725b43529bab17a6c41cf7934a73bda5b434a8803e87e4fc1465424cfe2303,nlmedians,2.4,26.22174177933362,0.6731412741165645,46.767934595495035,,scaled_current_nlm,,,0.9791834619991278,8.0,8.0,NLM_fast_cuda_global,,,,,
set50,high,14.gif,0,0.1,"[512, 512]",83fe92c5398701971c09c467a97dc4bfdb94eb4b3ded548d26e5e7fcf62e4d2a,6b7ebb5297b454e99889eaa9e3c4e7c51d253902665731705f49dc1a7a3fe113,nlmedians,1.47,22.598165814498415,0.816035599760663,52.100862895282354,,scaled_current_nlm,,,0.9284822240006179,8.0,8.0,NLM_fast_cuda_global,,,,,
set50,high,5.gif,0,0.1,"[512, 512]",49db903e1a87a0044a734fb77708aad9985011bc9ee9fb379099de1b4e946109,e06f2bc488a0ff103329561f1b985093b78f631466c577b7e6aeacf6ec8eefe8,nlmedians,1.98,26.790040635066795,0.7863878535824437,52.71441299665558,,scaled_current_nlm,,,0.8954328979998536,8.0,8.0,NLM_fast_cuda_global,,,,,
set50,high,44.gif,0,0.1,"[512, 512]",f968969e97bf6f8f47fd5940af0bd7481b61f2df6d5d553882b8938123b37289,ec7bcd577aab4cb2bedb2657569a7b495db193526b6667e04b6672396e29b078,nlmedians,1.33,20.107388427836383,0.8397827319253057,52.042830810183474,,scaled_current_nlm,,,0.9325990839970473,8.0,8.0,NLM_fast_cuda_global,,,,,
set50,high,42.gif,0,0.1,"[512, 512]",f9b953242d46fc204da43e46262ac3754e9428050546213f592efb0fb7398f12,d0610cf35e287c81eb1f642f3b1f542f30070d26d13b0067e7baf4d73663ef18,nlmedians,1.81,25.38667260655986,0.8140256297013434,53.3946177883471,,scaled_current_nlm,,,0.9592721360022551,8.0,8.0,NLM_fast_cuda_global,,,,,
set50,high,38.gif,0,0.1,"[512, 512]",e39779dc60dbc76330293a5fdb44dfabe4d22433c36132e18afcf31a515217b4,b024231c1c516936430ae7117c8c77dd3ee6a417718598f0b9968ffc86f3b5f5,nlmedians,1.915,26.224396961687493,0.7591500083879619,51.06969890024184,,scaled_current_nlm,,,0.9595631970005343,8.0,8.0,NLM_fast_cuda_global,,,,,
set50,high,48.gif,0,0.1,"[512, 512]",9b261d731fc3d639b0cc3dac391980b0c49dd558b24b95a14bb3f3eb9f3569d0,f7e02ffabb7c26975ac77d2ba941fa8dfff992fc0d3c3a52904286975a396ab4,nlmedians,2.0,25.368779474463054,0.7069802496379098,48.03340221912702,,scaled_current_nlm,,,1.023993855000299,8.0,8.0,NLM_fast_cuda_global,,,,,
set50,high,17.gif,0,0.1,"[512, 512]",6f8a02e1689062bed722742a554760dd74359b35fc8b969bab8beed8e59421a0,e7c516b92404f02e0645aab2369f6d006b10771e2148c9e3305e1e93828f5d9b,nlmedians,1.68,23.824468033771844,0.8647980153315811,55.15213478346497,,scaled_current_nlm,,,0.9585225480004738,8.0,8.0,NLM_fast_cuda_global,,,,,
set50,high,0.png,0,0.1,"[512, 512]",0a372ced9fd4d1f9633532a58073e3974b41da8cfc87f04ec8e9a8dc6a89bba1,5c64fdfe33f4ceb5a47428c2edc3ca4f989b1078a7da5d038a7aac327de869fd,nlmedians,2.34,26.556189443087682,0.7529923896779612,50.9277142054419,,scaled_current_nlm,,,0.9656312120005168,8.0,8.0,NLM_fast_cuda_global,,,,,
set50,high,16.gif,0,0.1,"[512, 512]",2d68b31ae4d4c10bc0e60742ba3064c10d62113ffb3ca9a7c14b80e40b0e6170,6ca2d5d1195f31115e9e15bd7978d65bde8735913f5134a99256e529c86a3d8a,nlmedians,1.56,24.322621689221343,0.8296443889410283,53.64353029166209,,scaled_current_nlm,,,0.8988889320007729,8.0,8.0,NLM_fast_cuda_global,,,,,
set50,high,32.gif,0,0.1,"[512, 512]",c3cc3fb5da093d47d6808c6219ed907c3e69ab01954b1b929a8739cbbcc26493,810d3fc722ad3d6be42c77a540abbe450d08f86c4c996feebc699bf3e2187fb0,nlmedians,1.745,25.384988493544615,0.8498526944815502,55.18512897084982,,scaled_current_nlm,,,0.902342076999048,8.0,8.0,NLM_fast_cuda_global,,,,,
set50,high,30.gif,0,0.1,"[512, 512]",b1cccc0e8d64bae511f9cd0c5596628364bd1e09c90c5e793604a1f7a55f642f,8f3d6ba7eafb9220ec09f0fc23d98c4362582f25fe465748fde08df029299774,nlmedians,1.94,26.106496642740854,0.8016483412583297,53.13566538428691,,scaled_current_nlm,,,0.9404875710024498,8.0,8.0,NLM_fast_cuda_global,,,,,
set50,high,43.gif,0,0.1,"[512, 512]",443801cafadb33c7829b313f4efd834e70cc313567a260dd2b5554dc7ee6be98,f9f8d19328bf1d7475a95984514a389b0136e60eba80c85712e9c05f9a967619,nlmedians,2.09,25.73095586285084,0.7225372334799958,48.992339605425215,,scaled_current_nlm,,,0.9384679459981271,8.0,8.0,NLM_fast_cuda_global,,,,,
set50,high,47.gif,0,0.1,"[512, 512]",9005ddf994846f88305becd36c72a046818a094c026c69a8106c34b34a31a8fe,5e23fe352e87a835d6f7372654af688603bdc568b1d6edc31757a6b71ff6f072,nlmedians,1.465,23.306596362538503,0.8048357569521944,51.89508602887897,,scaled_current_nlm,,,0.9729044679988874,8.0,8.0,NLM_fast_cuda_global,,,,,
set50,high,25.gif,0,0.1,"[512, 512]",30838b6c4e963b60da10cc6158a119a7052a4ffa1ebdcc87bcf0054f681427c6,2539e5cf1bcc6130b9238ebc011a1069fdfddd7401c69aa83c14b2efb244dee4,nlmedians,2.495,26.24309244048571,0.6360501215253689,44.9240522965113,,scaled_current_nlm,,,0.8925818429997889,8.0,8.0,NLM_fast_cuda_global,,,,,
set50,high,7.gif,0,0.1,"[512, 512]",5e3769e24988284e1036ce844ee8e0f11dbe28fe111f6a962e37864dc34b60dc,bfb32fd0573f98e26541bf24de61f68beccaeb66008181d1d775350c1789035f,nlmedians,1.9000000000000001,21.84947534987188,0.808503695834183,51.34992246664509,,scaled_current_nlm,,,0.946604638997087,8.0,8.0,NLM_fast_cuda_global,,,,,
set50,high,15.gif,0,0.1,"[512, 512]",51e2066df33af18b47bcd356b17c6cdf04f2a5fd219ace410fcabb06698c6c71,bf8b02c350afda2a086d62f94ecfc2be823c619bb2256328323737766f031044,nlmedians,1.625,24.286903695492768,0.7439322306389548,49.34006337969412,,scaled_current_nlm,,,0.9495878840007208,8.0,8.0,NLM_fast_cuda_global,,,,,
set50,high,41.gif,0,0.1,"[512, 512]",1569598ab7f33ee44bcf70502565ffcd7528912a2c13cd1977fe64573770f1e6,70ff830e123ba0b8a56a22fa8d8361dd52e6efc94cce0dc0117077a8d211d455,nlmedians,1.745,25.89586768804324,0.8110941084847814,53.50263926826069,,scaled_current_nlm,,,0.9138623520011606,8.0,8.0,NLM_fast_cuda_global,,,,,
set50,high,6.gif,0,0.1,"[512, 512]",ca956c8aa0ec2de8bd2e4d7545c7f969215d4f7f65cb72ee9d31cb17df0033b6,91c0d484c15597d9172a55a9609dcaaab6020d9ca89b915718e7c130aa54ed16,nlmedians,1.84,25.295129765530277,0.7266455483344075,48.97984229948551,,scaled_current_nlm,,,0.9488504009968892,8.0,8.0,NLM_fast_cuda_global,,,,,
set50,high,21.gif,0,0.1,"[512, 512]",74d2fa3fc2447fd331660c09f2f468f3cce983dc347509d32564e992fdebaf9a,93925f5a9a6755a73923c2bef7adff8c2bdab08e8e089892c36ace4313afb948,nlmedians,2.1,26.591872258620064,0.7543508192259555,51.01347709060781,,scaled_current_nlm,,,0.9610090589994797,8.0,8.0,NLM_fast_cuda_global,,,,,
set50,high,27.gif,0,0.1,"[512, 512]",bc7a1c1300b1b1bda264e18fbde62fa845194fac5839cb705a788c6ac331f517,144439eafed501fe7aa53d4e6967a995d40da47c2ef83b7b5e02b718dafccd80,nlmedians,2.62,26.85271330731762,0.6843259038599104,47.64265184665433,,scaled_current_nlm,,,0.8886484909999126,8.0,8.0,NLM_fast_cuda_global,,,,,
set50,high,46.gif,0,0.1,"[512, 512]",14cdebcd7b2b9e534cc9717933df6ccb4861289237cde90700810e2e6e2e245f,f9ffe1409fcf91d55fa900020b1f0f613dd8b50d40a2f9d090f6f53caa03f076,nlmedians,1.575,24.628177726759777,0.8103698940706526,52.83258356691252,,scaled_current_nlm,,,1.0126504189975094,8.0,8.0,NLM_fast_cuda_global,,,,,
set50,high,20.gif,0,0.1,"[512, 512]",c3a4da195ffc62103521cd979723e50840fe46cfd989b567c826985f8b23dcf4,bd08cc1fb18acc1d47463e9c075d7d5d446aa4ae53b1672824ff6a737dc1f69d,nlmedians,1.68,25.898284009037077,0.8283086775017923,54.364575879608154,,scaled_current_nlm,,,0.9698027419999562,8.0,8.0,NLM_fast_cuda_global,,,,,
set50,high,2.gif,0,0.1,"[512, 512]",b101b795e2638a1e9dbdaa513bdc8be6090aed4d6ac294b155e5f3a2c7c0bb80,13d3b6b9e05ddc640a63ea227d1f32df0b4e453f33794f15001a41ae53644828,nlmedians,1.965,26.412132609328893,0.7702179654661232,51.71696457797061,,scaled_current_nlm,,,0.9721363919998112,8.0,8.0,NLM_fast_cuda_global,,,,,
set50,high,40.gif,0,0.1,"[512, 512]",911cad3f1d559f196f94ed9e80a9602969b74319acb1d70da238efdb48af38e2,d5f4e4babce2a4896b57ee8a524799a4a612a77617adc6237c295f1b8268313a,nlmedians,2.055,27.162841715732196,0.7934276265100936,53.252802183370775,,scaled_current_nlm,,,0.9410056390006503,8.0,8.0,NLM_fast_cuda_global,,,,,
set50,high,31.gif,0,0.1,"[512, 512]",33781418a1e6e85521011be7d450b002a8f8a8f1ba68a79c1219f3b3ba59b160,85c7dd0dbdad648e1bc43c9d6bbf15a1baffa81644e4a28e665df8f4296b38c0,nlmedians,1.6,22.11865882265151,0.8149798994113616,51.80832438189384,,scaled_current_nlm,,,0.9597002759983297,8.0,8.0,NLM_fast_cuda_global,,,,,
set50,high,29.gif,0,0.1,"[512, 512]",1eeb76c0386fbcd563a08eb25bbeffde427bdc62658e4bcc02c8aafbf733f219,a7c813ed42caac8cc5e59ba0b313601fb3411f9081c2c98c849a0f386c717927,nlmedians,1.5,25.076003864199436,0.8509618905718054,55.08609646068999,,scaled_current_nlm,,,0.9380559969977185,8.0,8.0,NLM_fast_cuda_global,,,,,
set50,high,33.gif,0,0.1,"[512, 512]",7a10c4eca50167d8d459c2505f2b0f21cfb399e7b01adccaa0422695496c2e72,0b9b79cc55914de4df60ffdc521344bb95f073f3bbae4f345c20bb3d16868469,nlmedians,1.94,25.291728747058258,0.7464203178790332,49.96688026748079,,scaled_current_nlm,,,0.9751341119990684,8.0,8.0,NLM_fast_cuda_global,,,,,
set50,high,24.gif,0,0.1,"[512, 512]",b8f6ebed7641854cd23e807c2f78d350f1373b2fe7f96e6ea18f8531797fbc3a,933931a3c3cf3e69d505146c4f660b276aa0eb49b9bdfff9b8e7b90470c69978,nlmedians,2.16,26.25678831349846,0.7133080007087711,48.79379419218778,,scaled_current_nlm,,,0.8865429879988369,8.0,8.0,NLM_fast_cuda_global,,,,,
set50,high,3.gif,0,0.1,"[512, 512]",e3e2313cc250162bd613776c7b0063891d9d56b3576c9808ac5c8c0e7e8fcb8d,735ba2525df2e7b6a619ada7a3ef29d9102198e0392841695017c0dd0b5ee365,nlmedians,2.15,26.014758698029176,0.7017896255867605,48.096860628352616,,scaled_current_nlm,,,0.9885679639992304,8.0,8.0,NLM_fast_cuda_global,,,,,
set50,high,1.gif,0,0.1,"[512, 512]",95f21dff4cd5a318a519cb05a1e35fb41f49c007ca46345fd6917258be8d9d73,3c777b4aafc995f531dbb45a128a3eae2ac912519ef53a690559aa448818fa5c,nlmedians,1.905,24.633752664427078,0.7719493730580069,50.914344985113885,,scaled_current_nlm,,,0.9773628639995877,8.0,8.0,NLM_fast_cuda_global,,,,,
set50,high,23.gif,0,0.1,"[512, 512]",05918015ae96873f255fec3e75ace895a76214abbeffdbfff55b5cf6214224c6,5f89d28e00ddcbb3c400744e705cf34f0576d46a30918f8130ebe8b81f0dbd6b,nlmedians,2.5,26.252655566874864,0.6126833294284001,43.760494254857434,,scaled_current_nlm,,,0.8732290779989853,8.0,8.0,NLM_fast_cuda_global,,,,,
set50,high,35.gif,0,0.1,"[512, 512]",353590d221e21b53b97858fbc575a2320a10336f21bbed5dd461fa942bab100f,7fd0001b7f292822b216f02c457dbcecd3cc83fe14deb66f3451f8f3ef72671e,nlmedians,1.87,25.62054939721022,0.7568356234720178,50.652055872206006,,scaled_current_nlm,,,0.9626601390009455,8.0,8.0,NLM_fast_cuda_global,,,,,
set50,high,36.gif,0,0.1,"[512, 512]",99a41bcc709d43204ca0f73a6593656300237e5367043081c5065ca77d5e3628,ff4228673bf5f8b1cc0996ca7aebcbc4b4745a91c7d8bae3aa2dd541df188359,nlmedians,1.7,25.589249050198948,0.8357677189557927,54.58301047288911,,scaled_current_nlm,,,0.9681571569999505,8.0,8.0,NLM_fast_cuda_global,,,,,
set50,high,26.gif,0,0.1,"[512, 512]",3efcc155fe7f35f9428c0536c9c1dc2b826188d5f0a5b0a90ecbf681233221e2,82c2e5bf1fd025c58e0731a894ed6f185e49d9f6da055c0ddcccab37d1acaf68,nlmedians,2.12,26.16671492108646,0.7016039160116698,48.16355326112672,,scaled_current_nlm,,,0.9044660630006547,8.0,8.0,NLM_fast_cuda_global,,,,,
set50,high,37.gif,0,0.1,"[512, 512]",74881a36c4896c931da56c784ac35afb478dc71ae7af27894deeb074f83e518a,6711e4fc698c6f6b88662c31c7011be6475f79e420b41957137edbe48c02cc84,nlmedians,1.7650000000000001,25.751450123320765,0.7304956398329654,49.40050705330865,,scaled_current_nlm,,,0.9562649270010297,8.0,8.0,NLM_fast_cuda_global,,,,,
set50,high,13.gif,0,0.1,"[512, 512]",c34b796bde09761f5bc3c358f20b72f49e020580ed0a76d5456c61f0da4499eb,b23b2328bee24b6db72c9714ba291238b97ab3df260f49344564758f266b6c76,nlmedians,2.09,25.423761286242588,0.7247411587129379,48.94893857876819,,scaled_current_nlm,,,0.8908698790000926,8.0,8.0,NLM_fast_cuda_global,,,,,
set50,high,28.gif,0,0.1,"[512, 512]",f509179793e6551fbec77f8fdd91e45d53d2dd6e0a87394377c4bb4c52eb9a43,d1611978754e5fc4a32fa267275458c29f71665a67a3d6e772e5a8d97a888b76,nlmedians,2.125,27.038474620134323,0.7796475364503737,52.50161413258584,,scaled_current_nlm,,,0.887666654001805,8.0,8.0,NLM_fast_cuda_global,,,,,
set50,high,9.gif,0,0.1,"[512, 512]",8b76cd61996084e7d23b9f638b4d32839d9f6ac7965ef9b585f78bdbdaff16b3,bf30a7802fc17f31bf72e321b90d3ed5f0390b5768e85c9c5499096eb9fcde3e,nlmedians,1.81,24.995002952177686,0.7298390640585893,48.98945467901831,,scaled_current_nlm,,,0.8976245279991417,8.0,8.0,NLM_fast_cuda_global,,,,,
set50,high,18.gif,0,0.1,"[512, 512]",539caf0cced15a86b729848a1a182b75776a621cf01b5e9a62085f53b86f3407,57502a7add237e5d5309882c717ca9c474cb1f376e21798057c8e0f71c0150ec,nlmedians,1.725,22.545752736769046,0.8075445557630762,51.65010415653833,,scaled_current_nlm,,,0.9428023710006528,8.0,8.0,NLM_fast_cuda_global,,,,,
set50,high,49.gif,0,0.1,"[512, 512]",8311e02cd6238d6e74f6a9bf6fa5c250d748ceec5882a86242e2452c587cdf2b,16522de1ffa2356a43b6b1339c41f1a31b67ef45f92c4bb401a90a78555d2b30,nlmedians,2.045,19.670438081278125,0.8377096013836586,51.720699109821986,,scaled_current_nlm,,,0.8586737920013547,8.0,8.0,NLM_fast_cuda_global,,,,,
set50,high,4.gif,0,0.1,"[512, 512]",fd89b9bfe327e11c7cfbc851fff026261f2c33ef17edc9373682def6616fdc4f,3c0d019d5056b98dbdd01251831763caa26e55b8875f2444b402a81535401593,nlmedians,1.955,25.90724863431926,0.7096720833519238,48.43722848475582,,scaled_current_nlm,,,0.9554638800000248,8.0,8.0,NLM_fast_cuda_global,,,,,
set50,high,8.gif,0,0.1,"[512, 512]",fd53a01b9f6a3a02a5408efee91cfa235b1325372804d49874a677719089b14e,22ebb86ce1395a6ea03d541a188eef6e92c3804779678fd6b9d986ea4a3704f1,nlmedians,2.8000000000000003,28.5221248670959,0.8534112480981535,56.931624838455626,,scaled_current_nlm,,,0.8938644709996879,8.0,8.0,NLM_fast_cuda_global,,,,,
set50,high,39.gif,0,0.1,"[512, 512]",e43557540646572e4a7b69124c49ff2c37c4d1695507c5d64a44d09a5043958e,2cd48e49bed02f86e876dc092a5fe09f97580929bf9971223e5d235b9fc21e5d,nlmedians,2.4250000000000003,26.49789807383238,0.6715060464986912,46.824251361850756,,scaled_current_nlm,,,0.8932019150015549,8.0,8.0,NLM_fast_cuda_global,,,,,
set50,high,12.gif,0,0.1,"[512, 512]",3c3ec23125fea9974f2e94c0d93a534edf2ec60d33b6af79f9a60fef58295de4,c499ec126eb1d4bd4772ea5064bf8c5aec9aedea33c962227fa457abfe5821f2,nlmedians,1.94,26.459075100549782,0.8460657472129632,55.532824910923054,,scaled_current_nlm,,,0.954603007001424,8.0,8.0,NLM_fast_cuda_global,,,,,
set50,high,45.gif,0,0.1,"[512, 512]",72644242bceb1596c04ab4ddde11989c7aa206ee2094402fadeac9f9c500d55a,1c77a0ba17abe22ce790d8efab4ac203a1f91fa751c993883c8b6bb7b35b8ec7,nlmedians,2.05,25.247492360826413,0.7099444467272941,48.12096851677791,,scaled_current_nlm,,,0.9821261809993302,8.0,8.0,NLM_fast_cuda_global,,,,,
set50,high,11.gif,0,0.1,"[512, 512]",b12e0216f269d1ad8f5dfe769baf0fb60142ab5235a6d1d62707dc52ca591071,9cf4a3983f4c78b315b6e3696a2902c630e21959314e7d5ba80f4b5e3a698a9f,nlmedians,2.13,21.499713855354617,0.8373425743009734,52.61698564272597,,scaled_current_nlm,,,0.9603010290011298,8.0,8.0,NLM_fast_cuda_global,,,,,
set50,high,34.gif,0,0.1,"[512, 512]",42a4b02f48b536770f4d42c1c4884a5b2a4a662af62778249a90a16c1d9f5398,aeee58b67027a3d070fc355f6fa808729e4818e31921fdad3e72e016da9f0e59,nlmedians,1.7,25.943814458370674,0.8297593812062791,54.45987628949929,,scaled_current_nlm,,,0.9378240579972044,8.0,8.0,NLM_fast_cuda_global,,,,,
set50,medium,19.gif,0,0.05,"[512, 512]",d17c7663feb48c0fe318904421cb04ec7e850a109d952f66a49ac464a4176a1e,ab0f62ff71690b1f079d2442492232894b3d5cb0bd28f2a635a0154933a3ad9c,nlmedians,1.435,30.37798811473828,0.9300830111500215,61.69314461487021,,scaled_current_nlm,,,0.9106912849983928,8.0,8.0,NLM_fast_cuda_global,,,,,
set50,medium,22.gif,0,0.05,"[512, 512]",dfe4f6c6370dbe0651bccc46e98ac3b787e8c63a3a37fb138fe6c81f3e32edd4,620f2e4a57fed79f61ab777b3e184c38652054c24847572fdb76c0001885adc8,nlmedians,1.305,28.54826251029378,0.9085172272409109,59.699992617192436,,scaled_current_nlm,,,0.9260272950014041,8.0,8.0,NLM_fast_cuda_global,,,,,
set50,medium,10.gif,0,0.05,"[512, 512]",e233b9bc584bbcbbdcbcbf3674e9c18c92aff37cf54afeec01dc2e7dc1811878,bf39e4c2af1601555be9f4f79c87f5f72e4d70b0d0c6fbe349afddc726c4b64a,nlmedians,1.665,31.18697384186575,0.864337409295356,58.81035738570068,,scaled_current_nlm,,,0.954014000000825,8.0,8.0,NLM_fast_cuda_global,,,,,
set50,medium,14.gif,0,0.05,"[512, 512]",83fe92c5398701971c09c467a97dc4bfdb94eb4b3ded548d26e5e7fcf62e4d2a,15c8aaec04915b3a2e6edfedfb300a609784bb53adf334bf8a8dfad53fca7e0e,nlmedians,1.03,25.252563428902846,0.899926487353877,57.622606082145275,,scaled_current_nlm,,,0.9373647979991802,8.0,8.0,NLM_fast_cuda_global,,,,,
set50,medium,5.gif,0,0.05,"[512, 512]",49db903e1a87a0044a734fb77708aad9985011bc9ee9fb379099de1b4e946109,c2224edd221ea21c84e5117528a8db3adfc3696f14b7d240e12cc2d0730553af,nlmedians,1.325,33.30092817655959,0.9317882638175664,63.23987727915811,,scaled_current_nlm,,,0.8738645559988072,8.0,8.0,NLM_fast_cuda_global,,,,,
set50,medium,44.gif,0,0.05,"[512, 512]",f968969e97bf6f8f47fd5940af0bd7481b61f2df6d5d553882b8938123b37289,b3d71aafdd8875b49cb64bc4e793cabad947e6ab2f446605040bc133a31cd1d0,nlmedians,0.9500000000000001,23.07049150714866,0.9079915477536168,56.93482314125517,,scaled_current_nlm,,,0.9202936079982464,8.0,8.0,NLM_fast_cuda_global,,,,,
set50,medium,42.gif,0,0.05,"[512, 512]",f9b953242d46fc204da43e46262ac3754e9428050546213f592efb0fb7398f12,6e3b11e5a5fc79d6e322f09ce90be37d3ffe0078940e736dc490e04f24ae9a34,nlmedians,1.3,30.762116361723862,0.9427586736344671,62.51899186258528,,scaled_current_nlm,,,0.9738767660001031,8.0,8.0,NLM_fast_cuda_global,,,,,
set50,medium,38.gif,0,0.05,"[512, 512]",e39779dc60dbc76330293a5fdb44dfabe4d22433c36132e18afcf31a515217b4,2e0bec2731efda949bbf711f73c2cbc227dfc6737900f9055cfc90cf3cdf2fde,nlmedians,1.3,32.629094595036534,0.925858301230448,62.60746235904067,,scaled_current_nlm,,,0.9297273519987357,8.0,8.0,NLM_fast_cuda_global,,,,,
set50,medium,48.gif,0,0.05,"[512, 512]",9b261d731fc3d639b0cc3dac391980b0c49dd558b24b95a14bb3f3eb9f3569d0,a747073b330968ee1aae040e4dc878fcf916f0a11f16fe05636a80b9fc875feb,nlmedians,1.45,31.111259795681896,0.9047562268320556,60.79344123944372,,scaled_current_nlm,,,0.9568334110008436,8.0,8.0,NLM_fast_cuda_global,,,,,
set50,medium,17.gif,0,0.05,"[512, 512]",6f8a02e1689062bed722742a554760dd74359b35fc8b969bab8beed8e59421a0,6af0ecd76919ca281da513ca27a3a90b46d370abb3eb6578013f06f4b900ca86,nlmedians,1.2750000000000001,27.509467638419824,0.9337410726272627,60.441787450573045,,scaled_current_nlm,,,0.9304863779998414,8.0,8.0,NLM_fast_cuda_global,,,,,
set50,medium,0.png,0,0.05,"[512, 512]",0a372ced9fd4d1f9633532a58073e3974b41da8cfc87f04ec8e9a8dc6a89bba1,95660ff47115848bd895ed7581195e91c2ab4a1746122ef36b82c4d90108493b,nlmedians,1.725,32.605832224841215,0.925778606885437,62.59184645669245,,scaled_current_nlm,,,0.9169798659986554,8.0,8.0,NLM_fast_cuda_global,,,,,
set50,medium,16.gif,0,0.05,"[512, 512]",2d68b31ae4d4c10bc0e60742ba3064c10d62113ffb3ca9a7c14b80e40b0e6170,7455aaabfc63093d044293a592276a820637f19bca9681cbe7c6ff4252ab18b7,nlmedians,1.045,27.296838512714665,0.9016672983892648,58.73178417582058,,scaled_current_nlm,,,0.9223896900002728,8.0,8.0,NLM_fast_cuda_global,,,,,
set50,medium,32.gif,0,0.05,"[512, 512]",c3cc3fb5da093d47d6808c6219ed907c3e69ab01954b1b929a8739cbbcc26493,d2e3e8ae3b57d5960df96ffa19753233b3b3181989f99a93fa4b43c98c09e669,nlmedians,1.2550000000000001,29.671328616923805,0.9364051468501114,61.65592165096747,,scaled_current_nlm,,,0.9465335410004627,8.0,8.0,NLM_fast_cuda_global,,,,,
set50,medium,30.gif,0,0.05,"[512, 512]",b1cccc0e8d64bae511f9cd0c5596628364bd1e09c90c5e793604a1f7a55f642f,50942175cdb95f83dc200d5959fee5536d4754b54986e42ca9e7c656cbeb2d35,nlmedians,1.31,30.71154993164189,0.9161600657219102,61.163778251916455,,scaled_current_nlm,,,0.9477094550002221,8.0,8.0,NLM_fast_cuda_global,,,,,
set50,medium,43.gif,0,0.05,"[512, 512]",443801cafadb33c7829b313f4efd834e70cc313567a260dd2b5554dc7ee6be98,0f28e2bbe65b808a1ad16efa6f1a2414cb8e1679bad1f815c763acec68cff608,nlmedians,1.49,30.688878362484452,0.8883134955943102,59.76011396095774,,scaled_current_nlm,,,0.9515154639993852,8.0,8.0,NLM_fast_cuda_global,,,,,
set50,medium,47.gif,0,0.05,"[512, 512]",9005ddf994846f88305becd36c72a046818a094c026c69a8106c34b34a31a8fe,f0b3f05cda30a32f8298ccca20c4e29bcc50c140242aed6be8d436ed2cbce168,nlmedians,1.08,27.740455726764313,0.9207646907700977,59.90846240188704,,scaled_current_nlm,,,0.951167899000211,8.0,8.0,NLM_fast_cuda_global,,,,,
set50,medium,25.gif,0,0.05,"[512, 512]",30838b6c4e963b60da10cc6158a119a7052a4ffa1ebdcc87bcf0054f681427c6,c89a7c0b0f09eb3263a9d11fe8efddbb4c1176dcd1ec6708e3bfd021c89ed096,nlmedians,1.61,32.419833049866675,0.8800032280764783,60.21007792875726,,scaled_current_nlm,,,0.9169449849996454,8.0,8.0,NLM_fast_cuda_global,,,,,
set50,medium,7.gif,0,0.05,"[512, 512]",5e3769e24988284e1036ce844ee8e0f11dbe28fe111f6a962e37864dc34b60dc,0b7b6c2421211e0fc8eb9beafb206d75c70b2b199d5853ec2da992719afaceeb,nlmedians,1.43,23.358516215814884,0.8912364657527369,56.241081395544285,,scaled_current_nlm,,,0.8582020909998391,8.0,8.0,NLM_fast_cuda_global,,,,,
set50,medium,15.gif,0,0.05,"[512, 512]",51e2066df33af18b47bcd356b17c6cdf04f2a5fd219ace410fcabb06698c6c71,39199cb66df82a184e9e3590d2a8fb0d07979479d1aa4b27f16430a55727c97d,nlmedians,1.17,27.897605705479954,0.8793715274523285,57.9173792253564,,scaled_current_nlm,,,0.9507097300011083,8.0,8.0,NLM_fast_cuda_global,,,,,
set50,medium,41.gif,0,0.05,"[512, 512]",1569598ab7f33ee44bcf70502565ffcd7528912a2c13cd1977fe64573770f1e6,639175861e9da8475bf7aae7e80671d5d0dab0e21f7e6410bb02e7d02ad6a8fb,nlmedians,1.2550000000000001,31.659820561728015,0.9396278239367182,62.811301477699914,,scaled_current_nlm,,,0.9105439899994963,8.0,8.0,NLM_fast_cuda_global,,,,,
set50,medium,6.gif,0,0.05,"[512, 512]",ca956c8aa0ec2de8bd2e4d7545c7f969215d4f7f65cb72ee9d31cb17df0033b6,55397b364b569ec357ea88a4f227d75702d9c46065e68167ce5415a085e5c604,nlmedians,1.3,29.732241555399717,0.8926074306830377,59.49649231185174,,scaled_current_nlm,,,0.9124018399998022,8.0,8.0,NLM_fast_cuda_global,,,,,
set50,medium,21.gif,0,0.05,"[512, 512]",74d2fa3fc2447fd331660c09f2f468f3cce983dc347509d32564e992fdebaf9a,b6c46b122a5935b040c7876069901e8fa2e88d65c0dccd7d3eab28bd325feb1d,nlmedians,1.375,31.371304620984645,0.8981540377616806,60.59335419857635,,scaled_current_nlm,,,0.9140299219998269,8.0,8.0,NLM_fast_cuda_global,,,,,
set50,medium,27.gif,0,0.05,"[512, 512]",bc7a1c1300b1b1bda264e18fbde62fa845194fac5839cb705a788c6ac331f517,bc5c0abc5cb89f2602601bed2e468d7abc51acd7e1e351256ff9700481db427e,nlmedians,1.7650000000000001,32.482208982862815,0.88705296746357,60.593752864609904,,scaled_current_nlm,,,0.9260247630008962,8.0,8.0,NLM_fast_cuda_global,,,,,
set50,medium,46.gif,0,0.05,"[512, 512]",14cdebcd7b2b9e534cc9717933df6ccb4861289237cde90700810e2e6e2e245f,d878c43c275cd0166300fe04d75a53c09d3d75d67cb3d908e5882e20a295ecc9,nlmedians,1.1,29.15896233277661,0.9221299748143755,60.68597990710708,,scaled_current_nlm,,,0.9548156410000956,8.0,8.0,NLM_fast_cuda_global,,,,,
set50,medium,20.gif,0,0.05,"[512, 512]",c3a4da195ffc62103521cd979723e50840fe46cfd989b567c826985f8b23dcf4,5bfaaf6ce3c548fbb6ee19f84702519c6eb63441cab262540222464802072c15,nlmedians,1.18,29.948334744770673,0.9259533298970897,61.27183386723982,,scaled_current_nlm,,,0.9121148899994296,8.0,8.0,NLM_fast_cuda_global,,,,,
set50,medium,2.gif,0,0.05,"[512, 512]",b101b795e2638a1e9dbdaa513bdc8be6090aed4d6ac294b155e5f3a2c7c0bb80,47bd00b70c71b3de67094cd318e7fb07d41c4b8231d7032dbe43d4a7fd0afd84,nlmedians,1.33,32.49664978182082,0.9211681011869471,62.30672995025777,,scaled_current_nlm,,,0.9622466660002829,8.0,8.0,NLM_fast_cuda_global,,,,,
set50,medium,40.gif,0,0.05,"[512, 512]",911cad3f1d559f196f94ed9e80a9602969b74319acb1d70da238efdb48af38e2,dc1d71ab921c00086086b6fde9eb97f5acf18f1ed049f18da885c811f2618fe2,nlmedians,1.345,35.73460869467733,0.9559759068366888,65.6660996891731,,scaled_current_nlm,,,0.951767900998675,8.0,8.0,NLM_fast_cuda_global,,,,,
set50,medium,31.gif,0,0.05,"[512, 512]",33781418a1e6e85521011be7d450b002a8f8a8f1ba68a79c1219f3b3ba59b160,a83f1584e818989261cb11cf48877cb0c510282d8114787afbbd003206284810,nlmedians,1.1500000000000001,24.367560686584756,0.8879993058846165,56.5837456375232,,scaled_current_nlm,,,0.9322449999999662,8.0,8.0,NLM_fast_cuda_global,,,,,
set50,medium,29.gif,0,0.05,"[512, 512]",1eeb76c0386fbcd563a08eb25bbeffde427bdc62658e4bcc02c8aafbf733f219,83a2de1c8dcf51614771b01920c82a7c23337d67875efe46d6c405c5127135c7,nlmedians,1.05,28.903422511604774,0.919728178902778,60.43812020094129,,scaled_current_nlm,,,0.9009869609999441,8.0,8.0,NLM_fast_cuda_global,,,,,
set50,medium,33.gif,0,0.05,"[512, 512]",7a10c4eca50167d8d459c2505f2b0f21cfb399e7b01adccaa0422695496c2e72,08d26c934a289bb92e048127732aeadfa9b78a9f4b5882efb73995bdf3cd72d1,nlmedians,1.325,30.2945129229612,0.9029436762993378,60.29444027644749,,scaled_current_nlm,,,0.9514883410010953,8.0,8.0,NLM_fast_cuda_global,,,,,
set50,medium,24.gif,0,0.05,"[512, 512]",b8f6ebed7641854cd23e807c2f78d350f1373b2fe7f96e6ea18f8531797fbc3a,7df6a26996b27055fbd6fade2729c1bef1483650ee3f0c3831c8b73955e45a96,nlmedians,1.455,32.50651622717577,0.9123887609354983,61.87269616036279,,scaled_current_nlm,,,0.9101498569998512,8.0,8.0,NLM_fast_cuda_global,,,,,
set50,medium,3.gif,0,0.05,"[512, 512]",e3e2313cc250162bd613776c7b0063891d9d56b3576c9808ac5c8c0e7e8fcb8d,796ec59771c5391e193cc91c432e0a5596e1920f3a4db227d9eb10f6a3d518d5,nlmedians,1.5150000000000001,30.403415111675898,0.871051650006837,58.7542900561798,,scaled_current_nlm,,,0.8912850190008612,8.0,8.0,NLM_fast_cuda_global,,,,,
set50,medium,1.gif,0,0.05,"[512, 512]",95f21dff4cd5a318a519cb05a1e35fb41f49c007ca46345fd6917258be8d9d73,e24ed88e7f0eb2dddfa6a9612b63b2c33becdf037cb98dd934bdb9f01a47ea78,nlmedians,1.41,29.933159642187277,0.9247369968983955,61.20342966601341,,scaled_current_nlm,,,0.9658793029993831,8.0,8.0,NLM_fast_cuda_global,,,,,
set50,medium,23.gif,0,0.05,"[512, 512]",05918015ae96873f255fec3e75ace895a76214abbeffdbfff55b5cf6214224c6,655503e7d7fab0b5c67c003c7369ebf5019a3bde7ab7b4ded0a31511df31d745,nlmedians,1.67,31.79405251995697,0.8438056312838479,58.08730782417088,,scaled_current_nlm,,,0.8473387350004487,8.0,8.0,NLM_fast_cuda_global,,,,,
set50,medium,35.gif,0,0.05,"[512, 512]",353590d221e21b53b97858fbc575a2320a10336f21bbed5dd461fa942bab100f,d8405f20d92cf2c558f2ca882734d0a50ace70c0b016ae8d28e3ae1f7bf374d8,nlmedians,1.36,31.55643473197901,0.9216462255743473,61.86052864470687,,scaled_current_nlm,,,0.9064651629996661,8.0,8.0,NLM_fast_cuda_global,,,,,
set50,medium,36.gif,0,0.05,"[512, 512]",99a41bcc709d43204ca0f73a6593656300237e5367043081c5065ca77d5e3628,57e4e3e6cfe9d42cb759240f0c415ccaf8f59eecb6632db03e3d83df22720313,nlmedians,1.23,29.349499380834146,0.9232912057071552,60.83930997577483,,scaled_current_nlm,,,0.9211101389992109,8.0,8.0,NLM_fast_cuda_global,,,,,
set50,medium,26.gif,0,0.05,"[512, 512]",3efcc155fe7f35f9428c0536c9c1dc2b826188d5f0a5b0a90ecbf681233221e2,854fb7772003d6ba3ae6e98b9a7fb849cc21ff8676ba7f04a3260e753a54d7cd,nlmedians,1.44,32.58203627033131,0.9085694924088236,61.71949275560684,,scaled_current_nlm,,,0.8731464920001599,8.0,8.0,NLM_fast_cuda_global,,,,,
set50,medium,37.gif,0,0.05,"[512, 512]",74881a36c4896c931da56c784ac35afb478dc71ae7af27894deeb074f83e518a,036505e5dfbec15ce66a6908c05abf048cc47a82646c9b6094a5edfac7c701dc,nlmedians,1.185,30.87442320033997,0.8885297267940193,59.863697939870946,,scaled_current_nlm,,,0.9462360130000889,8.0,8.0,NLM_fast_cuda_global,,,,,
set50,medium,13.gif,0,0.05,"[512, 512]",c34b796bde09761f5bc3c358f20b72f49e020580ed0a76d5456c61f0da4499eb,e2de224a77a3db31067ae6e062087f6bfac38a8df3f2a2d549c5cef396b3bc18,nlmedians,1.41,30.89124540198448,0.8963592969579102,60.26358754888775,,scaled_current_nlm,,,0.9544407050016162,8.0,8.0,NLM_fast_cuda_global,,,,,
set50,medium,28.gif,0,0.05,"[512, 512]",f509179793e6551fbec77f8fdd91e45d53d2dd6e0a87394377c4bb4c52eb9a43,58a9abd4838209bd106b4a74ece0597005b07fe99a36d69bd1aa86ba516bad88,nlmedians,1.395,32.789544669374905,0.9287908282637802,62.834313747876465,,scaled_current_nlm,,,0.880676210999809,8.0,8.0,NLM_fast_cuda_global,,,,,
set50,medium,9.gif,0,0.05,"[512, 512]",8b76cd61996084e7d23b9f638b4d32839d9f6ac7965ef9b585f78bdbdaff16b3,e0f43ad256990bfaa3242b836c5dd9d4cf4e80021e09d929388010da18ae0559,nlmedians,1.295,30.04741384713448,0.9070591565831222,60.37666475272335,,scaled_current_nlm,,,0.9201072830001067,8.0,8.0,NLM_fast_cuda_global,,,,,
set50,medium,18.gif,0,0.05,"[512, 512]",539caf0cced15a86b729848a1a182b75776a621cf01b5e9a62085f53b86f3407,4a90c942e2032c8804b9ebb9792d42187fe4daeee7ef4378cd6b6eb20be33093,nlmedians,1.2550000000000001,24.631107428870482,0.8786210875249132,56.2466080906809,,scaled_current_nlm,,,0.9442787930001941,8.0,8.0,NLM_fast_cuda_global,,,,,
set50,medium,49.gif,0,0.05,"[512, 512]",8311e02cd6238d6e74f6a9bf6fa5c250d748ceec5882a86242e2452c587cdf2b,5a601ed1dcc9698d64a9477467d78dda4fff8dd35cfeaf9d23934a7ad5017559,nlmedians,1.75,22.63532128564377,0.9373983986940084,58.187580577522304,,scaled_current_nlm,,,0.8667426179999893,8.0,8.0,NLM_fast_cuda_global,,,,,
set50,medium,4.gif,0,0.05,"[512, 512]",fd89b9bfe327e11c7cfbc851fff026261f2c33ef17edc9373682def6616fdc4f,1bddc85da101df43df7bb7612200d6defe6021e2962e858d3d0572298eb96ac2,nlmedians,1.305,31.66183651173743,0.8934194418220615,60.50189034697179,,scaled_current_nlm,,,0.9059480579999217,8.0,8.0,NLM_fast_cuda_global,,,,,
set50,medium,8.gif,0,0.05,"[512, 512]",fd53a01b9f6a3a02a5408efee91cfa235b1325372804d49874a677719089b14e,e2dea4fbc7e21862ca9af16abc32c18c40a4dd5dd02696d500714675394acfb8,nlmedians,1.905,34.04559067390795,0.9448587322657305,64.26573195024051,,scaled_current_nlm,,,0.8431125429997337,8.0,8.0,NLM_fast_cuda_global,,,,,
set50,medium,39.gif,0,0.05,"[512, 512]",e43557540646572e4a7b69124c49ff2c37c4d1695507c5d64a44d09a5043958e,3302c586943fdd9db0f9ba7e02a73af0dce174011bc328f077b07b2e455337b4,nlmedians,1.675,31.946302509446426,0.8701807908476772,59.48219079710707,,scaled_current_nlm,,,0.8900373830001627,8.0,8.0,NLM_fast_cuda_global,,,,,
set50,medium,12.gif,0,0.05,"[512, 512]",3c3ec23125fea9974f2e94c0d93a534edf2ec60d33b6af79f9a60fef58295de4,59d963dcd00180e7f3f72547745489e101cd7eff2175e5f3bb993ec828ffbb2f,nlmedians,1.395,30.98337651860108,0.9356767263449622,62.27552457654865,,scaled_current_nlm,,,1.0019965150004282,8.0,8.0,NLM_fast_cuda_global,,,,,
set50,medium,45.gif,0,0.05,"[512, 512]",72644242bceb1596c04ab4ddde11989c7aa206ee2094402fadeac9f9c500d55a,81ad42bbcf0b5e8f33c2ad489cebceb574e8a1035bc12ec2a3d57de309ae0f6a,nlmedians,1.46,30.068659857946393,0.8781272023655312,58.94069004724976,,scaled_current_nlm,,,0.9238325450005505,8.0,8.0,NLM_fast_cuda_global,,,,,
set50,medium,11.gif,0,0.05,"[512, 512]",b12e0216f269d1ad8f5dfe769baf0fb60142ab5235a6d1d62707dc52ca591071,901e5232f1e9d4af8b7e7854cd94540c565ee392f1959e992aa40cca5ec504b7,nlmedians,1.6500000000000001,22.757488643024637,0.89349064237068,56.05327644004632,,scaled_current_nlm,,,0.9320235769991996,8.0,8.0,NLM_fast_cuda_global,,,,,
set50,medium,34.gif,0,0.05,"[512, 512]",42a4b02f48b536770f4d42c1c4884a5b2a4a662af62778249a90a16c1d9f5398,f88df87e1cc3de2cabfeea22db517da9ce53ffbe36b4b8fcb3fda6b33e5bcef7,nlmedians,1.22,31.176541139481696,0.9377349756487193,62.475019352176815,,scaled_current_nlm,,,0.9748292439999204,8.0,8.0,NLM_fast_cuda_global,,,,,
set50,extreme,10.gif,0,0.2,"[512, 512]",e233b9bc584bbcbbdcbcbf3674e9c18c92aff37cf54afeec01dc2e7dc1811878,c2298b7f30afbb2db5aebc17d7f29055d6f3492e431507d9548fbcca879a142f,nlmedians,3.14,19.892866251766982,0.3873723249607522,29.315049373921102,,scaled_current_nlm,,,0.9926480280009855,8.0,8.0,NLM_fast_cuda_global,,,,,
set50,extreme,14.gif,0,0.2,"[512, 512]",83fe92c5398701971c09c467a97dc4bfdb94eb4b3ded548d26e5e7fcf62e4d2a,36c3db98b37020897cb790eee3f380ca4e3c589a7337e0f1731d5083be74de8b,nlmedians,2.05,17.308839831191058,0.5449561511451892,35.90222747285499,,scaled_current_nlm,,,0.9421251200001279,8.0,8.0,NLM_fast_cuda_global,,,,,
set50,extreme,17.gif,0,0.2,"[512, 512]",6f8a02e1689062bed722742a554760dd74359b35fc8b969bab8beed8e59421a0,17e6123b721dbc81875513fc7c9915a2eba92d8c973008e05f4954fdda41b490,nlmedians,2.245,18.1837281496683,0.6666135300154594,42.42254057560712,,scaled_current_nlm,,,0.9919300129986368,8.0,8.0,NLM_fast_cuda_global,,,,,
set50,extreme,0.png,0,0.2,"[512, 512]",0a372ced9fd4d1f9633532a58073e3974b41da8cfc87f04ec8e9a8dc6a89bba1,bb82ddd95a6a25e95485a996c31e0375130595fb41bbf773b1bd5b01c13959c1,nlmedians,3.14,18.81169486615498,0.3994940738708951,29.380551126622244,,scaled_current_nlm,,,0.9794320359978883,8.0,8.0,NLM_fast_cuda_global,,,,,
set50,extreme,16.gif,0,0.2,"[512, 512]",2d68b31ae4d4c10bc0e60742ba3064c10d62113ffb3ca9a7c14b80e40b0e6170,c8d9a39d5ea106b2f8e0b3580157d89fa6290b7d7e8c0e322943dca12a068081,nlmedians,2.215,18.728810639754492,0.5996010254934545,39.34445659454997,,scaled_current_nlm,,,0.9449595299993234,8.0,8.0,NLM_fast_cuda_global,,,,,
set50,extreme,15.gif,0,0.2,"[512, 512]",51e2066df33af18b47bcd356b17c6cdf04f2a5fd219ace410fcabb06698c6c71,c0c5b975b75787dda8b1787640e80a6419da298beb2e1a402d4d533166ac79a8,nlmedians,2.625,18.521575045955654,0.47277193172080906,32.89938410901828,,scaled_current_nlm,,,0.9520498560013948,8.0,8.0,NLM_fast_cuda_global,,,,,
set50,extreme,1.gif,0,0.2,"[512, 512]",95f21dff4cd5a318a519cb05a1e35fb41f49c007ca46345fd6917258be8d9d73,54e822cbce4710b252fbe64e0411a8ba078cc0c39f84b7119227543ee0ff4185,nlmedians,2.9,18.02079848110101,0.4368795549425271,30.85437698767686,,scaled_current_nlm,,,0.9850221300002886,8.0,8.0,NLM_fast_cuda_global,,,,,
set50,extreme,13.gif,0,0.2,"[512, 512]",c34b796bde09761f5bc3c358f20b72f49e020580ed0a76d5456c61f0da4499eb,a84c1c331a5b2661871dff4b6ef9f179c3d48a7adff60094eeec0c37ae9dc833,nlmedians,3.14,18.629359743814934,0.4022289102160701,29.42612538271097,,scaled_current_nlm,,,0.924442530998931,8.0,8.0,NLM_fast_cuda_global,,,,,
set50,extreme,12.gif,0,0.2,"[512, 512]",3c3ec23125fea9974f2e94c0d93a534edf2ec60d33b6af79f9a60fef58295de4,1d12433516009299264d8cd1854d468e863db6cbefb911afc9f1b697bfd9710b,nlmedians,2.805,19.20396198457248,0.5689789346681717,38.05092772569483,,scaled_current_nlm,,,0.9359298130002571,8.0,8.0,NLM_fast_cuda_global,,,,,
set50,extreme,11.gif,0,0.2,"[512, 512]",b12e0216f269d1ad8f5dfe769baf0fb60142ab5235a6d1d62707dc52ca591071,fcdb2ce8ef577a9371493db0c92e2c924d780969164bcbc7ba6b5180060404fa,nlmedians,2.985,17.90075839735153,0.6775587505221354,42.82831672478254,,scaled_current_nlm,,,0.9255183329987631,8.0,8.0,NLM_fast_cuda_global,,,,,
set50,moderate,19.gif,0,0.03,"[512, 512]",d17c7663feb48c0fe318904421cb04ec7e850a109d952f66a49ac464a4176a1e,4a77cc7feb68ac2e5a85825f247e8e4c3c9679a7c0426f5bfdcd4072c19d4627,nlmedians,1.175,32.34895237122666,0.9557453805505729,63.961745213141974,,scaled_current_nlm,,,0.738202545000604,,,,,,,,
set50,moderate,22.gif,0,0.03,"[512, 512]",dfe4f6c6370dbe0651bccc46e98ac3b787e8c63a3a37fb138fe6c81f3e32edd4,2e45a4290be99d09ad7c8b15ab628d656e317851811cf62a814d56799172c143,nlmedians,1.025,29.944426070891804,0.9359122393047159,61.7678250006817,,scaled_current_nlm,,,0.7684545100000832,,,,,,,,
set50,moderate,10.gif,0,0.03,"[512, 512]",e233b9bc584bbcbbdcbcbf3674e9c18c92aff37cf54afeec01dc2e7dc1811878,bf021845440d96f05ab8d1c21303bf9963fdc05185458026279984bb6cf67882,nlmedians,1.33,34.036932479732144,0.9345952271116994,63.74822759545104,,scaled_current_nlm,,,0.771165401001781,,,,,,,,
set50,moderate,14.gif,0,0.03,"[512, 512]",83fe92c5398701971c09c467a97dc4bfdb94eb4b3ded548d26e5e7fcf62e4d2a,abe42801e069a3aebf3f39389e875a54b88a4e1f606a29719e6111251e33d91b,nlmedians,0.77,25.95221019667982,0.910751646030113,58.513687399845566,,scaled_current_nlm,,,0.7749091320001753,,,,,,,,
set50,moderate,5.gif,0,0.03,"[512, 512]",49db903e1a87a0044a734fb77708aad9985011bc9ee9fb379099de1b4e946109,af29f9154f09d34b94284c16eae6366125c9201801f5961f397ede4007ff8d2a,nlmedians,1.055,37.34150454000844,0.9677961238838273,67.06055846419558,,scaled_current_nlm,,,0.8947075230007613,8.0,8.0,NLM_fast_cuda_global,,,,,
set50,moderate,44.gif,0,0.03,"[512, 512]",f968969e97bf6f8f47fd5940af0bd7481b61f2df6d5d553882b8938123b37289,bb1a9080a734e4376c0068ee09317d2e77d45ff3bc06189f526414812d722522,nlmedians,0.77,24.056044314930197,0.9189989765951662,57.9779709872234,,scaled_current_nlm,,,0.9522310590000416,8.0,8.0,NLM_fast_cuda_global,,,,,
set50,moderate,42.gif,0,0.03,"[512, 512]",f9b953242d46fc204da43e46262ac3754e9428050546213f592efb0fb7398f12,5a97f335dd14d16fa2a26568a61dbdd1f0cd96c034e1d93323385c6c8ee1278b,nlmedians,1.05,33.54607579536629,0.97023921156618,65.28499847599215,,scaled_current_nlm,,,0.9697991440007172,8.0,8.0,NLM_fast_cuda_global,,,,,
set50,moderate,38.gif,0,0.03,"[512, 512]",e39779dc60dbc76330293a5fdb44dfabe4d22433c36132e18afcf31a515217b4,7b05a5462bc68e44134575d6e71c54256811d7816777d48e15b8ebff29020534,nlmedians,1.02,35.92808968688366,0.9597143715255062,65.94976341971714,,scaled_current_nlm,,,0.9070084970007883,8.0,8.0,NLM_fast_cuda_global,,,,,
set50,moderate,48.gif,0,0.03,"[512, 512]",9b261d731fc3d639b0cc3dac391980b0c49dd558b24b95a14bb3f3eb9f3569d0,be699cc3e412bf91ef9e26d4f7be8e45cc78cbc1049db067c20cc8e0fdefa309,nlmedians,1.155,34.254643314135954,0.9552615748520372,64.89040039966984,,scaled_current_nlm,,,0.9393071169997711,8.0,8.0,NLM_fast_cuda_global,,,,,
set50,moderate,17.gif,0,0.03,"[512, 512]",6f8a02e1689062bed722742a554760dd74359b35fc8b969bab8beed8e59421a0,29b950eb5447df2cee11f6d9ed1e4ef64d57aa95f3d5eddc1297ed8706b401b4,nlmedians,1.02,29.127719396944496,0.9516697412770542,62.14734676232496,,scaled_current_nlm,,,0.7947770620012307,,,,,,,,
set50,moderate,0.png,0,0.03,"[512, 512]",0a372ced9fd4d1f9633532a58073e3974b41da8cfc87f04ec8e9a8dc6a89bba1,1890871d8ac6fdf241ae77566f9a0eb175baed8033bd8ffbdecf5475a45749fe,nlmedians,1.44,36.29259755147657,0.9725552359955059,66.77406057551357,,scaled_current_nlm,,,0.7454227500002162,,,,,,,,
set50,moderate,16.gif,0,0.03,"[512, 512]",2d68b31ae4d4c10bc0e60742ba3064c10d62113ffb3ca9a7c14b80e40b0e6170,108534efa550eb43c28b1af1689dc7e2b4ce02a2879364bb26dfe0bda7ea36a0,nlmedians,0.77,28.11481244597177,0.9121140826492434,59.663110355448055,,scaled_current_nlm,,,0.750940048999837,,,,,,,,
set50,moderate,32.gif,0,0.03,"[512, 512]",c3cc3fb5da093d47d6808c6219ed907c3e69ab01954b1b929a8739cbbcc26493,d278879439261ffe9ed28694e5eea47639c1b8f5a8a94bace3543395b60dd533,nlmedians,0.985,31.665343685661647,0.9553689246041054,63.60111807303609,,scaled_current_nlm,,,0.766372637999666,,,,,,,,
set50,moderate,30.gif,0,0.03,"[512, 512]",b1cccc0e8d64bae511f9cd0c5596628364bd1e09c90c5e793604a1f7a55f642f,d28020be6943581ea586663a46ffe8f3a0fb5dabd1de0042b989c19d113e461f,nlmedians,1.02,32.45755917607728,0.9377109707007872,63.114328123078,,scaled_current_nlm,,,0.7603329000012309,,,,,,,,
set50,moderate,43.gif,0,0.03,"[512, 512]",443801cafadb33c7829b313f4efd834e70cc313567a260dd2b5554dc7ee6be98,1f8784755ea55d81ac618ccaca204d47bf177db66bd5c7daaede569bb788a981,nlmedians,1.195,33.98102042819613,0.9474143478117745,64.36122760468679,,scaled_current_nlm,,,0.9281484220009588,8.0,8.0,NLM_fast_cuda_global,,,,,
set50,moderate,47.gif,0,0.03,"[512, 512]",9005ddf994846f88305becd36c72a046818a094c026c69a8106c34b34a31a8fe,4d80ef3a631443edbca7f0f765de5e35a2502b2f168084e29548ba4f32211a34,nlmedians,0.86,29.219271259730185,0.9437341028035638,61.79634077004329,,scaled_current_nlm,,,0.9465355230004207,8.0,8.0,NLM_fast_cuda_global,,,,,
set50,moderate,25.gif,0,0.03,"[512, 512]",30838b6c4e963b60da10cc6158a119a7052a4ffa1ebdcc87bcf0054f681427c6,8e83987dd80258df03bc1d39081bd12f3e414e2a92e3b00b5454514001fa330e,nlmedians,1.2650000000000001,36.01467921270352,0.9419009842115791,65.10238881693071,,scaled_current_nlm,,,0.7795219349991385,,,,,,,,
set50,moderate,7.gif,0,0.03,"[512, 512]",5e3769e24988284e1036ce844ee8e0f11dbe28fe111f6a962e37864dc34b60dc,43f856b2e4729aee32854ee85f842476fc982f3d9d390db1fb2b7253e4e7e89c,nlmedians,1.1400000000000001,23.55828577452053,0.9068438871755744,57.12133724603898,,scaled_current_nlm,,,0.9037134730006073,8.0,8.0,NLM_fast_cuda_global,,,,,
set50,moderate,15.gif,0,0.03,"[512, 512]",51e2066df33af18b47bcd356b17c6cdf04f2a5fd219ace410fcabb06698c6c71,2d9093eb41be84ce7ed0d978b9b19c485cbf154d47e52c2dd0fd828853447d0c,nlmedians,0.915,29.13753113694826,0.9169229552349872,60.4149133302235,,scaled_current_nlm,,,0.7516350229998352,,,,,,,,
set50,moderate,41.gif,0,0.03,"[512, 512]",1569598ab7f33ee44bcf70502565ffcd7528912a2c13cd1977fe64573770f1e6,ff0263a6707841b84077f68687f1b5681a02f5a5751a9c11140365b8582c92b3,nlmedians,1.0050000000000001,34.21891596540286,0.964542564824379,65.33658622392038,,scaled_current_nlm,,,0.9529567560002761,8.0,8.0,NLM_fast_cuda_global,,,,,
set50,moderate,6.gif,0,0.03,"[512, 512]",ca956c8aa0ec2de8bd2e4d7545c7f969215d4f7f65cb72ee9d31cb17df0033b6,84221910b6b9a6acdbb5afef9fc1ca7d246990555c43db357055a2f7fb1696d9,nlmedians,1.025,31.737424834313796,0.9359920985372907,62.66831734402143,,scaled_current_nlm,,,0.8952197720009281,8.0,8.0,NLM_fast_cuda_global,,,,,
set50,moderate,21.gif,0,0.03,"[512, 512]",74d2fa3fc2447fd331660c09f2f468f3cce983dc347509d32564e992fdebaf9a,d5ccfab06b048653f8250b070ca0b04342317d22a38961fa45c8b80e0d09c15a,nlmedians,1.08,33.37540210286277,0.9351103520513382,63.4432186539983,,scaled_current_nlm,,,0.7309916539998085,,,,,,,,
set50,moderate,27.gif,0,0.03,"[512, 512]",bc7a1c1300b1b1bda264e18fbde62fa845194fac5839cb705a788c6ac331f517,aab60ccc545edf9dca9fa48d80e67ab5ad51f1057b062d7157c1f27cece394a7,nlmedians,1.405,35.8209762748438,0.9466393851351412,65.24245739417896,,scaled_current_nlm,,,0.7307786080000369,,,,,,,,
set50,moderate,46.gif,0,0.03,"[512, 512]",14cdebcd7b2b9e534cc9717933df6ccb4861289237cde90700810e2e6e2e245f,f68a978e6ae4cceafd52796314ca1bd61710126b4514f19d2cf2a1dbf543f9eb,nlmedians,0.8250000000000001,31.041174771846563,0.948085440262435,62.92485939904503,,scaled_current_nlm,,,0.9385472020003363,8.0,8.0,NLM_fast_cuda_global,,,,,
set50,moderate,20.gif,0,0.03,"[512, 512]",c3a4da195ffc62103521cd979723e50840fe46cfd989b567c826985f8b23dcf4,00025b7fcbcf353bccb34525bf06153c13450094f9fb05eda8e25b4b3cf81775,nlmedians,0.875,31.347780250357374,0.9422560043382232,62.78669034208985,,scaled_current_nlm,,,0.7735295519996725,,,,,,,,
set50,moderate,2.gif,0,0.03,"[512, 512]",b101b795e2638a1e9dbdaa513bdc8be6090aed4d6ac294b155e5f3a2c7c0bb80,7815db9fcaba45ca1fe9659edc8745c582da03a285a37be6aefbfc147089a99b,nlmedians,1.045,35.48109553973195,0.9572796538328625,65.6045304615091,,scaled_current_nlm,,,0.7860885829995823,,,,,,,,
set50,moderate,40.gif,0,0.03,"[512, 512]",911cad3f1d559f196f94ed9e80a9602969b74319acb1d70da238efdb48af38e2,4ed4227588674f3dfbd060c06df4a2a8737dae851b4ce97b19d6d26acd29cd88,nlmedians,1.05,40.26357709983464,0.9788340350740824,69.07349030362144,,scaled_current_nlm,,,0.9580839399986871,8.0,8.0,NLM_fast_cuda_global,,,,,
set50,moderate,31.gif,0,0.03,"[512, 512]",33781418a1e6e85521011be7d450b002a8f8a8f1ba68a79c1219f3b3ba59b160,6c04ab1e187ca58f545f9b32e49810d14cc9f4baabf6e8b2e3ab576507435c08,nlmedians,0.78,25.076311012095825,0.9004310571166815,57.55970836188199,,scaled_current_nlm,,,0.7935348520004482,,,,,,,,
set50,moderate,29.gif,0,0.03,"[512, 512]",1eeb76c0386fbcd563a08eb25bbeffde427bdc62658e4bcc02c8aafbf733f219,7e36de98996efc03518db23d8b2790304e843bc1b59fa6dbd37c32ded4a6902b,nlmedians,0.77,30.09928758890307,0.9302491436885738,61.562100978880224,,scaled_current_nlm,,,0.7880511119983566,,,,,,,,
set50,moderate,33.gif,0,0.03,"[512, 512]",7a10c4eca50167d8d459c2505f2b0f21cfb399e7b01adccaa0422695496c2e72,ba09b5b2b00094264b93b15dfe764f5f155d14fd8012fef6795bbb30e2e02af9,nlmedians,1.0150000000000001,32.525219592304914,0.9424298646764959,63.384103029977254,,scaled_current_nlm,,,3.354702554999676,8.0,8.0,NLM_fast_cuda_global,,,,,
set50,moderate,24.gif,0,0.03,"[512, 512]",b8f6ebed7641854cd23e807c2f78d350f1373b2fe7f96e6ea18f8531797fbc3a,00361d9d18adafe8f56c1222f7c494507b310d4a76d7b0c8a82b2c1609574b41,nlmedians,1.1500000000000001,35.67442366573384,0.9570857839640007,65.69150103106696,,scaled_current_nlm,,,0.7624241630001052,,,,,,,,
set50,moderate,3.gif,0,0.03,"[512, 512]",e3e2313cc250162bd613776c7b0063891d9d56b3576c9808ac5c8c0e7e8fcb8d,dd14e890ca3c05f9cb0de1181aa5a5db0779077468bd4909ced1783680752557,nlmedians,1.21,32.87066796831451,0.9289394206793442,62.88230501812446,,scaled_current_nlm,,,0.7469521109997004,,,,,,,,
set50,moderate,1.gif,0,0.03,"[512, 512]",95f21dff4cd5a318a519cb05a1e35fb41f49c007ca46345fd6917258be8d9d73,b046c3ca53ac27d398655bff7451b2b566c0b17466b8819f428a346cbe1fb919,nlmedians,1.16,32.62965284998329,0.962183162660839,64.4239845580336,,scaled_current_nlm,,,0.7455626490009308,,,,,,,,
set50,moderate,23.gif,0,0.03,"[512, 512]",05918015ae96873f255fec3e75ace895a76214abbeffdbfff55b5cf6214224c6,2daf28aacbb63227de565cd84c202daafbc0a84772d4320a0d4213b8214207da,nlmedians,1.325,35.435346757527135,0.9250958565210754,63.97246620481734,,scaled_current_nlm,,,0.7180635069998971,,,,,,,,
set50,moderate,35.gif,0,0.03,"[512, 512]",353590d221e21b53b97858fbc575a2320a10336f21bbed5dd461fa942bab100f,0fb08c5de87a5a41e52590493adbddf82a33f95b9154da10a9801c12a103de9f,nlmedians,1.115,34.842259558320826,0.9614478075393688,65.49352015612885,,scaled_current_nlm,,,0.9354505129995232,8.0,8.0,NLM_fast_cuda_global,,,,,
set50,moderate,36.gif,0,0.03,"[512, 512]",99a41bcc709d43204ca0f73a6593656300237e5367043081c5065ca77d5e3628,ac5122e3551e0bbc5ce45212b3e5a5b0036fdaec4bb1859d21d61fc5d6d185a9,nlmedians,0.985,30.81490384661381,0.943374546894397,62.57617926802676,,scaled_current_nlm,,,0.9187459510012559,8.0,8.0,NLM_fast_cuda_global,,,,,
set50,moderate,26.gif,0,0.03,"[512, 512]",3efcc155fe7f35f9428c0536c9c1dc2b826188d5f0a5b0a90ecbf681233221e2,80df9d16ce4f4c986faf28bb5b520724b7cc3964f0373fd572fa16b065e88889,nlmedians,1.12,36.39124308590588,0.9579229534013517,66.09176921302053,,scaled_current_nlm,,,0.766214018998653,,,,,,,,
set50,moderate,37.gif,0,0.03,"[512, 512]",74881a36c4896c931da56c784ac35afb478dc71ae7af27894deeb074f83e518a,7173cba5345fcfbe9557abb697d95042a919f4d6122da8ce612d77d8fb82cf11,nlmedians,0.885,33.09062608016155,0.9272578310451388,62.90820459233771,,scaled_current_nlm,,,0.9229420640003809,8.0,8.0,NLM_fast_cuda_global,,,,,
set50,moderate,13.gif,0,0.03,"[512, 512]",c34b796bde09761f5bc3c358f20b72f49e020580ed0a76d5456c61f0da4499eb,a2f2a757fc1c83f9bed8ee3c789083b32351ef8857a1a102fba848a3fe7d0f2a,nlmedians,1.115,33.41635342387252,0.9482795996434107,64.12215669410679,,scaled_current_nlm,,,0.7717605779998848,,,,,,,,
set50,moderate,28.gif,0,0.03,"[512, 512]",f509179793e6551fbec77f8fdd91e45d53d2dd6e0a87394377c4bb4c52eb9a43,0ec572cf93ac546cce976f078eeb44740a3e46ee9a4fce5909a4ee51526b79a3,nlmedians,1.1,34.730540720187236,0.9535890450721123,65.04472261369924,,scaled_current_nlm,,,0.7404028319997451,,,,,,,,
set50,moderate,9.gif,0,0.03,"[512, 512]",8b76cd61996084e7d23b9f638b4d32839d9f6ac7965ef9b585f78bdbdaff16b3,08ebebac1d0c3f7ebfafdfa8e93fa92ed980cc02966803336351778a3d0128df,nlmedians,1.045,32.39332768965795,0.9527707452092355,63.83520110529075,,scaled_current_nlm,,,0.9240341300010186,8.0,8.0,NLM_fast_cuda_global,,,,,
set50,moderate,18.gif,0,0.03,"[512, 512]",539caf0cced15a86b729848a1a182b75776a621cf01b5e9a62085f53b86f3407,762e6943b9437065f73e4f6277554701b84063ead3f21c15cf1e7188d5fc83c8,nlmedians,0.925,25.38210053549415,0.8963209524854818,57.507097892021164,,scaled_current_nlm,,,0.7645376660002512,,,,,,,,
set50,moderate,49.gif,0,0.03,"[512, 512]",8311e02cd6238d6e74f6a9bf6fa5c250d748ceec5882a86242e2452c587cdf2b,51d6c89faaff83ef0b7b15a14c8357cccf0aa1dd8a38cf19b3dc5e7488c4f352,nlmedians,1.575,24.13377512770755,0.9609652990516284,60.115152516435195,,scaled_current_nlm,,,0.8467969430002995,8.0,8.0,NLM_fast_cuda_global,,,,,
set50,moderate,4.gif,0,0.03,"[512, 512]",fd89b9bfe327e11c7cfbc851fff026261f2c33ef17edc9373682def6616fdc4f,90c0c67bdd6ea5e7262ae4a17200e7f45a845bcba4d8cd17bc0c12abd43e6ccf,nlmedians,1.02,34.791049696460966,0.9434616494689436,64.56860732167766,,scaled_current_nlm,,,0.9087068930002715,8.0,8.0,NLM_fast_cuda_global,,,,,
set50,moderate,8.gif,0,0.03,"[512, 512]",fd53a01b9f6a3a02a5408efee91cfa235b1325372804d49874a677719089b14e,eb3e181f36ac425d497e384772f1bc27cbb99aaccac73affe890e3b538d1fec8,nlmedians,1.4000000000000001,36.42009987948784,0.966000221843113,66.51006103189957,,scaled_current_nlm,,,0.8701142980007717,8.0,8.0,NLM_fast_cuda_global,,,,,
set50,moderate,39.gif,0,0.03,"[512, 512]",e43557540646572e4a7b69124c49ff2c37c4d1695507c5d64a44d09a5043958e,b18d17a3f4769d559d7b4a3cbb523afee8371b8e3419c1884514b2f407e9a4ac,nlmedians,1.31,34.763409711166766,0.9257901735218138,63.67121353167407,,scaled_current_nlm,,,0.882111533999705,8.0,8.0,NLM_fast_cuda_global,,,,,
set50,moderate,12.gif,0,0.03,"[512, 512]",3c3ec23125fea9974f2e94c0d93a534edf2ec60d33b6af79f9a60fef58295de4,a88e463713c8906dc55b4636147c4434d127d68a71e2e4d94601b4da5b09fa9e,nlmedians,1.1300000000000001,32.84264113439996,0.9539749894453297,64.12007003946647,,scaled_current_nlm,,,0.7480937489999633,,,,,,,,
set50,moderate,45.gif,0,0.03,"[512, 512]",72644242bceb1596c04ab4ddde11989c7aa206ee2094402fadeac9f9c500d55a,8f542b8722cb2b0dabbae2e6f726b67333642ec2c57fc7ddbf447d23110afc60,nlmedians,1.185,32.843718863762675,0.9358330942984127,63.21351414680197,,scaled_current_nlm,,,0.9400366219997522,8.0,8.0,NLM_fast_cuda_global,,,,,
set50,moderate,11.gif,0,0.03,"[512, 512]",b12e0216f269d1ad8f5dfe769baf0fb60142ab5235a6d1d62707dc52ca591071,2b4a035721bdad7497c2bbf55e4f48957b4abd07b77f288442c504b9a2e5e739,nlmedians,1.375,23.043528536099647,0.9062559759468023,56.834563065389936,,scaled_current_nlm,,,0.7206389919992944,,,,,,,,
set50,moderate,34.gif,0,0.03,"[512, 512]",42a4b02f48b536770f4d42c1c4884a5b2a4a662af62778249a90a16c1d9f5398,55a28dcc5b7916918ef13b18a26e0b258b3c954f785ec8c1ee8d6498ea3b939b,nlmedians,0.9400000000000001,33.7316381618717,0.9638422281282397,65.05793048734785,,scaled_current_nlm,,,0.9540886949998821,8.0,8.0,NLM_fast_cuda_global,,,,,
set50,low,19.gif,0,0.01,"[512, 512]",d17c7663feb48c0fe318904421cb04ec7e850a109d952f66a49ac464a4176a1e,4d9fcea700a23bddd85518f70e1f1a21427252e043050cf82bbd584a784dcdf2,nlmedians,0.71,34.17133957358543,0.9669140384509479,65.43137170934011,,scaled_current_nlm,,,0.7019733279994398,,,,,,,,
set50,low,22.gif,0,0.01,"[512, 512]",dfe4f6c6370dbe0651bccc46e98ac3b787e8c63a3a37fb138fe6c81f3e32edd4,b2c86302dd35784935b349103eea4994bac78882b1f66fe05cbd0eff3c4f3692,nlmedians,0.745,30.434571123648762,0.939224259635852,62.17849854361698,,scaled_current_nlm,,,0.7561269670004549,,,,,,,,
set50,low,10.gif,0,0.01,"[512, 512]",e233b9bc584bbcbbdcbcbf3674e9c18c92aff37cf54afeec01dc2e7dc1811878,ed18cdba5c14f3575b15c3dbd6cb7821e1672460cf265af262fa809b2dcc9878,nlmedians,0.885,38.163904427881036,0.9808667178982965,68.12528810885534,,scaled_current_nlm,,,0.7934281100006046,,,,,,,,
set50,low,14.gif,0,0.01,"[512, 512]",83fe92c5398701971c09c467a97dc4bfdb94eb4b3ded548d26e5e7fcf62e4d2a,64abc2d905aabb38864450f0af1ad424bb1689ea0666689a0a39ea98c8e6c64e,nlmedians,0.77,26.180276441536936,0.9060426228268027,58.3922693621086,,scaled_current_nlm,,,0.7487424789997021,,,,,,,,
set50,low,5.gif,0,0.01,"[512, 512]",49db903e1a87a0044a734fb77708aad9985011bc9ee9fb379099de1b4e946109,dbd952e46b4726c976e4c86376e9410d20bfc6334f5e9e484a536a9f0337370b,nlmedians,0.705,42.1245703292437,0.9860579244076417,70.36518138500394,,scaled_current_nlm,,,0.7791697749999003,,,,,,,,
set50,low,44.gif,0,0.01,"[512, 512]",f968969e97bf6f8f47fd5940af0bd7481b61f2df6d5d553882b8938123b37289,42e3c08cf2b0cec0c123c4090e6a3f4b8b8ee6df540c5eec04ad9484bc032028,nlmedians,0.77,24.5620977278236,0.9176306136785012,58.162579547836856,,scaled_current_nlm,,,0.7634932679993653,,,,,,,,
set50,low,42.gif,0,0.01,"[512, 512]",f9b953242d46fc204da43e46262ac3754e9428050546213f592efb0fb7398f12,fca820cfcfd19eacbd368d0e7c81d4bf941a17e29fe10943058be3157ad7ecdd,nlmedians,0.755,36.822942415984265,0.9837158611152489,67.59726426375458,,scaled_current_nlm,,,0.7941201250014274,,,,,,,,
set50,low,38.gif,0,0.01,"[512, 512]",e39779dc60dbc76330293a5fdb44dfabe4d22433c36132e18afcf31a515217b4,8a4f622d145ab8ed04f447bd3e6fea77afa39ceaa5e438fdaefe8a638cb76d4d,nlmedians,0.645,37.72812676715524,0.9684620178511001,67.28716427613263,,scaled_current_nlm,,,0.777492686000187,,,,,,,,
set50,low,48.gif,0,0.01,"[512, 512]",9b261d731fc3d639b0cc3dac391980b0c49dd558b24b95a14bb3f3eb9f3569d0,de7039382b2c716bf8b8bd9ef90136c7a8e43e3e8bdee5fa3447bde9a6becb68,nlmedians,0.725,37.26477090403961,0.9795645855214371,67.61061472809166,,scaled_current_nlm,,,0.7554526330004592,,,,,,,,
set50,low,17.gif,0,0.01,"[512, 512]",6f8a02e1689062bed722742a554760dd74359b35fc8b969bab8beed8e59421a0,da214e6323ceeebbcc7aa2be59f5915388fdb98dd02a39f8ca94705bae09da2a,nlmedians,0.755,30.537606495248767,0.9598219111600397,63.25989880562637,,scaled_current_nlm,,,0.7686674609994952,,,,,,,,
set50,low,0.png,0,0.01,"[512, 512]",0a372ced9fd4d1f9633532a58073e3974b41da8cfc87f04ec8e9a8dc6a89bba1,580fbc14af471717cfc09261d71b2bee527d3960eb5a144e296d4af84219023d,nlmedians,0.91,41.45479078321672,0.9910273925412135,70.27876501866903,,scaled_current_nlm,,,0.8366423570005281,,,,,,,,
set50,low,16.gif,0,0.01,"[512, 512]",2d68b31ae4d4c10bc0e60742ba3064c10d62113ffb3ca9a7c14b80e40b0e6170,5a34727aa846ef18673a8ed97ce9030df3297566700329ed4d9163d22c8c0e23,nlmedians,0.77,28.530966182247077,0.9081906684974012,59.67501651599359,,scaled_current_nlm,,,0.7876318680009717,,,,,,,,
set50,low,32.gif,0,0.01,"[512, 512]",c3cc3fb5da093d47d6808c6219ed907c3e69ab01954b1b929a8739cbbcc26493,ee0b605cf5805cee95dec190b897d374b300762268a951bc2923c750885eb553,nlmedians,0.765,33.08255528450368,0.9588614477722966,64.48435003086666,,scaled_current_nlm,,,0.7498749070000486,,,,,,,,
set50,low,30.gif,0,0.01,"[512, 512]",b1cccc0e8d64bae511f9cd0c5596628364bd1e09c90c5e793604a1f7a55f642f,8ca3d59b856fd4291a18000f1171df98f2ccda8b342a7686d3fe46cb7cbe5e9a,nlmedians,0.735,33.359408828088874,0.9423185013650845,63.795629482298665,,scaled_current_nlm,,,0.7697588729988638,,,,,,,,
set50,low,43.gif,0,0.01,"[512, 512]",443801cafadb33c7829b313f4efd834e70cc313567a260dd2b5554dc7ee6be98,0367df72489ecd2f6c17785be16d482c8ad0f56c301ac5135b7c597d340c320a,nlmedians,0.78,38.24934340152768,0.9834201508896264,68.29567924524517,,scaled_current_nlm,,,0.749962351999784,,,,,,,,
set50,low,47.gif,0,0.01,"[512, 512]",9005ddf994846f88305becd36c72a046818a094c026c69a8106c34b34a31a8fe,b58103ccb1517d653cbc447db4dc4d1bbfe39e12b76ae800a60c523302295055,nlmedians,0.77,29.677235028063844,0.9472298769252421,62.20011136029403,,scaled_current_nlm,,,0.7809127590007847,,,,,,,,
set50,low,25.gif,0,0.01,"[512, 512]",30838b6c4e963b60da10cc6158a119a7052a4ffa1ebdcc87bcf0054f681427c6,54d84616da890c632d6a16057e9dc62f9b7d564bf73fa85bad96d32d0b8e37f3,nlmedians,0.755,39.150299893395115,0.9712349092773552,68.13689541056532,,scaled_current_nlm,,,0.7529725849999522,,,,,,,,
set50,low,7.gif,0,0.01,"[512, 512]",5e3769e24988284e1036ce844ee8e0f11dbe28fe111f6a962e37864dc34b60dc,64adbe011994dd5254c8b1aa9d24094637976f4c9b2c0e6b111ad13c8fd77d7f,nlmedians,0.765,23.52201275363668,0.9119465627113604,57.358334512386364,,scaled_current_nlm,,,0.7218892659984704,,,,,,,,
set50,low,15.gif,0,0.01,"[512, 512]",51e2066df33af18b47bcd356b17c6cdf04f2a5fd219ace410fcabb06698c6c71,8c7914d337e62afbc812f7fa21b64172783d92b5a5d191250b56d3acae35dbbe,nlmedians,0.755,29.812947132285935,0.9337331077335106,61.5931289528185,,scaled_current_nlm,,,0.7726844909993815,,,,,,,,
set50,low,41.gif,0,0.01,"[512, 512]",1569598ab7f33ee44bcf70502565ffcd7528912a2c13cd1977fe64573770f1e6,5ca718b9bf3bcbf2d15f3cbfb1bb2ef9abb4b101ff07a87ae2357f80b38f995c,nlmedians,0.68,35.47460822290581,0.9694947825857618,66.212043240741,,scaled_current_nlm,,,0.7360307070011913,,,,,,,,
set50,low,6.gif,0,0.01,"[512, 512]",ca956c8aa0ec2de8bd2e4d7545c7f969215d4f7f65cb72ee9d31cb17df0033b6,c6a47fae86a982cf63f74e711953f9f9a442abe14bf023e0693cfabf476f7cb5,nlmedians,0.7000000000000001,33.22612441572681,0.9597426832535332,64.60019637054006,,scaled_current_nlm,,,0.7468434020011046,,,,,,,,
set50,low,21.gif,0,0.01,"[512, 512]",74d2fa3fc2447fd331660c09f2f468f3cce983dc347509d32564e992fdebaf9a,d6fd972bca83abb88fbd0d7db771bbd0375fc9aad445e30f544c635990c9c919,nlmedians,0.68,34.257601759135085,0.950395892191596,64.64859548914734,,scaled_current_nlm,,,0.6987766950005607,,,,,,,,
set50,low,27.gif,0,0.01,"[512, 512]",bc7a1c1300b1b1bda264e18fbde62fa845194fac5839cb705a788c6ac331f517,34bf2bcdfa12b56d970deac4f2646885f4df8f2a6be51ff1c842febb5cfa07bb,nlmedians,0.905,40.51457118448858,0.9780120536057839,69.15788827253348,,scaled_current_nlm,,,0.7301516810002795,,,,,,,,
set50,low,46.gif,0,0.01,"[512, 512]",14cdebcd7b2b9e534cc9717933df6ccb4861289237cde90700810e2e6e2e245f,78f82fbfe7bfe1bd10a0ec830f660de577a7abe9ec75464d1c9180c2515cc412,nlmedians,0.75,32.32778830678626,0.9587305187350497,64.1004200901456,,scaled_current_nlm,,,0.7888069040000119,,,,,,,,
set50,low,20.gif,0,0.01,"[512, 512]",c3a4da195ffc62103521cd979723e50840fe46cfd989b567c826985f8b23dcf4,926c8ffad204b1af9489027ea8e92efcf84f2315c100ce06303e326031b86775,nlmedians,0.75,32.11373100341181,0.945707631314303,63.342247067421056,,scaled_current_nlm,,,0.7391661389992805,,,,,,,,
set50,low,2.gif,0,0.01,"[512, 512]",b101b795e2638a1e9dbdaa513bdc8be6090aed4d6ac294b155e5f3a2c7c0bb80,7195960aa368bfaccac8b97b6cd55bb61f7a81ada3a5c613dad979b7e2a88ecd,nlmedians,0.6950000000000001,37.78017297931019,0.9737866607647355,67.57941952789187,,scaled_current_nlm,,,0.768824204998964,,,,,,,,
set50,low,40.gif,0,0.01,"[512, 512]",911cad3f1d559f196f94ed9e80a9602969b74319acb1d70da238efdb48af38e2,bb2b2ab1d2fb46491c3104537a7862d16c6540386d39c2d42b4dc0416f5fb0f1,nlmedians,0.66,42.49853304964723,0.9832391809345122,70.41122557154922,,scaled_current_nlm,,,0.7883997059998364,,,,,,,,
set50,low,31.gif,0,0.01,"[512, 512]",33781418a1e6e85521011be7d450b002a8f8a8f1ba68a79c1219f3b3ba59b160,d6d7419dbd47cf4100df960a94ea3e33a9de9181970199e822813a042cca89e3,nlmedians,0.77,25.343478092597177,0.8969478160850247,57.519129850549824,,scaled_current_nlm,,,0.7495550730000105,,,,,,,,
set50,low,29.gif,0,0.01,"[512, 512]",1eeb76c0386fbcd563a08eb25bbeffde427bdc62658e4bcc02c8aafbf733f219,344bd3e7159aeb387f857c93bd519dbbefe06fcd40fc9b623eb0f0cfe1416ba9,nlmedians,0.77,30.443879559296867,0.9272213485478055,61.583007207038705,,scaled_current_nlm,,,0.7608928459994786,,,,,,,,
set50,low,33.gif,0,0.01,"[512, 512]",7a10c4eca50167d8d459c2505f2b0f21cfb399e7b01adccaa0422695496c2e72,c217786b989c52b18af02ac4eccfe62dd596f977dca2d7b6dc1bd0986f48da81,nlmedians,0.735,34.24296906493648,0.957097260154503,64.97634754019339,,scaled_current_nlm,,,0.7528264469983696,,,,,,,,
set50,low,24.gif,0,0.01,"[512, 512]",b8f6ebed7641854cd23e807c2f78d350f1373b2fe7f96e6ea18f8531797fbc3a,23816520001755e583487cbe7dcd417d2e11a1ad056ec210acef626b034fdf36,nlmedians,0.68,37.435426126191004,0.9672143463865607,67.07843038242353,,scaled_current_nlm,,,0.7234337980007695,,,,,,,,
set50,low,3.gif,0,0.01,"[512, 512]",e3e2313cc250162bd613776c7b0063891d9d56b3576c9808ac5c8c0e7e8fcb8d,cc396bbe23c5212ba6baa086bf53a40beef07fa4020fe5ace7fbfa32416f23fa,nlmedians,0.75,35.02213457614776,0.9583016639104935,65.42615048359856,,scaled_current_nlm,,,0.764890361999278,,,,,,,,
set50,low,1.gif,0,0.01,"[512, 512]",95f21dff4cd5a318a519cb05a1e35fb41f49c007ca46345fd6917258be8d9d73,be092100aa91ae017a208b593f7b1c88fc347faaded98e1691b9fbdb9bbdb3ae,nlmedians,0.795,35.837929751294354,0.9837039916912949,67.10416446021192,,scaled_current_nlm,,,0.760313959000996,,,,,,,,
set50,low,23.gif,0,0.01,"[512, 512]",05918015ae96873f255fec3e75ace895a76214abbeffdbfff55b5cf6214224c6,8825f87136cb87cb87b7ee7b3bb71b82eaa68700864d5cc6e83af9fae3f56555,nlmedians,0.875,40.10221173817286,0.9719547208760144,68.64884191288715,,scaled_current_nlm,,,0.7026814009986992,,,,,,,,
set50,low,35.gif,0,0.01,"[512, 512]",353590d221e21b53b97858fbc575a2320a10336f21bbed5dd461fa942bab100f,470525874460bc637beb1f22c12cf7d95266c96ae72a58df1b8b8a45d7421dd5,nlmedians,0.74,37.30437052017275,0.9750549403596934,67.40493227807104,,scaled_current_nlm,,,0.7374064160012495,,,,,,,,
set50,low,36.gif,0,0.01,"[512, 512]",99a41bcc709d43204ca0f73a6593656300237e5367043081c5065ca77d5e3628,4c9fb2ffd6c3cd4191de57133e1f175dccaa7d659a83f2db7fb68f86bfb5eab5,nlmedians,0.745,31.77226652184675,0.9510802352899589,63.440145025421316,,scaled_current_nlm,,,0.7376927790010086,,,,,,,,
set50,low,26.gif,0,0.01,"[512, 512]",3efcc155fe7f35f9428c0536c9c1dc2b826188d5f0a5b0a90ecbf681233221e2,fd6e5b6bb21f31fce84588fbf0def61aa7799be96bceaf1f8f821ce91540ca55,nlmedians,0.6900000000000001,40.43269837392992,0.9817208605149002,69.30239221270996,,scaled_current_nlm,,,0.782665499000359,,,,,,,,
set50,low,37.gif,0,0.01,"[512, 512]",74881a36c4896c931da56c784ac35afb478dc71ae7af27894deeb074f83e518a,d34dc52c2c08a14e007ecacf562579826f45b0b1707e067dff6b3df9968dbbaf,nlmedians,0.745,34.15005252598445,0.9399943520119921,64.07474386359183,,scaled_current_nlm,,,0.7055443559984269,,,,,,,,
set50,low,13.gif,0,0.01,"[512, 512]",c34b796bde09761f5bc3c358f20b72f49e020580ed0a76d5456c61f0da4499eb,21d5f13f0aba8a02886ff598d918384e41d968bbb44abcae71af497143790552,nlmedians,0.71,36.95617941570588,0.9780505345713566,67.38061643642077,,scaled_current_nlm,,,0.7574453939996602,,,,,,,,
set50,low,28.gif,0,0.01,"[512, 512]",f509179793e6551fbec77f8fdd91e45d53d2dd6e0a87394377c4bb4c52eb9a43,dd3ba862107b756742d3029f750c4d7be7c1283c6fb9ff3273684e5e05640984,nlmedians,0.6900000000000001,35.50354798012313,0.9605012098284115,65.77683448148214,,scaled_current_nlm,,,0.7350206230003096,,,,,,,,
set50,low,9.gif,0,0.01,"[512, 512]",8b76cd61996084e7d23b9f638b4d32839d9f6ac7965ef9b585f78bdbdaff16b3,4cd76b34e1053d8ac22d03bda2ce6fe4218266806e9f352d164ab9cdb6ad5b7d,nlmedians,0.715,34.04427154479524,0.971415385914499,65.59290506812258,,scaled_current_nlm,,,0.7334459749999951,,,,,,,,
set50,low,18.gif,0,0.01,"[512, 512]",539caf0cced15a86b729848a1a182b75776a621cf01b5e9a62085f53b86f3407,5873c891357876f2dbe9c9d0e5fc2da0fd371a9cf25f1268ae8f5893ee21f411,nlmedians,0.77,25.98708302736757,0.9031009901980852,58.14859102358805,,scaled_current_nlm,,,0.7851196360006725,,,,,,,,
set50,low,49.gif,0,0.01,"[512, 512]",8311e02cd6238d6e74f6a9bf6fa5c250d748ceec5882a86242e2452c587cdf2b,8125d7f83fc4d3be014d6ec00247ddfe409213305964ff8d8abbcaaaf07d5131,nlmedians,0.87,25.941255499432337,0.9782521440722881,61.88323495333057,,scaled_current_nlm,,,0.7057032369993976,,,,,,,,
set50,low,4.gif,0,0.01,"[512, 512]",fd89b9bfe327e11c7cfbc851fff026261f2c33ef17edc9373682def6616fdc4f,cb585c5a840cc56bfa16227eca05f3d968ee47e4d8a6d4f6a8098f24c92e5ebe,nlmedians,0.66,36.99795855937551,0.9641781094574048,66.707884752558,,scaled_current_nlm,,,0.7587836099992273,,,,,,,,
set50,low,8.gif,0,0.01,"[512, 512]",fd53a01b9f6a3a02a5408efee91cfa235b1325372804d49874a677719089b14e,959d9223c31d5d17f16e71514f09e97be2737ed240f0e73975f0bb5c91651a10,nlmedians,0.715,38.49404519403478,0.9765689979061609,68.07547249232545,,scaled_current_nlm,,,0.7248189130004903,,,,,,,,
set50,low,39.gif,0,0.01,"[512, 512]",e43557540646572e4a7b69124c49ff2c37c4d1695507c5d64a44d09a5043958e,44e6529e24cceca1d712601d81f8499b0bc9587c6093ab99c831d09ccf79016a,nlmedians,0.805,37.11854616742369,0.9591402916935633,66.51628766839,,scaled_current_nlm,,,0.7023439290005626,,,,,,,,
set50,low,12.gif,0,0.01,"[512, 512]",3c3ec23125fea9974f2e94c0d93a534edf2ec60d33b6af79f9a60fef58295de4,fa9482fa551439d9f17531d42a955c1c9fb456df7a7ea0c45be4ad6a23db1c47,nlmedians,0.72,34.43249382460672,0.9623592972660415,65.33421177560544,,scaled_current_nlm,,,0.7502569999996922,,,,,,,,
set50,low,45.gif,0,0.01,"[512, 512]",72644242bceb1596c04ab4ddde11989c7aa206ee2094402fadeac9f9c500d55a,c3ab35a48c81121c8b48794984160850baf0a8f64d9009ea6eeefb548e11df68,nlmedians,0.745,35.74660769841807,0.9675545340738353,66.2510305529008,,scaled_current_nlm,,,0.7524098550002236,,,,,,,,
set50,low,11.gif,0,0.01,"[512, 512]",b12e0216f269d1ad8f5dfe769baf0fb60142ab5235a6d1d62707dc52ca591071,8948decfdbaad42c41f6d0264883a357a35557ce680c55d8a78313aad39151af,nlmedians,0.895,23.120565388850384,0.9076349335222225,56.94202937053631,,scaled_current_nlm,,,0.7601726769989909,,,,,,,,
set50,low,34.gif,0,0.01,"[512, 512]",42a4b02f48b536770f4d42c1c4884a5b2a4a662af62778249a90a16c1d9f5398,dd73eaa5ded2fd68bedf81c188a0c44f01c7edbdcbf0abdf70e7d6c10a63bf63,nlmedians,0.76,36.35314647093012,0.9768171145999016,67.01742896546014,,scaled_current_nlm,,,0.7539185499990708,,,,,,,,
set12,high,02.png,0,0.1,"[512, 512]",9a0925d4efea52b4b8355baab41b735118c594bada85c1650a8c929d4bedd645,e416650380e12917a3a2eeeb4269219a30b3b8cc16efb4db753ec8cb052bd8c8,nlmedians,2.49,27.16037527181289,0.6886914031872732,48.0147577952701,,scaled_current_nlm,,,0.7279217209998023,,,,,,,,
set12,high,10.png,0,0.1,"[512, 512]",fa9370ee1649c3bf2aa161f01d3d2575a2dedca729f26b78bd75d618679b9889,7164aae5d6477ab64a9b20611d6b33f74569a62d739a897485e7d12dad80435d,nlmedians,2.0,25.27504948691023,0.7082883963337755,48.051944560143895,,scaled_current_nlm,,,0.7584826399997837,,,,,,,,
set12,high,09.png,0,0.1,"[512, 512]",4b3ddbef5883a30e02120d9280c878727f5282bb054525cf3a5b0fcffb889d5c,3e0d74d912d9f117e2941f19693e873a800672ebfc0237c1409a0ea272ec7872,nlmedians,1.92,24.578227100987608,0.782221198181707,51.40017345957915,,scaled_current_nlm,,,0.7711336219999794,,,,,,,,
set12,high,07.png,0,0.1,"[512, 512]",154769fc48745384ec8816fc554051b0dd5f1c55071de2669c9058bf3a96574e,2ba0d75dafd4a58439379072ed0bc3d150f40e4390b9b33d20349e9f1b29b718,nlmedians,2.415,26.506913403778242,0.796758608465889,53.09138712518357,,scaled_current_nlm,,,0.7179899940001633,,,,,,,,
set12,high,05.png,0,0.1,"[512, 512]",0a48bd94dc684e9744094acf5f9409ae1a147f367207cbcf847ffecc9506b1e3,99ebf5f91f8d5011c136e3657c039f5f484f7a9ad07790541df20dd03bf9c836,nlmedians,2.265,25.949744844379218,0.7077740805458534,48.36357644948228,,scaled_current_nlm,,,0.7493731710001157,,,,,,,,
set12,high,08.png,0,0.1,"[512, 512]",2c394996c73fe787fca843f9f42014d5330dda4ad3053466b934f2c52d1c1f84,df4e8481f6afd5a29944a9cd59f15e3ba5659986829732fd430d6985cd4b7fc9,nlmedians,1.75,25.90612724218683,0.8125848876780106,53.58230800499395,,scaled_current_nlm,,,0.7439672260006773,,,,,,,,
set12,high,01.png,0,0.1,"[512, 512]",0a372ced9fd4d1f9633532a58073e3974b41da8cfc87f04ec8e9a8dc6a89bba1,5c64fdfe33f4ceb5a47428c2edc3ca4f989b1078a7da5d038a7aac327de869fd,nlmedians,2.34,26.556189443087682,0.7529923896779612,50.9277142054419,,scaled_current_nlm,,,0.8013491130004695,,,,,,,,
set12,high,04.png,0,0.1,"[512, 512]",7f6baec8e072815d469acd5d149f5da86b89ef26df1895c4edde2d5758900fd0,0a9fd41a69964cdee98a13387f66a0e0afec3986fcdb81bfef6cf0b952ec854c,nlmedians,2.27,27.09612427946453,0.783211756632032,52.70864997133387,,scaled_current_nlm,,,0.7424812469998869,,,,,,,,
set12,high,06.png,0,0.1,"[512, 512]",aa1ae42753ac532294aa25320a62b1fb9aa4b54ad1627f3551d0532393b63c6e,d64e7d6cff0dd1480f8ba1a2df2cb1a7e53c3656ab86e3b1aaaf93b31a9edfbf,nlmedians,2.41,26.24720213436866,0.6782879284341808,47.037997488893375,,scaled_current_nlm,,,0.7536460989995248,,,,,,,,
set12,high,03.png,0,0.1,"[512, 512]",ecaf4e62d02b750095b71c0828247049848c285190975276e63ef6d951b37cf4,4b3536cd26cb2a06a9257208afef360b062fd3e9ee7285ba6d4c75c0e03474d9,nlmedians,2.325,26.294296319387488,0.7032692623225186,48.310611275819674,,scaled_current_nlm,,,0.7576177770006325,,,,,,,,
set12,high,11.png,0,0.1,"[512, 512]",17b452cc44e876adc0d3fd3607e8c9ab9e04406fa1702d436005e99db30c6108,efb327d0e9507fdf30c7e6389581d470feab9b99fac8c2659863071b5babac8d,nlmedians,1.885,26.39345781289989,0.8536320295310706,55.87833038300347,,scaled_current_nlm,,,0.7791081520008447,,,,,,,,
set12,medium,02.png,0,0.05,"[512, 512]",9a0925d4efea52b4b8355baab41b735118c594bada85c1650a8c929d4bedd645,c3f9d39a11e3011c40ec0ba98de83291f1b1fcd783cfca19fa39be37ecb6240b,nlmedians,1.71,33.1629253697555,0.8803181334448044,60.59736935711797,,scaled_current_nlm,,,0.7773020299991913,,,,,,,,
set12,medium,10.png,0,0.05,"[512, 512]",fa9370ee1649c3bf2aa161f01d3d2575a2dedca729f26b78bd75d618679b9889,87d8a8c260cdb8c52551132cb0dfe95ee2f14d151af9ff4d6168d5800396b42c,nlmedians,1.45,30.883845484932895,0.9035768040358862,60.62076294426076,,scaled_current_nlm,,,0.7792046190006658,,,,,,,,
set12,medium,09.png,0,0.05,"[512, 512]",4b3ddbef5883a30e02120d9280c878727f5282bb054525cf3a5b0fcffb889d5c,7c56fc735c741056497fe6ad8b491244bf2746021f23f9e3f3b7401a4df3be52,nlmedians,1.405,29.693315736360262,0.9274858675229923,61.22095124432975,,scaled_current_nlm,,,0.7871300269998756,,,,,,,,
set12,medium,07.png,0,0.05,"[512, 512]",154769fc48745384ec8816fc554051b0dd5f1c55071de2669c9058bf3a96574e,50403390a446b8878af128c5b5eb24f750286ab630615b3caace33849ff6c560,nlmedians,1.75,32.24108828716769,0.9434515728092792,63.29312278404781,,scaled_current_nlm,,,0.7538324200013449,,,,,,,,
set12,medium,05.png,0,0.05,"[512, 512]",0a48bd94dc684e9744094acf5f9409ae1a147f367207cbcf847ffecc9506b1e3,adb057f232e03a2f58a65b65c32bd3ae831f109d80147c92d9e62f40775bc731,nlmedians,1.685,31.79011015415597,0.9036447485142189,61.07729250278893,,scaled_current_nlm,,,0.7526278879995516,,,,,,,,
set12,medium,08.png,0,0.05,"[512, 512]",2c394996c73fe787fca843f9f42014d5330dda4ad3053466b934f2c52d1c1f84,8e3d7b1e875d19f22c64e3044a9d0c41b820f9cfa02088458ff600eaf223eb5f,nlmedians,1.25,31.69687292090865,0.9400280095599027,62.84983693844946,,scaled_current_nlm,,,0.7556121750003513,,,,,,,,
set12,medium,01.png,0,0.05,"[512, 512]",0a372ced9fd4d1f9633532a58073e3974b41da8cfc87f04ec8e9a8dc6a89bba1,95660ff47115848bd895ed7581195e91c2ab4a1746122ef36b82c4d90108493b,nlmedians,1.725,32.605832224841215,0.925778606885437,62.59184645669245,,scaled_current_nlm,,,0.7724041729998135,,,,,,,,
set12,medium,04.png,0,0.05,"[512, 512]",7f6baec8e072815d469acd5d149f5da86b89ef26df1895c4edde2d5758900fd0,1c72f71d2f5910501fba30fd6269d5a73022d2e2701365d87f47014e5f50f8e5,nlmedians,1.62,33.63114735083582,0.9356750612255772,63.59932673669677,,scaled_current_nlm,,,0.7814144919993851,,,,,,,,
set12,medium,06.png,0,0.05,"[512, 512]",aa1ae42753ac532294aa25320a62b1fb9aa4b54ad1627f3551d0532393b63c6e,418ae6ffd6be74f226d8da4b414080f6be346245802a6e9c0b97dc4ff2a94400,nlmedians,1.68,31.15574230843334,0.8665773579940896,58.90673905392116,,scaled_current_nlm,,,0.7905324149996886,,,,,,,,
set12,medium,03.png,0,0.05,"[512, 512]",ecaf4e62d02b750095b71c0828247049848c285190975276e63ef6d951b37cf4,0a2b74a80e9ef7c6edfd254d6abd4f21d8fc939cbcfe8e477f4c4a919f7d715d,nlmedians,1.7,32.783407542446426,0.9110285518856968,61.94313136550805,,scaled_current_nlm,,,0.7743731480004499,,,,,,,,
set12,medium,11.png,0,0.05,"[512, 512]",17b452cc44e876adc0d3fd3607e8c9ab9e04406fa1702d436005e99db30c6108,599e46ff8f73bb0bcb238e7a5776355ab3a55274a6828355adfafd7ae4d55c02,nlmedians,1.375,30.687791987890883,0.9347651348758059,62.08215273773574,,scaled_current_nlm,,,0.7659362550002697,,,,,,,,
set12,extreme,02.png,0,0.2,"[512, 512]",9a0925d4efea52b4b8355baab41b735118c594bada85c1650a8c929d4bedd645,49df52a59b6c929c5f31dd1d9dcd3a8cc145517e504d2433ddbe093f2ea75a04,nlmedians,3.14,18.968769015713548,0.28895983884417165,23.932376450065355,,scaled_current_nlm,,,0.7534743739997793,,,,,,,,
set12,extreme,10.png,0,0.2,"[512, 512]",fa9370ee1649c3bf2aa161f01d3d2575a2dedca729f26b78bd75d618679b9889,54206e07e2533ce3cdc4f253b01d2bcf15986e6aa5edcfa3142c91d69412c383,nlmedians,3.14,18.523271920529805,0.3859851397327474,28.56089294690227,,scaled_current_nlm,,,0.7938857879998977,,,,,,,,
set12,extreme,09.png,0,0.2,"[512, 512]",4b3ddbef5883a30e02120d9280c878727f5282bb054525cf3a5b0fcffb889d5c,0b3ebc1adeda4f915d78dc938f4f6754e061d4488a42511b466d50496ed3c90d,nlmedians,2.855,18.026579517410294,0.4551888135729875,31.772730437354525,,scaled_current_nlm,,,0.7746034329993563,,,,,,,,
set12,extreme,07.png,0,0.2,"[512, 512]",154769fc48745384ec8816fc554051b0dd5f1c55071de2669c9058bf3a96574e,a555b68256523f4ea9a6a3a1d63d525af0a21767eb731194aeaa7d0237229d14,nlmedians,3.14,19.05434289585303,0.4507749992508487,32.065921410468945,,scaled_current_nlm,,,0.7769649599995319,,,,,,,,
set12,extreme,05.png,0,0.2,"[512, 512]",0a48bd94dc684e9744094acf5f9409ae1a147f367207cbcf847ffecc9506b1e3,47e001521556c7ceb0d8f2d01af9cf5e6eedb001280a9b295e77fef79fb60244,nlmedians,3.14,19.073227283326105,0.37604856847845264,28.339042065585684,,scaled_current_nlm,,,0.750529426999492,,,,,,,,
set12,extreme,08.png,0,0.2,"[512, 512]",2c394996c73fe787fca843f9f42014d5330dda4ad3053466b934f2c52d1c1f84,b513454383e7814ea07019014f0d151fde15b5a47f3e20c6d9f3194be9c69f56,nlmedians,2.63,17.95494477603759,0.4131222798392584,29.633586379981715,,scaled_current_nlm,,,0.810547517001396,,,,,,,,
set12,extreme,01.png,0,0.2,"[512, 512]",0a372ced9fd4d1f9633532a58073e3974b41da8cfc87f04ec8e9a8dc6a89bba1,bb82ddd95a6a25e95485a996c31e0375130595fb41bbf773b1bd5b01c13959c1,nlmedians,3.14,18.81169486615498,0.3994940738708951,29.380551126622244,,scaled_current_nlm,,,0.753288504000011,,,,,,,,
set12,extreme,04.png,0,0.2,"[512, 512]",7f6baec8e072815d469acd5d149f5da86b89ef26df1895c4edde2d5758900fd0,bed36c52da9f24d3ca3fb49a29cd8e86158fb485d9e63c07e1c4acb7624e204a,nlmedians,3.14,19.327382034905575,0.449031501504354,32.11526609267049,,scaled_current_nlm,,,0.7943821769986243,,,,,,,,
set12,extreme,06.png,0,0.2,"[512, 512]",aa1ae42753ac532294aa25320a62b1fb9aa4b54ad1627f3551d0532393b63c6e,99762f4e36329a2a9ca8ae0af403f0994ac05cc0f2d8cfc948e27d609ae70bab,nlmedians,3.14,19.921413957816462,0.3942255513513764,29.67198454647705,,scaled_current_nlm,,,0.7922465589999774,,,,,,,,
set12,extreme,03.png,0,0.2,"[512, 512]",ecaf4e62d02b750095b71c0828247049848c285190975276e63ef6d951b37cf4,5d873642d5904df0268ba3e2ab75f110ac16583462f4036e07f029c689362f0c,nlmedians,3.14,19.03002294718674,0.335554028873733,26.29271291728002,,scaled_current_nlm,,,0.7877645759999723,,,,,,,,
set12,extreme,11.png,0,0.2,"[512, 512]",17b452cc44e876adc0d3fd3607e8c9ab9e04406fa1702d436005e99db30c6108,9a04391c3b1256307bf621b3151ddf799518fb0a981f8949a152baac9237f5bf,nlmedians,2.7,19.197591219128142,0.5880903516940496,39.00331319426655,,scaled_current_nlm,,,0.7840240300010919,,,,,,,,
set12,moderate,02.png,0,0.03,"[512, 512]",9a0925d4efea52b4b8355baab41b735118c594bada85c1650a8c929d4bedd645,ee7bfd453ba8d6e6718aaf8a97d81f5f2238214fca6f66b9cd8f2e44d4e6969a,nlmedians,1.36,37.454463472626216,0.9458446358929233,66.01946353095929,,scaled_current_nlm,,,0.7344026719993053,,,,,,,,
set12,moderate,10.png,0,0.03,"[512, 512]",fa9370ee1649c3bf2aa161f01d3d2575a2dedca729f26b78bd75d618679b9889,5d887063ebde1fcfbf95f8deca1ac10049d03f7db0a73c069699f665d6977104,nlmedians,1.165,33.93655661086968,0.9535024399816652,64.6434003045181,,scaled_current_nlm,,,0.8271393060003902,,,,,,,,
set12,moderate,09.png,0,0.03,"[512, 512]",4b3ddbef5883a30e02120d9280c878727f5282bb054525cf3a5b0fcffb889d5c,de0042a9b572069c4805997a988a6eb7d29426746f4b470c08ec69dfefe9b523,nlmedians,1.16,32.35460260089014,0.9629941313273097,64.32700786681056,,scaled_current_nlm,,,0.7759126519995334,,,,,,,,
set12,moderate,07.png,0,0.03,"[512, 512]",154769fc48745384ec8816fc554051b0dd5f1c55071de2669c9058bf3a96574e,41c6793af84e33ba2ceb749b4738b40b1b3737129d2d2babeb1dd4ec40eb3ac5,nlmedians,1.415,35.77922691833139,0.9762126535388013,66.70024613610576,,scaled_current_nlm,,,0.7423913109996647,,,,,,,,
set12,moderate,05.png,0,0.03,"[512, 512]",0a48bd94dc684e9744094acf5f9409ae1a147f367207cbcf847ffecc9506b1e3,9f3476abacfd546a3608bc4be56078d043e749803d48ceb9c514386cce77c211,nlmedians,1.415,35.77198544529824,0.9608040527610017,65.92619536069921,,scaled_current_nlm,,,0.7224690000002738,,,,,,,,
set12,moderate,08.png,0,0.03,"[512, 512]",2c394996c73fe787fca843f9f42014d5330dda4ad3053466b934f2c52d1c1f84,b0b958f06122f7dfd86e575b45174a19c43c39d05a9f75e6d37f0d1b885e83d9,nlmedians,1.0,34.254027168465996,0.964830317338642,65.3685294511651,,scaled_current_nlm,,,0.7836061369998788,,,,,,,,
set12,moderate,01.png,0,0.03,"[512, 512]",0a372ced9fd4d1f9633532a58073e3974b41da8cfc87f04ec8e9a8dc6a89bba1,1890871d8ac6fdf241ae77566f9a0eb175baed8033bd8ffbdecf5475a45749fe,nlmedians,1.44,36.29259755147657,0.9725552359955059,66.77406057551357,,scaled_current_nlm,,,0.7332460210000136,,,,,,,,
set12,moderate,04.png,0,0.03,"[512, 512]",7f6baec8e072815d469acd5d149f5da86b89ef26df1895c4edde2d5758900fd0,5aab2f4c90265de03c4286a1026b54930c9f1174f15bd4788a5cea6ddc26c27a,nlmedians,1.32,38.03391023810408,0.9737654343353755,67.70522683582081,,scaled_current_nlm,,,0.7151345879992732,,,,,,,,
set12,moderate,06.png,0,0.03,"[512, 512]",aa1ae42753ac532294aa25320a62b1fb9aa4b54ad1627f3551d0532393b63c6e,f6c87c3541133224f0d0b09d3ddb74251b7ff019191b5f7b5cf5f3356ce374c4,nlmedians,1.335,33.958280285822426,0.9352848123066223,63.74338075824233,,scaled_current_nlm,,,0.7572249799995916,,,,,,,,
set12,moderate,03.png,0,0.03,"[512, 512]",ecaf4e62d02b750095b71c0828247049848c285190975276e63ef6d951b37cf4,231f53176f51c4b24bdc12fd9f1b4c16454140fdfe7631cec75f8301deab3824,nlmedians,1.3900000000000001,37.21692435894329,0.9654362234339434,66.88027335116882,,scaled_current_nlm,,,0.7349026089996187,,,,,,,,
set12,moderate,11.png,0,0.03,"[512, 512]",17b452cc44e876adc0d3fd3607e8c9ab9e04406fa1702d436005e99db30c6108,fc459f467923651b85169e1d453047db01071c2115000fa34e05ff50a6c59429,nlmedians,1.115,32.426136626895904,0.9502755667030476,63.72684664860033,,scaled_current_nlm,,,0.8378701559995534,,,,,,,,
set12,low,02.png,0,0.01,"[512, 512]",9a0925d4efea52b4b8355baab41b735118c594bada85c1650a8c929d4bedd645,7d03f7624fa0aaaef532f6ccb5b007c11ecfba46dc0bf970948880603d265edc,nlmedians,0.925,44.85415921173521,0.9893717314263575,71.89566617718548,,scaled_current_nlm,,,3.1446274689997153,,,,,,,,
set12,low,10.png,0,0.01,"[512, 512]",fa9370ee1649c3bf2aa161f01d3d2575a2dedca729f26b78bd75d618679b9889,d06c846ad219995869474be865acb70b5ec7d01068ecd7580cc3fde6a2889b07,nlmedians,0.74,36.85342101300504,0.9784073632229295,67.347078667649,,scaled_current_nlm,,,0.7247709499997654,,,,,,,,
set12,low,09.png,0,0.01,"[512, 512]",4b3ddbef5883a30e02120d9280c878727f5282bb054525cf3a5b0fcffb889d5c,f57c1e0803358fa46cb3fcadacd603e0bc8a9a1500621f0dea3a800d055c6fe6,nlmedians,0.795,35.411427116750026,0.9830249548557675,66.85696130116338,,scaled_current_nlm,,,0.767695838999316,,,,,,,,
set12,low,07.png,0,0.01,"[512, 512]",154769fc48745384ec8816fc554051b0dd5f1c55071de2669c9058bf3a96574e,584ba7517a59730143877939055ad6e1e59eec8663870de1e2f41b823592272b,nlmedians,0.89,39.40216352737679,0.9915167823157689,69.27692087947685,,scaled_current_nlm,,,0.7463010700002997,,,,,,,,
set12,low,05.png,0,0.01,"[512, 512]",0a48bd94dc684e9744094acf5f9409ae1a147f367207cbcf847ffecc9506b1e3,d9a99fe9c66291c5480b648f63457e4e7868b0267787c7b85908acc020420910,nlmedians,0.97,41.341842236190864,0.9911522052220436,70.22853137919762,,scaled_current_nlm,,,0.7418565150001086,,,,,,,,
set12,low,08.png,0,0.01,"[512, 512]",2c394996c73fe787fca843f9f42014d5330dda4ad3053466b934f2c52d1c1f84,e160bea8a7b841fbbcb9a08d2452bc47be4e0b6c86d87d1b0bea001f91693d97,nlmedians,0.68,35.46570563719604,0.969498568216849,66.20778122944047,,scaled_current_nlm,,,0.8329593620001106,,,,,,,,
set12,low,01.png,0,0.01,"[512, 512]",0a372ced9fd4d1f9633532a58073e3974b41da8cfc87f04ec8e9a8dc6a89bba1,580fbc14af471717cfc09261d71b2bee527d3960eb5a144e296d4af84219023d,nlmedians,0.91,41.45479078321672,0.9910273925412135,70.27876501866903,,scaled_current_nlm,,,3.242873702999532,,,,,,,,
set12,low,04.png,0,0.01,"[512, 512]",7f6baec8e072815d469acd5d149f5da86b89ef26df1895c4edde2d5758900fd0,e8a6fc5f208fe29f03f5cbd984d49640d58559cd6c5aa49284f500b1f7ee7903,nlmedians,0.92,45.69731909850627,0.9949042518601096,72.59387214225862,,scaled_current_nlm,,,0.7290278039999976,,,,,,,,
set12,low,06.png,0,0.01,"[512, 512]",aa1ae42753ac532294aa25320a62b1fb9aa4b54ad1627f3551d0532393b63c6e,e340e8d85915e482eb2fcd7c112e25b58f52ae82986a937d947c38437b40d732,nlmedians,0.89,37.96843861156418,0.9808830652406666,68.02837256781542,,scaled_current_nlm,,,0.7554432399992947,,,,,,,,
set12,low,03.png,0,0.01,"[512, 512]",ecaf4e62d02b750095b71c0828247049848c285190975276e63ef6d951b37cf4,18313c5d887bba3759a18d07833b66fb952544043545ed839a5d493c1c132871,nlmedians,0.96,43.832722616027326,0.9935755539754904,71.59513900678817,,scaled_current_nlm,,,0.7301070319999781,,,,,,,,
set12,low,11.png,0,0.01,"[512, 512]",17b452cc44e876adc0d3fd3607e8c9ab9e04406fa1702d436005e99db30c6108,030fd588168a45176d9b0eca993f8007814b0503964557c1914c2fbae448d11f,nlmedians,0.72,33.83241657660272,0.9559333135860866,64.71287396760569,,scaled_current_nlm,,,0.7065440650003438,,,,,,,,
set12,high,02.png,4,0.1,"[512, 512]",9a0925d4efea52b4b8355baab41b735118c594bada85c1650a8c929d4bedd645,fb5756b2f1977a53d6af3dcead4efb66402b9d5e985cdbdec56b32e00ffd97a7,nlmedians,2.45,27.326314085069825,0.6916885165625319,48.24758287066151,,scaled_current_nlm,,,0.7665751810000074,,,,,,,,
set12,high,10.png,4,0.1,"[512, 512]",fa9370ee1649c3bf2aa161f01d3d2575a2dedca729f26b78bd75d618679b9889,20cbcff47f8f1652d0beb4647260b220d5985351324e73ce58f91790a1b40bdd,nlmedians,1.975,25.384835840897985,0.7102682297625439,48.20582940857619,,scaled_current_nlm,,,0.766919315999985,,,,,,,,
set12,high,09.png,4,0.1,"[512, 512]",4b3ddbef5883a30e02120d9280c878727f5282bb054525cf3a5b0fcffb889d5c,6580f7427fae38e6900e311bc3d882abd5bbd2d3ee833d3f15f08e971f1badd3,nlmedians,1.8900000000000001,24.67027382914853,0.7864954492241953,51.65990937578403,,scaled_current_nlm,,,0.8543147290001798,,,,,,,,
set12,high,07.png,4,0.1,"[512, 512]",154769fc48745384ec8816fc554051b0dd5f1c55071de2669c9058bf3a96574e,6b2b7a6b103aa4415de2661efe3e7b16f3e8a8d91d505c35019889f45be2ccdf,nlmedians,2.41,26.62887905257008,0.8016764355598174,53.39826130427591,,scaled_current_nlm,,,0.7715438420000282,,,,,,,,
set12,high,05.png,4,0.1,"[512, 512]",0a48bd94dc684e9744094acf5f9409ae1a147f367207cbcf847ffecc9506b1e3,0d5e8010bb26a850d7bcc7fe1db68e0f0c6af22b17fa9bc70b31b059f1079a92,nlmedians,2.24,26.087304370891964,0.7113103011587294,48.60916724338246,,scaled_current_nlm,,,0.7597872850001295,,,,,,,,
set12,high,08.png,4,0.1,"[512, 512]",2c394996c73fe787fca843f9f42014d5330dda4ad3053466b934f2c52d1c1f84,0c9b60e4d12da52284c5eb24f1ad2f1c68d32c53c03585a9c05992f6df84ca1f,nlmedians,1.715,26.001041610964926,0.8135012739155598,53.67558450126046,,scaled_current_nlm,,,0.8146673559986084,,,,,,,,
set12,high,01.png,4,0.1,"[512, 512]",0a372ced9fd4d1f9633532a58073e3974b41da8cfc87f04ec8e9a8dc6a89bba1,9ea25905277eaa2c13405c16af5a2bd159339f43e0d8dbc939852ca029957356,nlmedians,2.29,26.660252427976346,0.7548928258593199,51.07476750695417,,scaled_current_nlm,,,0.7516263500001514,,,,,,,,
set12,high,04.png,4,0.1,"[512, 512]",7f6baec8e072815d469acd5d149f5da86b89ef26df1895c4edde2d5758900fd0,fdc436c0c8446ba46cfc24590bb554f37546781412b4b4564d6407e3391d198a,nlmedians,2.245,27.240467268405737,0.7889563543056323,53.068051349484485,,scaled_current_nlm,,,0.7669087159993069,,,,,,,,
set12,high,06.png,4,0.1,"[512, 512]",aa1ae42753ac532294aa25320a62b1fb9aa4b54ad1627f3551d0532393b63c6e,a363dcecce4b7295d8e22162211f906c57f7427694cc70216f5f5b9f9c8ae75e,nlmedians,2.37,26.413779384253218,0.6881971937319302,47.61674937872312,,scaled_current_nlm,,,0.8057648919984786,,,,,,,,
set12,high,03.png,4,0.1,"[512, 512]",ecaf4e62d02b750095b71c0828247049848c285190975276e63ef6d951b37cf4,85f7066b7aa1244baa2f27667095e1ea8355fef86e40ccd8d4b2514ec34fd63d,nlmedians,2.315,26.4111838472202,0.7041067929232814,48.41093156977417,,scaled_current_nlm,,,0.7594057390015223,,,,,,,,
set12,high,11.png,4,0.1,"[512, 512]",17b452cc44e876adc0d3fd3607e8c9ab9e04406fa1702d436005e99db30c6108,d985d535d00b2df1afd30e645e35cfc28961b28fa786c9d6216e5ca98bb90604,nlmedians,1.8800000000000001,26.487758017660717,0.8555760316778989,56.02268059272531,,scaled_current_nlm,,,0.7860748490002152,,,,,,,,
set12,medium,02.png,4,0.05,"[512, 512]",9a0925d4efea52b4b8355baab41b735118c594bada85c1650a8c929d4bedd645,4e69b9926757359b28d2ba0ddea539b9b5734c1c9927cbb52997eed2c2c65a57,nlmedians,1.6600000000000001,33.36056973037598,0.8826079365095342,60.810681690664694,,scaled_current_nlm,,,0.7501760780014592,,,,,,,,
set12,medium,10.png,4,0.05,"[512, 512]",fa9370ee1649c3bf2aa161f01d3d2575a2dedca729f26b78bd75d618679b9889,461dc699c7e6039d3c7fbc9e361c8477afcdd41db684ad67d9d1dd1715aba45a,nlmedians,1.43,30.91611147841398,0.9025657593019923,60.58634370430661,,scaled_current_nlm,,,0.767203030998644,,,,,,,,
set12,medium,09.png,4,0.05,"[512, 512]",4b3ddbef5883a30e02120d9280c878727f5282bb054525cf3a5b0fcffb889d5c,5780430f9e94feaf25364471128f02e7454678af26c718534cb418901e5bbe6c,nlmedians,1.4000000000000001,29.73244086190568,0.9288800587683914,61.31022336937241,,scaled_current_nlm,,,0.7697709909989499,,,,,,,,
set12,medium,07.png,4,0.05,"[512, 512]",154769fc48745384ec8816fc554051b0dd5f1c55071de2669c9058bf3a96574e,57067cdfaec1e7cbd302b6992dd6d10ca47b25065f31c44a1bfe1573c39a6480,nlmedians,1.73,32.300598465453675,0.9449825950913724,63.39942898729546,,scaled_current_nlm,,,0.7531210749984893,,,,,,,,
set12,medium,05.png,4,0.05,"[512, 512]",0a48bd94dc684e9744094acf5f9409ae1a147f367207cbcf847ffecc9506b1e3,e0fa916e823acf6effc4f3b42e72ab8a62ce26e6958e64dcd7833e8e36a12729,nlmedians,1.665,31.893712242016967,0.9051239546982749,61.203053855922235,,scaled_current_nlm,,,0.7684567019987298,,,,,,,,
set12,medium,08.png,4,0.05,"[512, 512]",2c394996c73fe787fca843f9f42014d5330dda4ad3053466b934f2c52d1c1f84,e1b0f210137124047cfa6d6db5eb311ebf1bd872e71c7f34ecbce8d731865d47,nlmedians,1.235,31.725661247116555,0.940066162863143,62.86613876671542,,scaled_current_nlm,,,0.7784059240002534,,,,,,,,
set12,medium,01.png,4,0.05,"[512, 512]",0a372ced9fd4d1f9633532a58073e3974b41da8cfc87f04ec8e9a8dc6a89bba1,9379e76152d6d388d723e1eaa08d1618611906ad05b452f66e45fc46f2920222,nlmedians,1.715,32.647001941197914,0.9257528998916434,62.61114596518113,,scaled_current_nlm,,,0.7411292279994086,,,,,,,,
set12,medium,04.png,4,0.05,"[512, 512]",7f6baec8e072815d469acd5d149f5da86b89ef26df1895c4edde2d5758900fd0,96b121cc217c410a07c6e8b75d018b9c2d013f47489b90382de26ad622a43a5a,nlmedians,1.6,33.78220096858672,0.9378923880539178,63.785719886989256,,scaled_current_nlm,,,0.7544735060000676,,,,,,,,
set12,medium,06.png,4,0.05,"[512, 512]",aa1ae42753ac532294aa25320a62b1fb9aa4b54ad1627f3551d0532393b63c6e,5d3d90db8b69e62a740e7e86ea6a5df988b44fac6affdc46ef302b5c6eb8dce4,nlmedians,1.6600000000000001,31.280271260368036,0.8716394900005617,59.22211013021211,,scaled_current_nlm,,,0.7789244720006536,,,,,,,,
set12,medium,03.png,4,0.05,"[512, 512]",ecaf4e62d02b750095b71c0828247049848c285190975276e63ef6d951b37cf4,76e43ccb10d0fd50514c324d9319b070e705fa6c949ead13598cc60431e1acd1,nlmedians,1.675,32.899407799380526,0.9117781207211217,62.03860993574635,,scaled_current_nlm,,,0.7634273290004785,,,,,,,,
set12,medium,11.png,4,0.05,"[512, 512]",17b452cc44e876adc0d3fd3607e8c9ab9e04406fa1702d436005e99db30c6108,d061e894c51d566e883b22e0983bc6c1f82e2c15c660fea833b8da2c916beea5,nlmedians,1.36,30.705149434274578,0.9353874982233149,62.121949628303035,,scaled_current_nlm,,,0.7436824129999877,,,,,,,,
set12,extreme,02.png,4,0.2,"[512, 512]",9a0925d4efea52b4b8355baab41b735118c594bada85c1650a8c929d4bedd645,c78625d61f7341c9115095ca61bc56d13277a60903cbda9e7817dcbf3fad2403,nlmedians,3.14,19.125897848249018,0.29304729421832043,24.21531363504053,,scaled_current_nlm,,,0.7503913029995601,,,,,,,,
set12,extreme,10.png,4,0.2,"[512, 512]",fa9370ee1649c3bf2aa161f01d3d2575a2dedca729f26b78bd75d618679b9889,55df1265f85a4f395abe6fdb9f8d6ced6f37fabb2f2efbdcd9ad51de31f0f358,nlmedians,3.1350000000000002,18.68056469044348,0.39380572380106005,29.03056853527474,,scaled_current_nlm,,,0.7653073300007236,,,,,,,,
set12,extreme,09.png,4,0.2,"[512, 512]",4b3ddbef5883a30e02120d9280c878727f5282bb054525cf3a5b0fcffb889d5c,d5200db9a81ea1ad2851337034ec180dcba65337806d6f544c91105b701dd5a8,nlmedians,2.795,18.154766728792367,0.4631187314469778,32.233319936745076,,scaled_current_nlm,,,0.7826763559987739,,,,,,,,
set12,extreme,07.png,4,0.2,"[512, 512]",154769fc48745384ec8816fc554051b0dd5f1c55071de2669c9058bf3a96574e,d658efe3236f7ef4462769d23a0c6a782ae9c9bb794297f469fb22a6a114781d,nlmedians,3.14,19.181961106173546,0.4607257256764336,32.627266836908454,,scaled_current_nlm,,,0.7362865850009257,,,,,,,,
set12,extreme,05.png,4,0.2,"[512, 512]",0a48bd94dc684e9744094acf5f9409ae1a147f367207cbcf847ffecc9506b1e3,f14c438201f32887ca2958073a99c9c4367ca05aa3996a24e4a516345d4ee79d,nlmedians,3.14,19.232154777969768,0.38289030995398216,28.76059288668399,,scaled_current_nlm,,,0.7755297330004396,,,,,,,,
set12,extreme,08.png,4,0.2,"[512, 512]",2c394996c73fe787fca843f9f42014d5330dda4ad3053466b934f2c52d1c1f84,a8484a10dd4d38b8a5ac055a083f83a730aeb890ecb2fff33eb9cc1791e5eb5b,nlmedians,2.61,18.091560093178696,0.4182582826049677,29.95869417683773,,scaled_current_nlm,,,0.7703250260001369,,,,,,,,
set12,extreme,01.png,4,0.2,"[512, 512]",0a372ced9fd4d1f9633532a58073e3974b41da8cfc87f04ec8e9a8dc6a89bba1,65177135c7481be235c048926973169e2e8bf506e1b0926ab33339f39e25d3b0,nlmedians,3.14,18.954885190805832,0.40843549688368036,29.899217439586934,,scaled_current_nlm,,,0.7357930969992594,,,,,,,,
set12,extreme,04.png,4,0.2,"[512, 512]",7f6baec8e072815d469acd5d149f5da86b89ef26df1895c4edde2d5758900fd0,9bdf88a0f1a278417dd2a591efa55b88d04dfe89bd8aaa8ad24e1443228a0a94,nlmedians,3.14,19.488397617735853,0.45992226746136367,32.74031218193611,,scaled_current_nlm,,,0.775308557000244,,,,,,,,
set12,extreme,06.png,4,0.2,"[512, 512]",aa1ae42753ac532294aa25320a62b1fb9aa4b54ad1627f3551d0532393b63c6e,3d987315aa538246f5a208b6d41f81eab45d6f505e0a6f7243927c5ad7a0fe40,nlmedians,3.14,20.098658087895075,0.40631607663506164,30.36513287570062,,scaled_current_nlm,,,0.7520461849999265,,,,,,,,
set12,extreme,03.png,4,0.2,"[512, 512]",ecaf4e62d02b750095b71c0828247049848c285190975276e63ef6d951b37cf4,aad7e4eba1d0a55ac4a983788b73e9e5a66f24a767e26e93e98c74ddff8dd54a,nlmedians,3.14,19.19154867967013,0.3423939093413672,26.715469806903428,,scaled_current_nlm,,,0.7622772329996224,,,,,,,,
set12,extreme,11.png,4,0.2,"[512, 512]",17b452cc44e876adc0d3fd3607e8c9ab9e04406fa1702d436005e99db30c6108,76b80ddc8c4f96ba7c3331b18a0331e1aa705a7e327f7bf24342319ad0898b04,nlmedians,2.64,19.334700246005692,0.5939211833076472,39.363409288385206,,scaled_current_nlm,,,0.7649526450004487,,,,,,,,
set12,moderate,02.png,4,0.03,"[512, 512]",9a0925d4efea52b4b8355baab41b735118c594bada85c1650a8c929d4bedd645,d879986baaf42190982449d59dd5553d540eb63dbc7567ea488c75632114b5ac,nlmedians,1.34,37.62801836025964,0.9468283572192392,66.15542704109178,,scaled_current_nlm,,,0.7172304039995652,,,,,,,,
set12,moderate,10.png,4,0.03,"[512, 512]",fa9370ee1649c3bf2aa161f01d3d2575a2dedca729f26b78bd75d618679b9889,434ac8f246e81cbe180927267d40fe66e3454116170de134fb46d837087c066b,nlmedians,1.155,33.917649842397196,0.9532354835781834,64.62059910010777,,scaled_current_nlm,,,0.7683476080001128,,,,,,,,
set12,moderate,09.png,4,0.03,"[512, 512]",4b3ddbef5883a30e02120d9280c878727f5282bb054525cf3a5b0fcffb889d5c,197f65e812b0eeb2cf91510c2b107e0d658adcb343eaa673a6289fbe2bc4596e,nlmedians,1.155,32.396451194399674,0.9637065463651316,64.38355291545642,,scaled_current_nlm,,,0.7710748999998032,,,,,,,,
set12,moderate,07.png,4,0.03,"[512, 512]",154769fc48745384ec8816fc554051b0dd5f1c55071de2669c9058bf3a96574e,b36e158819d385dc062ac7799786f1c8f4d46446b333738c6e5fa3718cffe970,nlmedians,1.3900000000000001,35.85213125389545,0.9766788487790156,66.7600080658985,,scaled_current_nlm,,,0.7569430519997695,,,,,,,,
set12,moderate,05.png,4,0.03,"[512, 512]",0a48bd94dc684e9744094acf5f9409ae1a147f367207cbcf847ffecc9506b1e3,114a2e420e0ad99810e3e866c2b4386ab515991bfd7c5db3c2eb96d637d19c5b,nlmedians,1.395,35.830085515969394,0.9616026093313778,65.99517322455358,,scaled_current_nlm,,,0.7651750820004963,,,,,,,,
set12,moderate,08.png,4,0.03,"[512, 512]",2c394996c73fe787fca843f9f42014d5330dda4ad3053466b934f2c52d1c1f84,f41575c24a908e64f17f53ab3e3de05a585eca0546392a462de5fb0793ed1ce6,nlmedians,0.995,34.23745866523173,0.9645307231056961,65.34526548790066,,scaled_current_nlm,,,0.7825863060006668,,,,,,,,
set12,moderate,01.png,4,0.03,"[512, 512]",0a372ced9fd4d1f9633532a58073e3974b41da8cfc87f04ec8e9a8dc6a89bba1,8022eb92cc13c07829c548cf238b714175cd922f1b59a9ef093b7a962ea44eae,nlmedians,1.425,36.33966444574322,0.9718123211330185,66.76044827952254,,scaled_current_nlm,,,0.7627513279985578,,,,,,,,
set12,moderate,04.png,4,0.03,"[512, 512]",7f6baec8e072815d469acd5d149f5da86b89ef26df1895c4edde2d5758900fd0,558b3a110914cdad728ad09d50eba68d5001d3cabe99f29756fe4a3478144a26,nlmedians,1.305,38.10494178134227,0.974416913190537,67.77331655019799,,scaled_current_nlm,,,0.750773735000621,,,,,,,,
set12,moderate,06.png,4,0.03,"[512, 512]",aa1ae42753ac532294aa25320a62b1fb9aa4b54ad1627f3551d0532393b63c6e,0e78536a56147ba906c487c61e6164992aafc64d24893e1e756d7777e6184f16,nlmedians,1.33,34.049454664676205,0.9375223700827339,63.900845836474794,,scaled_current_nlm,,,0.7793103759995574,,,,,,,,
set12,moderate,03.png,4,0.03,"[512, 512]",ecaf4e62d02b750095b71c0828247049848c285190975276e63ef6d951b37cf4,d9a7aa26403306264e3dab31bb083178514a9ce2d7e31938922d1ea09f35d416,nlmedians,1.365,37.22609403272444,0.9651924186842489,66.87266795057467,,scaled_current_nlm,,,0.7642450429993914,,,,,,,,
set12,moderate,11.png,4,0.03,"[512, 512]",17b452cc44e876adc0d3fd3607e8c9ab9e04406fa1702d436005e99db30c6108,4f6af6012acab1aca32e1626772dece3f447b16d814b44a65374637178964709,nlmedians,1.105,32.475564491467246,0.9510324265718297,63.78940357432511,,scaled_current_nlm,,,0.7556112319998647,,,,,,,,
set12,low,02.png,4,0.01,"[512, 512]",9a0925d4efea52b4b8355baab41b735118c594bada85c1650a8c929d4bedd645,5a06d5c62acf1b36874d17fbb7c8fbcf1bfa1a90a72f48c16e827f3f6067b418,nlmedians,0.91,45.02314532348954,0.9895215393250842,71.98764962799898,,scaled_current_nlm,,,0.7301069250006549,,,,,,,,
set12,low,10.png,4,0.01,"[512, 512]",fa9370ee1649c3bf2aa161f01d3d2575a2dedca729f26b78bd75d618679b9889,fe06adf3c895b40fb6b5a15eaf684dfca16946f6169b38d893ed18d3aef8cf92,nlmedians,0.725,36.85642198846122,0.9781034844221391,67.33338521533756,,scaled_current_nlm,,,0.7680746149999322,,,,,,,,
set12,low,09.png,4,0.01,"[512, 512]",4b3ddbef5883a30e02120d9280c878727f5282bb054525cf3a5b0fcffb889d5c,bf4e02197794a0e21fbe08f301c6e1a7f1d9ff3ad8f7a4b371f0e200d7cb39b1,nlmedians,0.795,35.42342065185108,0.9830854072213892,66.865980686995,,scaled_current_nlm,,,0.774424151999483,,,,,,,,
set12,low,07.png,4,0.01,"[512, 512]",154769fc48745384ec8816fc554051b0dd5f1c55071de2669c9058bf3a96574e,bebd5b94e7c8cd5e3c45a4c02eeb5c2f8901ef456e75534811f5ac6a29a3fac0,nlmedians,0.88,39.427725817337475,0.9915631561478773,69.29202071606261,,scaled_current_nlm,,,0.7183074960012164,,,,,,,,
set12,low,05.png,4,0.01,"[512, 512]",0a48bd94dc684e9744094acf5f9409ae1a147f367207cbcf847ffecc9506b1e3,166ad95c58f0c06dd2685ab4d5020f880563f9a5058e35aa36901da12704efa6,nlmedians,0.9550000000000001,41.50711451999368,0.9913359671132387,70.32035561565877,,scaled_current_nlm,,,0.7684231060011371,,,,,,,,
set12,low,08.png,4,0.01,"[512, 512]",2c394996c73fe787fca843f9f42014d5330dda4ad3053466b934f2c52d1c1f84,66926c0920534e26b939a5d9f0556865f11d7abe2870967adce74daa613116e0,nlmedians,0.68,35.45903886263558,0.9695271570355263,66.20587728309411,,scaled_current_nlm,,,0.7803903839994746,,,,,,,,
set12,low,01.png,4,0.01,"[512, 512]",0a372ced9fd4d1f9633532a58073e3974b41da8cfc87f04ec8e9a8dc6a89bba1,44e11976558cb007c81a668559ae9107fdef12040d6bf3409d86e01b32bb629b,nlmedians,0.885,41.51421447381274,0.9912345105072976,70.31883276227126,,scaled_current_nlm,,,0.749103346000993,,,,,,,,
set12,low,04.png,4,0.01,"[512, 512]",7f6baec8e072815d469acd5d149f5da86b89ef26df1895c4edde2d5758900fd0,ecca96323697cb95c9b9c67fa33692a63a0bcc03cbf07eb1f49bfa5e122f8d4d,nlmedians,0.915,45.876428220155276,0.9950586936053246,72.69114879034387,,scaled_current_nlm,,,0.7117063969999435,,,,,,,,
set12,low,06.png,4,0.01,"[512, 512]",aa1ae42753ac532294aa25320a62b1fb9aa4b54ad1627f3551d0532393b63c6e,17094acf9de65d3df3665b52428f406b7e9029614715969875e5da956e308411,nlmedians,0.875,38.00795861128809,0.9811387658494078,68.06091759811443,,scaled_current_nlm,,,0.7528463510006986,,,,,,,,
set12,low,03.png,4,0.01,"[512, 512]",ecaf4e62d02b750095b71c0828247049848c285190975276e63ef6d951b37cf4,2d3e27d6769c28d88fcabbfa79deb4e13ee1277e06787f8cfec414322f383aed,nlmedians,0.9550000000000001,43.939598889596716,0.99366738793699,71.65316884164785,,scaled_current_nlm,,,0.7544061890002922,,,,,,,,
set12,low,11.png,4,0.01,"[512, 512]",17b452cc44e876adc0d3fd3607e8c9ab9e04406fa1702d436005e99db30c6108,4d79c36b74d775043c078b1a3b12fac535b38d23f700cf6d0a06dba47d86941f,nlmedians,0.72,33.816481864416794,0.9559657608392191,64.70652897416936,,scaled_current_nlm,,,0.770808119999856,,,,,,,,
set50,high,19.gif,0,0.1,"[512, 512]",d17c7663feb48c0fe318904421cb04ec7e850a109d952f66a49ac464a4176a1e,b36a0e2777a4778ee716a1dfe989dd541a6b3d7c5af5fd33a1b733957ca06fd4,ghnlm,1.0,38.55146254802946,0.9880503251825495,68.67824753314221,,fixed_independent,,,15.450603199999023,8.0,8.0,NLM_fast_cuda_global,,,,,
set50,high,22.gif,0,0.1,"[512, 512]",dfe4f6c6370dbe0651bccc46e98ac3b787e8c63a3a37fb138fe6c81f3e32edd4,455a61e743daec9940c17a770102e9f6d8150016e197a7b40ba5ed8b526bdc6d,ghnlm,1.0,34.884456969693105,0.9781465125027968,66.3495541099864,,fixed_independent,,,15.609893409999131,8.0,8.0,NLM_fast_cuda_global,,,,,
set50,high,10.gif,0,0.1,"[512, 512]",e233b9bc584bbcbbdcbcbf3674e9c18c92aff37cf54afeec01dc2e7dc1811878,40725b43529bab17a6c41cf7934a73bda5b434a8803e87e4fc1465424cfe2303,ghnlm,1.0,42.183173899912504,0.9945087910271055,70.81702650131153,,fixed_independent,,,15.476376419999724,8.0,8.0,NLM_fast_cuda_global,,,,,
set50,high,14.gif,0,0.1,"[512, 512]",83fe92c5398701971c09c467a97dc4bfdb94eb4b3ded548d26e5e7fcf62e4d2a,6b7ebb5297b454e99889eaa9e3c4e7c51d253902665731705f49dc1a7a3fe113,ghnlm,1.0,30.928196791346355,0.9723376639744519,64.08098159439577,,fixed_independent,,,15.90102760300033,8.0,8.0,NLM_fast_cuda_global,,,,,
set50,high,5.gif,0,0.1,"[512, 512]",49db903e1a87a0044a734fb77708aad9985011bc9ee9fb379099de1b4e946109,e06f2bc488a0ff103329561f1b985093b78f631466c577b7e6aeacf6ec8eefe8,ghnlm,1.0,43.75939432532837,0.9914033645769742,71.4498653915129,,fixed_independent,,,15.919574085997738,8.0,8.0,NLM_fast_cuda_global,,,,,
set50,high,44.gif,0,0.1,"[512, 512]",f968969e97bf6f8f47fd5940af0bd7481b61f2df6d5d553882b8938123b37289,ec7bcd577aab4cb2bedb2657569a7b495db193526b6667e04b6672396e29b078,ghnlm,1.0,22.591711378357285,0.9208207523749538,57.33689330792633,,fixed_independent,,,21.904329173001315,8.0,8.0,NLM_fast_cuda_global,,,,,
set50,high,42.gif,0,0.1,"[512, 512]",f9b953242d46fc204da43e46262ac3754e9428050546213f592efb0fb7398f12,d0610cf35e287c81eb1f642f3b1f542f30070d26d13b0067e7baf4d73663ef18,ghnlm,1.0,30.159415122647996,0.974799511006156,63.819683111631804,,fixed_independent,,,16.653831374998845,8.0,8.0,NLM_fast_cuda_global,,,,,
set50,high,38.gif,0,0.1,"[512, 512]",e39779dc60dbc76330293a5fdb44dfabe4d22433c36132e18afcf31a515217b4,b024231c1c516936430ae7117c8c77dd3ee6a417718598f0b9968ffc86f3b5f5,ghnlm,1.0,42.21918316712974,0.9904941173880606,70.6342974529679,,fixed_independent,,,15.334506601000612,8.0,8.0,NLM_fast_cuda_global,,,,,
set50,high,48.gif,0,0.1,"[512, 512]",9b261d731fc3d639b0cc3dac391980b0c49dd558b24b95a14bb3f3eb9f3569d0,f7e02ffabb7c26975ac77d2ba941fa8dfff992fc0d3c3a52904286975a396ab4,ghnlm,1.0,41.17624818301577,0.9912845783312317,70.15235300806947,,fixed_independent,,,16.213351387999865,8.0,8.0,NLM_fast_cuda_global,,,,,
set50,high,17.gif,0,0.1,"[512, 512]",6f8a02e1689062bed722742a554760dd74359b35fc8b969bab8beed8e59421a0,e7c516b92404f02e0645aab2369f6d006b10771e2148c9e3305e1e93828f5d9b,ghnlm,1.0,30.343421236605735,0.9173110251897447,61.0372618777901,,fixed_independent,,,26.78159888799928,8.0,8.0,NLM_fast_cuda_global,,,,,
set50,high,0.png,0,0.1,"[512, 512]",0a372ced9fd4d1f9633532a58073e3974b41da8cfc87f04ec8e9a8dc6a89bba1,5c64fdfe33f4ceb5a47428c2edc3ca4f989b1078a7da5d038a7aac327de869fd,ghnlm,1.0,45.49208932847364,0.9973947196884277,72.61578064865822,,fixed_independent,,,15.57990338000127,8.0,8.0,NLM_fast_cuda_global,,,,,
set50,high,16.gif,0,0.1,"[512, 512]",2d68b31ae4d4c10bc0e60742ba3064c10d62113ffb3ca9a7c14b80e40b0e6170,6ca2d5d1195f31115e9e15bd7978d65bde8735913f5134a99256e529c86a3d8a,ghnlm,1.0,29.557318039283757,0.9276524598249459,61.161282010889174,,fixed_independent,,,19.995360076998622,8.0,8.0,NLM_fast_cuda_global,,,,,
set50,high,32.gif,0,0.1,"[512, 512]",c3cc3fb5da093d47d6808c6219ed907c3e69ab01954b1b929a8739cbbcc26493,810d3fc722ad3d6be42c77a540abbe450d08f86c4c996feebc699bf3e2187fb0,ghnlm,1.0,27.15538729191512,0.8222889654886122,54.69214192038817,,fixed_independent,,,42.12130689900005,8.0,8.0,NLM_fast_cuda_global,,,,,
set50,high,30.gif,0,0.1,"[512, 512]",b1cccc0e8d64bae511f9cd0c5596628364bd1e09c90c5e793604a1f7a55f642f,8f3d6ba7eafb9220ec09f0fc23d98c4362582f25fe465748fde08df029299774,ghnlm,1.0,38.37745125152988,0.9837045284092963,68.37395204622976,,fixed_independent,,,15.27164264000021,8.0,8.0,NLM_fast_cuda_global,,,,,
set50,high,43.gif,0,0.1,"[512, 512]",443801cafadb33c7829b313f4efd834e70cc313567a260dd2b5554dc7ee6be98,f9f8d19328bf1d7475a95984514a389b0136e60eba80c85712e9c05f9a967619,ghnlm,1.0,38.71929146779919,0.9896984086259557,68.84456616519738,,fixed_independent,,,16.830461848996492,8.0,8.0,NLM_fast_cuda_global,,,,,
set50,high,47.gif,0,0.1,"[512, 512]",9005ddf994846f88305becd36c72a046818a094c026c69a8106c34b34a31a8fe,5e23fe352e87a835d6f7372654af688603bdc568b1d6edc31757a6b71ff6f072,ghnlm,1.0,32.83741661556737,0.9776800502669755,65.30271082113246,,fixed_independent,,,16.932272099998954,8.0,8.0,NLM_fast_cuda_global,,,,,
set50,high,25.gif,0,0.1,"[512, 512]",30838b6c4e963b60da10cc6158a119a7052a4ffa1ebdcc87bcf0054f681427c6,2539e5cf1bcc6130b9238ebc011a1069fdfddd7401c69aa83c14b2efb244dee4,ghnlm,1.0,41.763696589138924,0.9870418657410662,70.23394158162277,,fixed_independent,,,17.20286803900126,8.0,8.0,NLM_fast_cuda_global,,,,,
set50,high,7.gif,0,0.1,"[512, 512]",5e3769e24988284e1036ce844ee8e0f11dbe28fe111f6a962e37864dc34b60dc,bfb32fd0573f98e26541bf24de61f68beccaeb66008181d1d775350c1789035f,ghnlm,1.0,31.18601424323873,0.975095574204809,64.34778583185982,,fixed_independent,,,16.283030111997505,8.0,8.0,NLM_fast_cuda_global,,,,,
set50,high,15.gif,0,0.1,"[512, 512]",51e2066df33af18b47bcd356b17c6cdf04f2a5fd219ace410fcabb06698c6c71,bf8b02c350afda2a086d62f94ecfc2be823c619bb2256328323737766f031044,ghnlm,1.0,34.596685441912896,0.9751915425373875,66.05791984782581,,fixed_independent,,,16.658744269001545,8.0,8.0,NLM_fast_cuda_global,,,,,
set50,high,41.gif,0,0.1,"[512, 512]",1569598ab7f33ee44bcf70502565ffcd7528912a2c13cd1977fe64573770f1e6,70ff830e123ba0b8a56a22fa8d8361dd52e6efc94cce0dc0117077a8d211d455,ghnlm,1.0,39.750807640008716,0.988687183694363,69.30976300472251,,fixed_independent,,,15.56785292099812,8.0,8.0,NLM_fast_cuda_global,,,,,
set50,high,6.gif,0,0.1,"[512, 512]",ca956c8aa0ec2de8bd2e4d7545c7f969215d4f7f65cb72ee9d31cb17df0033b6,91c0d484c15597d9172a55a9609dcaaab6020d9ca89b915718e7c130aa54ed16,ghnlm,1.0,35.77370177109331,0.9732815225471472,66.55092701290401,,fixed_independent,,,19.219551906997367,8.0,8.0,NLM_fast_cuda_global,,,,,
set50,high,21.gif,0,0.1,"[512, 512]",74d2fa3fc2447fd331660c09f2f468f3cce983dc347509d32564e992fdebaf9a,93925f5a9a6755a73923c2bef7adff8c2bdab08e8e089892c36ace4313afb948,ghnlm,1.0,39.598653115770674,0.9866323214611509,69.13094263094288,,fixed_independent,,,15.428111387000172,8.0,8.0,NLM_fast_cuda_global,,,,,
set50,high,27.gif,0,0.1,"[512, 512]",bc7a1c1300b1b1bda264e18fbde62fa845194fac5839cb705a788c6ac331f517,144439eafed501fe7aa53d4e6967a995d40da47c2ef83b7b5e02b718dafccd80,ghnlm,1.0,35.403935784101186,0.9827187157100808,66.83790367755464,,fixed_independent,,,17.146312007000233,8.0,8.0,NLM_fast_cuda_global,,,,,
set50,high,46.gif,0,0.1,"[512, 512]",14cdebcd7b2b9e534cc9717933df6ccb4861289237cde90700810e2e6e2e245f,f9ffe1409fcf91d55fa900020b1f0f613dd8b50d40a2f9d090f6f53caa03f076,ghnlm,1.0,34.69726182426147,0.981220586062904,66.40966021527593,,fixed_independent,,,16.17289070699917,8.0,8.0,NLM_fast_cuda_global,,,,,
set50,high,20.gif,0,0.1,"[512, 512]",c3a4da195ffc62103521cd979723e50840fe46cfd989b567c826985f8b23dcf4,bd08cc1fb18acc1d47463e9c075d7d5d446aa4ae53b1672824ff6a737dc1f69d,ghnlm,1.0,37.1646971766194,0.9822969137599937,67.69719427630939,,fixed_independent,,,15.637739055000566,8.0,8.0,NLM_fast_cuda_global,,,,,
set50,high,2.gif,0,0.1,"[512, 512]",b101b795e2638a1e9dbdaa513bdc8be6090aed4d6ac294b155e5f3a2c7c0bb80,13d3b6b9e05ddc640a63ea227d1f32df0b4e453f33794f15001a41ae53644828,ghnlm,1.0,41.1977260551933,0.9880940124122576,70.00356364820954,,fixed_independent,,,15.268805738998708,8.0,8.0,NLM_fast_cuda_global,,,,,
set50,high,40.gif,0,0.1,"[512, 512]",911cad3f1d559f196f94ed9e80a9602969b74319acb1d70da238efdb48af38e2,d5f4e4babce2a4896b57ee8a524799a4a612a77617adc6237c295f1b8268313a,ghnlm,1.0,46.418225436449355,0.9935212382311782,72.88517462978359,,fixed_independent,,,15.550763529998221,8.0,8.0,NLM_fast_cuda_global,,,,,
set50,high,31.gif,0,0.1,"[512, 512]",33781418a1e6e85521011be7d450b002a8f8a8f1ba68a79c1219f3b3ba59b160,85c7dd0dbdad648e1bc43c9d6bbf15a1baffa81644e4a28e665df8f4296b38c0,ghnlm,1.0,28.04373491116265,0.9286787768185537,60.45580629650901,,fixed_independent,,,20.326209585997276,8.0,8.0,NLM_fast_cuda_global,,,,,
set50,high,29.gif,0,0.1,"[512, 512]",1eeb76c0386fbcd563a08eb25bbeffde427bdc62658e4bcc02c8aafbf733f219,a7c813ed42caac8cc5e59ba0b313601fb3411f9081c2c98c849a0f386c717927,ghnlm,1.0,30.455250593576988,0.9128383401898762,60.869542306282305,,fixed_independent,,,22.925981118998607,8.0,8.0,NLM_fast_cuda_global,,,,,
set50,high,33.gif,0,0.1,"[512, 512]",7a10c4eca50167d8d459c2505f2b0f21cfb399e7b01adccaa0422695496c2e72,0b9b79cc55914de4df60ffdc521344bb95f073f3bbae4f345c20bb3d16868469,ghnlm,1.0,37.08512854853916,0.9761089480270492,67.34801167562205,,fixed_independent,,,17.091534355997283,8.0,8.0,NLM_fast_cuda_global,,,,,
set50,high,24.gif,0,0.1,"[512, 512]",b8f6ebed7641854cd23e807c2f78d350f1373b2fe7f96e6ea18f8531797fbc3a,933931a3c3cf3e69d505146c4f660b276aa0eb49b9bdfff9b8e7b90470c69978,ghnlm,1.0,41.15298842542224,0.9884397154945459,69.99847998743842,,fixed_independent,,,15.694267441998818,8.0,8.0,NLM_fast_cuda_global,,,,,
set50,high,3.gif,0,0.1,"[512, 512]",e3e2313cc250162bd613776c7b0063891d9d56b3576c9808ac5c8c0e7e8fcb8d,735ba2525df2e7b6a619ada7a3ef29d9102198e0392841695017c0dd0b5ee365,ghnlm,1.0,38.73124073154117,0.9860912796893834,68.67018435023975,,fixed_independent,,,16.60091687699969,8.0,8.0,NLM_fast_cuda_global,,,,,
set50,high,1.gif,0,0.1,"[512, 512]",95f21dff4cd5a318a519cb05a1e35fb41f49c007ca46345fd6917258be8d9d73,3c777b4aafc995f531dbb45a128a3eae2ac912519ef53a690559aa448818fa5c,ghnlm,1.0,35.213840744273625,0.9853241640489915,66.87312857458639,,fixed_independent,,,15.342510840999239,8.0,8.0,NLM_fast_cuda_global,,,,,
set50,high,23.gif,0,0.1,"[512, 512]",05918015ae96873f255fec3e75ace895a76214abbeffdbfff55b5cf6214224c6,5f89d28e00ddcbb3c400744e705cf34f0576d46a30918f8130ebe8b81f0dbd6b,ghnlm,1.0,45.00846886870914,0.9934237869305808,72.1754237808836,,fixed_independent,,,15.410199768000894,8.0,8.0,NLM_fast_cuda_global,,,,,
set50,high,35.gif,0,0.1,"[512, 512]",353590d221e21b53b97858fbc575a2320a10336f21bbed5dd461fa942bab100f,7fd0001b7f292822b216f02c457dbcecd3cc83fe14deb66f3451f8f3ef72671e,ghnlm,1.0,39.85861666707238,0.9842892040494248,69.14376853600743,,fixed_independent,,,15.36667734799994,8.0,8.0,NLM_fast_cuda_global,,,,,
set50,high,36.gif,0,0.1,"[512, 512]",99a41bcc709d43204ca0f73a6593656300237e5367043081c5065ca77d5e3628,ff4228673bf5f8b1cc0996ca7aebcbc4b4745a91c7d8bae3aa2dd541df188359,ghnlm,1.0,37.083377445871676,0.9846299505643179,67.77318625115174,,fixed_independent,,,15.359163492001244,8.0,8.0,NLM_fast_cuda_global,,,,,
set50,high,26.gif,0,0.1,"[512, 512]",3efcc155fe7f35f9428c0536c9c1dc2b826188d5f0a5b0a90ecbf681233221e2,82c2e5bf1fd025c58e0731a894ed6f185e49d9f6da055c0ddcccab37d1acaf68,ghnlm,1.0,43.13210366545394,0.9908004440163892,71.10607403354643,,fixed_independent,,,15.296708404999663,8.0,8.0,NLM_fast_cuda_global,,,,,
set50,high,37.gif,0,0.1,"[512, 512]",74881a36c4896c931da56c784ac35afb478dc71ae7af27894deeb074f83e518a,6711e4fc698c6f6b88662c31c7011be6475f79e420b41957137edbe48c02cc84,ghnlm,1.0,39.131358029539484,0.981740139453771,68.65268598745828,,fixed_independent,,,15.516725378998672,8.0,8.0,NLM_fast_cuda_global,,,,,
set50,high,13.gif,0,0.1,"[512, 512]",c34b796bde09761f5bc3c358f20b72f49e020580ed0a76d5456c61f0da4499eb,b23b2328bee24b6db72c9714ba291238b97ab3df260f49344564758f266b6c76,ghnlm,1.0,39.943991180428505,0.9928811728957163,69.61605423500006,,fixed_independent,,,15.539415828001438,8.0,8.0,NLM_fast_cuda_global,,,,,
set50,high,28.gif,0,0.1,"[512, 512]",f509179793e6551fbec77f8fdd91e45d53d2dd6e0a87394377c4bb4c52eb9a43,d1611978754e5fc4a32fa267275458c29f71665a67a3d6e772e5a8d97a888b76,ghnlm,1.0,40.12764032798973,0.9825891577634394,69.19327805216683,,fixed_independent,,,15.187554893000197,8.0,8.0,NLM_fast_cuda_global,,,,,
set50,high,9.gif,0,0.1,"[512, 512]",8b76cd61996084e7d23b9f638b4d32839d9f6ac7965ef9b585f78bdbdaff16b3,bf30a7802fc17f31bf72e321b90d3ed5f0390b5768e85c9c5499096eb9fcde3e,ghnlm,1.0,33.54628102112374,0.975537703265423,65.55002567383302,,fixed_independent,,,18.36210571599804,8.0,8.0,NLM_fast_cuda_global,,,,,
set50,high,18.gif,0,0.1,"[512, 512]",539caf0cced15a86b729848a1a182b75776a621cf01b5e9a62085f53b86f3407,57502a7add237e5d5309882c717ca9c474cb1f376e21798057c8e0f71c0150ec,ghnlm,1.0,28.636888650552383,0.9636891697254435,62.50290281154837,,fixed_independent,,,17.029448238999976,8.0,8.0,NLM_fast_cuda_global,,,,,
set50,high,49.gif,0,0.1,"[512, 512]",8311e02cd6238d6e74f6a9bf6fa5c250d748ceec5882a86242e2452c587cdf2b,16522de1ffa2356a43b6b1339c41f1a31b67ef45f92c4bb401a90a78555d2b30,ghnlm,1.0,20.5115748684914,0.8320545131020867,51.85851308935004,,fixed_independent,,,50.02843537000081,8.0,8.0,NLM_fast_cuda_global,,,,,
set50,high,4.gif,0,0.1,"[512, 512]",fd89b9bfe327e11c7cfbc851fff026261f2c33ef17edc9373682def6616fdc4f,3c0d019d5056b98dbdd01251831763caa26e55b8875f2444b402a81535401593,ghnlm,1.0,41.56595518531979,0.9888138437337798,70.22366977934888,,fixed_independent,,,15.355201893999038,8.0,8.0,NLM_fast_cuda_global,,,,,
set50,high,8.gif,0,0.1,"[512, 512]",fd53a01b9f6a3a02a5408efee91cfa235b1325372804d49874a677719089b14e,22ebb86ce1395a6ea03d541a188eef6e92c3804779678fd6b9d986ea4a3704f1,ghnlm,1.0,41.47292857204815,0.9910172300319636,70.28732578762225,,fixed_independent,,,15.39174628299952,8.0,8.0,NLM_fast_cuda_global,,,,,
set50,high,39.gif,0,0.1,"[512, 512]",e43557540646572e4a7b69124c49ff2c37c4d1695507c5d64a44d09a5043958e,2cd48e49bed02f86e876dc092a5fe09f97580929bf9971223e5d235b9fc21e5d,ghnlm,1.0,43.032239184234406,0.9914286475775346,71.08755197099393,,fixed_independent,,,15.468143828002212,8.0,8.0,NLM_fast_cuda_global,,,,,
set50,high,12.gif,0,0.1,"[512, 512]",3c3ec23125fea9974f2e94c0d93a534edf2ec60d33b6af79f9a60fef58295de4,c499ec126eb1d4bd4772ea5064bf8c5aec9aedea33c962227fa457abfe5821f2,ghnlm,1.0,36.871072526313526,0.9731469854504495,67.09288553567924,,fixed_independent,,,20.503360418999364,8.0,8.0,NLM_fast_cuda_global,,,,,
set50,high,45.gif,0,0.1,"[512, 512]",72644242bceb1596c04ab4ddde11989c7aa206ee2094402fadeac9f9c500d55a,1c77a0ba17abe22ce790d8efab4ac203a1f91fa751c993883c8b6bb7b35b8ec7,ghnlm,1.0,39.50278016970175,0.9850927479994297,69.00602748482237,,fixed_independent,,,15.266796127001726,8.0,8.0,NLM_fast_cuda_global,,,,,
set50,high,11.gif,0,0.1,"[512, 512]",b12e0216f269d1ad8f5dfe769baf0fb60142ab5235a6d1d62707dc52ca591071,9cf4a3983f4c78b315b6e3696a2902c630e21959314e7d5ba80f4b5e3a698a9f,ghnlm,1.0,29.787908111346546,0.9744578956345484,63.616848837400696,,fixed_independent,,,15.66797337999924,8.0,8.0,NLM_fast_cuda_global,,,,,
set50,high,34.gif,0,0.1,"[512, 512]",42a4b02f48b536770f4d42c1c4884a5b2a4a662af62778249a90a16c1d9f5398,aeee58b67027a3d070fc355f6fa808729e4818e31921fdad3e72e016da9f0e59,ghnlm,1.0,38.036346005514865,0.9844454717770295,68.2404465916089,,fixed_independent,,,15.46301353599847,8.0,8.0,NLM_fast_cuda_global,,,,,
set50,medium,19.gif,0,0.05,"[512, 512]",d17c7663feb48c0fe318904421cb04ec7e850a109d952f66a49ac464a4176a1e,ab0f62ff71690b1f079d2442492232894b3d5cb0bd28f2a635a0154933a3ad9c,ghnlm,1.0,41.805376391503444,0.9942575883582208,70.61556761366276,,fixed_independent,,,8.09088680899913,8.0,8.0,NLM_fast_cuda_global,,,,,
set50,medium,22.gif,0,0.05,"[512, 512]",dfe4f6c6370dbe0651bccc46e98ac3b787e8c63a3a37fb138fe6c81f3e32edd4,620f2e4a57fed79f61ab777b3e184c38652054c24847572fdb76c0001885adc8,ghnlm,1.0,38.084670136163645,0.9894159125877958,68.51313069747161,,fixed_independent,,,8.072512758999437,8.0,8.0,NLM_fast_cuda_global,,,,,
set50,medium,10.gif,0,0.05,"[512, 512]",e233b9bc584bbcbbdcbcbf3674e9c18c92aff37cf54afeec01dc2e7dc1811878,bf39e4c2af1601555be9f4f79c87f5f72e4d70b0d0c6fbe349afddc726c4b64a,ghnlm,1.0,45.37781697639644,0.9973108118972543,72.55444908306093,,fixed_independent,,,8.060658574999252,8.0,8.0,NLM_fast_cuda_global,,,,,
set50,medium,14.gif,0,0.05,"[512, 512]",83fe92c5398701971c09c467a97dc4bfdb94eb4b3ded548d26e5e7fcf62e4d2a,15c8aaec04915b3a2e6edfedfb300a609784bb53adf334bf8a8dfad53fca7e0e,ghnlm,1.0,32.85583252423426,0.9841976535341102,65.63779893882264,,fixed_independent,,,8.588800719999199,8.0,8.0,NLM_fast_cuda_global,,,,,
set50,medium,5.gif,0,0.05,"[512, 512]",49db903e1a87a0044a734fb77708aad9985011bc9ee9fb379099de1b4e946109,c2224edd221ea21c84e5117528a8db3adfc3696f14b7d240e12cc2d0730553af,ghnlm,1.0,47.084632439599005,0.9959027840124083,73.33745542041991,,fixed_independent,,,8.086002212001404,8.0,8.0,NLM_fast_cuda_global,,,,,
set50,medium,44.gif,0,0.05,"[512, 512]",f968969e97bf6f8f47fd5940af0bd7481b61f2df6d5d553882b8938123b37289,b3d71aafdd8875b49cb64bc4e793cabad947e6ab2f446605040bc133a31cd1d0,ghnlm,1.0,23.215517035732624,0.9378866358005549,58.50209030789405,,fixed_independent,,,15.080566597000143,8.0,8.0,NLM_fast_cuda_global,,,,,
set50,medium,42.gif,0,0.05,"[512, 512]",f9b953242d46fc204da43e46262ac3754e9428050546213f592efb0fb7398f12,6e3b11e5a5fc79d6e322f09ce90be37d3ffe0078940e736dc490e04f24ae9a34,ghnlm,1.0,30.686741994509134,0.98462311140615,64.57452656756206,,fixed_independent,,,9.373095230999752,8.0,8.0,NLM_fast_cuda_global,,,,,
set50,medium,38.gif,0,0.05,"[512, 512]",e39779dc60dbc76330293a5fdb44dfabe4d22433c36132e18afcf31a515217b4,2e0bec2731efda949bbf711f73c2cbc227dfc6737900f9055cfc90cf3cdf2fde,ghnlm,1.0,45.4571739266267,0.9953908079381935,72.49812736022302,,fixed_independent,,,8.121540236999863,8.0,8.0,NLM_fast_cuda_global,,,,,
set50,medium,48.gif,0,0.05,"[512, 512]",9b261d731fc3d639b0cc3dac391980b0c49dd558b24b95a14bb3f3eb9f3569d0,a747073b330968ee1aae040e4dc878fcf916f0a11f16fe05636a80b9fc875feb,ghnlm,1.0,44.37471857542861,0.9958114883875269,71.97793370709064,,fixed_independent,,,7.979578033000507,8.0,8.0,NLM_fast_cuda_global,,,,,
set50,medium,17.gif,0,0.05,"[512, 512]",6f8a02e1689062bed722742a554760dd74359b35fc8b969bab8beed8e59421a0,6af0ecd76919ca281da513ca27a3a90b46d370abb3eb6578013f06f4b900ca86,ghnlm,1.0,32.82669965653292,0.9376525416885108,63.295976912692,,fixed_independent,,,20.251738652999848,8.0,8.0,NLM_fast_cuda_global,,,,,
set50,medium,0.png,0,0.05,"[512, 512]",0a372ced9fd4d1f9633532a58073e3974b41da8cfc87f04ec8e9a8dc6a89bba1,95660ff47115848bd895ed7581195e91c2ab4a1746122ef36b82c4d90108493b,ghnlm,1.0,48.91938339032858,0.9987507722984851,74.39723031008855,,fixed_independent,,,8.07763217899992,8.0,8.0,NLM_fast_cuda_global,,,,,
set50,medium,16.gif,0,0.05,"[512, 512]",2d68b31ae4d4c10bc0e60742ba3064c10d62113ffb3ca9a7c14b80e40b0e6170,7455aaabfc63093d044293a592276a820637f19bca9681cbe7c6ff4252ab18b7,ghnlm,1.0,30.867565486879368,0.948667272856014,62.867146386240385,,fixed_independent,,,13.065423137000835,8.0,8.0,NLM_fast_cuda_global,,,,,
set50,medium,32.gif,0,0.05,"[512, 512]",c3cc3fb5da093d47d6808c6219ed907c3e69ab01954b1b929a8739cbbcc26493,d2e3e8ae3b57d5960df96ffa19753233b3b3181989f99a93fa4b43c98c09e669,ghnlm,1.0,29.908682364192476,0.8623090207926067,58.06979222172657,,fixed_independent,,,36.908808707999924,8.0,8.0,NLM_fast_cuda_global,,,,,
set50,medium,30.gif,0,0.05,"[512, 512]",b1cccc0e8d64bae511f9cd0c5596628364bd1e09c90c5e793604a1f7a55f642f,50942175cdb95f83dc200d5959fee5536d4754b54986e42ca9e7c656cbeb2d35,ghnlm,1.0,41.48067499857197,0.9920399247544882,70.34233373701039,,fixed_independent,,,8.004096421000213,8.0,8.0,NLM_fast_cuda_global,,,,,
set50,medium,43.gif,0,0.05,"[512, 512]",443801cafadb33c7829b313f4efd834e70cc313567a260dd2b5554dc7ee6be98,0f28e2bbe65b808a1ad16efa6f1a2414cb8e1679bad1f815c763acec68cff608,ghnlm,1.0,41.274760990481454,0.9932597296686585,70.30036697867365,,fixed_independent,,,9.608786795000924,8.0,8.0,NLM_fast_cuda_global,,,,,
set50,medium,47.gif,0,0.05,"[512, 512]",9005ddf994846f88305becd36c72a046818a094c026c69a8106c34b34a31a8fe,f0b3f05cda30a32f8298ccca20c4e29bcc50c140242aed6be8d436ed2cbce168,ghnlm,1.0,35.57882966082073,0.9891468321756934,67.24675643919504,,fixed_independent,,,8.138326708000022,8.0,8.0,NLM_fast_cuda_global,,,,,
set50,medium,25.gif,0,0.05,"[512, 512]",30838b6c4e963b60da10cc6158a119a7052a4ffa1ebdcc87bcf0054f681427c6,c89a7c0b0f09eb3263a9d11fe8efddbb4c1176dcd1ec6708e3bfd021c89ed096,ghnlm,1.0,43.95918299359312,0.9922340292058162,71.59129295708738,,fixed_independent,,,10.106140173998938,8.0,8.0,NLM_fast_cuda_global,,,,,
set50,medium,7.gif,0,0.05,"[512, 512]",5e3769e24988284e1036ce844ee8e0f11dbe28fe111f6a962e37864dc34b60dc,0b7b6c2421211e0fc8eb9beafb206d75c70b2b199d5853ec2da992719afaceeb,ghnlm,1.0,34.17692597493607,0.9876638754484975,66.47165675989291,,fixed_independent,,,8.071852926001156,8.0,8.0,NLM_fast_cuda_global,,,,,
set50,medium,15.gif,0,0.05,"[512, 512]",51e2066df33af18b47bcd356b17c6cdf04f2a5fd219ace410fcabb06698c6c71,39199cb66df82a184e9e3590d2a8fb0d07979479d1aa4b27f16430a55727c97d,ghnlm,1.0,37.158986012365375,0.9848128299247935,67.82013450242236,,fixed_independent,,,9.80310498200015,8.0,8.0,NLM_fast_cuda_global,,,,,
set50,medium,41.gif,0,0.05,"[512, 512]",1569598ab7f33ee44bcf70502565ffcd7528912a2c13cd1977fe64573770f1e6,639175861e9da8475bf7aae7e80671d5d0dab0e21f7e6410bb02e7d02ad6a8fb,ghnlm,1.0,42.72866288074651,0.9944127573556628,71.08496930815639,,fixed_independent,,,8.246631512998647,8.0,8.0,NLM_fast_cuda_global,,,,,
set50,medium,6.gif,0,0.05,"[512, 512]",ca956c8aa0ec2de8bd2e4d7545c7f969215d4f7f65cb72ee9d31cb17df0033b6,55397b364b569ec357ea88a4f227d75702d9c46065e68167ce5415a085e5c604,ghnlm,1.0,38.33691392228583,0.9823552556592883,68.28621974410733,,fixed_independent,,,11.82907953999893,8.0,8.0,NLM_fast_cuda_global,,,,,
set50,medium,21.gif,0,0.05,"[512, 512]",74d2fa3fc2447fd331660c09f2f468f3cce983dc347509d32564e992fdebaf9a,b6c46b122a5935b040c7876069901e8fa2e88d65c0dccd7d3eab28bd325feb1d,ghnlm,1.0,42.769591223303266,0.993589563392964,71.06427378129983,,fixed_independent,,,7.984957038001085,8.0,8.0,NLM_fast_cuda_global,,,,,
set50,medium,27.gif,0,0.05,"[512, 512]",bc7a1c1300b1b1bda264e18fbde62fa845194fac5839cb705a788c6ac331f517,bc5c0abc5cb89f2602601bed2e468d7abc51acd7e1e351256ff9700481db427e,ghnlm,1.0,36.74614553373683,0.9886041509505706,67.80328031439694,,fixed_independent,,,10.198590302999946,8.0,8.0,NLM_fast_cuda_global,,,,,
set50,medium,46.gif,0,0.05,"[512, 512]",14cdebcd7b2b9e534cc9717933df6ccb4861289237cde90700810e2e6e2e245f,d878c43c275cd0166300fe04d75a53c09d3d75d67cb3d908e5882e20a295ecc9,ghnlm,1.0,37.350627106028085,0.9900803184340723,68.17932947471766,,fixed_independent,,,8.960466528000325,8.0,8.0,NLM_fast_cuda_global,,,,,
set50,medium,20.gif,0,0.05,"[512, 512]",c3a4da195ffc62103521cd979723e50840fe46cfd989b567c826985f8b23dcf4,5bfaaf6ce3c548fbb6ee19f84702519c6eb63441cab262540222464802072c15,ghnlm,1.0,39.96847205349979,0.9909374620815011,69.53110913082494,,fixed_independent,,,8.031961366999894,8.0,8.0,NLM_fast_cuda_global,,,,,
set50,medium,2.gif,0,0.05,"[512, 512]",b101b795e2638a1e9dbdaa513bdc8be6090aed4d6ac294b155e5f3a2c7c0bb80,47bd00b70c71b3de67094cd318e7fb07d41c4b8231d7032dbe43d4a7fd0afd84,ghnlm,1.0,44.34687423122243,0.994253369654729,71.88610559834765,,fixed_independent,,,8.124649249999493,8.0,8.0,NLM_fast_cuda_global,,,,,
set50,medium,40.gif,0,0.05,"[512, 512]",911cad3f1d559f196f94ed9e80a9602969b74319acb1d70da238efdb48af38e2,dc1d71ab921c00086086b6fde9eb97f5acf18f1ed049f18da885c811f2618fe2,ghnlm,1.0,49.59312118474527,0.9968196268621498,74.63754193548013,,fixed_independent,,,8.054719839999962,8.0,8.0,NLM_fast_cuda_global,,,,,
set50,medium,31.gif,0,0.05,"[512, 512]",33781418a1e6e85521011be7d450b002a8f8a8f1ba68a79c1219f3b3ba59b160,a83f1584e818989261cb11cf48877cb0c510282d8114787afbbd003206284810,ghnlm,1.0,29.617703307892377,0.9467259016777722,62.14514673783479,,fixed_independent,,,13.333047215999613,8.0,8.0,NLM_fast_cuda_global,,,,,
set50,medium,29.gif,0,0.05,"[512, 512]",1eeb76c0386fbcd563a08eb25bbeffde427bdc62658e4bcc02c8aafbf733f219,83a2de1c8dcf51614771b01920c82a7c23337d67875efe46d6c405c5127135c7,ghnlm,1.0,31.731540576134087,0.9288173208327055,62.306636329702314,,fixed_independent,,,16.044882157000757,8.0,8.0,NLM_fast_cuda_global,,,,,
set50,medium,33.gif,0,0.05,"[512, 512]",7a10c4eca50167d8d459c2505f2b0f21cfb399e7b01adccaa0422695496c2e72,08d26c934a289bb92e048127732aeadfa9b78a9f4b5882efb73995bdf3cd72d1,ghnlm,1.0,39.08694490274664,0.9843919304500492,68.76306897387579,,fixed_independent,,,9.7750628290014,8.0,8.0,NLM_fast_cuda_global,,,,,
set50,medium,24.gif,0,0.05,"[512, 512]",b8f6ebed7641854cd23e807c2f78d350f1373b2fe7f96e6ea18f8531797fbc3a,7df6a26996b27055fbd6fade2729c1bef1483650ee3f0c3831c8b73955e45a96,ghnlm,1.0,43.4203176049785,0.9934891438071145,71.38461599284497,,fixed_independent,,,8.306516284999816,8.0,8.0,NLM_fast_cuda_global,,,,,
set50,medium,3.gif,0,0.05,"[512, 512]",e3e2313cc250162bd613776c7b0063891d9d56b3576c9808ac5c8c0e7e8fcb8d,796ec59771c5391e193cc91c432e0a5596e1920f3a4db227d9eb10f6a3d518d5,ghnlm,1.0,41.03721193064708,0.9917417919785418,70.10569556425064,,fixed_independent,,,9.294870031000755,8.0,8.0,NLM_fast_cuda_global,,,,,
set50,medium,1.gif,0,0.05,"[512, 512]",95f21dff4cd5a318a519cb05a1e35fb41f49c007ca46345fd6917258be8d9d73,e24ed88e7f0eb2dddfa6a9612b63b2c33becdf037cb98dd934bdb9f01a47ea78,ghnlm,1.0,38.353874492475846,0.9930148413263529,68.82767931255556,,fixed_independent,,,8.136231010001211,8.0,8.0,NLM_fast_cuda_global,,,,,
set50,medium,23.gif,0,0.05,"[512, 512]",05918015ae96873f255fec3e75ace895a76214abbeffdbfff55b5cf6214224c6,655503e7d7fab0b5c67c003c7369ebf5019a3bde7ab7b4ded0a31511df31d745,ghnlm,1.0,48.24273574948038,0.996856976329402,73.96421669121028,,fixed_independent,,,8.292035902000862,8.0,8.0,NLM_fast_cuda_global,,,,,
set50,medium,35.gif,0,0.05,"[512, 512]",353590d221e21b53b97858fbc575a2320a10336f21bbed5dd461fa942bab100f,d8405f20d92cf2c558f2ca882734d0a50ace70c0b016ae8d28e3ae1f7bf374d8,ghnlm,1.0,43.1004720680679,0.9924206066091398,71.17126636449095,,fixed_independent,,,7.976354582999193,8.0,8.0,NLM_fast_cuda_global,,,,,
set50,medium,36.gif,0,0.05,"[512, 512]",99a41bcc709d43204ca0f73a6593656300237e5367043081c5065ca77d5e3628,57e4e3e6cfe9d42cb759240f0c415ccaf8f59eecb6632db03e3d83df22720313,ghnlm,1.0,40.176400559469954,0.9924992750580311,69.71316403263654,,fixed_independent,,,8.067818750001607,8.0,8.0,NLM_fast_cuda_global,,,,,
set50,medium,26.gif,0,0.05,"[512, 512]",3efcc155fe7f35f9428c0536c9c1dc2b826188d5f0a5b0a90ecbf681233221e2,854fb7772003d6ba3ae6e98b9a7fb849cc21ff8676ba7f04a3260e753a54d7cd,ghnlm,1.0,46.23837249895536,0.9954851602668522,72.89344426282028,,fixed_independent,,,8.056119712999134,8.0,8.0,NLM_fast_cuda_global,,,,,
set50,medium,37.gif,0,0.05,"[512, 512]",74881a36c4896c931da56c784ac35afb478dc71ae7af27894deeb074f83e518a,036505e5dfbec15ce66a6908c05abf048cc47a82646c9b6094a5edfac7c701dc,ghnlm,1.0,42.204335579537016,0.9910641328244162,70.65537443098933,,fixed_independent,,,8.121770712999933,8.0,8.0,NLM_fast_cuda_global,,,,,
set50,medium,13.gif,0,0.05,"[512, 512]",c34b796bde09761f5bc3c358f20b72f49e020580ed0a76d5456c61f0da4499eb,e2de224a77a3db31067ae6e062087f6bfac38a8df3f2a2d549c5cef396b3bc18,ghnlm,1.0,42.97395624383956,0.996519625293818,71.31295938661069,,fixed_independent,,,8.01616043300055,8.0,8.0,NLM_fast_cuda_global,,,,,
set50,medium,28.gif,0,0.05,"[512, 512]",f509179793e6551fbec77f8fdd91e45d53d2dd6e0a87394377c4bb4c52eb9a43,58a9abd4838209bd106b4a74ece0597005b07fe99a36d69bd1aa86ba516bad88,ghnlm,1.0,43.36212102993002,0.9914896266825838,71.2555418490942,,fixed_independent,,,8.192061357000057,8.0,8.0,NLM_fast_cuda_global,,,,,
set50,medium,9.gif,0,0.05,"[512, 512]",8b76cd61996084e7d23b9f638b4d32839d9f6ac7965ef9b585f78bdbdaff16b3,e0f43ad256990bfaa3242b836c5dd9d4cf4e80021e09d929388010da18ae0559,ghnlm,1.0,35.246325368556924,0.9833360939280301,66.78996738067997,,fixed_independent,,,11.03544709200105,8.0,8.0,NLM_fast_cuda_global,,,,,
set50,medium,18.gif,0,0.05,"[512, 512]",539caf0cced15a86b729848a1a182b75776a621cf01b5e9a62085f53b86f3407,4a90c942e2032c8804b9ebb9792d42187fe4daeee7ef4378cd6b6eb20be33093,ghnlm,1.0,29.981822297098123,0.9766157730634835,63.821699801723234,,fixed_independent,,,10.036738749000506,8.0,8.0,NLM_fast_cuda_global,,,,,
set50,medium,49.gif,0,0.05,"[512, 512]",8311e02cd6238d6e74f6a9bf6fa5c250d748ceec5882a86242e2452c587cdf2b,5a601ed1dcc9698d64a9477467d78dda4fff8dd35cfeaf9d23934a7ad5017559,ghnlm,1.0,21.451214147341084,0.8656277315396845,54.00699365065476,,fixed_independent,,,43.201025758999094,8.0,8.0,NLM_fast_cuda_global,,,,,
set50,medium,4.gif,0,0.05,"[512, 512]",fd89b9bfe327e11c7cfbc851fff026261f2c33ef17edc9373682def6616fdc4f,1bddc85da101df43df7bb7612200d6defe6021e2962e858d3d0572298eb96ac2,ghnlm,1.0,44.53236023582426,0.9945339447368574,71.992877354755,,fixed_independent,,,8.639954835000026,8.0,8.0,NLM_fast_cuda_global,,,,,
set50,medium,8.gif,0,0.05,"[512, 512]",fd53a01b9f6a3a02a5408efee91cfa235b1325372804d49874a677719089b14e,e2dea4fbc7e21862ca9af16abc32c18c40a4dd5dd02696d500714675394acfb8,ghnlm,1.0,44.701397425145515,0.9956461166682848,72.133004545987,,fixed_independent,,,8.325999994000085,8.0,8.0,NLM_fast_cuda_global,,,,,
set50,medium,39.gif,0,0.05,"[512, 512]",e43557540646572e4a7b69124c49ff2c37c4d1695507c5d64a44d09a5043958e,3302c586943fdd9db0f9ba7e02a73af0dce174011bc328f077b07b2e455337b4,ghnlm,1.0,46.253249251321414,0.9959528298235792,72.92426611683968,,fixed_independent,,,8.195942962000117,8.0,8.0,NLM_fast_cuda_global,,,,,
set50,medium,12.gif,0,0.05,"[512, 512]",3c3ec23125fea9974f2e94c0d93a534edf2ec60d33b6af79f9a60fef58295de4,59d963dcd00180e7f3f72547745489e101cd7eff2175e5f3bb993ec828ffbb2f,ghnlm,1.0,39.4374625111551,0.9854609634029986,68.99177942572747,,fixed_independent,,,13.643012076998275,8.0,8.0,NLM_fast_cuda_global,,,,,
set50,medium,45.gif,0,0.05,"[512, 512]",72644242bceb1596c04ab4ddde11989c7aa206ee2094402fadeac9f9c500d55a,81ad42bbcf0b5e8f33c2ad489cebceb574e8a1035bc12ec2a3d57de309ae0f6a,ghnlm,1.0,42.80221073327978,0.992821295202216,71.04217012675069,,fixed_independent,,,8.100055468999926,8.0,8.0,NLM_fast_cuda_global,,,,,
set50,medium,11.gif,0,0.05,"[512, 512]",b12e0216f269d1ad8f5dfe769baf0fb60142ab5235a6d1d62707dc52ca591071,901e5232f1e9d4af8b7e7854cd94540c565ee392f1959e992aa40cca5ec504b7,ghnlm,1.0,32.21147618198481,0.9868698530417346,65.44923074307914,,fixed_independent,,,8.241583891000118,8.0,8.0,NLM_fast_cuda_global,,,,,
set50,medium,34.gif,0,0.05,"[512, 512]",42a4b02f48b536770f4d42c1c4884a5b2a4a662af62778249a90a16c1d9f5398,f88df87e1cc3de2cabfeea22db517da9ce53ffbe36b4b8fcb3fda6b33e5bcef7,ghnlm,1.0,41.15776213478679,0.99241395968815,70.1995790518009,,fixed_independent,,,8.04520918399976,8.0,8.0,NLM_fast_cuda_global,,,,,
set50,extreme,10.gif,0,0.2,"[512, 512]",e233b9bc584bbcbbdcbcbf3674e9c18c92aff37cf54afeec01dc2e7dc1811878,c2298b7f30afbb2db5aebc17d7f29055d6f3492e431507d9548fbcca879a142f,ghnlm,1.0,38.53967499571196,0.9879926001592473,68.66946750581835,,fixed_independent,,,30.90339811600279,8.0,8.0,NLM_fast_cuda_global,,,,,
set50,extreme,14.gif,0,0.2,"[512, 512]",83fe92c5398701971c09c467a97dc4bfdb94eb4b3ded548d26e5e7fcf62e4d2a,36c3db98b37020897cb790eee3f380ca4e3c589a7337e0f1731d5083be74de8b,ghnlm,1.0,28.44018842881395,0.9455609932938579,61.49814387909987,,fixed_independent,,,30.75589122999736,8.0,8.0,NLM_fast_cuda_global,,,,,
set50,extreme,17.gif,0,0.2,"[512, 512]",6f8a02e1689062bed722742a554760dd74359b35fc8b969bab8beed8e59421a0,17e6123b721dbc81875513fc7c9915a2eba92d8c973008e05f4954fdda41b490,ghnlm,1.0,27.086941976779745,0.888595682505656,57.97325511367267,,fixed_independent,,,42.43735891200049,8.0,8.0,NLM_fast_cuda_global,,,,,
set50,extreme,0.png,0,0.2,"[512, 512]",0a372ced9fd4d1f9633532a58073e3974b41da8cfc87f04ec8e9a8dc6a89bba1,bb82ddd95a6a25e95485a996c31e0375130595fb41bbf773b1bd5b01c13959c1,ghnlm,1.0,41.35757312069363,0.9939466128254741,70.37611720162053,,fixed_independent,,,29.92199692400027,8.0,8.0,NLM_fast_cuda_global,,,,,
set50,extreme,16.gif,0,0.2,"[512, 512]",2d68b31ae4d4c10bc0e60742ba3064c10d62113ffb3ca9a7c14b80e40b0e6170,c8d9a39d5ea106b2f8e0b3580157d89fa6290b7d7e8c0e322943dca12a068081,ghnlm,1.0,27.63290117719016,0.882976605845835,57.96528088088683,,fixed_independent,,,37.931772120999085,8.0,8.0,NLM_fast_cuda_global,,,,,
set50,extreme,15.gif,0,0.2,"[512, 512]",51e2066df33af18b47bcd356b17c6cdf04f2a5fd219ace410fcabb06698c6c71,c0c5b975b75787dda8b1787640e80a6419da298beb2e1a402d4d533166ac79a8,ghnlm,1.0,31.432382935339746,0.9530090345227522,63.366643193807484,,fixed_independent,,,35.7986308599975,8.0,8.0,NLM_fast_cuda_global,,,,,
set50,extreme,1.gif,0,0.2,"[512, 512]",95f21dff4cd5a318a519cb05a1e35fb41f49c007ca46345fd6917258be8d9d73,54e822cbce4710b252fbe64e0411a8ba078cc0c39f84b7119227543ee0ff4185,ghnlm,1.0,31.862504731800247,0.9676600716964812,64.31425595072419,,fixed_independent,,,31.91680662899671,8.0,8.0,NLM_fast_cuda_global,,,,,
set50,extreme,13.gif,0,0.2,"[512, 512]",c34b796bde09761f5bc3c358f20b72f49e020580ed0a76d5456c61f0da4499eb,a84c1c331a5b2661871dff4b6ef9f179c3d48a7adff60094eeec0c37ae9dc833,ghnlm,1.0,36.417386779064415,0.9840912230556019,67.4132545423123,,fixed_independent,,,30.079662388001452,8.0,8.0,NLM_fast_cuda_global,,,,,
set50,extreme,12.gif,0,0.2,"[512, 512]",3c3ec23125fea9974f2e94c0d93a534edf2ec60d33b6af79f9a60fef58295de4,1d12433516009299264d8cd1854d468e863db6cbefb911afc9f1b697bfd9710b,ghnlm,1.0,33.56401080770357,0.9498439698516559,64.27420389643459,,fixed_independent,,,34.88867658200252,8.0,8.0,NLM_fast_cuda_global,,,,,
set50,extreme,11.gif,0,0.2,"[512, 512]",b12e0216f269d1ad8f5dfe769baf0fb60142ab5235a6d1d62707dc52ca591071,fcdb2ce8ef577a9371493db0c92e2c924d780969164bcbc7ba6b5180060404fa,ghnlm,1.0,26.86994367209801,0.9467081551952004,60.77037959580902,,fixed_independent,,,30.655575141001464,8.0,8.0,NLM_fast_cuda_global,,,,,
set50,moderate,19.gif,0,0.03,"[512, 512]",d17c7663feb48c0fe318904421cb04ec7e850a109d952f66a49ac464a4176a1e,4a77cc7feb68ac2e5a85825f247e8e4c3c9679a7c0426f5bfdcd4072c19d4627,ghnlm,1.0,44.01043161260866,0.9965923417938017,71.83483289599442,,fixed_independent,,,5.96056433800004,,,,,,,,
set50,moderate,22.gif,0,0.03,"[512, 512]",dfe4f6c6370dbe0651bccc46e98ac3b787e8c63a3a37fb138fe6c81f3e32edd4,2e45a4290be99d09ad7c8b15ab628d656e317851811cf62a814d56799172c143,ghnlm,1.0,40.36172033265614,0.9936490967481754,69.86331500373684,,fixed_independent,,,5.874393058000351,,,,,,,,
set50,moderate,10.gif,0,0.03,"[512, 512]",e233b9bc584bbcbbdcbcbf3674e9c18c92aff37cf54afeec01dc2e7dc1811878,bf021845440d96f05ab8d1c21303bf9963fdc05185458026279984bb6cf67882,ghnlm,1.0,47.36130062014634,0.9983965452706689,73.60047757360661,,fixed_independent,,,5.74039549400004,,,,,,,,
set50,moderate,14.gif,0,0.03,"[512, 512]",83fe92c5398701971c09c467a97dc4bfdb94eb4b3ded548d26e5e7fcf62e4d2a,abe42801e069a3aebf3f39389e875a54b88a4e1f606a29719e6111251e33d91b,ghnlm,1.0,33.90965829979712,0.9887877611294341,66.39421720637027,,fixed_independent,,,6.474423122999724,,,,,,,,
set50,moderate,5.gif,0,0.03,"[512, 512]",49db903e1a87a0044a734fb77708aad9985011bc9ee9fb379099de1b4e946109,af29f9154f09d34b94284c16eae6366125c9201801f5961f397ede4007ff8d2a,ghnlm,1.0,49.38538507907822,0.9975797169473107,74.57167838690464,,fixed_independent,,,5.221541454999169,8.0,8.0,NLM_fast_cuda_global,,,,,
set50,moderate,44.gif,0,0.03,"[512, 512]",f968969e97bf6f8f47fd5940af0bd7481b61f2df6d5d553882b8938123b37289,bb1a9080a734e4376c0068ee09317d2e77d45ff3bc06189f526414812d722522,ghnlm,1.0,23.503166714771652,0.9448905023084974,58.9961084728107,,fixed_independent,,,12.234541892001289,8.0,8.0,NLM_fast_cuda_global,,,,,
set50,moderate,42.gif,0,0.03,"[512, 512]",f9b953242d46fc204da43e46262ac3754e9428050546213f592efb0fb7398f12,5a97f335dd14d16fa2a26568a61dbdd1f0cd96c034e1d93323385c6c8ee1278b,ghnlm,1.0,30.891781288372457,0.9884242269688782,64.86710199263014,,fixed_independent,,,6.4547688650000055,8.0,8.0,NLM_fast_cuda_global,,,,,
set50,moderate,38.gif,0,0.03,"[512, 512]",e39779dc60dbc76330293a5fdb44dfabe4d22433c36132e18afcf31a515217b4,7b05a5462bc68e44134575d6e71c54256811d7816777d48e15b8ebff29020534,ghnlm,1.0,47.741789568455715,0.9972991744764333,73.73585350804953,,fixed_independent,,,5.16211492200091,8.0,8.0,NLM_fast_cuda_global,,,,,
set50,moderate,48.gif,0,0.03,"[512, 512]",9b261d731fc3d639b0cc3dac391980b0c49dd558b24b95a14bb3f3eb9f3569d0,be699cc3e412bf91ef9e26d4f7be8e45cc78cbc1049db067c20cc8e0fdefa309,ghnlm,1.0,46.6468219686854,0.9974971430580023,73.19826813724282,,fixed_independent,,,5.141442128999188,8.0,8.0,NLM_fast_cuda_global,,,,,
set50,moderate,17.gif,0,0.03,"[512, 512]",6f8a02e1689062bed722742a554760dd74359b35fc8b969bab8beed8e59421a0,29b950eb5447df2cee11f6d9ed1e4ef64d57aa95f3d5eddc1297ed8706b401b4,ghnlm,1.0,34.165646656731724,0.9517066692861843,64.66815679267508,,fixed_independent,,,23.390664258999095,,,,,,,,
set50,moderate,0.png,0,0.03,"[512, 512]",0a372ced9fd4d1f9633532a58073e3974b41da8cfc87f04ec8e9a8dc6a89bba1,1890871d8ac6fdf241ae77566f9a0eb175baed8033bd8ffbdecf5475a45749fe,ghnlm,1.0,51.10063721293622,0.9992587617008634,75.51325669151129,,fixed_independent,,,5.87724672100012,,,,,,,,
set50,moderate,16.gif,0,0.03,"[512, 512]",2d68b31ae4d4c10bc0e60742ba3064c10d62113ffb3ca9a7c14b80e40b0e6170,108534efa550eb43c28b1af1689dc7e2b4ce02a2879364bb26dfe0bda7ea36a0,ghnlm,1.0,31.521025527420083,0.9566290925577124,63.59196739159566,,fixed_independent,,,13.61426942199978,,,,,,,,
set50,moderate,32.gif,0,0.03,"[512, 512]",c3cc3fb5da093d47d6808c6219ed907c3e69ab01954b1b929a8739cbbcc26493,d278879439261ffe9ed28694e5eea47639c1b8f5a8a94bace3543395b60dd533,ghnlm,1.0,31.2591622458562,0.8881092675290367,60.035044499379936,,fixed_independent,,,41.45964816000014,,,,,,,,
set50,moderate,30.gif,0,0.03,"[512, 512]",b1cccc0e8d64bae511f9cd0c5596628364bd1e09c90c5e793604a1f7a55f642f,d28020be6943581ea586663a46ffe8f3a0fb5dabd1de0042b989c19d113e461f,ghnlm,1.0,43.72260990076042,0.9952758019307072,71.62509504691556,,fixed_independent,,,5.755465351001476,,,,,,,,
set50,moderate,43.gif,0,0.03,"[512, 512]",443801cafadb33c7829b313f4efd834e70cc313567a260dd2b5554dc7ee6be98,1f8784755ea55d81ac618ccaca204d47bf177db66bd5c7daaede569bb788a981,ghnlm,1.0,43.08668656255654,0.9952006887184904,71.30337771720279,,fixed_independent,,,6.740430695999748,8.0,8.0,NLM_fast_cuda_global,,,,,
set50,moderate,47.gif,0,0.03,"[512, 512]",9005ddf994846f88305becd36c72a046818a094c026c69a8106c34b34a31a8fe,4d80ef3a631443edbca7f0f765de5e35a2502b2f168084e29548ba4f32211a34,ghnlm,1.0,37.4552844477306,0.9936505232734157,68.41016838753609,,fixed_independent,,,5.174511024999447,8.0,8.0,NLM_fast_cuda_global,,,,,
set50,moderate,25.gif,0,0.03,"[512, 512]",30838b6c4e963b60da10cc6158a119a7052a4ffa1ebdcc87bcf0054f681427c6,8e83987dd80258df03bc1d39081bd12f3e414e2a92e3b00b5454514001fa330e,ghnlm,1.0,44.973086089385404,0.993927216067186,72.182903848052,,fixed_independent,,,8.49205159399935,,,,,,,,
set50,moderate,7.gif,0,0.03,"[512, 512]",5e3769e24988284e1036ce844ee8e0f11dbe28fe111f6a962e37864dc34b60dc,43f856b2e4729aee32854ee85f842476fc982f3d9d390db1fb2b7253e4e7e89c,ghnlm,1.0,36.13968988069078,0.992500309707761,67.69486042573345,,fixed_independent,,,5.315420783999798,8.0,8.0,NLM_fast_cuda_global,,,,,
set50,moderate,15.gif,0,0.03,"[512, 512]",51e2066df33af18b47bcd356b17c6cdf04f2a5fd219ace410fcabb06698c6c71,2d9093eb41be84ce7ed0d978b9b19c485cbf154d47e52c2dd0fd828853447d0c,ghnlm,1.0,38.55465051572026,0.9886980549640353,68.71222800606189,,fixed_independent,,,7.758394739999858,,,,,,,,
set50,moderate,41.gif,0,0.03,"[512, 512]",1569598ab7f33ee44bcf70502565ffcd7528912a2c13cd1977fe64573770f1e6,ff0263a6707841b84077f68687f1b5681a02f5a5751a9c11140365b8582c92b3,ghnlm,1.0,44.83791472805012,0.9965895790776937,72.24843631790975,,fixed_independent,,,5.339731413001573,8.0,8.0,NLM_fast_cuda_global,,,,,
set50,moderate,6.gif,0,0.03,"[512, 512]",ca956c8aa0ec2de8bd2e4d7545c7f969215d4f7f65cb72ee9d31cb17df0033b6,84221910b6b9a6acdbb5afef9fc1ca7d246990555c43db357055a2f7fb1696d9,ghnlm,1.0,39.619324885532706,0.9864848289703799,69.13390389128534,,fixed_independent,,,9.097787119000714,8.0,8.0,NLM_fast_cuda_global,,,,,
set50,moderate,21.gif,0,0.03,"[512, 512]",74d2fa3fc2447fd331660c09f2f468f3cce983dc347509d32564e992fdebaf9a,d5ccfab06b048653f8250b070ca0b04342317d22a38961fa45c8b80e0d09c15a,ghnlm,1.0,45.07953672072819,0.996228196875665,72.35117820414735,,fixed_independent,,,6.07175692599958,,,,,,,,
set50,moderate,27.gif,0,0.03,"[512, 512]",bc7a1c1300b1b1bda264e18fbde62fa845194fac5839cb705a788c6ac331f517,aab60ccc545edf9dca9fa48d80e67ab5ad51f1057b062d7157c1f27cece394a7,ghnlm,1.0,37.18268285410443,0.9909468874435647,68.13868579923044,,fixed_independent,,,8.142140136000307,,,,,,,,
set50,moderate,46.gif,0,0.03,"[512, 512]",14cdebcd7b2b9e534cc9717933df6ccb4861289237cde90700810e2e6e2e245f,f68a978e6ae4cceafd52796314ca1bd61710126b4514f19d2cf2a1dbf543f9eb,ghnlm,1.0,38.770731588478625,0.9933568289460806,69.05320724154333,,fixed_independent,,,6.117508004999763,8.0,8.0,NLM_fast_cuda_global,,,,,
set50,moderate,20.gif,0,0.03,"[512, 512]",c3a4da195ffc62103521cd979723e50840fe46cfd989b567c826985f8b23dcf4,00025b7fcbcf353bccb34525bf06153c13450094f9fb05eda8e25b4b3cf81775,ghnlm,1.0,41.71903166260357,0.9942184368335418,70.57043767297887,,fixed_independent,,,6.347064679999676,,,,,,,,
set50,moderate,2.gif,0,0.03,"[512, 512]",b101b795e2638a1e9dbdaa513bdc8be6090aed4d6ac294b155e5f3a2c7c0bb80,7815db9fcaba45ca1fe9659edc8745c582da03a285a37be6aefbfc147089a99b,ghnlm,1.0,46.660203659758594,0.9966394754170473,73.16207560073167,,fixed_independent,,,5.821134195000923,,,,,,,,
set50,moderate,40.gif,0,0.03,"[512, 512]",911cad3f1d559f196f94ed9e80a9602969b74319acb1d70da238efdb48af38e2,4ed4227588674f3dfbd060c06df4a2a8737dae851b4ce97b19d6d26acd29cd88,ghnlm,1.0,51.96246586248354,0.9981526079857697,75.88886333053026,,fixed_independent,,,5.1821767300007195,8.0,8.0,NLM_fast_cuda_global,,,,,
set50,moderate,31.gif,0,0.03,"[512, 512]",33781418a1e6e85521011be7d450b002a8f8a8f1ba68a79c1219f3b3ba59b160,6c04ab1e187ca58f545f9b32e49810d14cc9f4baabf6e8b2e3ab576507435c08,ghnlm,1.0,30.41789124188292,0.9534752381814073,62.88270753001183,,fixed_independent,,,12.649861640000381,,,,,,,,
set50,moderate,29.gif,0,0.03,"[512, 512]",1eeb76c0386fbcd563a08eb25bbeffde427bdc62658e4bcc02c8aafbf733f219,7e36de98996efc03518db23d8b2790304e843bc1b59fa6dbd37c32ded4a6902b,ghnlm,1.0,32.36521048659953,0.935504065490335,62.95780851781652,,fixed_independent,,,15.160255712000435,,,,,,,,
set50,moderate,33.gif,0,0.03,"[512, 512]",7a10c4eca50167d8d459c2505f2b0f21cfb399e7b01adccaa0422695496c2e72,ba09b5b2b00094264b93b15dfe764f5f155d14fd8012fef6795bbb30e2e02af9,ghnlm,1.0,40.365404776247374,0.988186437457032,69.59202426097528,,fixed_independent,,,7.968174915000418,8.0,8.0,NLM_fast_cuda_global,,,,,
set50,moderate,24.gif,0,0.03,"[512, 512]",b8f6ebed7641854cd23e807c2f78d350f1373b2fe7f96e6ea18f8531797fbc3a,00361d9d18adafe8f56c1222f7c494507b310d4a76d7b0c8a82b2c1609574b41,ghnlm,1.0,44.81980573742268,0.9954546218037894,72.18263395890081,,fixed_independent,,,6.0681590029998915,,,,,,,,
set50,moderate,3.gif,0,0.03,"[512, 512]",e3e2313cc250162bd613776c7b0063891d9d56b3576c9808ac5c8c0e7e8fcb8d,dd14e890ca3c05f9cb0de1181aa5a5db0779077468bd4909ced1783680752557,ghnlm,1.0,42.24649212371547,0.9938976569550619,70.81812890961083,,fixed_independent,,,7.198151824000888,,,,,,,,
set50,moderate,1.gif,0,0.03,"[512, 512]",95f21dff4cd5a318a519cb05a1e35fb41f49c007ca46345fd6917258be8d9d73,b046c3ca53ac27d398655bff7451b2b566c0b17466b8819f428a346cbe1fb919,ghnlm,1.0,40.84813417291102,0.9959797853702577,70.22305635496839,,fixed_independent,,,5.750339006001013,,,,,,,,
set50,moderate,23.gif,0,0.03,"[512, 512]",05918015ae96873f255fec3e75ace895a76214abbeffdbfff55b5cf6214224c6,2daf28aacbb63227de565cd84c202daafbc0a84772d4320a0d4213b8214207da,ghnlm,1.0,50.46775598639716,0.9981179477529917,75.13977538084816,,fixed_independent,,,5.916698429000462,,,,,,,,
set50,moderate,35.gif,0,0.03,"[512, 512]",353590d221e21b53b97858fbc575a2320a10336f21bbed5dd461fa942bab100f,0fb08c5de87a5a41e52590493adbddf82a33f95b9154da10a9801c12a103de9f,ghnlm,1.0,45.54604043689327,0.9955303777635723,72.54953910662525,,fixed_independent,,,5.264677471999676,8.0,8.0,NLM_fast_cuda_global,,,,,
set50,moderate,36.gif,0,0.03,"[512, 512]",99a41bcc709d43204ca0f73a6593656300237e5367043081c5065ca77d5e3628,ac5122e3551e0bbc5ce45212b3e5a5b0036fdaec4bb1859d21d61fc5d6d185a9,ghnlm,1.0,42.54923740305492,0.995583651341705,71.05380126861272,,fixed_independent,,,5.2873468109992245,8.0,8.0,NLM_fast_cuda_global,,,,,
set50,moderate,26.gif,0,0.03,"[512, 512]",3efcc155fe7f35f9428c0536c9c1dc2b826188d5f0a5b0a90ecbf681233221e2,80df9d16ce4f4c986faf28bb5b520724b7cc3964f0373fd572fa16b065e88889,ghnlm,1.0,48.44123675884008,0.9973096679851423,74.08610177867715,,fixed_independent,,,7.063866135000353,,,,,,,,
set50,moderate,37.gif,0,0.03,"[512, 512]",74881a36c4896c931da56c784ac35afb478dc71ae7af27894deeb074f83e518a,7173cba5345fcfbe9557abb697d95042a919f4d6122da8ce612d77d8fb82cf11,ghnlm,1.0,44.641571785754984,0.9948312558373292,72.06234868474395,,fixed_independent,,,5.20879674599928,8.0,8.0,NLM_fast_cuda_global,,,,,
set50,moderate,13.gif,0,0.03,"[512, 512]",c34b796bde09761f5bc3c358f20b72f49e020580ed0a76d5456c61f0da4499eb,a2f2a757fc1c83f9bed8ee3c789083b32351ef8857a1a102fba848a3fe7d0f2a,ghnlm,1.0,44.99399470972067,0.9978806065047887,72.39102768009977,,fixed_independent,,,5.740121718999944,,,,,,,,
set50,moderate,28.gif,0,0.03,"[512, 512]",f509179793e6551fbec77f8fdd91e45d53d2dd6e0a87394377c4bb4c52eb9a43,0ec572cf93ac546cce976f078eeb44740a3e46ee9a4fce5909a4ee51526b79a3,ghnlm,1.0,45.775159688679196,0.994911414481596,72.63315056841941,,fixed_independent,,,5.610832292999476,,,,,,,,
set50,moderate,9.gif,0,0.03,"[512, 512]",8b76cd61996084e7d23b9f638b4d32839d9f6ac7965ef9b585f78bdbdaff16b3,08ebebac1d0c3f7ebfafdfa8e93fa92ed980cc02966803336351778a3d0128df,ghnlm,1.0,35.996720917274,0.986719584622342,67.3343396897541,,fixed_independent,,,8.095221393999964,8.0,8.0,NLM_fast_cuda_global,,,,,
set50,moderate,18.gif,0,0.03,"[512, 512]",539caf0cced15a86b729848a1a182b75776a621cf01b5e9a62085f53b86f3407,762e6943b9437065f73e4f6277554701b84063ead3f21c15cf1e7188d5fc83c8,ghnlm,1.0,30.616518445461985,0.9814701260036545,64.38176552291371,,fixed_independent,,,8.201261302001512,,,,,,,,
set50,moderate,49.gif,0,0.03,"[512, 512]",8311e02cd6238d6e74f6a9bf6fa5c250d748ceec5882a86242e2452c587cdf2b,51d6c89faaff83ef0b7b15a14c8357cccf0aa1dd8a38cf19b3dc5e7488c4f352,ghnlm,1.0,21.845902434537333,0.8907337520112357,55.45963881783045,,fixed_independent,,,40.594402493001326,8.0,8.0,NLM_fast_cuda_global,,,,,
set50,moderate,4.gif,0,0.03,"[512, 512]",fd89b9bfe327e11c7cfbc851fff026261f2c33ef17edc9373682def6616fdc4f,90c0c67bdd6ea5e7262ae4a17200e7f45a845bcba4d8cd17bc0c12abd43e6ccf,ghnlm,1.0,46.452513053732176,0.9966249644413421,73.05750474893318,,fixed_independent,,,5.15807861400026,8.0,8.0,NLM_fast_cuda_global,,,,,
set50,moderate,8.gif,0,0.03,"[512, 512]",fd53a01b9f6a3a02a5408efee91cfa235b1325372804d49874a677719089b14e,eb3e181f36ac425d497e384772f1bc27cbb99aaccac73affe890e3b538d1fec8,ghnlm,1.0,47.021822282640784,0.9974384242050618,73.38283235157348,,fixed_independent,,,5.139196628999343,8.0,8.0,NLM_fast_cuda_global,,,,,
set50,moderate,39.gif,0,0.03,"[512, 512]",e43557540646572e4a7b69124c49ff2c37c4d1695507c5d64a44d09a5043958e,b18d17a3f4769d559d7b4a3cbb523afee8371b8e3419c1884514b2f407e9a4ac,ghnlm,1.0,48.38483982550355,0.9975830821710892,74.07157402130623,,fixed_independent,,,5.316430408998713,8.0,8.0,NLM_fast_cuda_global,,,,,
set50,moderate,12.gif,0,0.03,"[512, 512]",3c3ec23125fea9974f2e94c0d93a534edf2ec60d33b6af79f9a60fef58295de4,a88e463713c8906dc55b4636147c4434d127d68a71e2e4d94601b4da5b09fa9e,ghnlm,1.0,40.95200656010619,0.9892085032605835,69.93642844308228,,fixed_independent,,,12.231533136000508,,,,,,,,
set50,moderate,45.gif,0,0.03,"[512, 512]",72644242bceb1596c04ab4ddde11989c7aa206ee2094402fadeac9f9c500d55a,8f542b8722cb2b0dabbae2e6f726b67333642ec2c57fc7ddbf447d23110afc60,ghnlm,1.0,45.04406089704542,0.9957796149497588,72.31101119601065,,fixed_independent,,,5.1566086920011,8.0,8.0,NLM_fast_cuda_global,,,,,
set50,moderate,11.gif,0,0.03,"[512, 512]",b12e0216f269d1ad8f5dfe769baf0fb60142ab5235a6d1d62707dc52ca591071,2b4a035721bdad7497c2bbf55e4f48957b4abd07b77f288442c504b9a2e5e739,ghnlm,1.0,33.635424421935426,0.9919146859249156,66.4134465072135,,fixed_independent,,,5.814287740000509,,,,,,,,
set50,moderate,34.gif,0,0.03,"[512, 512]",42a4b02f48b536770f4d42c1c4884a5b2a4a662af62778249a90a16c1d9f5398,55a28dcc5b7916918ef13b18a26e0b258b3c954f785ec8c1ee8d6498ea3b939b,ghnlm,1.0,43.427469217810184,0.9955546686354019,71.49146804067519,,fixed_independent,,,5.133737467000174,8.0,8.0,NLM_fast_cuda_global,,,,,
set50,low,19.gif,0,0.01,"[512, 512]",d17c7663feb48c0fe318904421cb04ec7e850a109d952f66a49ac464a4176a1e,4d9fcea700a23bddd85518f70e1f1a21427252e043050cf82bbd584a784dcdf2,ghnlm,1.0,48.692697752247234,0.9988233684078056,74.2875172965139,,fixed_independent,,,2.4515957410003466,,,,,,,,
set50,low,22.gif,0,0.01,"[512, 512]",dfe4f6c6370dbe0651bccc46e98ac3b787e8c63a3a37fb138fe6c81f3e32edd4,b2c86302dd35784935b349103eea4994bac78882b1f66fe05cbd0eff3c4f3692,ghnlm,1.0,45.37286273579086,0.9978522040105621,72.57904156842353,,fixed_independent,,,2.4293879000015295,,,,,,,,
set50,low,10.gif,0,0.01,"[512, 512]",e233b9bc584bbcbbdcbcbf3674e9c18c92aff37cf54afeec01dc2e7dc1811878,ed18cdba5c14f3575b15c3dbd6cb7821e1672460cf265af262fa809b2dcc9878,ghnlm,1.0,52.64549918667888,0.9994571507770194,76.29560713219041,,fixed_independent,,,2.4577323459998297,,,,,,,,
set50,low,14.gif,0,0.01,"[512, 512]",83fe92c5398701971c09c467a97dc4bfdb94eb4b3ded548d26e5e7fcf62e4d2a,64abc2d905aabb38864450f0af1ad424bb1689ea0666689a0a39ea98c8e6c64e,ghnlm,1.0,35.38339198058849,0.9932147380064223,67.35243289061536,,fixed_independent,,,2.970186364998881,,,,,,,,
set50,low,5.gif,0,0.01,"[512, 512]",49db903e1a87a0044a734fb77708aad9985011bc9ee9fb379099de1b4e946109,dbd952e46b4726c976e4c86376e9410d20bfc6334f5e9e484a536a9f0337370b,ghnlm,1.0,54.187871110214346,0.999167957996374,77.05233345492587,,fixed_independent,,,2.3879800920003618,,,,,,,,
set50,low,44.gif,0,0.01,"[512, 512]",f968969e97bf6f8f47fd5940af0bd7481b61f2df6d5d553882b8938123b37289,42e3c08cf2b0cec0c123c4090e6a3f4b8b8ee6df540c5eec04ad9484bc032028,ghnlm,1.0,23.787619042098015,0.9513402290887611,59.46082097548707,,fixed_independent,,,10.652983698999378,,,,,,,,
set50,low,42.gif,0,0.01,"[512, 512]",f9b953242d46fc204da43e46262ac3754e9428050546213f592efb0fb7398f12,fca820cfcfd19eacbd368d0e7c81d4bf941a17e29fe10943058be3157ad7ecdd,ghnlm,1.0,31.19573386447245,0.9921586408633114,65.20579897540179,,fixed_independent,,,3.9891912179991778,,,,,,,,
set50,low,38.gif,0,0.01,"[512, 512]",e39779dc60dbc76330293a5fdb44dfabe4d22433c36132e18afcf31a515217b4,8a4f622d145ab8ed04f447bd3e6fea77afa39ceaa5e438fdaefe8a638cb76d4d,ghnlm,1.0,52.54523427917551,0.9991343167065178,76.22933297491365,,fixed_independent,,,2.3627984569993714,,,,,,,,
set50,low,48.gif,0,0.01,"[512, 512]",9b261d731fc3d639b0cc3dac391980b0c49dd558b24b95a14bb3f3eb9f3569d0,de7039382b2c716bf8b8bd9ef90136c7a8e43e3e8bdee5fa3447bde9a6becb68,ghnlm,1.0,51.39096132426601,0.9991923604675021,75.65509868550811,,fixed_independent,,,2.514311352000732,,,,,,,,
set50,low,17.gif,0,0.01,"[512, 512]",6f8a02e1689062bed722742a554760dd74359b35fc8b969bab8beed8e59421a0,da214e6323ceeebbcc7aa2be59f5915388fdb98dd02a39f8ca94705bae09da2a,ghnlm,1.0,35.912800890568214,0.971337021613313,66.52325152594976,,fixed_independent,,,16.825013779000074,,,,,,,,
set50,low,0.png,0,0.01,"[512, 512]",0a372ced9fd4d1f9633532a58073e3974b41da8cfc87f04ec8e9a8dc6a89bba1,580fbc14af471717cfc09261d71b2bee527d3960eb5a144e296d4af84219023d,ghnlm,1.0,55.13018958464863,0.999719612906961,77.55107543767237,,fixed_independent,,,2.6542878069994913,,,,,,,,
set50,low,16.gif,0,0.01,"[512, 512]",2d68b31ae4d4c10bc0e60742ba3064c10d62113ffb3ca9a7c14b80e40b0e6170,5a34727aa846ef18673a8ed97ce9030df3297566700329ed4d9163d22c8c0e23,ghnlm,1.0,32.246216900320974,0.9641253548009889,64.32937619020993,,fixed_independent,,,8.206512851000298,,,,,,,,
set50,low,32.gif,0,0.01,"[512, 512]",c3cc3fb5da093d47d6808c6219ed907c3e69ab01954b1b929a8739cbbcc26493,ee0b605cf5805cee95dec190b897d374b300762268a951bc2923c750885eb553,ghnlm,1.0,33.07921995575252,0.9381896080633304,63.44909038104278,,fixed_independent,,,36.42735438999989,,,,,,,,
set50,low,30.gif,0,0.01,"[512, 512]",b1cccc0e8d64bae511f9cd0c5596628364bd1e09c90c5e793604a1f7a55f642f,8ca3d59b856fd4291a18000f1171df98f2ccda8b342a7686d3fe46cb7cbe5e9a,ghnlm,1.0,48.94087147831418,0.9984750105604294,74.39418626717855,,fixed_independent,,,2.3847044769991044,,,,,,,,
set50,low,43.gif,0,0.01,"[512, 512]",443801cafadb33c7829b313f4efd834e70cc313567a260dd2b5554dc7ee6be98,0367df72489ecd2f6c17785be16d482c8ad0f56c301ac5135b7c597d340c320a,ghnlm,1.0,44.93708388952186,0.9972689369217006,72.33198879084597,,fixed_independent,,,4.336512603000301,,,,,,,,
set50,low,47.gif,0,0.01,"[512, 512]",9005ddf994846f88305becd36c72a046818a094c026c69a8106c34b34a31a8fe,b58103ccb1517d653cbc447db4dc4d1bbfe39e12b76ae800a60c523302295055,ghnlm,1.0,40.563155189772395,0.9977515944400576,70.16915731688907,,fixed_independent,,,2.412025657000413,,,,,,,,
set50,low,25.gif,0,0.01,"[512, 512]",30838b6c4e963b60da10cc6158a119a7052a4ffa1ebdcc87bcf0054f681427c6,54d84616da890c632d6a16057e9dc62f9b7d564bf73fa85bad96d32d0b8e37f3,ghnlm,1.0,46.362354045619234,0.9957603943869865,72.96919674215894,,fixed_independent,,,4.926021998999204,,,,,,,,
set50,low,7.gif,0,0.01,"[512, 512]",5e3769e24988284e1036ce844ee8e0f11dbe28fe111f6a962e37864dc34b60dc,64adbe011994dd5254c8b1aa9d24094637976f4c9b2c0e6b111ad13c8fd77d7f,ghnlm,1.0,39.98878728343114,0.9973954550922906,69.86416639633009,,fixed_independent,,,2.5177393840003788,,,,,,,,
set50,low,15.gif,0,0.01,"[512, 512]",51e2066df33af18b47bcd356b17c6cdf04f2a5fd219ace410fcabb06698c6c71,8c7914d337e62afbc812f7fa21b64172783d92b5a5d191250b56d3acae35dbbe,ghnlm,1.0,40.84812178389491,0.9927463398883841,70.06137788636667,,fixed_independent,,,4.442771359999824,,,,,,,,
set50,low,41.gif,0,0.01,"[512, 512]",1569598ab7f33ee44bcf70502565ffcd7528912a2c13cd1977fe64573770f1e6,5ca718b9bf3bcbf2d15f3cbfb1bb2ef9abb4b101ff07a87ae2357f80b38f995c,ghnlm,1.0,48.74194315535686,0.9987687893776048,74.30941104655867,,fixed_independent,,,2.452622740998777,,,,,,,,
set50,low,6.gif,0,0.01,"[512, 512]",ca956c8aa0ec2de8bd2e4d7545c7f969215d4f7f65cb72ee9d31cb17df0033b6,c6a47fae86a982cf63f74e711953f9f9a442abe14bf023e0693cfabf476f7cb5,ghnlm,1.0,41.33548263964478,0.9908128628632853,70.20838446298666,,fixed_independent,,,7.036406031000297,,,,,,,,
set50,low,21.gif,0,0.01,"[512, 512]",74d2fa3fc2447fd331660c09f2f468f3cce983dc347509d32564e992fdebaf9a,d6fd972bca83abb88fbd0d7db771bbd0375fc9aad445e30f544c635990c9c919,ghnlm,1.0,50.06960342925048,0.9987402599549761,74.97181471237404,,fixed_independent,,,2.2913423480003985,,,,,,,,
set50,low,27.gif,0,0.01,"[512, 512]",bc7a1c1300b1b1bda264e18fbde62fa845194fac5839cb705a788c6ac331f517,34bf2bcdfa12b56d970deac4f2646885f4df8f2a6be51ff1c842febb5cfa07bb,ghnlm,1.0,37.853744516942676,0.9947603924364565,68.66489188029416,,fixed_independent,,,4.751165821999166,,,,,,,,
set50,low,46.gif,0,0.01,"[512, 512]",14cdebcd7b2b9e534cc9717933df6ccb4861289237cde90700810e2e6e2e245f,78f82fbfe7bfe1bd10a0ec830f660de577a7abe9ec75464d1c9180c2515cc412,ghnlm,1.0,41.082309379610706,0.9966877981399802,70.37554459680436,,fixed_independent,,,3.437922694000008,,,,,,,,
set50,low,20.gif,0,0.01,"[512, 512]",c3a4da195ffc62103521cd979723e50840fe46cfd989b567c826985f8b23dcf4,926c8ffad204b1af9489027ea8e92efcf84f2315c100ce06303e326031b86775,ghnlm,1.0,44.7251701011482,0.997513755616969,72.23827283142255,,fixed_independent,,,2.8090627329984272,,,,,,,,
set50,low,2.gif,0,0.01,"[512, 512]",b101b795e2638a1e9dbdaa513bdc8be6090aed4d6ac294b155e5f3a2c7c0bb80,7195960aa368bfaccac8b97b6cd55bb61f7a81ada3a5c613dad979b7e2a88ecd,ghnlm,1.0,51.50694509991957,0.9989211781253219,75.69953145622588,,fixed_independent,,,2.3838083669998014,,,,,,,,
set50,low,40.gif,0,0.01,"[512, 512]",911cad3f1d559f196f94ed9e80a9602969b74319acb1d70da238efdb48af38e2,bb2b2ab1d2fb46491c3104537a7862d16c6540386d39c2d42b4dc0416f5fb0f1,ghnlm,1.0,56.469611994255445,0.9993766530322254,78.203638648739,,fixed_independent,,,2.455582931999743,,,,,,,,
set50,low,31.gif,0,0.01,"[512, 512]",33781418a1e6e85521011be7d450b002a8f8a8f1ba68a79c1219f3b3ba59b160,d6d7419dbd47cf4100df960a94ea3e33a9de9181970199e822813a042cca89e3,ghnlm,1.0,31.306206389040536,0.9603179343360474,63.668999911322636,,fixed_independent,,,8.587941931000387,,,,,,,,
set50,low,29.gif,0,0.01,"[512, 512]",1eeb76c0386fbcd563a08eb25bbeffde427bdc62658e4bcc02c8aafbf733f219,344bd3e7159aeb387f857c93bd519dbbefe06fcd40fc9b623eb0f0cfe1416ba9,ghnlm,1.0,33.07114705575144,0.9414937305811546,63.61026005693345,,fixed_independent,,,11.881280186998993,,,,,,,,
set50,low,33.gif,0,0.01,"[512, 512]",7a10c4eca50167d8d459c2505f2b0f21cfb399e7b01adccaa0422695496c2e72,c217786b989c52b18af02ac4eccfe62dd596f977dca2d7b6dc1bd0986f48da81,ghnlm,1.0,41.82452672256085,0.9918181737319137,70.50317204787612,,fixed_independent,,,4.4186160799999925,,,,,,,,
set50,low,24.gif,0,0.01,"[512, 512]",b8f6ebed7641854cd23e807c2f78d350f1373b2fe7f96e6ea18f8531797fbc3a,23816520001755e583487cbe7dcd417d2e11a1ad056ec210acef626b034fdf36,ghnlm,1.0,46.491932653068346,0.9973176707353527,73.11184986330181,,fixed_independent,,,2.836188867000601,,,,,,,,
set50,low,3.gif,0,0.01,"[512, 512]",e3e2313cc250162bd613776c7b0063891d9d56b3576c9808ac5c8c0e7e8fcb8d,cc396bbe23c5212ba6baa086bf53a40beef07fa4020fe5ace7fbfa32416f23fa,ghnlm,1.0,43.88991700063719,0.9960388140836824,71.74689920450271,,fixed_independent,,,3.790151885999876,,,,,,,,
set50,low,1.gif,0,0.01,"[512, 512]",95f21dff4cd5a318a519cb05a1e35fb41f49c007ca46345fd6917258be8d9d73,be092100aa91ae017a208b593f7b1c88fc347faaded98e1691b9fbdb9bbdb3ae,ghnlm,1.0,45.29001937391207,0.9985727118076342,72.57364527733775,,fixed_independent,,,2.2988428230000864,,,,,,,,
set50,low,23.gif,0,0.01,"[512, 512]",05918015ae96873f255fec3e75ace895a76214abbeffdbfff55b5cf6214224c6,8825f87136cb87cb87b7ee7b3bb71b82eaa68700864d5cc6e83af9fae3f56555,ghnlm,1.0,55.014681103047366,0.9992544259624061,77.470061849644,,fixed_independent,,,2.3167934600005538,,,,,,,,
set50,low,35.gif,0,0.01,"[512, 512]",353590d221e21b53b97858fbc575a2320a10336f21bbed5dd461fa942bab100f,470525874460bc637beb1f22c12cf7d95266c96ae72a58df1b8b8a45d7421dd5,ghnlm,1.0,50.3051825120891,0.9985075291788258,75.07796771498583,,fixed_independent,,,2.4630805990000226,,,,,,,,
set50,low,36.gif,0,0.01,"[512, 512]",99a41bcc709d43204ca0f73a6593656300237e5367043081c5065ca77d5e3628,4c9fb2ffd6c3cd4191de57133e1f175dccaa7d659a83f2db7fb68f86bfb5eab5,ghnlm,1.0,47.36211943750759,0.9985359452519974,73.60785698135366,,fixed_independent,,,2.3522210610008187,,,,,,,,
set50,low,26.gif,0,0.01,"[512, 512]",3efcc155fe7f35f9428c0536c9c1dc2b826188d5f0a5b0a90ecbf681233221e2,fd6e5b6bb21f31fce84588fbf0def61aa7799be96bceaf1f8f821ce91540ca55,ghnlm,1.0,53.33141929586767,0.9991246964276748,76.62194446931757,,fixed_independent,,,2.3595071239997196,,,,,,,,
set50,low,37.gif,0,0.01,"[512, 512]",74881a36c4896c931da56c784ac35afb478dc71ae7af27894deeb074f83e518a,d34dc52c2c08a14e007ecacf562579826f45b0b1707e067dff6b3df9968dbbaf,ghnlm,1.0,49.733302872043545,0.9984311371830709,74.78820829517531,,fixed_independent,,,2.365563428000314,,,,,,,,
set50,low,13.gif,0,0.01,"[512, 512]",c34b796bde09761f5bc3c358f20b72f49e020580ed0a76d5456c61f0da4499eb,21d5f13f0aba8a02886ff598d918384e41d968bbb44abcae71af497143790552,ghnlm,1.0,50.45857212409996,0.9993272551097144,75.1956488175357,,fixed_independent,,,2.4200723670001025,,,,,,,,
set50,low,28.gif,0,0.01,"[512, 512]",f509179793e6551fbec77f8fdd91e45d53d2dd6e0a87394377c4bb4c52eb9a43,dd3ba862107b756742d3029f750c4d7be7c1283c6fb9ff3273684e5e05640984,ghnlm,1.0,50.52444928409005,0.9983072669884488,75.17758799146748,,fixed_independent,,,2.4484415509996325,,,,,,,,
set50,low,9.gif,0,0.01,"[512, 512]",8b76cd61996084e7d23b9f638b4d32839d9f6ac7965ef9b585f78bdbdaff16b3,4cd76b34e1053d8ac22d03bda2ce6fe4218266806e9f352d164ab9cdb6ad5b7d,ghnlm,1.0,36.96294003384903,0.9902482114442908,67.99388058913905,,fixed_independent,,,5.7924634580012935,,,,,,,,
set50,low,18.gif,0,0.01,"[512, 512]",539caf0cced15a86b729848a1a182b75776a621cf01b5e9a62085f53b86f3407,5873c891357876f2dbe9c9d0e5fc2da0fd371a9cf25f1268ae8f5893ee21f411,ghnlm,1.0,31.314324210760674,0.9862412734025497,64.96922577550782,,fixed_independent,,,4.745549821000168,,,,,,,,
set50,low,49.gif,0,0.01,"[512, 512]",8311e02cd6238d6e74f6a9bf6fa5c250d748ceec5882a86242e2452c587cdf2b,8125d7f83fc4d3be014d6ec00247ddfe409213305964ff8d8abbcaaaf07d5131,ghnlm,1.0,22.224564689479067,0.9286895604066234,57.5467603650707,,fixed_independent,,,44.16078139899946,,,,,,,,
set50,low,4.gif,0,0.01,"[512, 512]",fd89b9bfe327e11c7cfbc851fff026261f2c33ef17edc9373682def6616fdc4f,cb585c5a840cc56bfa16227eca05f3d968ee47e4d8a6d4f6a8098f24c92e5ebe,ghnlm,1.0,50.15766022709578,0.9987704152810608,75.01735087760093,,fixed_independent,,,2.5730398850009806,,,,,,,,
set50,low,8.gif,0,0.01,"[512, 512]",fd53a01b9f6a3a02a5408efee91cfa235b1325372804d49874a677719089b14e,959d9223c31d5d17f16e71514f09e97be2737ed240f0e73975f0bb5c91651a10,ghnlm,1.0,51.93942843149988,0.9991917760700685,75.92930301925335,,fixed_independent,,,2.4043142259997694,,,,,,,,
set50,low,39.gif,0,0.01,"[512, 512]",e43557540646572e4a7b69124c49ff2c37c4d1695507c5d64a44d09a5043958e,44e6529e24cceca1d712601d81f8499b0bc9587c6093ab99c831d09ccf79016a,ghnlm,1.0,52.96874455186852,0.9991354326536177,76.44114390861515,,fixed_independent,,,2.3025412970000616,,,,,,,,
set50,low,12.gif,0,0.01,"[512, 512]",3c3ec23125fea9974f2e94c0d93a534edf2ec60d33b6af79f9a60fef58295de4,fa9482fa551439d9f17531d42a955c1c9fb456df7a7ea0c45be4ad6a23db1c47,ghnlm,1.0,43.435076518013645,0.9939437062211933,71.41472357006649,,fixed_independent,,,8.93854982799894,,,,,,,,
set50,low,45.gif,0,0.01,"[512, 512]",72644242bceb1596c04ab4ddde11989c7aa206ee2094402fadeac9f9c500d55a,c3ab35a48c81121c8b48794984160850baf0a8f64d9009ea6eeefb548e11df68,ghnlm,1.0,49.80383696710039,0.9986125659825198,74.83254678267619,,fixed_independent,,,2.42454370699852,,,,,,,,
set50,low,11.gif,0,0.01,"[512, 512]",b12e0216f269d1ad8f5dfe769baf0fb60142ab5235a6d1d62707dc52ca591071,8948decfdbaad42c41f6d0264883a357a35557ce680c55d8a78313aad39151af,ghnlm,1.0,35.91562514398347,0.9969113933558732,67.80338223978539,,fixed_independent,,,2.598203776999071,,,,,,,,
set50,low,34.gif,0,0.01,"[512, 512]",42a4b02f48b536770f4d42c1c4884a5b2a4a662af62778249a90a16c1d9f5398,dd73eaa5ded2fd68bedf81c188a0c44f01c7edbdcbf0abdf70e7d6c10a63bf63,ghnlm,1.0,48.462267405047626,0.9985326555611826,74.15776648058295,,fixed_independent,,,2.3905744910007343,,,,,,,,
set12,high,02.png,0,0.1,"[512, 512]",9a0925d4efea52b4b8355baab41b735118c594bada85c1650a8c929d4bedd645,e416650380e12917a3a2eeeb4269219a30b3b8cc16efb4db753ec8cb052bd8c8,ghnlm,1.0,53.39787449268094,0.9986329024741964,76.63058237005029,,fixed_independent,,,17.494166176000363,,,,,,,,
set12,high,10.png,0,0.1,"[512, 512]",fa9370ee1649c3bf2aa161f01d3d2575a2dedca729f26b78bd75d618679b9889,7164aae5d6477ab64a9b20611d6b33f74569a62d739a897485e7d12dad80435d,ghnlm,1.0,40.95984586725716,0.9911242169684953,70.03613378205334,,fixed_independent,,,17.59725586499917,,,,,,,,
set12,high,09.png,0,0.1,"[512, 512]",4b3ddbef5883a30e02120d9280c878727f5282bb054525cf3a5b0fcffb889d5c,3e0d74d912d9f117e2941f19693e873a800672ebfc0237c1409a0ea272ec7872,ghnlm,1.0,34.99400597370658,0.985020379829896,66.74802197834809,,fixed_independent,,,17.628483477999907,,,,,,,,
set12,high,07.png,0,0.1,"[512, 512]",154769fc48745384ec8816fc554051b0dd5f1c55071de2669c9058bf3a96574e,2ba0d75dafd4a58439379072ed0bc3d150f40e4390b9b33d20349e9f1b29b718,ghnlm,1.0,35.15368627149317,0.9949737835502954,67.32553231326136,,fixed_independent,,,17.694315635999374,,,,,,,,
set12,high,05.png,0,0.1,"[512, 512]",0a48bd94dc684e9744094acf5f9409ae1a147f367207cbcf847ffecc9506b1e3,99ebf5f91f8d5011c136e3657c039f5f484f7a9ad07790541df20dd03bf9c836,ghnlm,1.0,49.13598708949386,0.9987850596989244,74.50724652969315,,fixed_independent,,,17.188181479999912,,,,,,,,
set12,high,08.png,0,0.1,"[512, 512]",2c394996c73fe787fca843f9f42014d5330dda4ad3053466b934f2c52d1c1f84,df4e8481f6afd5a29944a9cd59f15e3ba5659986829732fd430d6985cd4b7fc9,ghnlm,1.0,39.7169185374285,0.9886278562316106,69.28985208029478,,fixed_independent,,,17.591073505000168,,,,,,,,
set12,high,01.png,0,0.1,"[512, 512]",0a372ced9fd4d1f9633532a58073e3974b41da8cfc87f04ec8e9a8dc6a89bba1,5c64fdfe33f4ceb5a47428c2edc3ca4f989b1078a7da5d038a7aac327de869fd,ghnlm,1.0,45.49208932847364,0.9973947196884277,72.61578064865822,,fixed_independent,,,17.797819194998738,,,,,,,,
set12,high,04.png,0,0.1,"[512, 512]",7f6baec8e072815d469acd5d149f5da86b89ef26df1895c4edde2d5758900fd0,0a9fd41a69964cdee98a13387f66a0e0afec3986fcdb81bfef6cf0b952ec854c,ghnlm,1.0,50.090780845391684,0.9987576151947691,74.9832711824343,,fixed_independent,,,17.360387417998936,,,,,,,,
set12,high,06.png,0,0.1,"[512, 512]",aa1ae42753ac532294aa25320a62b1fb9aa4b54ad1627f3551d0532393b63c6e,d64e7d6cff0dd1480f8ba1a2df2cb1a7e53c3656ab86e3b1aaaf93b31a9edfbf,ghnlm,1.0,42.06961424448798,0.9944792619755205,70.75877022102001,,fixed_independent,,,17.065781291999883,,,,,,,,
set12,high,03.png,0,0.1,"[512, 512]",ecaf4e62d02b750095b71c0828247049848c285190975276e63ef6d951b37cf4,4b3536cd26cb2a06a9257208afef360b062fd3e9ee7285ba6d4c75c0e03474d9,ghnlm,1.0,40.13584477367364,0.9985507616355012,69.99546046861187,,fixed_independent,,,17.760415517999718,,,,,,,,
set12,high,11.png,0,0.1,"[512, 512]",17b452cc44e876adc0d3fd3607e8c9ab9e04406fa1702d436005e99db30c6108,efb327d0e9507fdf30c7e6389581d470feab9b99fac8c2659863071b5babac8d,ghnlm,1.0,34.13330701751727,0.9471919613510034,64.4262515763088,,fixed_independent,,,29.959069315000306,,,,,,,,
set12,medium,02.png,0,0.05,"[512, 512]",9a0925d4efea52b4b8355baab41b735118c594bada85c1650a8c929d4bedd645,c3f9d39a11e3011c40ec0ba98de83291f1b1fcd783cfca19fa39be37ecb6240b,ghnlm,1.0,57.034623329586964,0.9993621900280469,78.48542116619583,,fixed_independent,,,9.27044956699865,,,,,,,,
set12,medium,10.png,0,0.05,"[512, 512]",fa9370ee1649c3bf2aa161f01d3d2575a2dedca729f26b78bd75d618679b9889,87d8a8c260cdb8c52551132cb0dfe95ee2f14d151af9ff4d6168d5800396b42c,ghnlm,1.0,44.15863275608716,0.9957378787273482,71.86621031441099,,fixed_independent,,,9.1114083020002,,,,,,,,
set12,medium,09.png,0,0.05,"[512, 512]",4b3ddbef5883a30e02120d9280c878727f5282bb054525cf3a5b0fcffb889d5c,7c56fc735c741056497fe6ad8b491244bf2746021f23f9e3f3b7401a4df3be52,ghnlm,1.0,38.1316055264657,0.9928696249866884,68.70928401256727,,fixed_independent,,,9.181439287000103,,,,,,,,
set12,medium,07.png,0,0.05,"[512, 512]",154769fc48745384ec8816fc554051b0dd5f1c55071de2669c9058bf3a96574e,50403390a446b8878af128c5b5eb24f750286ab630615b3caace33849ff6c560,ghnlm,1.0,35.61713738826526,0.9967757763485834,67.64735751156181,,fixed_independent,,,9.301237734998722,,,,,,,,
set12,medium,05.png,0,0.05,"[512, 512]",0a48bd94dc684e9744094acf5f9409ae1a147f367207cbcf847ffecc9506b1e3,adb057f232e03a2f58a65b65c32bd3ae831f109d80147c92d9e62f40775bc731,ghnlm,1.0,52.91851507366222,0.9994554529636989,76.43203018501606,,fixed_independent,,,9.132140110001274,,,,,,,,
set12,medium,08.png,0,0.05,"[512, 512]",2c394996c73fe787fca843f9f42014d5330dda4ad3053466b934f2c52d1c1f84,8e3d7b1e875d19f22c64e3044a9d0c41b820f9cfa02088458ff600eaf223eb5f,ghnlm,1.0,42.67304542194006,0.9943537426934629,71.05420984564317,,fixed_independent,,,9.344901402999312,,,,,,,,
set12,medium,01.png,0,0.05,"[512, 512]",0a372ced9fd4d1f9633532a58073e3974b41da8cfc87f04ec8e9a8dc6a89bba1,95660ff47115848bd895ed7581195e91c2ab4a1746122ef36b82c4d90108493b,ghnlm,1.0,48.91938339032858,0.9987507722984851,74.39723031008855,,fixed_independent,,,9.345506233999913,,,,,,,,
set12,medium,04.png,0,0.05,"[512, 512]",7f6baec8e072815d469acd5d149f5da86b89ef26df1895c4edde2d5758900fd0,1c72f71d2f5910501fba30fd6269d5a73022d2e2701365d87f47014e5f50f8e5,ghnlm,1.0,53.972313734557005,0.999450090146082,76.9586613745826,,fixed_independent,,,9.34085166099976,,,,,,,,
set12,medium,06.png,0,0.05,"[512, 512]",aa1ae42753ac532294aa25320a62b1fb9aa4b54ad1627f3551d0532393b63c6e,418ae6ffd6be74f226d8da4b414080f6be346245802a6e9c0b97dc4ff2a94400,ghnlm,1.0,45.26088402509234,0.9972946264461813,72.49517333485522,,fixed_independent,,,9.198207722000006,,,,,,,,
set12,medium,03.png,0,0.05,"[512, 512]",ecaf4e62d02b750095b71c0828247049848c285190975276e63ef6d951b37cf4,0a2b74a80e9ef7c6edfd254d6abd4f21d8fc939cbcfe8e477f4c4a919f7d715d,ghnlm,1.0,40.54409986938155,0.9992630174070849,70.23520080504503,,fixed_independent,,,9.660998979999931,,,,,,,,
set12,medium,11.png,0,0.05,"[512, 512]",17b452cc44e876adc0d3fd3607e8c9ab9e04406fa1702d436005e99db30c6108,599e46ff8f73bb0bcb238e7a5776355ab3a55274a6828355adfafd7ae4d55c02,ghnlm,1.0,36.833232619123905,0.9681296724714079,66.82309993313234,,fixed_independent,,,22.438795656000366,,,,,,,,
set12,extreme,02.png,0,0.2,"[512, 512]",9a0925d4efea52b4b8355baab41b735118c594bada85c1650a8c929d4bedd645,49df52a59b6c929c5f31dd1d9dcd3a8cc145517e504d2433ddbe093f2ea75a04,ghnlm,1.0,49.03448701198269,0.9967276113699894,74.35362407449082,,fixed_independent,,,33.85894714699862,,,,,,,,
set12,extreme,10.png,0,0.2,"[512, 512]",fa9370ee1649c3bf2aa161f01d3d2575a2dedca729f26b78bd75d618679b9889,54206e07e2533ce3cdc4f253b01d2bcf15986e6aa5edcfa3142c91d69412c383,ghnlm,1.0,37.52230706714411,0.9808406293997635,67.80318500356023,,fixed_independent,,,34.102663404999475,,,,,,,,
set12,extreme,09.png,0,0.2,"[512, 512]",4b3ddbef5883a30e02120d9280c878727f5282bb054525cf3a5b0fcffb889d5c,0b3ebc1adeda4f915d78dc938f4f6754e061d4488a42511b466d50496ed3c90d,ghnlm,1.0,31.640940099736838,0.9669800885406592,64.16947447690137,,fixed_independent,,,33.99759463100054,,,,,,,,
set12,extreme,07.png,0,0.2,"[512, 512]",154769fc48745384ec8816fc554051b0dd5f1c55071de2669c9058bf3a96574e,a555b68256523f4ea9a6a3a1d63d525af0a21767eb731194aeaa7d0237229d14,ghnlm,1.0,34.17328527179256,0.9904243562144768,66.60786044662012,,fixed_independent,,,34.24165601999994,,,,,,,,
set12,extreme,05.png,0,0.2,"[512, 512]",0a48bd94dc684e9744094acf5f9409ae1a147f367207cbcf847ffecc9506b1e3,47e001521556c7ceb0d8f2d01af9cf5e6eedb001280a9b295e77fef79fb60244,ghnlm,1.0,44.25970607451496,0.99675016667903,71.96736137120898,,fixed_independent,,,33.83253333900029,,,,,,,,
set12,extreme,08.png,0,0.2,"[512, 512]",2c394996c73fe787fca843f9f42014d5330dda4ad3053466b934f2c52d1c1f84,b513454383e7814ea07019014f0d151fde15b5a47f3e20c6d9f3194be9c69f56,ghnlm,1.0,36.30747319013746,0.975011503809292,66.90431178553334,,fixed_independent,,,33.78316490300131,,,,,,,,
set12,extreme,01.png,0,0.2,"[512, 512]",0a372ced9fd4d1f9633532a58073e3974b41da8cfc87f04ec8e9a8dc6a89bba1,bb82ddd95a6a25e95485a996c31e0375130595fb41bbf773b1bd5b01c13959c1,ghnlm,1.0,41.35757312069363,0.9939466128254741,70.37611720162053,,fixed_independent,,,33.959409930999755,,,,,,,,
set12,extreme,04.png,0,0.2,"[512, 512]",7f6baec8e072815d469acd5d149f5da86b89ef26df1895c4edde2d5758900fd0,bed36c52da9f24d3ca3fb49a29cd8e86158fb485d9e63c07e1c4acb7624e204a,ghnlm,1.0,45.59044040494885,0.9967989805019758,72.63516922757321,,fixed_independent,,,33.66772412000137,,,,,,,,
set12,extreme,06.png,0,0.2,"[512, 512]",aa1ae42753ac532294aa25320a62b1fb9aa4b54ad1627f3551d0532393b63c6e,99762f4e36329a2a9ca8ae0af403f0994ac05cc0f2d8cfc948e27d609ae70bab,ghnlm,1.0,38.420959203843935,0.9879248699772268,68.60672310078331,,fixed_independent,,,34.068400369998926,,,,,,,,
set12,extreme,03.png,0,0.2,"[512, 512]",ecaf4e62d02b750095b71c0828247049848c285190975276e63ef6d951b37cf4,5d873642d5904df0268ba3e2ab75f110ac16583462f4036e07f029c689362f0c,ghnlm,1.0,39.12477773464233,0.9966109641204782,69.39293707334508,,fixed_independent,,,34.35485714800052,,,,,,,,
set12,extreme,11.png,0,0.2,"[512, 512]",17b452cc44e876adc0d3fd3607e8c9ab9e04406fa1702d436005e99db30c6108,9a04391c3b1256307bf621b3151ddf799518fb0a981f8949a152baac9237f5bf,ghnlm,1.0,30.68766662002031,0.9142060190565074,61.054134262835525,,fixed_independent,,,44.963917007999044,,,,,,,,
set12,moderate,02.png,0,0.03,"[512, 512]",9a0925d4efea52b4b8355baab41b735118c594bada85c1650a8c929d4bedd645,ee7bfd453ba8d6e6718aaf8a97d81f5f2238214fca6f66b9cd8f2e44d4e6969a,ghnlm,1.0,59.67936882262379,0.9996324046645836,79.82130464454107,,fixed_independent,,,5.8148686200001976,,,,,,,,
set12,moderate,10.png,0,0.03,"[512, 512]",fa9370ee1649c3bf2aa161f01d3d2575a2dedca729f26b78bd75d618679b9889,5d887063ebde1fcfbf95f8deca1ac10049d03f7db0a73c069699f665d6977104,ghnlm,1.0,46.446787113800205,0.9974551778511683,73.09615244945851,,fixed_independent,,,6.065494414999193,,,,,,,,
set12,moderate,09.png,0,0.03,"[512, 512]",4b3ddbef5883a30e02120d9280c878727f5282bb054525cf3a5b0fcffb889d5c,de0042a9b572069c4805997a988a6eb7d29426746f4b470c08ec69dfefe9b523,ghnlm,1.0,40.63014681090304,0.9959004069637392,70.11009375363848,,fixed_independent,,,5.73067351699865,,,,,,,,
set12,moderate,07.png,0,0.03,"[512, 512]",154769fc48745384ec8816fc554051b0dd5f1c55071de2669c9058bf3a96574e,41c6793af84e33ba2ceb749b4738b40b1b3737129d2d2babeb1dd4ec40eb3ac5,ghnlm,1.0,35.8238855694764,0.9974878815625886,67.78633686286763,,fixed_independent,,,6.120539094999913,,,,,,,,
set12,moderate,05.png,0,0.03,"[512, 512]",0a48bd94dc684e9744094acf5f9409ae1a147f367207cbcf847ffecc9506b1e3,9f3476abacfd546a3608bc4be56078d043e749803d48ceb9c514386cce77c211,ghnlm,1.0,55.52828848453328,0.9996885084444969,77.74856966449148,,fixed_independent,,,5.654604607998408,,,,,,,,
set12,moderate,08.png,0,0.03,"[512, 512]",2c394996c73fe787fca843f9f42014d5330dda4ad3053466b934f2c52d1c1f84,b0b958f06122f7dfd86e575b45174a19c43c39d05a9f75e6d37f0d1b885e83d9,ghnlm,1.0,44.73212585638396,0.9965267037813101,72.19239811725748,,fixed_independent,,,5.787748766000732,,,,,,,,
set12,moderate,01.png,0,0.03,"[512, 512]",0a372ced9fd4d1f9633532a58073e3974b41da8cfc87f04ec8e9a8dc6a89bba1,1890871d8ac6fdf241ae77566f9a0eb175baed8033bd8ffbdecf5475a45749fe,ghnlm,1.0,51.10063721293622,0.9992587617008634,75.51325669151129,,fixed_independent,,,5.559481779000635,,,,,,,,
set12,moderate,04.png,0,0.03,"[512, 512]",7f6baec8e072815d469acd5d149f5da86b89ef26df1895c4edde2d5758900fd0,5aab2f4c90265de03c4286a1026b54930c9f1174f15bd4788a5cea6ddc26c27a,ghnlm,1.0,56.5282067707194,0.9996866068921479,78.2484337299671,,fixed_independent,,,5.563330959999803,,,,,,,,
set12,moderate,06.png,0,0.03,"[512, 512]",aa1ae42753ac532294aa25320a62b1fb9aa4b54ad1627f3551d0532393b63c6e,f6c87c3541133224f0d0b09d3ddb74251b7ff019191b5f7b5cf5f3356ce374c4,ghnlm,1.0,47.247474059309305,0.9983873293699831,73.54310349815381,,fixed_independent,,,5.799353731999872,,,,,,,,
set12,moderate,03.png,0,0.03,"[512, 512]",ecaf4e62d02b750095b71c0828247049848c285190975276e63ef6d951b37cf4,231f53176f51c4b24bdc12fd9f1b4c16454140fdfe7631cec75f8301deab3824,ghnlm,1.0,40.68390905514387,0.9995269016842534,70.3182996117846,,fixed_independent,,,6.203399721000096,,,,,,,,
set12,moderate,11.png,0,0.03,"[512, 512]",17b452cc44e876adc0d3fd3607e8c9ab9e04406fa1702d436005e99db30c6108,fc459f467923651b85169e1d453047db01071c2115000fa34e05ff50a6c59429,ghnlm,1.0,38.1189429228992,0.976021897441427,67.86056633352095,,fixed_independent,,,20.32697878199906,,,,,,,,
set12,low,02.png,0,0.01,"[512, 512]",9a0925d4efea52b4b8355baab41b735118c594bada85c1650a8c929d4bedd645,7d03f7624fa0aaaef532f6ccb5b007c11ecfba46dc0bf970948880603d265edc,ghnlm,1.0,65.25243926979881,0.9998820854746414,82.62032390863148,,fixed_independent,,,3.2609764490007365,,,,,,,,
set12,low,10.png,0,0.01,"[512, 512]",fa9370ee1649c3bf2aa161f01d3d2575a2dedca729f26b78bd75d618679b9889,d06c846ad219995869474be865acb70b5ec7d01068ecd7580cc3fde6a2889b07,ghnlm,1.0,51.225988809331014,0.9991844714232999,75.57221797583051,,fixed_independent,,,2.3567829020003046,,,,,,,,
set12,low,09.png,0,0.01,"[512, 512]",4b3ddbef5883a30e02120d9280c878727f5282bb054525cf3a5b0fcffb889d5c,f57c1e0803358fa46cb3fcadacd603e0bc8a9a1500621f0dea3a800d055c6fe6,ghnlm,1.0,45.04256358239718,0.9985450267631512,72.44853312935615,,fixed_independent,,,2.4304713659994377,,,,,,,,
set12,low,07.png,0,0.01,"[512, 512]",154769fc48745384ec8816fc554051b0dd5f1c55071de2669c9058bf3a96574e,584ba7517a59730143877939055ad6e1e59eec8663870de1e2f41b823592272b,ghnlm,1.0,36.01802068287987,0.9981578950527445,67.91690509407717,,fixed_independent,,,2.5851844349999737,,,,,,,,
set12,low,05.png,0,0.01,"[512, 512]",0a48bd94dc684e9744094acf5f9409ae1a147f367207cbcf847ffecc9506b1e3,d9a99fe9c66291c5480b648f63457e4e7868b0267787c7b85908acc020420910,ghnlm,1.0,60.017593341645814,0.9998956512475577,80.0035792332008,,fixed_independent,,,2.389229915999749,,,,,,,,
set12,low,08.png,0,0.01,"[512, 512]",2c394996c73fe787fca843f9f42014d5330dda4ad3053466b934f2c52d1c1f84,e160bea8a7b841fbbcb9a08d2452bc47be4e0b6c86d87d1b0bea001f91693d97,ghnlm,1.0,48.40932405534061,0.9986994163821921,74.1396328467799,,fixed_independent,,,2.596276934999878,,,,,,,,
set12,low,01.png,0,0.01,"[512, 512]",0a372ced9fd4d1f9633532a58073e3974b41da8cfc87f04ec8e9a8dc6a89bba1,580fbc14af471717cfc09261d71b2bee527d3960eb5a144e296d4af84219023d,ghnlm,1.0,55.13018958464863,0.999719612906961,77.55107543767237,,fixed_independent,,,3.504778723999152,,,,,,,,
set12,low,04.png,0,0.01,"[512, 512]",7f6baec8e072815d469acd5d149f5da86b89ef26df1895c4edde2d5758900fd0,e8a6fc5f208fe29f03f5cbd984d49640d58559cd6c5aa49284f500b1f7ee7903,ghnlm,1.0,61.49086229946859,0.9999010344213147,80.74048287080004,,fixed_independent,,,2.367161937999299,,,,,,,,
set12,low,06.png,0,0.01,"[512, 512]",aa1ae42753ac532294aa25320a62b1fb9aa4b54ad1627f3551d0532393b63c6e,e340e8d85915e482eb2fcd7c112e25b58f52ae82986a937d947c38437b40d732,ghnlm,1.0,52.56078191302631,0.9994553626850101,76.25315909076366,,fixed_independent,,,2.331442523000078,,,,,,,,
set12,low,03.png,0,0.01,"[512, 512]",ecaf4e62d02b750095b71c0828247049848c285190975276e63ef6d951b37cf4,18313c5d887bba3759a18d07833b66fb952544043545ed839a5d493c1c132871,ghnlm,1.0,40.82904134059386,0.9997564478497255,70.4023430627832,,fixed_independent,,,2.6909729040007733,,,,,,,,
set12,low,11.png,0,0.01,"[512, 512]",17b452cc44e876adc0d3fd3607e8c9ab9e04406fa1702d436005e99db30c6108,030fd588168a45176d9b0eca993f8007814b0503964557c1914c2fbae448d11f,ghnlm,1.0,40.18650587225001,0.98835876780125,69.51119132618751,,fixed_independent,,,15.992561214000489,,,,,,,,
set12,high,02.png,4,0.1,"[512, 512]",9a0925d4efea52b4b8355baab41b735118c594bada85c1650a8c929d4bedd645,fb5756b2f1977a53d6af3dcead4efb66402b9d5e985cdbdec56b32e00ffd97a7,ghnlm,1.0,53.39787449268094,0.9986329024741964,76.63058237005029,,fixed_independent,,,17.49743396300073,,,,,,,,
set12,high,10.png,4,0.1,"[512, 512]",fa9370ee1649c3bf2aa161f01d3d2575a2dedca729f26b78bd75d618679b9889,20cbcff47f8f1652d0beb4647260b220d5985351324e73ce58f91790a1b40bdd,ghnlm,1.0,40.94986900313394,0.9911103026827246,70.0304496357032,,fixed_independent,,,17.29567681499975,,,,,,,,
set12,high,09.png,4,0.1,"[512, 512]",4b3ddbef5883a30e02120d9280c878727f5282bb054525cf3a5b0fcffb889d5c,6580f7427fae38e6900e311bc3d882abd5bbd2d3ee833d3f15f08e971f1badd3,ghnlm,1.0,34.99400597370658,0.985020379829896,66.74802197834809,,fixed_independent,,,17.291197538999768,,,,,,,,
set12,high,07.png,4,0.1,"[512, 512]",154769fc48745384ec8816fc554051b0dd5f1c55071de2669c9058bf3a96574e,6b2b7a6b103aa4415de2661efe3e7b16f3e8a8d91d505c35019889f45be2ccdf,ghnlm,1.0,33.867699853928826,0.9936893381353441,66.61831683373163,,fixed_independent,,,17.992451648000497,,,,,,,,
set12,high,05.png,4,0.1,"[512, 512]",0a48bd94dc684e9744094acf5f9409ae1a147f367207cbcf847ffecc9506b1e3,0d5e8010bb26a850d7bcc7fe1db68e0f0c6af22b17fa9bc70b31b059f1079a92,ghnlm,1.0,49.13598708949386,0.9987850596989244,74.50724652969315,,fixed_independent,,,17.432710972001587,,,,,,,,
set12,high,08.png,4,0.1,"[512, 512]",2c394996c73fe787fca843f9f42014d5330dda4ad3053466b934f2c52d1c1f84,0c9b60e4d12da52284c5eb24f1ad2f1c68d32c53c03585a9c05992f6df84ca1f,ghnlm,1.0,39.14156395440444,0.9877288864430431,68.95722629935437,,fixed_independent,,,17.922740636000526,,,,,,,,
set12,high,01.png,4,0.1,"[512, 512]",0a372ced9fd4d1f9633532a58073e3974b41da8cfc87f04ec8e9a8dc6a89bba1,9ea25905277eaa2c13405c16af5a2bd159339f43e0d8dbc939852ca029957356,ghnlm,1.0,44.8906560431399,0.9970953141776072,72.3000937304503,,fixed_independent,,,17.560820812999737,,,,,,,,
set12,high,04.png,4,0.1,"[512, 512]",7f6baec8e072815d469acd5d149f5da86b89ef26df1895c4edde2d5758900fd0,fdc436c0c8446ba46cfc24590bb554f37546781412b4b4564d6407e3391d198a,ghnlm,1.0,50.08963628803705,0.9987551250103078,74.98257439453391,,fixed_independent,,,17.44677810599933,,,,,,,,
set12,high,06.png,4,0.1,"[512, 512]",aa1ae42753ac532294aa25320a62b1fb9aa4b54ad1627f3551d0532393b63c6e,a363dcecce4b7295d8e22162211f906c57f7427694cc70216f5f5b9f9c8ae75e,ghnlm,1.0,42.06961424448798,0.9944792619755205,70.75877022102001,,fixed_independent,,,17.402605449000475,,,,,,,,
set12,high,03.png,4,0.1,"[512, 512]",ecaf4e62d02b750095b71c0828247049848c285190975276e63ef6d951b37cf4,85f7066b7aa1244baa2f27667095e1ea8355fef86e40ccd8d4b2514ec34fd63d,ghnlm,1.0,39.33592713513849,0.9956160299245651,69.44876506379751,,fixed_independent,,,18.293458693000503,,,,,,,,
set12,high,11.png,4,0.1,"[512, 512]",17b452cc44e876adc0d3fd3607e8c9ab9e04406fa1702d436005e99db30c6108,d985d535d00b2df1afd30e645e35cfc28961b28fa786c9d6216e5ca98bb90604,ghnlm,1.0,27.942282718667023,0.8288637530495079,55.4143290118089,,fixed_independent,,,47.160509498000465,,,,,,,,
set12,medium,02.png,4,0.05,"[512, 512]",9a0925d4efea52b4b8355baab41b735118c594bada85c1650a8c929d4bedd645,4e69b9926757359b28d2ba0ddea539b9b5734c1c9927cbb52997eed2c2c65a57,ghnlm,1.0,57.034623329586964,0.9993621900280469,78.48542116619583,,fixed_independent,,,9.098539743999936,,,,,,,,
set12,medium,10.png,4,0.05,"[512, 512]",fa9370ee1649c3bf2aa161f01d3d2575a2dedca729f26b78bd75d618679b9889,461dc699c7e6039d3c7fbc9e361c8477afcdd41db684ad67d9d1dd1715aba45a,ghnlm,1.0,44.137086733728495,0.995723451754775,71.854715954603,,fixed_independent,,,9.130282045000058,,,,,,,,
set12,medium,09.png,4,0.05,"[512, 512]",4b3ddbef5883a30e02120d9280c878727f5282bb054525cf3a5b0fcffb889d5c,5780430f9e94feaf25364471128f02e7454678af26c718534cb418901e5bbe6c,ghnlm,1.0,38.13161049749227,0.9928697111011767,68.70929080380498,,fixed_independent,,,8.968847793999885,,,,,,,,
set12,medium,07.png,4,0.05,"[512, 512]",154769fc48745384ec8816fc554051b0dd5f1c55071de2669c9058bf3a96574e,57067cdfaec1e7cbd302b6992dd6d10ca47b25065f31c44a1bfe1573c39a6480,ghnlm,1.0,34.175433743771265,0.9954681623848601,66.86112499112863,,fixed_independent,,,9.880326462000085,,,,,,,,
set12,medium,05.png,4,0.05,"[512, 512]",0a48bd94dc684e9744094acf5f9409ae1a147f367207cbcf847ffecc9506b1e3,e0fa916e823acf6effc4f3b42e72ab8a62ce26e6958e64dcd7833e8e36a12729,ghnlm,1.0,52.91851507366222,0.9994554529636989,76.43203018501606,,fixed_independent,,,9.033433680999224,,,,,,,,
set12,medium,08.png,4,0.05,"[512, 512]",2c394996c73fe787fca843f9f42014d5330dda4ad3053466b934f2c52d1c1f84,e1b0f210137124047cfa6d6db5eb311ebf1bd872e71c7f34ecbce8d731865d47,ghnlm,1.0,41.75676513504486,0.9936006482766423,70.55841498135455,,fixed_independent,,,9.447669184000915,,,,,,,,
set12,medium,01.png,4,0.05,"[512, 512]",0a372ced9fd4d1f9633532a58073e3974b41da8cfc87f04ec8e9a8dc6a89bba1,9379e76152d6d388d723e1eaa08d1618611906ad05b452f66e45fc46f2920222,ghnlm,1.0,47.89615832354112,0.9984920850614002,73.87268341484057,,fixed_independent,,,9.427039542000784,,,,,,,,
set12,medium,04.png,4,0.05,"[512, 512]",7f6baec8e072815d469acd5d149f5da86b89ef26df1895c4edde2d5758900fd0,96b121cc217c410a07c6e8b75d018b9c2d013f47489b90382de26ad622a43a5a,ghnlm,1.0,53.97148713070764,0.9994497029972615,76.95822871521689,,fixed_independent,,,8.950478568000108,,,,,,,,
set12,medium,06.png,4,0.05,"[512, 512]",aa1ae42753ac532294aa25320a62b1fb9aa4b54ad1627f3551d0532393b63c6e,5d3d90db8b69e62a740e7e86ea6a5df988b44fac6affdc46ef302b5c6eb8dce4,ghnlm,1.0,45.26088402509234,0.9972946264461813,72.49517333485522,,fixed_independent,,,9.174082665000242,,,,,,,,
set12,medium,03.png,4,0.05,"[512, 512]",ecaf4e62d02b750095b71c0828247049848c285190975276e63ef6d951b37cf4,76e43ccb10d0fd50514c324d9319b070e705fa6c949ead13598cc60431e1acd1,ghnlm,1.0,40.390461395040234,0.9982937324577177,70.109917320406,,fixed_independent,,,10.140896956001598,,,,,,,,
set12,medium,11.png,4,0.05,"[512, 512]",17b452cc44e876adc0d3fd3607e8c9ab9e04406fa1702d436005e99db30c6108,d061e894c51d566e883b22e0983bc6c1f82e2c15c660fea833b8da2c916beea5,ghnlm,1.0,30.274760889211628,0.8680561157395027,58.54018623158095,,fixed_independent,,,40.710057033998964,,,,,,,,
set12,extreme,02.png,4,0.2,"[512, 512]",9a0925d4efea52b4b8355baab41b735118c594bada85c1650a8c929d4bedd645,c78625d61f7341c9115095ca61bc56d13277a60903cbda9e7817dcbf3fad2403,ghnlm,1.0,49.03291655903212,0.9967257261409301,74.35274458656257,,fixed_independent,,,33.688212562001354,,,,,,,,
set12,extreme,10.png,4,0.2,"[512, 512]",fa9370ee1649c3bf2aa161f01d3d2575a2dedca729f26b78bd75d618679b9889,55df1265f85a4f395abe6fdb9f8d6ced6f37fabb2f2efbdcd9ad51de31f0f358,ghnlm,1.0,37.52037343408466,0.9808291376809095,67.8016436010878,,fixed_independent,,,33.46073528499983,,,,,,,,
set12,extreme,09.png,4,0.2,"[512, 512]",4b3ddbef5883a30e02120d9280c878727f5282bb054525cf3a5b0fcffb889d5c,d5200db9a81ea1ad2851337034ec180dcba65337806d6f544c91105b701dd5a8,ghnlm,1.0,31.640969468563643,0.9669812608755353,64.16954777805859,,fixed_independent,,,33.647631937999904,,,,,,,,
set12,extreme,07.png,4,0.2,"[512, 512]",154769fc48745384ec8816fc554051b0dd5f1c55071de2669c9058bf3a96574e,d658efe3236f7ef4462769d23a0c6a782ae9c9bb794297f469fb22a6a114781d,ghnlm,1.0,33.12790646548605,0.9890041938252887,66.01416292400745,,fixed_independent,,,34.32117708399892,,,,,,,,
set12,extreme,05.png,4,0.2,"[512, 512]",0a48bd94dc684e9744094acf5f9409ae1a147f367207cbcf847ffecc9506b1e3,f14c438201f32887ca2958073a99c9c4367ca05aa3996a24e4a516345d4ee79d,ghnlm,1.0,44.25881613306747,0.996748924936501,71.9668543133588,,fixed_independent,,,33.88871607799956,,,,,,,,
set12,extreme,08.png,4,0.2,"[512, 512]",2c394996c73fe787fca843f9f42014d5330dda4ad3053466b934f2c52d1c1f84,a8484a10dd4d38b8a5ac055a083f83a730aeb890ecb2fff33eb9cc1791e5eb5b,ghnlm,1.0,36.057057943838444,0.9741472960983923,66.73589377683885,,fixed_independent,,,34.469495686998926,,,,,,,,
set12,extreme,01.png,4,0.2,"[512, 512]",0a372ced9fd4d1f9633532a58073e3974b41da8cfc87f04ec8e9a8dc6a89bba1,65177135c7481be235c048926973169e2e8bf506e1b0926ab33339f39e25d3b0,ghnlm,1.0,41.053193486496525,0.9936226358281541,70.20772853465597,,fixed_independent,,,34.0187344549995,,,,,,,,
set12,extreme,04.png,4,0.2,"[512, 512]",7f6baec8e072815d469acd5d149f5da86b89ef26df1895c4edde2d5758900fd0,9bdf88a0f1a278417dd2a591efa55b88d04dfe89bd8aaa8ad24e1443228a0a94,ghnlm,1.0,45.58981280109591,0.9967964482421326,72.63472881265459,,fixed_independent,,,33.37526857699959,,,,,,,,
set12,extreme,06.png,4,0.2,"[512, 512]",aa1ae42753ac532294aa25320a62b1fb9aa4b54ad1627f3551d0532393b63c6e,3d987315aa538246f5a208b6d41f81eab45d6f505e0a6f7243927c5ad7a0fe40,ghnlm,1.0,38.42129751025763,0.9879257168102334,68.6069345956405,,fixed_independent,,,33.86606070999915,,,,,,,,
set12,extreme,03.png,4,0.2,"[512, 512]",ecaf4e62d02b750095b71c0828247049848c285190975276e63ef6d951b37cf4,aad7e4eba1d0a55ac4a983788b73e9e5a66f24a767e26e93e98c74ddff8dd54a,ghnlm,1.0,37.99063206372637,0.9930481478918446,68.64772342645541,,fixed_independent,,,34.748871320000035,,,,,,,,
set12,extreme,11.png,4,0.2,"[512, 512]",17b452cc44e876adc0d3fd3607e8c9ab9e04406fa1702d436005e99db30c6108,76b80ddc8c4f96ba7c3331b18a0331e1aa705a7e327f7bf24342319ad0898b04,ghnlm,1.0,24.67080818155162,0.7882768649577061,51.749247338661114,,fixed_independent,,,60.568540965001375,,,,,,,,
set12,moderate,02.png,4,0.03,"[512, 512]",9a0925d4efea52b4b8355baab41b735118c594bada85c1650a8c929d4bedd645,d879986baaf42190982449d59dd5553d540eb63dbc7567ea488c75632114b5ac,ghnlm,1.0,59.67936882262379,0.9996324046645836,79.82130464454107,,fixed_independent,,,5.799855795999974,,,,,,,,
set12,moderate,10.png,4,0.03,"[512, 512]",fa9370ee1649c3bf2aa161f01d3d2575a2dedca729f26b78bd75d618679b9889,434ac8f246e81cbe180927267d40fe66e3454116170de134fb46d837087c066b,ghnlm,1.0,46.410927511831346,0.9974396715144203,73.07744733163668,,fixed_independent,,,5.636145004000355,,,,,,,,
set12,moderate,09.png,4,0.03,"[512, 512]",4b3ddbef5883a30e02120d9280c878727f5282bb054525cf3a5b0fcffb889d5c,197f65e812b0eeb2cf91510c2b107e0d658adcb343eaa673a6289fbe2bc4596e,ghnlm,1.0,40.63014681090304,0.9959004069637392,70.11009375363848,,fixed_independent,,,5.76204388700171,,,,,,,,
set12,moderate,07.png,4,0.03,"[512, 512]",154769fc48745384ec8816fc554051b0dd5f1c55071de2669c9058bf3a96574e,b36e158819d385dc062ac7799786f1c8f4d46446b333738c6e5fa3718cffe970,ghnlm,1.0,34.30669696604779,0.9961841798806914,66.96255747705847,,fixed_independent,,,6.540997342999617,,,,,,,,
set12,moderate,05.png,4,0.03,"[512, 512]",0a48bd94dc684e9744094acf5f9409ae1a147f367207cbcf847ffecc9506b1e3,114a2e420e0ad99810e3e866c2b4386ab515991bfd7c5db3c2eb96d637d19c5b,ghnlm,1.0,55.52828848453328,0.9996885084444969,77.74856966449148,,fixed_independent,,,5.765804360999027,,,,,,,,
set12,moderate,08.png,4,0.03,"[512, 512]",2c394996c73fe787fca843f9f42014d5330dda4ad3053466b934f2c52d1c1f84,f41575c24a908e64f17f53ab3e3de05a585eca0546392a462de5fb0793ed1ce6,ghnlm,1.0,43.28973502272902,0.9957428984166735,71.43201243219818,,fixed_independent,,,6.222661613001037,,,,,,,,
set12,moderate,01.png,4,0.03,"[512, 512]",0a372ced9fd4d1f9633532a58073e3974b41da8cfc87f04ec8e9a8dc6a89bba1,8022eb92cc13c07829c548cf238b714175cd922f1b59a9ef093b7a962ea44eae,ghnlm,1.0,49.66474502512095,0.9990417146080445,74.7844582429627,,fixed_independent,,,6.211110242000359,,,,,,,,
set12,moderate,04.png,4,0.03,"[512, 512]",7f6baec8e072815d469acd5d149f5da86b89ef26df1895c4edde2d5758900fd0,558b3a110914cdad728ad09d50eba68d5001d3cabe99f29756fe4a3478144a26,ghnlm,1.0,56.5282067707194,0.9996866749003303,78.24843713037622,,fixed_independent,,,5.541231147000872,,,,,,,,
set12,moderate,06.png,4,0.03,"[512, 512]",aa1ae42753ac532294aa25320a62b1fb9aa4b54ad1627f3551d0532393b63c6e,0e78536a56147ba906c487c61e6164992aafc64d24893e1e756d7777e6184f16,ghnlm,1.0,47.247474059309305,0.9983873293699831,73.54310349815381,,fixed_independent,,,5.639809779000643,,,,,,,,
set12,moderate,03.png,4,0.03,"[512, 512]",ecaf4e62d02b750095b71c0828247049848c285190975276e63ef6d951b37cf4,d9a7aa26403306264e3dab31bb083178514a9ce2d7e31938922d1ea09f35d416,ghnlm,1.0,40.50364246852492,0.9984992107205304,70.17678177028898,,fixed_independent,,,6.731478207000691,,,,,,,,
set12,moderate,11.png,4,0.03,"[512, 512]",17b452cc44e876adc0d3fd3607e8c9ab9e04406fa1702d436005e99db30c6108,4f6af6012acab1aca32e1626772dece3f447b16d814b44a65374637178964709,ghnlm,1.0,31.32318830977349,0.8936371852119994,60.343453415486714,,fixed_independent,,,37.75128683600087,,,,,,,,
set12,low,02.png,4,0.01,"[512, 512]",9a0925d4efea52b4b8355baab41b735118c594bada85c1650a8c929d4bedd645,5a06d5c62acf1b36874d17fbb7c8fbcf1bfa1a90a72f48c16e827f3f6067b418,ghnlm,1.0,65.25243926979881,0.9998820854746414,82.62032390863148,,fixed_independent,,,2.367075780999585,,,,,,,,
set12,low,10.png,4,0.01,"[512, 512]",fa9370ee1649c3bf2aa161f01d3d2575a2dedca729f26b78bd75d618679b9889,fe06adf3c895b40fb6b5a15eaf684dfca16946f6169b38d893ed18d3aef8cf92,ghnlm,1.0,51.11388657889347,0.9991657637028823,75.51523147459085,,fixed_independent,,,2.4276447180000105,,,,,,,,
set12,low,09.png,4,0.01,"[512, 512]",4b3ddbef5883a30e02120d9280c878727f5282bb054525cf3a5b0fcffb889d5c,bf4e02197794a0e21fbe08f301c6e1a7f1d9ff3ad8f7a4b371f0e200d7cb39b1,ghnlm,1.0,45.04256358239718,0.9985450267631512,72.44853312935615,,fixed_independent,,,2.4303713720000815,,,,,,,,
set12,low,07.png,4,0.01,"[512, 512]",154769fc48745384ec8816fc554051b0dd5f1c55071de2669c9058bf3a96574e,bebd5b94e7c8cd5e3c45a4c02eeb5c2f8901ef456e75534811f5ac6a29a3fac0,ghnlm,1.0,34.42720734253277,0.9968597430140029,67.05659082196652,,fixed_independent,,,3.147311548000289,,,,,,,,
set12,low,05.png,4,0.01,"[512, 512]",0a48bd94dc684e9744094acf5f9409ae1a147f367207cbcf847ffecc9506b1e3,166ad95c58f0c06dd2685ab4d5020f880563f9a5058e35aa36901da12704efa6,ghnlm,1.0,60.017593341645814,0.9998956512475577,80.0035792332008,,fixed_independent,,,2.4377039709997916,,,,,,,,
set12,low,08.png,4,0.01,"[512, 512]",2c394996c73fe787fca843f9f42014d5330dda4ad3053466b934f2c52d1c1f84,66926c0920534e26b939a5d9f0556865f11d7abe2870967adce74daa613116e0,ghnlm,1.0,45.55339220258767,0.9979256282657448,72.67297751458108,,fixed_independent,,,3.0075022669989266,,,,,,,,
set12,low,01.png,4,0.01,"[512, 512]",0a372ced9fd4d1f9633532a58073e3974b41da8cfc87f04ec8e9a8dc6a89bba1,44e11976558cb007c81a668559ae9107fdef12040d6bf3409d86e01b32bb629b,ghnlm,1.0,52.492269216304344,0.9995375704683134,76.22301313156784,,fixed_independent,,,2.7630108619996463,,,,,,,,
set12,low,04.png,4,0.01,"[512, 512]",7f6baec8e072815d469acd5d149f5da86b89ef26df1895c4edde2d5758900fd0,ecca96323697cb95c9b9c67fa33692a63a0bcc03cbf07eb1f49bfa5e122f8d4d,ghnlm,1.0,61.48834912503122,0.9999007948506083,80.73921430504603,,fixed_independent,,,2.428223672999593,,,,,,,,
set12,low,06.png,4,0.01,"[512, 512]",aa1ae42753ac532294aa25320a62b1fb9aa4b54ad1627f3551d0532393b63c6e,17094acf9de65d3df3665b52428f406b7e9029614715969875e5da956e308411,ghnlm,1.0,52.56078191302631,0.9994553626850101,76.25315909076366,,fixed_independent,,,2.3935388039990357,,,,,,,,
set12,low,03.png,4,0.01,"[512, 512]",ecaf4e62d02b750095b71c0828247049848c285190975276e63ef6d951b37cf4,2d3e27d6769c28d88fcabbfa79deb4e13ee1277e06787f8cfec414322f383aed,ghnlm,1.0,40.72179125454171,0.9991469292843571,70.31824209148871,,fixed_independent,,,3.4700252269994962,,,,,,,,
set12,low,11.png,4,0.01,"[512, 512]",17b452cc44e876adc0d3fd3607e8c9ab9e04406fa1702d436005e99db30c6108,4d79c36b74d775043c078b1a3b12fac535b38d23f700cf6d0a06dba47d86941f,ghnlm,1.0,32.520618475317434,0.9267979266080656,62.600205568061995,,fixed_independent,,,34.72508535399902,,,,,,,,
set12,low,01.png,0,0.01,"[512, 512]",0a372ced9fd4d1f9633532a58073e3974b41da8cfc87f04ec8e9a8dc6a89bba1,580fbc14af471717cfc09261d71b2bee527d3960eb5a144e296d4af84219023d,gnlm,254.79999999999998,31.823857029878866,0.8671745384573387,59.27065543780637,,scaled_current_nlm,,,216.68140704599955,,,,,,,,1.4
