dataset,level,file_name,tolerance,density,shape,reference_sha256,noisy_sha256,method,h,psnr,ssim,score,sigma,h_source,h_at_grid_boundary,time_calibration_s,time_filter_call_s,cpu_worker_limit,numba_thread_limit,nlm_backend,processed_pixels,fallback_pixels,nonlocal_pixels,fallback_fraction,gamma
set50,high,19.gif,0,0.1,"[512, 512]",d17c7663feb48c0fe318904421cb04ec7e850a109d952f66a49ac464a4176a1e,b36a0e2777a4778ee716a1dfe989dd541a6b3d7c5af5fd33a1b733957ca06fd4,nlm,279.0,23.024524314399976,0.5573194256833255,39.37823344136626,21.05504523500798,current_noise_full_reference_sweep,False,3.8746107979968656,0.006902009001350962,8,8,NLM_fast_cuda_global,,,,,
set50,high,22.gif,0,0.1,"[512, 512]",dfe4f6c6370dbe0651bccc46e98ac3b787e8c63a3a37fb138fe6c81f3e32edd4,455a61e743daec9940c17a770102e9f6d8150016e197a7b40ba5ed8b526bdc6d,nlm,255.0,23.144946345545982,0.5354602012034673,38.34548323294635,25.457679985315423,current_noise_full_reference_sweep,False,3.961406906004413,0.006957812991458923,8,8,NLM_fast_cuda_global,,,,,
set50,high,10.gif,0,0.1,"[512, 512]",e233b9bc584bbcbbdcbcbf3674e9c18c92aff37cf54afeec01dc2e7dc1811878,40725b43529bab17a6c41cf7934a73bda5b434a8803e87e4fc1465424cfe2303,nlm,363.0,24.57593675066637,0.6702025774379128,45.798097247228824,20.589459872835803,current_noise_full_reference_sweep,False,3.7312947449972853,0.003952204002416693,8,8,NLM_fast_cuda_global,,,,,
set50,high,14.gif,0,0.1,"[512, 512]",83fe92c5398701971c09c467a97dc4bfdb94eb4b3ded548d26e5e7fcf62e4d2a,6b7ebb5297b454e99889eaa9e3c4e7c51d253902665731705f49dc1a7a3fe113,nlm,229.0,20.198236661085318,0.4180902110636104,31.003628883723177,26.003088181736842,current_noise_full_reference_sweep,False,3.8579905990045518,0.0068777349952142686,8,8,NLM_fast_cuda_global,,,,,
set50,high,5.gif,0,0.1,"[512, 512]",49db903e1a87a0044a734fb77708aad9985011bc9ee9fb379099de1b4e946109,e06f2bc488a0ff103329561f1b985093b78f631466c577b7e6aeacf6ec8eefe8,nlm,316.0,26.57578152075072,0.6531872706167313,45.94725429121193,21.702792936220124,current_noise_full_reference_sweep,False,3.871479351000744,0.00682399699871894,8,8,NLM_fast_cuda_global,,,,,
set50,high,44.gif,0,0.1,"[512, 512]",f968969e97bf6f8f47fd5940af0bd7481b61f2df6d5d553882b8938123b37289,ec7bcd577aab4cb2bedb2657569a7b495db193526b6667e04b6672396e29b078,nlm,229.0,17.795980955291938,0.43028585579371215,30.412283267331578,36.43815176501487,current_noise_full_reference_sweep,False,4.030499553991831,0.006851751008071005,8,8,NLM_fast_cuda_global,,,,,
set50,high,42.gif,0,0.1,"[512, 512]",f9b953242d46fc204da43e46262ac3754e9428050546213f592efb0fb7398f12,d0610cf35e287c81eb1f642f3b1f542f30070d26d13b0067e7baf4d73663ef18,nlm,253.0,24.22028754753782,0.6220320555585876,43.21174655169829,23.91444889190755,current_noise_full_reference_sweep,False,3.9638121699972544,0.006725176004692912,8,8,NLM_fast_cuda_global,,,,,
set50,high,38.gif,0,0.1,"[512, 512]",e39779dc60dbc76330293a5fdb44dfabe4d22433c36132e18afcf31a515217b4,b024231c1c516936430ae7117c8c77dd3ee6a417718598f0b9968ffc86f3b5f5,nlm,288.0,25.688202699746512,0.5847251732013273,42.080360009939625,22.550395353143223,current_noise_full_reference_sweep,False,3.9489652310003294,0.006835439009591937,8,8,NLM_fast_cuda_global,,,,,
set50,high,48.gif,0,0.1,"[512, 512]",9b261d731fc3d639b0cc3dac391980b0c49dd558b24b95a14bb3f3eb9f3569d0,f7e02ffabb7c26975ac77d2ba941fa8dfff992fc0d3c3a52904286975a396ab4,nlm,298.0,24.867599810009636,0.6235309484068347,43.61034732534655,21.760626491960036,current_noise_full_reference_sweep,False,3.866216374008218,0.0067184100043959916,8,8,NLM_fast_cuda_global,,,,,
set50,high,17.gif,0,0.1,"[512, 512]",6f8a02e1689062bed722742a554760dd74359b35fc8b969bab8beed8e59421a0,e7c516b92404f02e0645aab2369f6d006b10771e2148c9e3305e1e93828f5d9b,nlm,229.0,20.81876136100035,0.49888739390453085,35.35375037572672,23.532742899481224,current_noise_full_reference_sweep,False,4.019463770993752,0.007248106994666159,8,8,NLM_fast_cuda_global,,,,,
set50,high,0.png,0,0.1,"[512, 512]",0a372ced9fd4d1f9633532a58073e3974b41da8cfc87f04ec8e9a8dc6a89bba1,5c64fdfe33f4ceb5a47428c2edc3ca4f989b1078a7da5d038a7aac327de869fd,nlm,335.0,25.71986627606298,0.6658556474407649,46.15271551006974,20.733669780436248,current_noise_full_reference_sweep,False,3.984065812008339,0.00681475100282114,8,8,NLM_fast_cuda_global,,,,,
set50,high,16.gif,0,0.1,"[512, 512]",2d68b31ae4d4c10bc0e60742ba3064c10d62113ffb3ca9a7c14b80e40b0e6170,6ca2d5d1195f31115e9e15bd7978d65bde8735913f5134a99256e529c86a3d8a,nlm,229.0,21.02894030113266,0.37755427019453075,29.392183660292865,29.482504091852217,current_noise_full_reference_sweep,False,3.8805285889975494,0.00660001698997803,8,8,NLM_fast_cuda_global,,,,,
set50,high,32.gif,0,0.1,"[512, 512]",c3cc3fb5da093d47d6808c6219ed907c3e69ab01954b1b929a8739cbbcc26493,810d3fc722ad3d6be42c77a540abbe450d08f86c4c996feebc699bf3e2187fb0,nlm,237.0,22.459039297252414,0.4879246392798908,35.625751612620746,25.89444259527485,current_noise_full_reference_sweep,False,3.8821396669954993,0.006781058997148648,8,8,NLM_fast_cuda_global,,,,,
set50,high,30.gif,0,0.1,"[512, 512]",b1cccc0e8d64bae511f9cd0c5596628364bd1e09c90c5e793604a1f7a55f642f,8f3d6ba7eafb9220ec09f0fc23d98c4362582f25fe465748fde08df029299774,nlm,291.0,23.371484172428396,0.4681718299270205,35.09433358256523,21.74257356577645,current_noise_full_reference_sweep,False,3.880679472000338,0.006859124012407847,8,8,NLM_fast_cuda_global,,,,,
set50,high,43.gif,0,0.1,"[512, 512]",443801cafadb33c7829b313f4efd834e70cc313567a260dd2b5554dc7ee6be98,f9f8d19328bf1d7475a95984514a389b0136e60eba80c85712e9c05f9a967619,nlm,322.0,24.694935560250023,0.6725544609903097,45.975190829640496,20.714731740547233,current_noise_full_reference_sweep,False,3.951420433993917,0.006915819991263561,8,8,NLM_fast_cuda_global,,,,,
set50,high,47.gif,0,0.1,"[512, 512]",9005ddf994846f88305becd36c72a046818a094c026c69a8106c34b34a31a8fe,5e23fe352e87a835d6f7372654af688603bdc568b1d6edc31757a6b71ff6f072,nlm,229.0,21.34378887133987,0.4692898983359715,34.13638935246851,27.121283714822397,current_noise_full_reference_sweep,False,3.8783237489988096,0.00681583299592603,8,8,NLM_fast_cuda_global,,,,,
set50,high,25.gif,0,0.1,"[512, 512]",30838b6c4e963b60da10cc6158a119a7052a4ffa1ebdcc87bcf0054f681427c6,2539e5cf1bcc6130b9238ebc011a1069fdfddd7401c69aa83c14b2efb244dee4,nlm,360.0,27.434437424345756,0.6220757335472091,44.82100538953333,22.277514514975355,current_noise_full_reference_sweep,False,3.959421425999608,0.006905165006173775,8,8,NLM_fast_cuda_global,,,,,
set50,high,7.gif,0,0.1,"[512, 512]",5e3769e24988284e1036ce844ee8e0f11dbe28fe111f6a962e37864dc34b60dc,bfb32fd0573f98e26541bf24de61f68beccaeb66008181d1d775350c1789035f,nlm,229.0,20.905193330627192,0.5764161555532146,39.273404442974325,25.318165704896657,current_noise_full_reference_sweep,False,4.107393899001181,0.0071326150064123794,8,8,NLM_fast_cuda_global,,,,,
set50,high,15.gif,0,0.1,"[512, 512]",51e2066df33af18b47bcd356b17c6cdf04f2a5fd219ace410fcabb06698c6c71,bf8b02c350afda2a086d62f94ecfc2be823c619bb2256328323737766f031044,nlm,231.0,21.8465457173742,0.4566507366456676,33.75580969097048,23.691332369995756,current_noise_full_reference_sweep,False,3.869190386001719,0.006766462000086904,8,8,NLM_fast_cuda_global,,,,,
set50,high,41.gif,0,0.1,"[512, 512]",1569598ab7f33ee44bcf70502565ffcd7528912a2c13cd1977fe64573770f1e6,70ff830e123ba0b8a56a22fa8d8361dd52e6efc94cce0dc0117077a8d211d455,nlm,246.0,24.3925743983861,0.5746040846254123,40.92649143046367,22.49967664111852,current_noise_full_reference_sweep,False,3.961848086997634,0.006716406001942232,8,8,NLM_fast_cuda_global,,,,,
set50,high,6.gif,0,0.1,"[512, 512]",ca956c8aa0ec2de8bd2e4d7545c7f969215d4f7f65cb72ee9d31cb17df0033b6,91c0d484c15597d9172a55a9609dcaaab6020d9ca89b915718e7c130aa54ed16,nlm,270.0,23.325871355414346,0.5344843956040496,38.38715545790965,22.34808890074662,current_noise_full_reference_sweep,False,3.8737790329905692,0.0068221719993744045,8,8,NLM_fast_cuda_global,,,,,
set50,high,21.gif,0,0.1,"[512, 512]",74d2fa3fc2447fd331660c09f2f468f3cce983dc347509d32564e992fdebaf9a,93925f5a9a6755a73923c2bef7adff8c2bdab08e8e089892c36ace4313afb948,nlm,307.0,24.818942606153737,0.5345717093416129,39.13805677015751,22.219897288943002,current_noise_full_reference_sweep,False,3.9645804409956327,0.006928810995304957,8,8,NLM_fast_cuda_global,,,,,
set50,high,27.gif,0,0.1,"[512, 512]",bc7a1c1300b1b1bda264e18fbde62fa845194fac5839cb705a788c6ac331f517,144439eafed501fe7aa53d4e6967a995d40da47c2ef83b7b5e02b718dafccd80,nlm,378.0,26.361301014770223,0.6707153660458414,46.71641880967718,20.55923592624273,current_noise_full_reference_sweep,False,3.9877693120070035,0.007309460997930728,8,8,NLM_fast_cuda_global,,,,,
set50,high,46.gif,0,0.1,"[512, 512]",14cdebcd7b2b9e534cc9717933df6ccb4861289237cde90700810e2e6e2e245f,f9ffe1409fcf91d55fa900020b1f0f613dd8b50d40a2f9d090f6f53caa03f076,nlm,229.0,22.56266038418055,0.5158574303593929,37.07420171005992,24.391892798244967,current_noise_full_reference_sweep,False,3.8768143709894503,0.006801262003136799,8,8,NLM_fast_cuda_global,,,,,
set50,high,20.gif,0,0.1,"[512, 512]",c3a4da195ffc62103521cd979723e50840fe46cfd989b567c826985f8b23dcf4,bd08cc1fb18acc1d47463e9c075d7d5d446aa4ae53b1672824ff6a737dc1f69d,nlm,242.0,23.065229416485302,0.4765670132172693,35.36096536910611,22.80452761665614,current_noise_full_reference_sweep,False,3.8677540860080626,0.006670643007964827,8,8,NLM_fast_cuda_global,,,,,
set50,high,2.gif,0,0.1,"[512, 512]",b101b795e2638a1e9dbdaa513bdc8be6090aed4d6ac294b155e5f3a2c7c0bb80,13d3b6b9e05ddc640a63ea227d1f32df0b4e453f33794f15001a41ae53644828,nlm,307.0,25.652431432132587,0.5890590333849748,42.279167385315034,22.035409052066885,current_noise_full_reference_sweep,False,3.877493620995665,0.006744608996086754,8,8,NLM_fast_cuda_global,,,,,
set50,high,40.gif,0,0.1,"[512, 512]",911cad3f1d559f196f94ed9e80a9602969b74319acb1d70da238efdb48af38e2,d5f4e4babce2a4896b57ee8a524799a4a612a77617adc6237c295f1b8268313a,nlm,319.0,28.34571422015951,0.6528255003203383,46.814132126096666,22.60516211714659,current_noise_full_reference_sweep,False,3.972139752993826,0.006850531994132325,8,8,NLM_fast_cuda_global,,,,,
set50,high,31.gif,0,0.1,"[512, 512]",33781418a1e6e85521011be7d450b002a8f8a8f1ba68a79c1219f3b3ba59b160,85c7dd0dbdad648e1bc43c9d6bbf15a1baffa81644e4a28e665df8f4296b38c0,nlm,229.0,19.54829729587092,0.43028691088357546,31.288494192114236,31.02373873070407,current_noise_full_reference_sweep,False,3.9511309239896946,0.006816419001552276,8,8,NLM_fast_cuda_global,,,,,
set50,high,29.gif,0,0.1,"[512, 512]",1eeb76c0386fbcd563a08eb25bbeffde427bdc62658e4bcc02c8aafbf733f219,a7c813ed42caac8cc5e59ba0b313601fb3411f9081c2c98c849a0f386c717927,nlm,229.0,21.614792437949987,0.4346317803173916,32.538985234844574,28.487477927947783,current_noise_full_reference_sweep,False,4.013221002998762,0.007102871997631155,8,8,NLM_fast_cuda_global,,,,,
set50,high,33.gif,0,0.1,"[512, 512]",7a10c4eca50167d8d459c2505f2b0f21cfb399e7b01adccaa0422695496c2e72,0b9b79cc55914de4df60ffdc521344bb95f073f3bbae4f345c20bb3d16868469,nlm,276.0,24.115891974253323,0.534221296507552,38.76901081250426,22.87697120421427,current_noise_full_reference_sweep,False,3.8623569929914083,0.006791399995563552,8,8,NLM_fast_cuda_global,,,,,
set50,high,24.gif,0,0.1,"[512, 512]",b8f6ebed7641854cd23e807c2f78d350f1373b2fe7f96e6ea18f8531797fbc3a,933931a3c3cf3e69d505146c4f660b276aa0eb49b9bdfff9b8e7b90470c69978,nlm,327.0,25.937798970425057,0.5854518661248864,42.24149279145685,22.183440784500835,current_noise_full_reference_sweep,False,3.957242372998735,0.006891055993037298,8,8,NLM_fast_cuda_global,,,,,
set50,high,3.gif,0,0.1,"[512, 512]",e3e2313cc250162bd613776c7b0063891d9d56b3576c9808ac5c8c0e7e8fcb8d,735ba2525df2e7b6a619ada7a3ef29d9102198e0392841695017c0dd0b5ee365,nlm,315.0,24.577817036957875,0.5552396783227425,40.05089243461606,21.46946650046343,current_noise_full_reference_sweep,False,3.945864416004042,0.006926695990841836,8,8,NLM_fast_cuda_global,,,,,
set50,high,1.gif,0,0.1,"[512, 512]",95f21dff4cd5a318a519cb05a1e35fb41f49c007ca46345fd6917258be8d9d73,3c777b4aafc995f531dbb45a128a3eae2ac912519ef53a690559aa448818fa5c,nlm,269.0,23.352442039541824,0.5988044487249999,41.61644345602091,24.387014775427502,current_noise_full_reference_sweep,False,3.943143497002893,0.00693323599989526,8,8,NLM_fast_cuda_global,,,,,
set50,high,23.gif,0,0.1,"[512, 512]",05918015ae96873f255fec3e75ace895a76214abbeffdbfff55b5cf6214224c6,5f89d28e00ddcbb3c400744e705cf34f0576d46a30918f8130ebe8b81f0dbd6b,nlm,370.0,26.944440414816924,0.6622168401034304,46.58306221257998,21.812428266442183,current_noise_full_reference_sweep,False,3.9945562919892836,0.006929732000571676,8,8,NLM_fast_cuda_global,,,,,
set50,high,35.gif,0,0.1,"[512, 512]",353590d221e21b53b97858fbc575a2320a10336f21bbed5dd461fa942bab100f,7fd0001b7f292822b216f02c457dbcecd3cc83fe14deb66f3451f8f3ef72671e,nlm,284.0,25.518074702788425,0.663167385463053,45.917406624546864,22.993376381755173,current_noise_full_reference_sweep,False,3.8692181229998823,0.006640057006734423,8,8,NLM_fast_cuda_global,,,,,
set50,high,36.gif,0,0.1,"[512, 512]",99a41bcc709d43204ca0f73a6593656300237e5367043081c5065ca77d5e3628,ff4228673bf5f8b1cc0996ca7aebcbc4b4745a91c7d8bae3aa2dd541df188359,nlm,243.0,22.24792292531335,0.4583927250565463,34.04359771548399,21.438339059209383,current_noise_full_reference_sweep,False,3.996033873001579,0.00693725400196854,8,8,NLM_fast_cuda_global,,,,,
set50,high,26.gif,0,0.1,"[512, 512]",3efcc155fe7f35f9428c0536c9c1dc2b826188d5f0a5b0a90ecbf681233221e2,82c2e5bf1fd025c58e0731a894ed6f185e49d9f6da055c0ddcccab37d1acaf68,nlm,331.0,27.076409457769728,0.6370849926937755,45.392454363573634,22.008571443052894,current_noise_full_reference_sweep,False,3.9787361409980804,0.0068043600040255114,8,8,NLM_fast_cuda_global,,,,,
set50,high,37.gif,0,0.1,"[512, 512]",74881a36c4896c931da56c784ac35afb478dc71ae7af27894deeb074f83e518a,6711e4fc698c6f6b88662c31c7011be6475f79e420b41957137edbe48c02cc84,nlm,262.0,24.881603158656873,0.4575494978936609,35.31827647401148,22.98442627032487,current_noise_full_reference_sweep,False,3.9427895870030625,0.0066988269973080605,8,8,NLM_fast_cuda_global,,,,,
set50,high,13.gif,0,0.1,"[512, 512]",c34b796bde09761f5bc3c358f20b72f49e020580ed0a76d5456c61f0da4499eb,b23b2328bee24b6db72c9714ba291238b97ab3df260f49344564758f266b6c76,nlm,303.0,24.11687965614119,0.6170927814062322,42.91307889838221,21.59444427288615,current_noise_full_reference_sweep,False,3.8758854490006343,0.006757024006219581,8,8,NLM_fast_cuda_global,,,,,
set50,high,28.gif,0,0.1,"[512, 512]",f509179793e6551fbec77f8fdd91e45d53d2dd6e0a87394377c4bb4c52eb9a43,d1611978754e5fc4a32fa267275458c29f71665a67a3d6e772e5a8d97a888b76,nlm,325.0,26.080057079590357,0.5871753334209925,42.3987952108448,23.111131852568736,current_noise_full_reference_sweep,False,3.9889229820109904,0.006936361998668872,8,8,NLM_fast_cuda_global,,,,,
set50,high,9.gif,0,0.1,"[512, 512]",8b76cd61996084e7d23b9f638b4d32839d9f6ac7965ef9b585f78bdbdaff16b3,bf30a7802fc17f31bf72e321b90d3ed5f0390b5768e85c9c5499096eb9fcde3e,nlm,275.0,23.414257486686864,0.5820523612404738,40.80974680536712,23.50683282176238,current_noise_full_reference_sweep,False,3.937991743994644,0.007242338004289195,8,8,NLM_fast_cuda_global,,,,,
set50,high,18.gif,0,0.1,"[512, 512]",539caf0cced15a86b729848a1a182b75776a621cf01b5e9a62085f53b86f3407,57502a7add237e5d5309882c717ca9c474cb1f376e21798057c8e0f71c0150ec,nlm,229.0,19.799806317565995,0.4206046751164129,30.930136914603644,24.885984194626673,current_noise_full_reference_sweep,False,3.865984572999878,0.006649193004705012,8,8,NLM_fast_cuda_global,,,,,
set50,high,49.gif,0,0.1,"[512, 512]",8311e02cd6238d6e74f6a9bf6fa5c250d748ceec5882a86242e2452c587cdf2b,16522de1ffa2356a43b6b1339c41f1a31b67ef45f92c4bb401a90a78555d2b30,nlm,230.0,18.51137894388806,0.590123821079461,38.76188052591708,24.185652821361934,current_noise_full_reference_sweep,False,3.8696177410020027,0.0066507950105005875,8,8,NLM_fast_cuda_global,,,,,
set50,high,4.gif,0,0.1,"[512, 512]",fd89b9bfe327e11c7cfbc851fff026261f2c33ef17edc9373682def6616fdc4f,3c0d019d5056b98dbdd01251831763caa26e55b8875f2444b402a81535401593,nlm,301.0,25.76252491560989,0.5581999155358008,40.791258234594984,21.988071021942634,current_noise_full_reference_sweep,False,3.934316298997146,0.007269959009136073,8,8,NLM_fast_cuda_global,,,,,
set50,high,8.gif,0,0.1,"[512, 512]",fd53a01b9f6a3a02a5408efee91cfa235b1325372804d49874a677719089b14e,22ebb86ce1395a6ea03d541a188eef6e92c3804779678fd6b9d986ea4a3704f1,nlm,370.0,25.02824443600721,0.5533513309244154,40.181688764224376,19.478345249393687,current_noise_full_reference_sweep,False,3.964579834995675,0.006968789006350562,8,8,NLM_fast_cuda_global,,,,,
set50,high,39.gif,0,0.1,"[512, 512]",e43557540646572e4a7b69124c49ff2c37c4d1695507c5d64a44d09a5043958e,2cd48e49bed02f86e876dc092a5fe09f97580929bf9971223e5d235b9fc21e5d,nlm,372.0,27.145146984707857,0.6722621050976089,47.18567874723438,21.9888953371028,current_noise_full_reference_sweep,False,3.9530371720029507,0.006936814010259695,8,8,NLM_fast_cuda_global,,,,,
set50,high,12.gif,0,0.1,"[512, 512]",3c3ec23125fea9974f2e94c0d93a534edf2ec60d33b6af79f9a60fef58295de4,c499ec126eb1d4bd4772ea5064bf8c5aec9aedea33c962227fa457abfe5821f2,nlm,285.0,23.733175412265304,0.5478522259147321,39.25919900186926,21.550532170091383,current_noise_full_reference_sweep,False,3.922615823990782,0.0068659410026157275,8,8,NLM_fast_cuda_global,,,,,
set50,high,45.gif,0,0.1,"[512, 512]",72644242bceb1596c04ab4ddde11989c7aa206ee2094402fadeac9f9c500d55a,1c77a0ba17abe22ce790d8efab4ac203a1f91fa751c993883c8b6bb7b35b8ec7,nlm,309.0,24.10925256545366,0.6244641916308661,43.27783586427013,22.044667397982465,current_noise_full_reference_sweep,False,3.9599157459888374,0.006784276003600098,8,8,NLM_fast_cuda_global,,,,,
set50,high,11.gif,0,0.1,"[512, 512]",b12e0216f269d1ad8f5dfe769baf0fb60142ab5235a6d1d62707dc52ca591071,9cf4a3983f4c78b315b6e3696a2902c630e21959314e7d5ba80f4b5e3a698a9f,nlm,253.0,20.41116072318254,0.5696415276080558,38.68765674199406,23.779501571981662,current_noise_full_reference_sweep,False,3.9158475950098364,0.0067833880020771176,8,8,NLM_fast_cuda_global,,,,,
set50,high,34.gif,0,0.1,"[512, 512]",42a4b02f48b536770f4d42c1c4884a5b2a4a662af62778249a90a16c1d9f5398,aeee58b67027a3d070fc355f6fa808729e4818e31921fdad3e72e016da9f0e59,nlm,268.0,23.73420630721291,0.5550036259353777,39.61728445037534,22.811877171034453,current_noise_full_reference_sweep,False,3.868796494003618,0.006799301001592539,8,8,NLM_fast_cuda_global,,,,,
set50,medium,19.gif,0,0.05,"[512, 512]",d17c7663feb48c0fe318904421cb04ec7e850a109d952f66a49ac464a4176a1e,ab0f62ff71690b1f079d2442492232894b3d5cb0bd28f2a635a0154933a3ad9c,nlm,219.0,24.454486332326816,0.636853233272193,44.06990482977306,9.560419952910303,current_noise_full_reference_sweep,False,2.9154550460079918,0.006919510007719509,8,8,NLM_fast_cuda_global,,,,,
set50,medium,22.gif,0,0.05,"[512, 512]",dfe4f6c6370dbe0651bccc46e98ac3b787e8c63a3a37fb138fe6c81f3e32edd4,620f2e4a57fed79f61ab777b3e184c38652054c24847572fdb76c0001885adc8,nlm,183.0,24.371745383636632,0.6097052169297557,42.6711335383061,13.34341855263076,current_noise_full_reference_sweep,False,2.8965196360077243,0.006883764988742769,8,8,NLM_fast_cuda_global,,,,,
set50,medium,10.gif,0,0.05,"[512, 512]",e233b9bc584bbcbbdcbcbf3674e9c18c92aff37cf54afeec01dc2e7dc1811878,bf39e4c2af1601555be9f4f79c87f5f72e4d70b0d0c6fbe349afddc726c4b64a,nlm,260.0,26.7181757786242,0.7604979949864326,51.38398763863373,6.2085141453237584,current_noise_full_reference_sweep,False,2.8392674019996775,0.006826119002653286,8,8,NLM_fast_cuda_global,,,,,
set50,medium,14.gif,0,0.05,"[512, 512]",83fe92c5398701971c09c467a97dc4bfdb94eb4b3ded548d26e5e7fcf62e4d2a,15c8aaec04915b3a2e6edfedfb300a609784bb53adf334bf8a8dfad53fca7e0e,nlm,169.0,21.057691037530088,0.4908595718661142,35.07182411207075,15.460870697235201,current_noise_full_reference_sweep,False,2.832032056991011,0.0067965709895361215,8,8,NLM_fast_cuda_global,,,,,
set50,medium,5.gif,0,0.05,"[512, 512]",49db903e1a87a0044a734fb77708aad9985011bc9ee9fb379099de1b4e946109,c2224edd221ea21c84e5117528a8db3adfc3696f14b7d240e12cc2d0730553af,nlm,231.0,27.91670713231888,0.7090157686700999,49.40914199966443,8.704290186534417,current_noise_full_reference_sweep,False,2.9193961280107033,0.006847155003924854,8,8,NLM_fast_cuda_global,,,,,
set50,medium,44.gif,0,0.05,"[512, 512]",f968969e97bf6f8f47fd5940af0bd7481b61f2df6d5d553882b8938123b37289,b3d71aafdd8875b49cb64bc4e793cabad947e6ab2f446605040bc133a31cd1d0,nlm,169.0,18.846640171760097,0.5269580049100685,35.771220331383475,28.381985382321425,current_noise_full_reference_sweep,False,3.0702541140053654,0.007063241006108001,8,8,NLM_fast_cuda_global,,,,,
set50,medium,42.gif,0,0.05,"[512, 512]",f9b953242d46fc204da43e46262ac3754e9428050546213f592efb0fb7398f12,6e3b11e5a5fc79d6e322f09ce90be37d3ffe0078940e736dc490e04f24ae9a34,nlm,191.0,25.788769832563595,0.6898518239534147,47.38697611395253,12.080704877459485,current_noise_full_reference_sweep,False,2.9107434209872736,0.006991499001742341,8,8,NLM_fast_cuda_global,,,,,
set50,medium,38.gif,0,0.05,"[512, 512]",e39779dc60dbc76330293a5fdb44dfabe4d22433c36132e18afcf31a515217b4,2e0bec2731efda949bbf711f73c2cbc227dfc6737900f9055cfc90cf3cdf2fde,nlm,204.0,26.868931695775117,0.653463176474389,46.107624671607006,8.062732625581653,current_noise_full_reference_sweep,False,2.8940916850115173,0.006921635998878628,8,8,NLM_fast_cuda_global,,,,,
set50,medium,48.gif,0,0.05,"[512, 512]",9b261d731fc3d639b0cc3dac391980b0c49dd558b24b95a14bb3f3eb9f3569d0,a747073b330968ee1aae040e4dc878fcf916f0a11f16fe05636a80b9fc875feb,nlm,219.0,26.46077699335556,0.699928011160007,48.226789054678136,7.505672317264953,current_noise_full_reference_sweep,False,2.8192711869924096,0.006736292009009048,8,8,NLM_fast_cuda_global,,,,,
set50,medium,17.gif,0,0.05,"[512, 512]",6f8a02e1689062bed722742a554760dd74359b35fc8b969bab8beed8e59421a0,6af0ecd76919ca281da513ca27a3a90b46d370abb3eb6578013f06f4b900ca86,nlm,182.0,22.087746862380463,0.5847116844727288,40.27945765482667,12.113978648753214,current_noise_full_reference_sweep,False,2.9174995950015727,0.007066714009852149,8,8,NLM_fast_cuda_global,,,,,
set50,medium,0.png,0,0.05,"[512, 512]",0a372ced9fd4d1f9633532a58073e3974b41da8cfc87f04ec8e9a8dc6a89bba1,95660ff47115848bd895ed7581195e91c2ab4a1746122ef36b82c4d90108493b,nlm,250.0,28.06322934776457,0.7659479459216311,52.329011969963844,4.2321626989935,current_noise_full_reference_sweep,False,2.8902730609988794,0.0066276230063522235,8,8,NLM_fast_cuda_global,,,,,
set50,medium,16.gif,0,0.05,"[512, 512]",2d68b31ae4d4c10bc0e60742ba3064c10d62113ffb3ca9a7c14b80e40b0e6170,7455aaabfc63093d044293a592276a820637f19bca9681cbe7c6ff4252ab18b7,nlm,169.0,21.70645167882561,0.42294505079457484,32.00047837914155,20.95173295349308,current_noise_full_reference_sweep,False,2.918658766007866,0.007130472993594594,8,8,NLM_fast_cuda_global,,,,,
set50,medium,32.gif,0,0.05,"[512, 512]",c3cc3fb5da093d47d6808c6219ed907c3e69ab01954b1b929a8739cbbcc26493,d2e3e8ae3b57d5960df96ffa19753233b3b3181989f99a93fa4b43c98c09e669,nlm,188.0,23.627803207617603,0.5754392739869361,40.5858653031556,14.350226909038941,current_noise_full_reference_sweep,False,2.895318969996879,0.007024777994956821,8,8,NLM_fast_cuda_global,,,,,
set50,medium,30.gif,0,0.05,"[512, 512]",b1cccc0e8d64bae511f9cd0c5596628364bd1e09c90c5e793604a1f7a55f642f,50942175cdb95f83dc200d5959fee5536d4754b54986e42ca9e7c656cbeb2d35,nlm,222.0,24.4445588833282,0.5309186250394563,38.76821069363692,10.164384218016483,current_noise_full_reference_sweep,False,3.0072804410010576,0.006834938991232775,8,8,NLM_fast_cuda_global,,,,,
set50,medium,43.gif,0,0.05,"[512, 512]",443801cafadb33c7829b313f4efd834e70cc313567a260dd2b5554dc7ee6be98,0f28e2bbe65b808a1ad16efa6f1a2414cb8e1679bad1f815c763acec68cff608,nlm,241.0,26.34907053686353,0.7439322040769427,50.3711454722789,6.996010130657936,current_noise_full_reference_sweep,False,2.845053224998992,0.006932552991202101,8,8,NLM_fast_cuda_global,,,,,
set50,medium,47.gif,0,0.05,"[512, 512]",9005ddf994846f88305becd36c72a046818a094c026c69a8106c34b34a31a8fe,f0b3f05cda30a32f8298ccca20c4e29bcc50c140242aed6be8d436ed2cbce168,nlm,169.0,22.303233723459353,0.5459609175697144,38.4496627402154,15.956978343048126,current_noise_full_reference_sweep,False,2.8877319789899047,0.006888235991937108,8,8,NLM_fast_cuda_global,,,,,
set50,medium,25.gif,0,0.05,"[512, 512]",30838b6c4e963b60da10cc6158a119a7052a4ffa1ebdcc87bcf0054f681427c6,c89a7c0b0f09eb3263a9d11fe8efddbb4c1176dcd1ec6708e3bfd021c89ed096,nlm,262.0,29.11490828543316,0.7048321792380619,49.79906310461967,7.508218786567634,current_noise_full_reference_sweep,False,2.9353394539939472,0.006890499993460253,8,8,NLM_fast_cuda_global,,,,,
set50,medium,7.gif,0,0.05,"[512, 512]",5e3769e24988284e1036ce844ee8e0f11dbe28fe111f6a962e37864dc34b60dc,0b7b6c2421211e0fc8eb9beafb206d75c70b2b199d5853ec2da992719afaceeb,nlm,187.0,22.825943479908627,0.6577342995928166,44.299686719595144,14.38071808644723,current_noise_full_reference_sweep,False,2.90074446098879,0.006853155005956069,8,8,NLM_fast_cuda_global,,,,,
set50,medium,15.gif,0,0.05,"[512, 512]",51e2066df33af18b47bcd356b17c6cdf04f2a5fd219ace410fcabb06698c6c71,39199cb66df82a184e9e3590d2a8fb0d07979479d1aa4b27f16430a55727c97d,nlm,174.0,22.700771952444608,0.5264079793191652,37.67078494218056,12.637099229617629,current_noise_full_reference_sweep,False,2.93645711899444,0.00699617899954319,8,8,NLM_fast_cuda_global,,,,,
set50,medium,41.gif,0,0.05,"[512, 512]",1569598ab7f33ee44bcf70502565ffcd7528912a2c13cd1977fe64573770f1e6,639175861e9da8475bf7aae7e80671d5d0dab0e21f7e6410bb02e7d02ad6a8fb,nlm,180.0,25.624765500791792,0.6440678211147494,45.01577380613337,8.47043847962506,current_noise_full_reference_sweep,False,2.873436063004192,0.006846139003755525,8,8,NLM_fast_cuda_global,,,,,
set50,medium,6.gif,0,0.05,"[512, 512]",ca956c8aa0ec2de8bd2e4d7545c7f969215d4f7f65cb72ee9d31cb17df0033b6,55397b364b569ec357ea88a4f227d75702d9c46065e68167ce5415a085e5c604,nlm,201.0,24.369101753639853,0.6095209041179029,42.660596082715074,9.936260299638587,current_noise_full_reference_sweep,False,2.9323951059923274,0.006861030007712543,8,8,NLM_fast_cuda_global,,,,,
set50,medium,21.gif,0,0.05,"[512, 512]",74d2fa3fc2447fd331660c09f2f468f3cce983dc347509d32564e992fdebaf9a,b6c46b122a5935b040c7876069901e8fa2e88d65c0dccd7d3eab28bd325feb1d,nlm,218.0,25.956550076122205,0.6046892016893489,43.21273512252855,9.658659090695041,current_noise_full_reference_sweep,False,2.9264077419938985,0.00699347400222905,8,8,NLM_fast_cuda_global,,,,,
set50,medium,27.gif,0,0.05,"[512, 512]",bc7a1c1300b1b1bda264e18fbde62fa845194fac5839cb705a788c6ac331f517,bc5c0abc5cb89f2602601bed2e468d7abc51acd7e1e351256ff9700481db427e,nlm,280.0,28.532387727088814,0.7607379550723934,52.30309161716408,6.593418424014753,current_noise_full_reference_sweep,False,2.8447300840052776,0.0067916779953520745,8,8,NLM_fast_cuda_global,,,,,
set50,medium,46.gif,0,0.05,"[512, 512]",14cdebcd7b2b9e534cc9717933df6ccb4861289237cde90700810e2e6e2e245f,d878c43c275cd0166300fe04d75a53c09d3d75d67cb3d908e5882e20a295ecc9,nlm,169.0,23.452851136885894,0.5716998682088649,40.31141897888619,12.896673669891248,current_noise_full_reference_sweep,False,2.947514300001785,0.007627398998010904,8,8,NLM_fast_cuda_global,,,,,
set50,medium,20.gif,0,0.05,"[512, 512]",c3a4da195ffc62103521cd979723e50840fe46cfd989b567c826985f8b23dcf4,5bfaaf6ce3c548fbb6ee19f84702519c6eb63441cab262540222464802072c15,nlm,180.0,23.848549336811597,0.5366715500918925,38.75785217300042,11.640445644187713,current_noise_full_reference_sweep,False,2.9131419470068067,0.006980609003221616,8,8,NLM_fast_cuda_global,,,,,
set50,medium,2.gif,0,0.05,"[512, 512]",b101b795e2638a1e9dbdaa513bdc8be6090aed4d6ac294b155e5f3a2c7c0bb80,47bd00b70c71b3de67094cd318e7fb07d41c4b8231d7032dbe43d4a7fd0afd84,nlm,220.0,26.90078230050339,0.6452792925156591,45.71435577603465,8.700073878116541,current_noise_full_reference_sweep,False,2.9358469559956575,0.007036267998046242,8,8,NLM_fast_cuda_global,,,,,
set50,medium,40.gif,0,0.05,"[512, 512]",911cad3f1d559f196f94ed9e80a9602969b74319acb1d70da238efdb48af38e2,dc1d71ab921c00086086b6fde9eb97f5acf18f1ed049f18da885c811f2618fe2,nlm,215.0,29.86181870904128,0.7165597518043316,50.75889694473722,6.899691095767725,current_noise_full_reference_sweep,False,2.904182040001615,0.0072044739936245605,8,8,NLM_fast_cuda_global,,,,,
set50,medium,31.gif,0,0.05,"[512, 512]",33781418a1e6e85521011be7d450b002a8f8a8f1ba68a79c1219f3b3ba59b160,a83f1584e818989261cb11cf48877cb0c510282d8114787afbbd003206284810,nlm,169.0,20.467947211386203,0.5023270665842724,35.35032693490672,21.860549608056544,current_noise_full_reference_sweep,False,2.903340567005216,0.007011768000666052,8,8,NLM_fast_cuda_global,,,,,
set50,medium,29.gif,0,0.05,"[512, 512]",1eeb76c0386fbcd563a08eb25bbeffde427bdc62658e4bcc02c8aafbf733f219,83a2de1c8dcf51614771b01920c82a7c23337d67875efe46d6c405c5127135c7,nlm,169.0,22.317728598979663,0.4921521081890619,35.76646970894293,18.879175585845193,current_noise_full_reference_sweep,False,2.867060912991292,0.006864343988127075,8,8,NLM_fast_cuda_global,,,,,
set50,medium,33.gif,0,0.05,"[512, 512]",7a10c4eca50167d8d459c2505f2b0f21cfb399e7b01adccaa0422695496c2e72,08d26c934a289bb92e048127732aeadfa9b78a9f4b5882efb73995bdf3cd72d1,nlm,211.0,25.41457077468614,0.5947893656614495,42.446753670415546,10.957238251891756,current_noise_full_reference_sweep,False,2.816867004003143,0.00686319699161686,8,8,NLM_fast_cuda_global,,,,,
set50,medium,24.gif,0,0.05,"[512, 512]",b8f6ebed7641854cd23e807c2f78d350f1373b2fe7f96e6ea18f8531797fbc3a,7df6a26996b27055fbd6fade2729c1bef1483650ee3f0c3831c8b73955e45a96,nlm,236.0,27.241816150796435,0.6573787295455984,46.489844552678136,8.265634338153951,current_noise_full_reference_sweep,False,2.912859699004912,0.007064456993248314,8,8,NLM_fast_cuda_global,,,,,
set50,medium,3.gif,0,0.05,"[512, 512]",e3e2313cc250162bd613776c7b0063891d9d56b3576c9808ac5c8c0e7e8fcb8d,796ec59771c5391e193cc91c432e0a5596e1920f3a4db227d9eb10f6a3d518d5,nlm,239.0,26.050626685441554,0.6330744599125332,44.67903633834744,8.031951594643632,current_noise_full_reference_sweep,False,2.8804511979978997,0.006899056999827735,8,8,NLM_fast_cuda_global,,,,,
set50,medium,1.gif,0,0.05,"[512, 512]",95f21dff4cd5a318a519cb05a1e35fb41f49c007ca46345fd6917258be8d9d73,e24ed88e7f0eb2dddfa6a9612b63b2c33becdf037cb98dd934bdb9f01a47ea78,nlm,188.0,24.74179422268643,0.677384965360684,46.240145379377424,10.728431410319414,current_noise_full_reference_sweep,False,2.8240407160046743,0.0067666409886442125,8,8,NLM_fast_cuda_global,,,,,
set50,medium,23.gif,0,0.05,"[512, 512]",05918015ae96873f255fec3e75ace895a76214abbeffdbfff55b5cf6214224c6,655503e7d7fab0b5c67c003c7369ebf5019a3bde7ab7b4ded0a31511df31d745,nlm,267.0,29.13809037082879,0.7512352550207603,52.130807936452406,6.849127914905318,current_noise_full_reference_sweep,False,2.9150470349995885,0.00676246099465061,8,8,NLM_fast_cuda_global,,,,,
set50,medium,35.gif,0,0.05,"[512, 512]",353590d221e21b53b97858fbc575a2320a10336f21bbed5dd461fa942bab100f,d8405f20d92cf2c558f2ca882734d0a50ace70c0b016ae8d28e3ae1f7bf374d8,nlm,203.0,27.03951477606523,0.728412191716852,49.940366973875214,11.185565067740466,current_noise_full_reference_sweep,False,2.904501558004995,0.006944059001398273,8,8,NLM_fast_cuda_global,,,,,
set50,medium,36.gif,0,0.05,"[512, 512]",99a41bcc709d43204ca0f73a6593656300237e5367043081c5065ca77d5e3628,57e4e3e6cfe9d42cb759240f0c415ccaf8f59eecb6632db03e3d83df22720313,nlm,183.0,23.302764951299185,0.5293442052636617,38.118592738832675,10.530278346915944,current_noise_full_reference_sweep,False,2.887848287005909,0.006981507001910359,8,8,NLM_fast_cuda_global,,,,,
set50,medium,26.gif,0,0.05,"[512, 512]",3efcc155fe7f35f9428c0536c9c1dc2b826188d5f0a5b0a90ecbf681233221e2,854fb7772003d6ba3ae6e98b9a7fb849cc21ff8676ba7f04a3260e753a54d7cd,nlm,241.0,28.5766338500633,0.7000517396174776,49.29090390590553,8.04525657861822,current_noise_full_reference_sweep,False,2.873172114996123,0.006846835007308982,8,8,NLM_fast_cuda_global,,,,,
set50,medium,37.gif,0,0.05,"[512, 512]",74881a36c4896c931da56c784ac35afb478dc71ae7af27894deeb074f83e518a,036505e5dfbec15ce66a6908c05abf048cc47a82646c9b6094a5edfac7c701dc,nlm,199.0,25.70278006481269,0.4994975779175083,37.82626892828176,11.077817320260818,current_noise_full_reference_sweep,False,2.911709983003675,0.006879663997096941,8,8,NLM_fast_cuda_global,,,,,
set50,medium,13.gif,0,0.05,"[512, 512]",c34b796bde09761f5bc3c358f20b72f49e020580ed0a76d5456c61f0da4499eb,e2de224a77a3db31067ae6e062087f6bfac38a8df3f2a2d549c5cef396b3bc18,nlm,227.0,25.586843803262028,0.6910010390277497,47.343473853018494,7.4409232804815,current_noise_full_reference_sweep,False,2.9249077229906106,0.0067707200068980455,8,8,NLM_fast_cuda_global,,,,,
set50,medium,28.gif,0,0.05,"[512, 512]",f509179793e6551fbec77f8fdd91e45d53d2dd6e0a87394377c4bb4c52eb9a43,58a9abd4838209bd106b4a74ece0597005b07fe99a36d69bd1aa86ba516bad88,nlm,232.0,27.32519357138525,0.6530738821293167,46.31629089215846,10.07094038874926,current_noise_full_reference_sweep,False,2.8340071019920288,0.006730118999257684,8,8,NLM_fast_cuda_global,,,,,
set50,medium,9.gif,0,0.05,"[512, 512]",8b76cd61996084e7d23b9f638b4d32839d9f6ac7965ef9b585f78bdbdaff16b3,e0f43ad256990bfaa3242b836c5dd9d4cf4e80021e09d929388010da18ae0559,nlm,198.0,24.543605255524742,0.6553220577149466,45.0379055135097,11.47685584680537,current_noise_full_reference_sweep,False,2.8644921590021113,0.006970089001697488,8,8,NLM_fast_cuda_global,,,,,
set50,medium,18.gif,0,0.05,"[512, 512]",539caf0cced15a86b729848a1a182b75776a621cf01b5e9a62085f53b86f3407,4a90c942e2032c8804b9ebb9792d42187fe4daeee7ef4378cd6b6eb20be33093,nlm,169.0,20.802191595915858,0.492897136645407,35.04595263022828,14.72059750757321,current_noise_full_reference_sweep,False,2.8796030249941396,0.006881799010443501,8,8,NLM_fast_cuda_global,,,,,
set50,medium,49.gif,0,0.05,"[512, 512]",8311e02cd6238d6e74f6a9bf6fa5c250d748ceec5882a86242e2452c587cdf2b,5a601ed1dcc9698d64a9477467d78dda4fff8dd35cfeaf9d23934a7ad5017559,nlm,178.0,20.535654927247926,0.7065301549659061,45.59433521191927,10.56354222077207,current_noise_full_reference_sweep,False,2.825395897991257,0.0066944360005436465,8,8,NLM_fast_cuda_global,,,,,
set50,medium,4.gif,0,0.05,"[512, 512]",fd89b9bfe327e11c7cfbc851fff026261f2c33ef17edc9373682def6616fdc4f,1bddc85da101df43df7bb7612200d6defe6021e2962e858d3d0572298eb96ac2,nlm,219.0,26.946050235181012,0.6192708288046308,44.43656655782205,8.16583706090694,current_noise_full_reference_sweep,False,2.895817333002924,0.006753619003575295,8,8,NLM_fast_cuda_global,,,,,
set50,medium,8.gif,0,0.05,"[512, 512]",fd53a01b9f6a3a02a5408efee91cfa235b1325372804d49874a677719089b14e,e2dea4fbc7e21862ca9af16abc32c18c40a4dd5dd02696d500714675394acfb8,nlm,296.0,26.623642105900736,0.6392684661361686,45.2752443597588,7.543811386099229,current_noise_full_reference_sweep,False,2.895149937001406,0.006938195991097018,8,8,NLM_fast_cuda_global,,,,,
set50,medium,39.gif,0,0.05,"[512, 512]",e43557540646572e4a7b69124c49ff2c37c4d1695507c5d64a44d09a5043958e,3302c586943fdd9db0f9ba7e02a73af0dce174011bc328f077b07b2e455337b4,nlm,263.0,29.010674560291058,0.7483118090121607,51.92092773075356,7.571946266398734,current_noise_full_reference_sweep,False,2.9144759710034123,0.006909481991897337,8,8,NLM_fast_cuda_global,,,,,
set50,medium,12.gif,0,0.05,"[512, 512]",3c3ec23125fea9974f2e94c0d93a534edf2ec60d33b6af79f9a60fef58295de4,59d963dcd00180e7f3f72547745489e101cd7eff2175e5f3bb993ec828ffbb2f,nlm,223.0,25.101078426454137,0.6311710207616923,44.109090251311684,8.95453417098994,current_noise_full_reference_sweep,False,2.965985846996773,0.006995760995778255,8,8,NLM_fast_cuda_global,,,,,
set50,medium,45.gif,0,0.05,"[512, 512]",72644242bceb1596c04ab4ddde11989c7aa206ee2094402fadeac9f9c500d55a,81ad42bbcf0b5e8f33c2ad489cebceb574e8a1035bc12ec2a3d57de309ae0f6a,nlm,227.0,25.699997606927234,0.6938193674635398,47.540967176640606,10.593243724051794,current_noise_full_reference_sweep,False,2.945365022009355,0.006869549004477449,8,8,NLM_fast_cuda_global,,,,,
set50,medium,11.gif,0,0.05,"[512, 512]",b12e0216f269d1ad8f5dfe769baf0fb60142ab5235a6d1d62707dc52ca591071,901e5232f1e9d4af8b7e7854cd94540c565ee392f1959e992aa40cca5ec504b7,nlm,207.0,22.548186157095813,0.6734385896736376,44.946022562229786,12.458126693324388,current_noise_full_reference_sweep,False,2.9998526989948004,0.006927012000232935,8,8,NLM_fast_cuda_global,,,,,
set50,medium,34.gif,0,0.05,"[512, 512]",42a4b02f48b536770f4d42c1c4884a5b2a4a662af62778249a90a16c1d9f5398,f88df87e1cc3de2cabfeea22db517da9ce53ffbe36b4b8fcb3fda6b33e5bcef7,nlm,204.0,24.656380319583437,0.6010645060486072,42.38141546222208,12.084279266352977,current_noise_full_reference_sweep,False,2.831511252996279,0.006747943989466876,8,8,NLM_fast_cuda_global,,,,,
set50,extreme,10.gif,0,0.2,"[512, 512]",e233b9bc584bbcbbdcbcbf3674e9c18c92aff37cf54afeec01dc2e7dc1811878,c2298b7f30afbb2db5aebc17d7f29055d6f3492e431507d9548fbcca879a142f,nlm,606.0,21.666899520402755,0.5586397312576051,38.76543632308164,44.133248312679356,current_noise_full_reference_sweep,False,7.750009430004866,0.006912874989211559,8,8,NLM_fast_cuda_global,,,,,
set50,extreme,0.png,0,0.2,"[512, 512]",0a372ced9fd4d1f9633532a58073e3974b41da8cfc87f04ec8e9a8dc6a89bba1,bb82ddd95a6a25e95485a996c31e0375130595fb41bbf773b1bd5b01c13959c1,nlm,539.0,22.51610353666036,0.5292288972653038,37.71949663159537,45.520164932301185,current_noise_full_reference_sweep,False,7.7391887470002985,0.006926581991137937,8,8,NLM_fast_cuda_global,,,,,
set50,extreme,1.gif,0,0.2,"[512, 512]",95f21dff4cd5a318a519cb05a1e35fb41f49c007ca46345fd6917258be8d9d73,54e822cbce4710b252fbe64e0411a8ba078cc0c39f84b7119227543ee0ff4185,nlm,440.0,21.429293183104726,0.49503862268194354,35.46657772564954,47.41821068017442,current_noise_full_reference_sweep,False,7.685634352004854,0.006964283995330334,8,8,NLM_fast_cuda_global,,,,,
set50,moderate,19.gif,0,0.03,"[512, 512]",d17c7663feb48c0fe318904421cb04ec7e850a109d952f66a49ac464a4176a1e,4a77cc7feb68ac2e5a85825f247e8e4c3c9679a7c0426f5bfdcd4072c19d4627,nlm,187.0,25.20113436429659,0.6741632546035095,46.30872991232377,6.494342245792931,current_noise_full_reference_sweep,False,3.219790239003487,0.004014464997453615,8,8,NLM_fast_cuda_global,,,,,
set50,moderate,22.gif,0,0.03,"[512, 512]",dfe4f6c6370dbe0651bccc46e98ac3b787e8c63a3a37fb138fe6c81f3e32edd4,2e45a4290be99d09ad7c8b15ab628d656e317851811cf62a814d56799172c143,nlm,153.0,25.084599739793262,0.6440237948385491,44.74348961182409,8.96475256835278,current_noise_full_reference_sweep,False,3.271337334997952,0.003929317012079991,8,8,NLM_fast_cuda_global,,,,,
set50,moderate,10.gif,0,0.03,"[512, 512]",e233b9bc584bbcbbdcbcbf3674e9c18c92aff37cf54afeec01dc2e7dc1811878,bf021845440d96f05ab8d1c21303bf9963fdc05185458026279984bb6cf67882,nlm,214.0,27.881075891458664,0.8024507555432348,54.06307572289107,3.1256984573040305,current_noise_full_reference_sweep,False,3.3572050479997415,0.003917558002285659,8,8,NLM_fast_cuda_global,,,,,
set50,moderate,14.gif,0,0.03,"[512, 512]",83fe92c5398701971c09c467a97dc4bfdb94eb4b3ded548d26e5e7fcf62e4d2a,abe42801e069a3aebf3f39389e875a54b88a4e1f606a29719e6111251e33d91b,nlm,139.0,21.72483887437619,0.5472955394139626,38.227196407886225,12.124201287875028,current_noise_full_reference_sweep,False,3.3551142740034265,0.003972752005211078,8,8,NLM_fast_cuda_global,,,,,
set50,moderate,5.gif,0,0.03,"[512, 512]",49db903e1a87a0044a734fb77708aad9985011bc9ee9fb379099de1b4e946109,af29f9154f09d34b94284c16eae6366125c9201801f5961f397ede4007ff8d2a,nlm,198.0,28.4872542949878,0.7326854070921408,50.877897502100936,5.877185756804827,current_noise_full_reference_sweep,False,3.568935508999857,0.00695573199482169,8,8,NLM_fast_cuda_global,,,,,
set50,moderate,44.gif,0,0.03,"[512, 512]",f968969e97bf6f8f47fd5940af0bd7481b61f2df6d5d553882b8938123b37289,bb1a9080a734e4376c0068ee09317d2e77d45ff3bc06189f526414812d722522,nlm,139.0,19.614343769301875,0.5942770917303677,39.52102647116932,25.35537158675716,current_noise_full_reference_sweep,False,3.53998230099387,0.0070649080007569864,8,8,NLM_fast_cuda_global,,,,,
set50,moderate,42.gif,0,0.03,"[512, 512]",f9b953242d46fc204da43e46262ac3754e9428050546213f592efb0fb7398f12,5a97f335dd14d16fa2a26568a61dbdd1f0cd96c034e1d93323385c6c8ee1278b,nlm,160.0,26.640393273061047,0.7245800548252909,49.54919937779507,8.926622689996277,current_noise_full_reference_sweep,False,3.576842788999784,0.00722876499639824,8,8,NLM_fast_cuda_global,,,,,
set50,moderate,38.gif,0,0.03,"[512, 512]",e39779dc60dbc76330293a5fdb44dfabe4d22433c36132e18afcf31a515217b4,7b05a5462bc68e44134575d6e71c54256811d7816777d48e15b8ebff29020534,nlm,165.0,27.439558809309418,0.6853934970313067,47.98945425622004,4.565535968816709,current_noise_full_reference_sweep,False,3.663549728997168,0.0067981630127178505,8,8,NLM_fast_cuda_global,,,,,
set50,moderate,48.gif,0,0.03,"[512, 512]",9b261d731fc3d639b0cc3dac391980b0c49dd558b24b95a14bb3f3eb9f3569d0,be699cc3e412bf91ef9e26d4f7be8e45cc78cbc1049db067c20cc8e0fdefa309,nlm,181.0,27.342571652250225,0.7376988675613813,50.556229204194175,4.3963696723062275,current_noise_full_reference_sweep,False,3.611731128010433,0.006927302994881757,8,8,NLM_fast_cuda_global,,,,,
set50,moderate,17.gif,0,0.03,"[512, 512]",6f8a02e1689062bed722742a554760dd74359b35fc8b969bab8beed8e59421a0,29b950eb5447df2cee11f6d9ed1e4ef64d57aa95f3d5eddc1297ed8706b401b4,nlm,155.0,22.825558408901845,0.6335831468619277,43.091936547547306,8.858783531801935,current_noise_full_reference_sweep,False,3.229441899995436,0.003769047005334869,8,8,NLM_fast_cuda_global,,,,,
set50,moderate,0.png,0,0.03,"[512, 512]",0a372ced9fd4d1f9633532a58073e3974b41da8cfc87f04ec8e9a8dc6a89bba1,1890871d8ac6fdf241ae77566f9a0eb175baed8033bd8ffbdecf5475a45749fe,nlm,218.0,29.212002690917327,0.8079185544251252,55.00192906671492,0.9696326970803544,current_noise_full_reference_sweep,False,3.5377425180049613,0.003936184992198832,8,8,NLM_fast_cuda_global,,,,,
set50,moderate,16.gif,0,0.03,"[512, 512]",2d68b31ae4d4c10bc0e60742ba3064c10d62113ffb3ca9a7c14b80e40b0e6170,108534efa550eb43c28b1af1689dc7e2b4ce02a2879364bb26dfe0bda7ea36a0,nlm,139.0,22.03902871267269,0.45340989973662404,33.690009343167546,17.933548946925256,current_noise_full_reference_sweep,False,3.3312035780109,0.00408962499932386,8,8,NLM_fast_cuda_global,,,,,
set50,moderate,32.gif,0,0.03,"[512, 512]",c3cc3fb5da093d47d6808c6219ed907c3e69ab01954b1b929a8739cbbcc26493,d278879439261ffe9ed28694e5eea47639c1b8f5a8a94bace3543395b60dd533,nlm,182.0,24.435710194788385,0.6157907085269944,43.00739052374391,10.966244213148519,current_noise_full_reference_sweep,False,3.5863220199971693,0.007558330005849712,8,8,NLM_fast_cuda_global,,,,,
set50,moderate,30.gif,0,0.03,"[512, 512]",b1cccc0e8d64bae511f9cd0c5596628364bd1e09c90c5e793604a1f7a55f642f,d28020be6943581ea586663a46ffe8f3a0fb5dabd1de0042b989c19d113e461f,nlm,187.0,24.953614059637395,0.5616368949806831,40.558651778852855,7.17802966381252,current_noise_full_reference_sweep,False,3.5436979430087376,0.006688323002890684,8,8,NLM_fast_cuda_global,,,,,
set50,moderate,43.gif,0,0.03,"[512, 512]",443801cafadb33c7829b313f4efd834e70cc313567a260dd2b5554dc7ee6be98,1f8784755ea55d81ac618ccaca204d47bf177db66bd5c7daaede569bb788a981,nlm,200.0,27.281953643487505,0.780378478902364,52.65990076686195,3.342515260183013,current_noise_full_reference_sweep,False,3.593628368995269,0.007150215998990461,8,8,NLM_fast_cuda_global,,,,,
set50,moderate,47.gif,0,0.03,"[512, 512]",9005ddf994846f88305becd36c72a046818a094c026c69a8106c34b34a31a8fe,4d80ef3a631443edbca7f0f765de5e35a2502b2f168084e29548ba4f32211a34,nlm,139.0,22.934571206504426,0.5932313582622231,41.128853516363364,12.209119888568948,current_noise_full_reference_sweep,False,3.669805669997004,0.007033564994344488,8,8,NLM_fast_cuda_global,,,,,
set50,moderate,25.gif,0,0.03,"[512, 512]",30838b6c4e963b60da10cc6158a119a7052a4ffa1ebdcc87bcf0054f681427c6,8e83987dd80258df03bc1d39081bd12f3e414e2a92e3b00b5454514001fa330e,nlm,217.0,29.716735456927537,0.7390181077243853,51.80927311468303,3.526049101290496,current_noise_full_reference_sweep,False,3.500691588007612,0.006721948011545464,8,8,NLM_fast_cuda_global,,,,,
set50,moderate,7.gif,0,0.03,"[512, 512]",5e3769e24988284e1036ce844ee8e0f11dbe28fe111f6a962e37864dc34b60dc,43f856b2e4729aee32854ee85f842476fc982f3d9d390db1fb2b7253e4e7e89c,nlm,166.0,23.889370821682938,0.6950331889343389,46.696344857558415,11.00469787910653,current_noise_full_reference_sweep,False,3.5846627469873056,0.00699540700588841,8,8,NLM_fast_cuda_global,,,,,
set50,moderate,15.gif,0,0.03,"[512, 512]",51e2066df33af18b47bcd356b17c6cdf04f2a5fd219ace410fcabb06698c6c71,2d9093eb41be84ce7ed0d978b9b19c485cbf154d47e52c2dd0fd828853447d0c,nlm,142.0,23.243872612662,0.5716646163227683,40.20516712246942,9.084025881918386,current_noise_full_reference_sweep,False,3.3190927210089285,0.003865517006488517,8,8,NLM_fast_cuda_global,,,,,
set50,moderate,41.gif,0,0.03,"[512, 512]",1569598ab7f33ee44bcf70502565ffcd7528912a2c13cd1977fe64573770f1e6,ff0263a6707841b84077f68687f1b5681a02f5a5751a9c11140365b8582c92b3,nlm,148.0,26.352694634975805,0.6793936326046184,47.14602894771882,5.112837757139084,current_noise_full_reference_sweep,False,3.6108784730022307,0.006994499999564141,8,8,NLM_fast_cuda_global,,,,,
set50,moderate,6.gif,0,0.03,"[512, 512]",ca956c8aa0ec2de8bd2e4d7545c7f969215d4f7f65cb72ee9d31cb17df0033b6,84221910b6b9a6acdbb5afef9fc1ca7d246990555c43db357055a2f7fb1696d9,nlm,165.0,24.973290914600117,0.6530992004519524,45.14160547989768,6.411420099655028,current_noise_full_reference_sweep,False,3.537146777001908,0.006866484007332474,8,8,NLM_fast_cuda_global,,,,,
set50,moderate,21.gif,0,0.03,"[512, 512]",74d2fa3fc2447fd331660c09f2f468f3cce983dc347509d32564e992fdebaf9a,d5ccfab06b048653f8250b070ca0b04342317d22a38961fa45c8b80e0d09c15a,nlm,183.0,26.522418776252827,0.6400455063053867,45.26348470339575,6.021288559991234,current_noise_full_reference_sweep,False,3.299527481998666,0.003914736997103319,8,8,NLM_fast_cuda_global,,,,,
set50,moderate,27.gif,0,0.03,"[512, 512]",bc7a1c1300b1b1bda264e18fbde62fa845194fac5839cb705a788c6ac331f517,aab60ccc545edf9dca9fa48d80e67ab5ad51f1057b062d7157c1f27cece394a7,nlm,240.0,29.41890252075837,0.7979146955235623,54.6051860365573,3.5442260989240038,current_noise_full_reference_sweep,False,3.7990059509902494,0.007292048001545481,8,8,NLM_fast_cuda_global,,,,,
set50,moderate,46.gif,0,0.03,"[512, 512]",14cdebcd7b2b9e534cc9717933df6ccb4861289237cde90700810e2e6e2e245f,f68a978e6ae4cceafd52796314ca1bd61710126b4514f19d2cf2a1dbf543f9eb,nlm,139.0,23.866157688854628,0.603121322434579,42.08914496615627,8.968315645889016,current_noise_full_reference_sweep,False,3.5545396779925795,0.006997259988565929,8,8,NLM_fast_cuda_global,,,,,
set50,moderate,20.gif,0,0.03,"[512, 512]",c3a4da195ffc62103521cd979723e50840fe46cfd989b567c826985f8b23dcf4,00025b7fcbcf353bccb34525bf06153c13450094f9fb05eda8e25b4b3cf81775,nlm,147.0,24.253056373561023,0.5704130952398214,40.64718294877159,8.544915990610122,current_noise_full_reference_sweep,False,3.3272115779982414,0.0042465159931452945,8,8,NLM_fast_cuda_global,,,,,
set50,moderate,2.gif,0,0.03,"[512, 512]",b101b795e2638a1e9dbdaa513bdc8be6090aed4d6ac294b155e5f3a2c7c0bb80,7815db9fcaba45ca1fe9659edc8745c582da03a285a37be6aefbfc147089a99b,nlm,184.0,27.5079170475353,0.6730727692173067,47.40759698463299,5.533145170127602,current_noise_full_reference_sweep,False,3.4811740790028125,0.004367365007055923,8,8,NLM_fast_cuda_global,,,,,
set50,moderate,40.gif,0,0.03,"[512, 512]",911cad3f1d559f196f94ed9e80a9602969b74319acb1d70da238efdb48af38e2,4ed4227588674f3dfbd060c06df4a2a8737dae851b4ce97b19d6d26acd29cd88,nlm,174.0,30.52874234479473,0.7436684193532029,52.447792140057516,3.5309165197105297,current_noise_full_reference_sweep,False,3.538902831991436,0.006885904003866017,8,8,NLM_fast_cuda_global,,,,,
set50,moderate,31.gif,0,0.03,"[512, 512]",33781418a1e6e85521011be7d450b002a8f8a8f1ba68a79c1219f3b3ba59b160,6c04ab1e187ca58f545f9b32e49810d14cc9f4baabf6e8b2e3ab576507435c08,nlm,139.0,21.088656270187762,0.5447798488745119,37.78332057881948,18.568051048788416,current_noise_full_reference_sweep,False,3.9180561840039445,0.00747002600110136,8,8,NLM_fast_cuda_global,,,,,
set50,moderate,29.gif,0,0.03,"[512, 512]",1eeb76c0386fbcd563a08eb25bbeffde427bdc62658e4bcc02c8aafbf733f219,7e36de98996efc03518db23d8b2790304e843bc1b59fa6dbd37c32ded4a6902b,nlm,139.0,22.639907155737898,0.5255410575450267,37.59700645512028,15.916707083370738,current_noise_full_reference_sweep,False,3.505406162003055,0.006709779001539573,8,8,NLM_fast_cuda_global,,,,,
set50,moderate,33.gif,0,0.03,"[512, 512]",7a10c4eca50167d8d459c2505f2b0f21cfb399e7b01adccaa0422695496c2e72,ba09b5b2b00094264b93b15dfe764f5f155d14fd8012fef6795bbb30e2e02af9,nlm,179.0,26.016400329099568,0.6237373174466533,44.19506603688245,7.661302453936888,current_noise_full_reference_sweep,False,3.470899673004169,0.006601707995287143,8,8,NLM_fast_cuda_global,,,,,
set50,moderate,24.gif,0,0.03,"[512, 512]",b8f6ebed7641854cd23e807c2f78d350f1373b2fe7f96e6ea18f8531797fbc3a,00361d9d18adafe8f56c1222f7c494507b310d4a76d7b0c8a82b2c1609574b41,nlm,194.0,27.85757167792675,0.6925773491201678,48.55765329497176,4.599868412453793,current_noise_full_reference_sweep,False,3.5086330769991037,0.0069404680107254535,8,8,NLM_fast_cuda_global,,,,,
set50,moderate,3.gif,0,0.03,"[512, 512]",e3e2313cc250162bd613776c7b0063891d9d56b3576c9808ac5c8c0e7e8fcb8d,dd14e890ca3c05f9cb0de1181aa5a5db0779077468bd4909ced1783680752557,nlm,203.0,26.70623094619733,0.6669260113048644,46.69941603834188,4.682313007227465,current_noise_full_reference_sweep,False,3.486985307012219,0.0066259989980608225,8,8,NLM_fast_cuda_global,,,,,
set50,moderate,1.gif,0,0.03,"[512, 512]",95f21dff4cd5a318a519cb05a1e35fb41f49c007ca46345fd6917258be8d9d73,b046c3ca53ac27d398655bff7451b2b566c0b17466b8819f428a346cbe1fb919,nlm,156.0,25.636092979676075,0.7222186324399203,48.928978111834056,6.2247883605785415,current_noise_full_reference_sweep,False,3.4134929409920005,0.005323749996023253,8,8,NLM_fast_cuda_global,,,,,
set50,moderate,23.gif,0,0.03,"[512, 512]",05918015ae96873f255fec3e75ace895a76214abbeffdbfff55b5cf6214224c6,2daf28aacbb63227de565cd84c202daafbc0a84772d4320a0d4213b8214207da,nlm,222.0,30.168698446116196,0.7910572745334377,54.63721294972998,3.1717908242102575,current_noise_full_reference_sweep,False,3.4719660940027097,0.013931107008829713,8,8,NLM_fast_cuda_global,,,,,
set50,moderate,35.gif,0,0.03,"[512, 512]",353590d221e21b53b97858fbc575a2320a10336f21bbed5dd461fa942bab100f,0fb08c5de87a5a41e52590493adbddf82a33f95b9154da10a9801c12a103de9f,nlm,170.0,27.826804031172774,0.7580456512624053,51.81568457870665,7.837063978688546,current_noise_full_reference_sweep,False,3.5863149799988605,0.006922247994225472,8,8,NLM_fast_cuda_global,,,,,
set50,moderate,36.gif,0,0.03,"[512, 512]",99a41bcc709d43204ca0f73a6593656300237e5367043081c5065ca77d5e3628,ac5122e3551e0bbc5ce45212b3e5a5b0036fdaec4bb1859d21d61fc5d6d185a9,nlm,150.0,23.750325822322292,0.5673980811742589,40.245066969874095,7.675429632192159,current_noise_full_reference_sweep,False,3.5785787619970506,0.006905482005095109,8,8,NLM_fast_cuda_global,,,,,
set50,moderate,26.gif,0,0.03,"[512, 512]",3efcc155fe7f35f9428c0536c9c1dc2b826188d5f0a5b0a90ecbf681233221e2,80df9d16ce4f4c986faf28bb5b520724b7cc3964f0373fd572fa16b065e88889,nlm,194.0,29.217389146362443,0.7275089797897428,50.984143562668365,4.312136469166153,current_noise_full_reference_sweep,False,3.583890038993559,0.006897132989251986,8,8,NLM_fast_cuda_global,,,,,
set50,moderate,37.gif,0,0.03,"[512, 512]",74881a36c4896c931da56c784ac35afb478dc71ae7af27894deeb074f83e518a,7173cba5345fcfbe9557abb697d95042a919f4d6122da8ce612d77d8fb82cf11,nlm,160.0,26.06186822578143,0.5244393638823271,39.252902307007076,7.885172595025992,current_noise_full_reference_sweep,False,3.542613846002496,0.006783688004361466,8,8,NLM_fast_cuda_global,,,,,
set50,moderate,13.gif,0,0.03,"[512, 512]",c34b796bde09761f5bc3c358f20b72f49e020580ed0a76d5456c61f0da4499eb,a2f2a757fc1c83f9bed8ee3c789083b32351ef8857a1a102fba848a3fe7d0f2a,nlm,183.0,26.460463243766323,0.7273888055526478,49.599671899515556,3.589009176227631,current_noise_full_reference_sweep,False,3.2980351299920585,0.0038863819936523214,8,8,NLM_fast_cuda_global,,,,,
set50,moderate,28.gif,0,0.03,"[512, 512]",f509179793e6551fbec77f8fdd91e45d53d2dd6e0a87394377c4bb4c52eb9a43,0ec572cf93ac546cce976f078eeb44740a3e46ee9a4fce5909a4ee51526b79a3,nlm,185.0,27.863152698264884,0.6833610142020109,48.099627059232986,6.185221232890457,current_noise_full_reference_sweep,False,3.5571133440098492,0.006833141000242904,8,8,NLM_fast_cuda_global,,,,,
set50,moderate,9.gif,0,0.03,"[512, 512]",8b76cd61996084e7d23b9f638b4d32839d9f6ac7965ef9b585f78bdbdaff16b3,08ebebac1d0c3f7ebfafdfa8e93fa92ed980cc02966803336351778a3d0128df,nlm,163.0,25.1765813534354,0.6938197152578768,47.279276439611536,7.414792631296127,current_noise_full_reference_sweep,False,3.562589281995315,0.0070966310013318434,8,8,NLM_fast_cuda_global,,,,,
set50,moderate,18.gif,0,0.03,"[512, 512]",539caf0cced15a86b729848a1a182b75776a621cf01b5e9a62085f53b86f3407,762e6943b9437065f73e4f6277554701b84063ead3f21c15cf1e7188d5fc83c8,nlm,141.0,21.431821613838768,0.5427858215809912,37.855201885968945,11.401893361377875,current_noise_full_reference_sweep,False,3.1806981429981533,0.0037607220001518726,8,8,NLM_fast_cuda_global,,,,,
set50,moderate,49.gif,0,0.03,"[512, 512]",8311e02cd6238d6e74f6a9bf6fa5c250d748ceec5882a86242e2452c587cdf2b,51d6c89faaff83ef0b7b15a14c8357cccf0aa1dd8a38cf19b3dc5e7488c4f352,nlm,158.0,21.814071992243427,0.7623309139114517,49.0235816916943,4.0771553939305765,current_noise_full_reference_sweep,False,3.5930200329894433,0.006810079008573666,8,8,NLM_fast_cuda_global,,,,,
set50,moderate,4.gif,0,0.03,"[512, 512]",fd89b9bfe327e11c7cfbc851fff026261f2c33ef17edc9373682def6616fdc4f,90c0c67bdd6ea5e7262ae4a17200e7f45a845bcba4d8cd17bc0c12abd43e6ccf,nlm,175.0,27.49117093159503,0.6495173834566281,46.22145463862893,4.846503720464134,current_noise_full_reference_sweep,False,3.4633179099910194,0.006573431004653685,8,8,NLM_fast_cuda_global,,,,,
set50,moderate,8.gif,0,0.03,"[512, 512]",fd53a01b9f6a3a02a5408efee91cfa235b1325372804d49874a677719089b14e,eb3e181f36ac425d497e384772f1bc27cbb99aaccac73affe890e3b538d1fec8,nlm,261.0,27.21131694348035,0.6792040696134304,47.565861952411694,4.579017692748452,current_noise_full_reference_sweep,False,3.5854312130104518,0.006997901989961974,8,8,NLM_fast_cuda_global,,,,,
set50,moderate,39.gif,0,0.03,"[512, 512]",e43557540646572e4a7b69124c49ff2c37c4d1695507c5d64a44d09a5043958e,b18d17a3f4769d559d7b4a3cbb523afee8371b8e3419c1884514b2f407e9a4ac,nlm,225.0,29.757081953452875,0.7813550806338384,53.94629500841836,3.5127458847154793,current_noise_full_reference_sweep,False,3.6099028669996187,0.006949798000277951,8,8,NLM_fast_cuda_global,,,,,
set50,moderate,12.gif,0,0.03,"[512, 512]",3c3ec23125fea9974f2e94c0d93a534edf2ec60d33b6af79f9a60fef58295de4,a88e463713c8906dc55b4636147c4434d127d68a71e2e4d94601b4da5b09fa9e,nlm,194.0,25.732792624606674,0.6671981570322815,46.22630416391741,6.185352020458752,current_noise_full_reference_sweep,False,3.2412771679955767,0.0040614500030642375,8,8,NLM_fast_cuda_global,,,,,
set50,moderate,45.gif,0,0.03,"[512, 512]",72644242bceb1596c04ab4ddde11989c7aa206ee2094402fadeac9f9c500d55a,8f542b8722cb2b0dabbae2e6f726b67333642ec2c57fc7ddbf447d23110afc60,nlm,195.0,26.480441201508892,0.723705575133033,49.425499357406096,7.775229030318656,current_noise_full_reference_sweep,False,3.543180470005609,0.007040042997687124,8,8,NLM_fast_cuda_global,,,,,
set50,moderate,11.gif,0,0.03,"[512, 512]",b12e0216f269d1ad8f5dfe769baf0fb60142ab5235a6d1d62707dc52ca591071,2b4a035721bdad7497c2bbf55e4f48957b4abd07b77f288442c504b9a2e5e739,nlm,187.0,23.735251356070002,0.719723038979391,47.85377762700455,9.129590149832636,current_noise_full_reference_sweep,False,3.3285760790022323,0.011250469004153274,8,8,NLM_fast_cuda_global,,,,,
set50,moderate,34.gif,0,0.03,"[512, 512]",42a4b02f48b536770f4d42c1c4884a5b2a4a662af62778249a90a16c1d9f5398,55a28dcc5b7916918ef13b18a26e0b258b3c954f785ec8c1ee8d6498ea3b939b,nlm,169.0,25.166317170430133,0.629383548890003,44.05233602971522,9.199478077610312,current_noise_full_reference_sweep,False,3.569160095998086,0.006980663994909264,8,8,NLM_fast_cuda_global,,,,,
set50,low,19.gif,0,0.01,"[512, 512]",d17c7663feb48c0fe318904421cb04ec7e850a109d952f66a49ac464a4176a1e,4d9fcea700a23bddd85518f70e1f1a21427252e043050cf82bbd584a784dcdf2,nlm,1.0,24.553213487894734,0.8313828466114056,53.84574907451765,4.246977749162016,current_noise_full_reference_sweep,False,5.385372731994721,0.0069365100061986595,8,8,NLM_fast_cuda_global,,,,,
set50,low,22.gif,0,0.01,"[512, 512]",dfe4f6c6370dbe0651bccc46e98ac3b787e8c63a3a37fb138fe6c81f3e32edd4,b2c86302dd35784935b349103eea4994bac78882b1f66fe05cbd0eff3c4f3692,nlm,4.0,25.554179505850925,0.7760966010345283,51.581919804651875,5.698040368833489,current_noise_full_reference_sweep,False,5.38869485000032,0.00695896300021559,8,8,NLM_fast_cuda_global,,,,,
set50,low,10.gif,0,0.01,"[512, 512]",e233b9bc584bbcbbdcbcbf3674e9c18c92aff37cf54afeec01dc2e7dc1811878,ed18cdba5c14f3575b15c3dbd6cb7821e1672460cf265af262fa809b2dcc9878,nlm,165.0,29.611999579231973,0.8458055604531283,57.096277812272405,1.8483828803525684,current_noise_full_reference_sweep,False,5.471863508006209,0.006824484997196123,8,8,NLM_fast_cuda_global,,,,,
set50,low,14.gif,0,0.01,"[512, 512]",83fe92c5398701971c09c467a97dc4bfdb94eb4b3ded548d26e5e7fcf62e4d2a,64abc2d905aabb38864450f0af1ad424bb1689ea0666689a0a39ea98c8e6c64e,nlm,9.0,25.18025487962596,0.8749130554056838,56.33578021009717,9.348102242380644,current_noise_full_reference_sweep,False,5.156951894998201,0.006617620994802564,8,8,NLM_fast_cuda_global,,,,,
set50,low,5.gif,0,0.01,"[512, 512]",49db903e1a87a0044a734fb77708aad9985011bc9ee9fb379099de1b4e946109,dbd952e46b4726c976e4c86376e9410d20bfc6334f5e9e484a536a9f0337370b,nlm,139.0,29.31174828155097,0.7647370850338586,52.89272839246841,4.037238321127327,current_noise_full_reference_sweep,False,5.178963598998962,0.004468854996957816,8,8,NLM_fast_cuda_global,,,,,
set50,low,44.gif,0,0.01,"[512, 512]",f968969e97bf6f8f47fd5940af0bd7481b61f2df6d5d553882b8938123b37289,42e3c08cf2b0cec0c123c4090e6a3f4b8b8ee6df540c5eec04ad9484bc032028,nlm,9.0,25.22871805149442,0.9416019243959308,59.69445524554375,22.654953297876144,current_noise_full_reference_sweep,False,5.124063508003019,0.004138600997976027,8,8,NLM_fast_cuda_global,,,,,
set50,low,42.gif,0,0.01,"[512, 512]",f9b953242d46fc204da43e46262ac3754e9428050546213f592efb0fb7398f12,fca820cfcfd19eacbd368d0e7c81d4bf941a17e29fe10943058be3157ad7ecdd,nlm,6.0,25.50625939640281,0.7945468287759377,52.48047113699829,6.671711397194866,current_noise_full_reference_sweep,False,4.95141312800115,0.003994046011939645,8,8,NLM_fast_cuda_global,,,,,
set50,low,38.gif,0,0.01,"[512, 512]",e39779dc60dbc76330293a5fdb44dfabe4d22433c36132e18afcf31a515217b4,8a4f622d145ab8ed04f447bd3e6fea77afa39ceaa5e438fdaefe8a638cb76d4d,nlm,1.0,25.405636726797894,0.7768485856274211,51.54524764477,2.755051437476773,current_noise_full_reference_sweep,False,4.8742264600005,0.003879880008753389,8,8,NLM_fast_cuda_global,,,,,
set50,low,48.gif,0,0.01,"[512, 512]",9b261d731fc3d639b0cc3dac391980b0c49dd558b24b95a14bb3f3eb9f3569d0,de7039382b2c716bf8b8bd9ef90136c7a8e43e3e8bdee5fa3447bde9a6becb68,nlm,133.0,28.550024529116907,0.7828800439089609,53.4190144600065,2.9006993013686246,current_noise_full_reference_sweep,False,4.832471850008005,0.004078418001881801,8,8,NLM_fast_cuda_global,,,,,
set50,low,17.gif,0,0.01,"[512, 512]",6f8a02e1689062bed722742a554760dd74359b35fc8b969bab8beed8e59421a0,da214e6323ceeebbcc7aa2be59f5915388fdb98dd02a39f8ca94705bae09da2a,nlm,6.0,24.563811205001716,0.8743260244889158,55.99820682694665,6.499452151434181,current_noise_full_reference_sweep,False,5.388983641998493,0.006978641991736367,8,8,NLM_fast_cuda_global,,,,,
set50,low,0.png,0,0.01,"[512, 512]",0a372ced9fd4d1f9633532a58073e3974b41da8cfc87f04ec8e9a8dc6a89bba1,580fbc14af471717cfc09261d71b2bee527d3960eb5a144e296d4af84219023d,nlm,170.0,30.919471259943855,0.8543069848088805,58.175084870415944,0.5311466516137235,current_noise_full_reference_sweep,False,5.51313215099799,0.007014547998551279,8,8,NLM_fast_cuda_global,,,,,
set50,low,16.gif,0,0.01,"[512, 512]",2d68b31ae4d4c10bc0e60742ba3064c10d62113ffb3ca9a7c14b80e40b0e6170,5a34727aa846ef18673a8ed97ce9030df3297566700329ed4d9163d22c8c0e23,nlm,9.0,24.708570496392422,0.8639593571444668,55.55225310541955,15.193106834306871,current_noise_full_reference_sweep,False,5.396782714000437,0.006950682000024244,8,8,NLM_fast_cuda_global,,,,,
set50,low,32.gif,0,0.01,"[512, 512]",c3cc3fb5da093d47d6808c6219ed907c3e69ab01954b1b929a8739cbbcc26493,ee0b605cf5805cee95dec190b897d374b300762268a951bc2923c750885eb553,nlm,8.0,24.625835165455094,0.8488605834179126,54.75594675362318,8.32811403388754,current_noise_full_reference_sweep,False,5.109659469992039,0.0014583519950974733,8,8,NLM_fast_cuda_global,,,,,
set50,low,30.gif,0,0.01,"[512, 512]",b1cccc0e8d64bae511f9cd0c5596628364bd1e09c90c5e793604a1f7a55f642f,8ca3d59b856fd4291a18000f1171df98f2ccda8b342a7686d3fe46cb7cbe5e9a,nlm,2.0,24.68659834211614,0.8186073926083147,53.273668801473804,5.131018289571735,current_noise_full_reference_sweep,False,5.333446539007127,0.006949795002583414,8,8,NLM_fast_cuda_global,,,,,
set50,low,43.gif,0,0.01,"[512, 512]",443801cafadb33c7829b313f4efd834e70cc313567a260dd2b5554dc7ee6be98,0367df72489ecd2f6c17785be16d482c8ad0f56c301ac5135b7c597d340c320a,nlm,150.0,28.5747481496926,0.8214986117242747,55.36230466106004,1.7224528330406976,current_noise_full_reference_sweep,False,4.971050109990756,0.004209311999147758,8,8,NLM_fast_cuda_global,,,,,
set50,low,47.gif,0,0.01,"[512, 512]",9005ddf994846f88305becd36c72a046818a094c026c69a8106c34b34a31a8fe,b58103ccb1517d653cbc447db4dc4d1bbfe39e12b76ae800a60c523302295055,nlm,9.0,25.565058744368585,0.8551350946230327,55.53928410333593,9.165165075368515,current_noise_full_reference_sweep,False,4.998172047009575,0.004216836008708924,8,8,NLM_fast_cuda_global,,,,,
set50,low,25.gif,0,0.01,"[512, 512]",30838b6c4e963b60da10cc6158a119a7052a4ffa1ebdcc87bcf0054f681427c6,54d84616da890c632d6a16057e9dc62f9b7d564bf73fa85bad96d32d0b8e37f3,nlm,157.0,30.523493227943188,0.7802248237932039,54.27298780363179,1.6794512945051876,current_noise_full_reference_sweep,False,5.398166283994215,0.006756682007107884,8,8,NLM_fast_cuda_global,,,,,
set50,low,7.gif,0,0.01,"[512, 512]",5e3769e24988284e1036ce844ee8e0f11dbe28fe111f6a962e37864dc34b60dc,64adbe011994dd5254c8b1aa9d24094637976f4c9b2c0e6b111ad13c8fd77d7f,nlm,8.0,24.612619322568076,0.8660340671088116,55.60801301672462,8.352946704827572,current_noise_full_reference_sweep,False,4.985997490992304,0.004016060003777966,8,8,NLM_fast_cuda_global,,,,,
set50,low,15.gif,0,0.01,"[512, 512]",51e2066df33af18b47bcd356b17c6cdf04f2a5fd219ace410fcabb06698c6c71,8c7914d337e62afbc812f7fa21b64172783d92b5a5d191250b56d3acae35dbbe,nlm,6.0,25.086682409630733,0.8343299614066414,54.25983927514744,6.502298371704197,current_noise_full_reference_sweep,False,5.533817908988567,0.007157428000937216,8,8,NLM_fast_cuda_global,,,,,
set50,low,41.gif,0,0.01,"[512, 512]",1569598ab7f33ee44bcf70502565ffcd7528912a2c13cd1977fe64573770f1e6,5ca718b9bf3bcbf2d15f3cbfb1bb2ef9abb4b101ff07a87ae2357f80b38f995c,nlm,1.0,25.521136206903,0.8040140285982378,52.96126953336339,3.4812631961475544,current_noise_full_reference_sweep,False,4.965355319989612,0.004048451999551617,8,8,NLM_fast_cuda_global,,,,,
set50,low,6.gif,0,0.01,"[512, 512]",ca956c8aa0ec2de8bd2e4d7545c7f969215d4f7f65cb72ee9d31cb17df0033b6,c6a47fae86a982cf63f74e711953f9f9a442abe14bf023e0693cfabf476f7cb5,nlm,1.0,24.977630145641253,0.8080212522384044,52.889877684740846,4.004213753173186,current_noise_full_reference_sweep,False,4.799178907996975,0.004532179998932406,8,8,NLM_fast_cuda_global,,,,,
set50,low,21.gif,0,0.01,"[512, 512]",74d2fa3fc2447fd331660c09f2f468f3cce983dc347509d32564e992fdebaf9a,d6fd972bca83abb88fbd0d7db771bbd0375fc9aad445e30f544c635990c9c919,nlm,1.0,25.186346715686184,0.7756519268315542,51.3757696994208,3.503008573516011,current_noise_full_reference_sweep,False,5.428896387995337,0.007110249003744684,8,8,NLM_fast_cuda_global,,,,,
set50,low,27.gif,0,0.01,"[512, 512]",bc7a1c1300b1b1bda264e18fbde62fa845194fac5839cb705a788c6ac331f517,34bf2bcdfa12b56d970deac4f2646885f4df8f2a6be51ff1c842febb5cfa07bb,nlm,177.0,30.73802568653553,0.837963753512609,57.26720051889822,2.0749302783126473,current_noise_full_reference_sweep,False,4.731306859001052,0.003913895998266526,8,8,NLM_fast_cuda_global,,,,,
set50,low,46.gif,0,0.01,"[512, 512]",14cdebcd7b2b9e534cc9717933df6ccb4861289237cde90700810e2e6e2e245f,78f82fbfe7bfe1bd10a0ec830f660de577a7abe9ec75464d1c9180c2515cc412,nlm,5.0,25.253500201645718,0.855003077153539,55.37690395849981,6.165147815516682,current_noise_full_reference_sweep,False,4.964006615991821,0.004091830996912904,8,8,NLM_fast_cuda_global,,,,,
set50,low,20.gif,0,0.01,"[512, 512]",c3a4da195ffc62103521cd979723e50840fe46cfd989b567c826985f8b23dcf4,926c8ffad204b1af9489027ea8e92efcf84f2315c100ce06303e326031b86775,nlm,5.0,24.996488866742375,0.8214454848057692,53.57051867365965,6.18487694345392,current_noise_full_reference_sweep,False,5.4009809470007895,0.006897332990774885,8,8,NLM_fast_cuda_global,,,,,
set50,low,2.gif,0,0.01,"[512, 512]",b101b795e2638a1e9dbdaa513bdc8be6090aed4d6ac294b155e5f3a2c7c0bb80,7195960aa368bfaccac8b97b6cd55bb61f7a81ada3a5c613dad979b7e2a88ecd,nlm,1.0,25.235122128501338,0.7928760545618999,52.26136379234566,3.8337307439819037,current_noise_full_reference_sweep,False,5.420090828993125,0.0070400660042651,8,8,NLM_fast_cuda_global,,,,,
set50,low,40.gif,0,0.01,"[512, 512]",911cad3f1d559f196f94ed9e80a9602969b74319acb1d70da238efdb48af38e2,bb2b2ab1d2fb46491c3104537a7862d16c6540386d39c2d42b4dc0416f5fb0f1,nlm,127.0,31.36853738767002,0.774922265497801,54.43038196872506,2.2505224861853512,current_noise_full_reference_sweep,False,5.003820454003289,0.004114366995054297,8,8,NLM_fast_cuda_global,,,,,
set50,low,31.gif,0,0.01,"[512, 512]",33781418a1e6e85521011be7d450b002a8f8a8f1ba68a79c1219f3b3ba59b160,d6d7419dbd47cf4100df960a94ea3e33a9de9181970199e822813a042cca89e3,nlm,9.0,24.676192789178266,0.878134084731804,56.24480063117933,15.55662840602149,current_noise_full_reference_sweep,False,5.475215819009463,0.007655326000531204,8,8,NLM_fast_cuda_global,,,,,
set50,low,29.gif,0,0.01,"[512, 512]",1eeb76c0386fbcd563a08eb25bbeffde427bdc62658e4bcc02c8aafbf733f219,344bd3e7159aeb387f857c93bd519dbbefe06fcd40fc9b623eb0f0cfe1416ba9,nlm,9.0,24.830176482658565,0.8749926281204218,56.16471964735037,13.194033699084835,current_noise_full_reference_sweep,False,5.209755224001128,0.006676308999885805,8,8,NLM_fast_cuda_global,,,,,
set50,low,33.gif,0,0.01,"[512, 512]",7a10c4eca50167d8d459c2505f2b0f21cfb399e7b01adccaa0422695496c2e72,c217786b989c52b18af02ac4eccfe62dd596f977dca2d7b6dc1bd0986f48da81,nlm,2.0,25.055846330763597,0.80822319995058,52.9390831629108,5.310342538379712,current_noise_full_reference_sweep,False,4.669847540004412,0.002541227004257962,8,8,NLM_fast_cuda_global,,,,,
set50,low,24.gif,0,0.01,"[512, 512]",b8f6ebed7641854cd23e807c2f78d350f1373b2fe7f96e6ea18f8531797fbc3a,23816520001755e583487cbe7dcd417d2e11a1ad056ec210acef626b034fdf36,nlm,143.0,28.682057355796672,0.7321730561999443,50.94968148789555,2.5018880624089745,current_noise_full_reference_sweep,False,4.43025016199681,0.00473914499161765,8,8,NLM_fast_cuda_global,,,,,
set50,low,3.gif,0,0.01,"[512, 512]",e3e2313cc250162bd613776c7b0063891d9d56b3576c9808ac5c8c0e7e8fcb8d,cc396bbe23c5212ba6baa086bf53a40beef07fa4020fe5ace7fbfa32416f23fa,nlm,1.0,24.831350984362345,0.7788864852858546,51.359999756473904,2.7020640913620357,current_noise_full_reference_sweep,False,5.208866922999732,0.006725815997924656,8,8,NLM_fast_cuda_global,,,,,
set50,low,1.gif,0,0.01,"[512, 512]",95f21dff4cd5a318a519cb05a1e35fb41f49c007ca46345fd6917258be8d9d73,be092100aa91ae017a208b593f7b1c88fc347faaded98e1691b9fbdb9bbdb3ae,nlm,1.0,25.234705146523165,0.81727864812896,53.481284979709585,3.8536956430219864,current_noise_full_reference_sweep,False,5.455863745009992,0.006849584999145009,8,8,NLM_fast_cuda_global,,,,,
set50,low,23.gif,0,0.01,"[512, 512]",05918015ae96873f255fec3e75ace895a76214abbeffdbfff55b5cf6214224c6,8825f87136cb87cb87b7ee7b3bb71b82eaa68700864d5cc6e83af9fae3f56555,nlm,168.0,31.655724695121755,0.8315846521351418,57.40709495431797,1.6546237490239142,current_noise_full_reference_sweep,False,5.070400176002295,0.0022150199947645888,8,8,NLM_fast_cuda_global,,,,,
set50,low,35.gif,0,0.01,"[512, 512]",353590d221e21b53b97858fbc575a2320a10336f21bbed5dd461fa942bab100f,470525874460bc637beb1f22c12cf7d95266c96ae72a58df1b8b8a45d7421dd5,nlm,125.0,29.06919727099606,0.7922557668178968,54.147386976392866,5.481708540396938,current_noise_full_reference_sweep,False,5.156788858992513,0.0021154869900783524,8,8,NLM_fast_cuda_global,,,,,
set50,low,36.gif,0,0.01,"[512, 512]",99a41bcc709d43204ca0f73a6593656300237e5367043081c5065ca77d5e3628,4c9fb2ffd6c3cd4191de57133e1f175dccaa7d659a83f2db7fb68f86bfb5eab5,nlm,4.0,24.785000131879325,0.8463743903725265,54.71121958456599,5.645765991705913,current_noise_full_reference_sweep,False,5.427737559992238,0.0056440250045852736,8,8,NLM_fast_cuda_global,,,,,
set50,low,26.gif,0,0.01,"[512, 512]",3efcc155fe7f35f9428c0536c9c1dc2b826188d5f0a5b0a90ecbf681233221e2,fd6e5b6bb21f31fce84588fbf0def61aa7799be96bceaf1f8f821ce91540ca55,nlm,144.0,30.068076732425016,0.7566469283408293,52.86638478325397,2.538243471595648,current_noise_full_reference_sweep,False,5.49168834000011,0.0014900490059517324,8,8,NLM_fast_cuda_global,,,,,
set50,low,37.gif,0,0.01,"[512, 512]",74881a36c4896c931da56c784ac35afb478dc71ae7af27894deeb074f83e518a,d34dc52c2c08a14e007ecacf562579826f45b0b1707e067dff6b3df9968dbbaf,nlm,4.0,25.3320885360935,0.8065767074224864,52.994879639171074,5.748653743843728,current_noise_full_reference_sweep,False,4.870075144994189,0.004332987009547651,8,8,NLM_fast_cuda_global,,,,,
set50,low,13.gif,0,0.01,"[512, 512]",c34b796bde09761f5bc3c358f20b72f49e020580ed0a76d5456c61f0da4499eb,21d5f13f0aba8a02886ff598d918384e41d968bbb44abcae71af497143790552,nlm,1.0,25.07506435279526,0.8006292040027038,52.56899237653282,1.916219033967638,current_noise_full_reference_sweep,False,5.1645384520088555,0.0067396490048849955,8,8,NLM_fast_cuda_global,,,,,
set50,low,28.gif,0,0.01,"[512, 512]",f509179793e6551fbec77f8fdd91e45d53d2dd6e0a87394377c4bb4c52eb9a43,dd3ba862107b756742d3029f750c4d7be7c1283c6fb9ff3273684e5e05640984,nlm,1.0,25.257940086755784,0.7583743150313843,50.54768579494711,3.7100693307600676,current_noise_full_reference_sweep,False,5.3434140390018,0.006902152003021911,8,8,NLM_fast_cuda_global,,,,,
set50,low,9.gif,0,0.01,"[512, 512]",8b76cd61996084e7d23b9f638b4d32839d9f6ac7965ef9b585f78bdbdaff16b3,4cd76b34e1053d8ac22d03bda2ce6fe4218266806e9f352d164ab9cdb6ad5b7d,nlm,1.0,25.37404192982443,0.8117415260531592,53.27409726757018,4.419540280689178,current_noise_full_reference_sweep,False,4.954759175991057,0.003916588990250602,8,8,NLM_fast_cuda_global,,,,,
set50,low,18.gif,0,0.01,"[512, 512]",539caf0cced15a86b729848a1a182b75776a621cf01b5e9a62085f53b86f3407,5873c891357876f2dbe9c9d0e5fc2da0fd371a9cf25f1268ae8f5893ee21f411,nlm,9.0,24.4587647063259,0.8684289934104531,55.65083202368561,8.918185124441722,current_noise_full_reference_sweep,False,5.388807292998536,0.006976877004490234,8,8,NLM_fast_cuda_global,,,,,
set50,low,49.gif,0,0.01,"[512, 512]",8311e02cd6238d6e74f6a9bf6fa5c250d748ceec5882a86242e2452c587cdf2b,8125d7f83fc4d3be014d6ec00247ddfe409213305964ff8d8abbcaaaf07d5131,nlm,113.0,24.64177921440722,0.8415010722023532,54.39594321732127,0.9266334561642874,current_noise_full_reference_sweep,False,4.948963574992376,0.003839308992610313,8,8,NLM_fast_cuda_global,,,,,
set50,low,4.gif,0,0.01,"[512, 512]",fd89b9bfe327e11c7cfbc851fff026261f2c33ef17edc9373682def6616fdc4f,cb585c5a840cc56bfa16227eca05f3d968ee47e4d8a6d4f6a8098f24c92e5ebe,nlm,1.0,25.348020835851024,0.7857195478739223,51.95998781162163,3.0873243243267385,current_noise_full_reference_sweep,False,4.901284046994988,0.004526636999798939,8,8,NLM_fast_cuda_global,,,,,
set50,low,8.gif,0,0.01,"[512, 512]",fd53a01b9f6a3a02a5408efee91cfa235b1325372804d49874a677719089b14e,959d9223c31d5d17f16e71514f09e97be2737ed240f0e73975f0bb5c91651a10,nlm,10.0,24.43976940107831,0.8136748590669334,52.90362765388582,2.5896845198252407,current_noise_full_reference_sweep,False,4.818866966001224,0.003944443000364117,8,8,NLM_fast_cuda_global,,,,,
set50,low,39.gif,0,0.01,"[512, 512]",e43557540646572e4a7b69124c49ff2c37c4d1695507c5d64a44d09a5043958e,44e6529e24cceca1d712601d81f8499b0bc9587c6093ab99c831d09ccf79016a,nlm,164.0,30.67529361784853,0.8145611950970245,56.06570656377549,1.8993446098183582,current_noise_full_reference_sweep,False,5.012490359993535,0.008505061996402219,8,8,NLM_fast_cuda_global,,,,,
set50,low,12.gif,0,0.01,"[512, 512]",3c3ec23125fea9974f2e94c0d93a534edf2ec60d33b6af79f9a60fef58295de4,fa9482fa551439d9f17531d42a955c1c9fb456df7a7ea0c45be4ad6a23db1c47,nlm,1.0,24.603884517256667,0.8182365286449381,53.21376869087524,4.50720471335745,current_noise_full_reference_sweep,False,5.430705606006086,0.006963345003896393,8,8,NLM_fast_cuda_global,,,,,
set50,low,45.gif,0,0.01,"[512, 512]",72644242bceb1596c04ab4ddde11989c7aa206ee2094402fadeac9f9c500d55a,c3ab35a48c81121c8b48794984160850baf0a8f64d9009ea6eeefb548e11df68,nlm,4.0,25.066480193463985,0.8097703176960829,53.02175598153614,5.825749834033991,current_noise_full_reference_sweep,False,4.925811492998037,0.004329663992393762,8,8,NLM_fast_cuda_global,,,,,
set50,low,11.gif,0,0.01,"[512, 512]",b12e0216f269d1ad8f5dfe769baf0fb60142ab5235a6d1d62707dc52ca591071,8948decfdbaad42c41f6d0264883a357a35557ce680c55d8a78313aad39151af,nlm,6.0,24.11448850480605,0.8600604708883689,55.06026779682147,6.6137873505968905,current_noise_full_reference_sweep,False,5.509119185997406,0.007399781999993138,8,8,NLM_fast_cuda_global,,,,,
set50,low,34.gif,0,0.01,"[512, 512]",42a4b02f48b536770f4d42c1c4884a5b2a4a662af62778249a90a16c1d9f5398,dd73eaa5ded2fd68bedf81c188a0c44f01c7edbdcbf0abdf70e7d6c10a63bf63,nlm,7.0,24.9181895389385,0.8441466055424316,54.66642504659083,7.040588189611264,current_noise_full_reference_sweep,False,4.7799563739972655,0.003871797991450876,8,8,NLM_fast_cuda_global,,,,,
set12,high,02.png,0,0.1,"[512, 512]",9a0925d4efea52b4b8355baab41b735118c594bada85c1650a8c929d4bedd645,e416650380e12917a3a2eeeb4269219a30b3b8cc16efb4db753ec8cb052bd8c8,nlm,387.0,28.847124116509143,0.7432838243849887,51.58775327750401,21.310751191099406,current_noise_full_reference_sweep,False,4.119779433996882,0.006884486996568739,8,8,NLM_fast_cuda_global,,,,,
set12,high,10.png,0,0.1,"[512, 512]",fa9370ee1649c3bf2aa161f01d3d2575a2dedca729f26b78bd75d618679b9889,7164aae5d6477ab64a9b20611d6b33f74569a62d739a897485e7d12dad80435d,nlm,303.0,24.70699272787302,0.6217131620479955,43.439154466336284,21.650651821020244,current_noise_full_reference_sweep,False,4.202965691991267,0.007083038988639601,8,8,NLM_fast_cuda_global,,,,,
set12,high,09.png,0,0.1,"[512, 512]",4b3ddbef5883a30e02120d9280c878727f5282bb054525cf3a5b0fcffb889d5c,3e0d74d912d9f117e2941f19693e873a800672ebfc0237c1409a0ea272ec7872,nlm,266.0,23.18519061780726,0.5968191924410872,41.43355493095799,24.379054407757266,current_noise_full_reference_sweep,False,4.138745172997005,0.006884761998662725,8,8,NLM_fast_cuda_global,,,,,
set12,high,07.png,0,0.1,"[512, 512]",154769fc48745384ec8816fc554051b0dd5f1c55071de2669c9058bf3a96574e,2ba0d75dafd4a58439379072ed0bc3d150f40e4390b9b33d20349e9f1b29b718,nlm,347.0,25.225954111125205,0.6983116505630572,47.52855958371546,20.62869755724375,current_noise_full_reference_sweep,False,4.1221172789955745,0.007003195001743734,8,8,NLM_fast_cuda_global,,,,,
set12,high,05.png,0,0.1,"[512, 512]",0a48bd94dc684e9744094acf5f9409ae1a147f367207cbcf847ffecc9506b1e3,99ebf5f91f8d5011c136e3657c039f5f484f7a9ad07790541df20dd03bf9c836,nlm,343.0,26.91072364039438,0.7815186068248913,52.531292161441755,21.144795199170677,current_noise_full_reference_sweep,False,4.075364586999058,0.006840964008006267,8,8,NLM_fast_cuda_global,,,,,
set12,high,08.png,0,0.1,"[512, 512]",2c394996c73fe787fca843f9f42014d5330dda4ad3053466b934f2c52d1c1f84,df4e8481f6afd5a29944a9cd59f15e3ba5659986829732fd430d6985cd4b7fc9,nlm,247.0,24.388216539719693,0.5744617943177008,40.91719798574489,22.48767670498756,current_noise_full_reference_sweep,False,4.138729262005654,0.006997971999226138,8,8,NLM_fast_cuda_global,,,,,
set12,high,01.png,0,0.1,"[512, 512]",0a372ced9fd4d1f9633532a58073e3974b41da8cfc87f04ec8e9a8dc6a89bba1,5c64fdfe33f4ceb5a47428c2edc3ca4f989b1078a7da5d038a7aac327de869fd,nlm,335.0,25.71986627606298,0.6658556474407649,46.15271551006974,20.733669780436248,current_noise_full_reference_sweep,False,4.101667353999801,0.006860626992420293,8,8,NLM_fast_cuda_global,,,,,
set12,high,04.png,0,0.1,"[512, 512]",7f6baec8e072815d469acd5d149f5da86b89ef26df1895c4edde2d5758900fd0,0a9fd41a69964cdee98a13387f66a0e0afec3986fcdb81bfef6cf0b952ec854c,nlm,369.0,26.792371766710374,0.7678192885102125,51.78715030886581,20.57662855194639,current_noise_full_reference_sweep,False,4.0833125920034945,0.006828603000030853,8,8,NLM_fast_cuda_global,,,,,
set12,high,06.png,0,0.1,"[512, 512]",aa1ae42753ac532294aa25320a62b1fb9aa4b54ad1627f3551d0532393b63c6e,d64e7d6cff0dd1480f8ba1a2df2cb1a7e53c3656ab86e3b1aaaf93b31a9edfbf,nlm,362.0,24.504798305099467,0.6691533396449795,45.71006613479871,20.529748631791083,current_noise_full_reference_sweep,False,4.1224555270018755,0.006876812010887079,8,8,NLM_fast_cuda_global,,,,,
set12,high,03.png,0,0.1,"[512, 512]",ecaf4e62d02b750095b71c0828247049848c285190975276e63ef6d951b37cf4,4b3536cd26cb2a06a9257208afef360b062fd3e9ee7285ba6d4c75c0e03474d9,nlm,350.0,27.283872568440735,0.7709257109077683,52.18822182960878,21.448312848471524,current_noise_full_reference_sweep,False,4.143756138000754,0.006880179003928788,8,8,NLM_fast_cuda_global,,,,,
set12,high,11.png,0,0.1,"[512, 512]",17b452cc44e876adc0d3fd3607e8c9ab9e04406fa1702d436005e99db30c6108,efb327d0e9507fdf30c7e6389581d470feab9b99fac8c2659863071b5babac8d,nlm,270.0,23.444441109769507,0.5262079957895641,38.03262034436296,21.902472325893584,current_noise_full_reference_sweep,False,4.124518304000958,0.007190969001385383,8,8,NLM_fast_cuda_global,,,,,
set12,medium,02.png,0,0.05,"[512, 512]",9a0925d4efea52b4b8355baab41b735118c594bada85c1650a8c929d4bedd645,c3f9d39a11e3011c40ec0ba98de83291f1b1fcd783cfca19fa39be37ecb6240b,nlm,267.0,31.75277902150077,0.8301342356979713,57.38310129564895,5.055510738116375,current_noise_full_reference_sweep,False,4.122536730996217,0.006745285005308688,8,8,NLM_fast_cuda_global,,,,,
set12,medium,10.png,0,0.05,"[512, 512]",fa9370ee1649c3bf2aa161f01d3d2575a2dedca729f26b78bd75d618679b9889,87d8a8c260cdb8c52551132cb0dfe95ee2f14d151af9ff4d6168d5800396b42c,nlm,222.0,26.31301421809698,0.6984950871256992,48.08126146533345,7.602872931061451,current_noise_full_reference_sweep,False,4.249818447991856,0.006935568992048502,8,8,NLM_fast_cuda_global,,,,,
set12,medium,09.png,0,0.05,"[512, 512]",4b3ddbef5883a30e02120d9280c878727f5282bb054525cf3a5b0fcffb889d5c,7c56fc735c741056497fe6ad8b491244bf2746021f23f9e3f3b7401a4df3be52,nlm,188.0,24.57110462936328,0.6760395257724262,46.08752860330295,10.82821596228951,current_noise_full_reference_sweep,False,4.26754746401275,0.007072167994920164,8,8,NLM_fast_cuda_global,,,,,
set12,medium,07.png,0,0.05,"[512, 512]",154769fc48745384ec8816fc554051b0dd5f1c55071de2669c9058bf3a96574e,50403390a446b8878af128c5b5eb24f750286ab630615b3caace33849ff6c560,nlm,266.0,27.371660733045008,0.7863012165793144,53.00089119548822,4.915456340388548,current_noise_full_reference_sweep,False,4.094936613997561,0.006676901990431361,8,8,NLM_fast_cuda_global,,,,,
set12,medium,05.png,0,0.05,"[512, 512]",0a48bd94dc684e9744094acf5f9409ae1a147f367207cbcf847ffecc9506b1e3,adb057f232e03a2f58a65b65c32bd3ae831f109d80147c92d9e62f40775bc731,nlm,247.0,29.895370681398006,0.8608709170369965,57.991231192548824,4.549923467961513,current_noise_full_reference_sweep,False,4.252120277989889,0.006888685005833395,8,8,NLM_fast_cuda_global,,,,,
set12,medium,08.png,0,0.05,"[512, 512]",2c394996c73fe787fca843f9f42014d5330dda4ad3053466b934f2c52d1c1f84,8e3d7b1e875d19f22c64e3044a9d0c41b820f9cfa02088458ff600eaf223eb5f,nlm,179.0,25.619695702237692,0.6439553252683826,45.00761411453798,8.47469861955231,current_noise_full_reference_sweep,False,4.232753959004185,0.006833539009676315,8,8,NLM_fast_cuda_global,,,,,
set12,medium,01.png,0,0.05,"[512, 512]",0a372ced9fd4d1f9633532a58073e3974b41da8cfc87f04ec8e9a8dc6a89bba1,95660ff47115848bd895ed7581195e91c2ab4a1746122ef36b82c4d90108493b,nlm,250.0,28.06322934776457,0.7659479459216311,52.329011969963844,4.2321626989935,current_noise_full_reference_sweep,False,4.164390865000314,0.00705581899092067,8,8,NLM_fast_cuda_global,,,,,
set12,medium,04.png,0,0.05,"[512, 512]",7f6baec8e072815d469acd5d149f5da86b89ef26df1895c4edde2d5758900fd0,1c72f71d2f5910501fba30fd6269d5a73022d2e2701365d87f47014e5f50f8e5,nlm,269.0,29.127442834590664,0.8391492691007106,56.52118487233086,4.077152566091263,current_noise_full_reference_sweep,False,4.325650195998605,0.007105757991666906,8,8,NLM_fast_cuda_global,,,,,
set12,medium,06.png,0,0.05,"[512, 512]",aa1ae42753ac532294aa25320a62b1fb9aa4b54ad1627f3551d0532393b63c6e,418ae6ffd6be74f226d8da4b414080f6be346245802a6e9c0b97dc4ff2a94400,nlm,261.0,26.651808578121123,0.759732928994319,51.31255073877651,6.213905420976799,current_noise_full_reference_sweep,False,4.146213824991719,0.0069638379936804995,8,8,NLM_fast_cuda_global,,,,,
set12,medium,03.png,0,0.05,"[512, 512]",ecaf4e62d02b750095b71c0828247049848c285190975276e63ef6d951b37cf4,0a2b74a80e9ef7c6edfd254d6abd4f21d8fc939cbcfe8e477f4c4a919f7d715d,nlm,254.0,30.100416701949516,0.854664280771894,57.78342238956946,4.404574294597253,current_noise_full_reference_sweep,False,4.336858241993468,0.007095025008311495,8,8,NLM_fast_cuda_global,,,,,
set12,medium,11.png,0,0.05,"[512, 512]",17b452cc44e876adc0d3fd3607e8c9ab9e04406fa1702d436005e99db30c6108,599e46ff8f73bb0bcb238e7a5776355ab3a55274a6828355adfafd7ae4d55c02,nlm,218.0,24.81654207434415,0.6211199205019897,43.46426706227156,9.23121703911611,current_noise_full_reference_sweep,False,4.262664620997384,0.006866627998533659,8,8,NLM_fast_cuda_global,,,,,
set12,extreme,02.png,0,0.2,"[512, 512]",9a0925d4efea52b4b8355baab41b735118c594bada85c1650a8c929d4bedd645,49df52a59b6c929c5f31dd1d9dcd3a8cc145517e504d2433ddbe093f2ea75a04,nlm,702.0,25.059870800701827,0.6241939547197106,43.739633136336444,46.019937457865666,current_noise_full_reference_sweep,False,11.487791862993618,0.006609278003452346,8,8,NLM_fast_cuda_global,,,,,
set12,extreme,10.png,0,0.2,"[512, 512]",fa9370ee1649c3bf2aa161f01d3d2575a2dedca729f26b78bd75d618679b9889,54206e07e2533ce3cdc4f253b01d2bcf15986e6aa5edcfa3142c91d69412c383,nlm,490.0,22.283846468027825,0.5108788038692053,36.685863427474175,46.34413792391256,current_noise_full_reference_sweep,False,11.330359419996967,0.007002911996096373,8,8,NLM_fast_cuda_global,,,,,
set12,extreme,09.png,0,0.2,"[512, 512]",4b3ddbef5883a30e02120d9280c878727f5282bb054525cf3a5b0fcffb889d5c,0b3ebc1adeda4f915d78dc938f4f6754e061d4488a42511b466d50496ed3c90d,nlm,436.0,21.229465401047428,0.49212962214905515,35.22121380797647,47.46631788259221,current_noise_full_reference_sweep,False,11.329200564010534,0.0068169760052114725,8,8,NLM_fast_cuda_global,,,,,
set12,extreme,07.png,0,0.2,"[512, 512]",154769fc48745384ec8816fc554051b0dd5f1c55071de2669c9058bf3a96574e,a555b68256523f4ea9a6a3a1d63d525af0a21767eb731194aeaa7d0237229d14,nlm,569.0,21.897590217444996,0.5695294121449338,39.42526571596919,45.48496398851464,current_noise_full_reference_sweep,False,11.51118890599173,0.007366959995124489,8,8,NLM_fast_cuda_global,,,,,
set12,extreme,05.png,0,0.2,"[512, 512]",0a48bd94dc684e9744094acf5f9409ae1a147f367207cbcf847ffecc9506b1e3,47e001521556c7ceb0d8f2d01af9cf5e6eedb001280a9b295e77fef79fb60244,nlm,593.0,23.186726997205405,0.6650104861918978,44.84388780819759,46.17082530800723,current_noise_full_reference_sweep,False,11.189191632991424,0.007638337992830202,8,8,NLM_fast_cuda_global,,,,,
set12,extreme,08.png,0,0.2,"[512, 512]",2c394996c73fe787fca843f9f42014d5330dda4ad3053466b934f2c52d1c1f84,b513454383e7814ea07019014f0d151fde15b5a47f3e20c6d9f3194be9c69f56,nlm,404.0,22.51806496002734,0.47959316132636687,35.23869054633201,47.03901439513968,current_noise_full_reference_sweep,False,11.300882131996332,0.006935951008927077,8,8,NLM_fast_cuda_global,,,,,
set12,extreme,01.png,0,0.2,"[512, 512]",0a372ced9fd4d1f9633532a58073e3974b41da8cfc87f04ec8e9a8dc6a89bba1,bb82ddd95a6a25e95485a996c31e0375130595fb41bbf773b1bd5b01c13959c1,nlm,539.0,22.51610353666036,0.5292288972653038,37.71949663159537,45.520164932301185,current_noise_full_reference_sweep,False,10.909407074999763,0.00668016099371016,8,8,NLM_fast_cuda_global,,,,,
set12,extreme,04.png,0,0.2,"[512, 512]",7f6baec8e072815d469acd5d149f5da86b89ef26df1895c4edde2d5758900fd0,bed36c52da9f24d3ca3fb49a29cd8e86158fb485d9e63c07e1c4acb7624e204a,nlm,617.0,23.205585704933274,0.6543104962315699,44.31831766404513,45.48007748217924,current_noise_full_reference_sweep,False,10.971468309988268,0.006978874007472768,8,8,NLM_fast_cuda_global,,,,,
set12,extreme,06.png,0,0.2,"[512, 512]",aa1ae42753ac532294aa25320a62b1fb9aa4b54ad1627f3551d0532393b63c6e,99762f4e36329a2a9ca8ae0af403f0994ac05cc0f2d8cfc948e27d609ae70bab,nlm,594.0,21.587155578051124,0.5571676519391948,38.651960385985305,44.039140648133056,current_noise_full_reference_sweep,False,11.681677207991015,0.006957923993468285,8,8,NLM_fast_cuda_global,,,,,
set12,extreme,03.png,0,0.2,"[512, 512]",ecaf4e62d02b750095b71c0828247049848c285190975276e63ef6d951b37cf4,5d873642d5904df0268ba3e2ab75f110ac16583462f4036e07f029c689362f0c,nlm,605.0,23.569040151924217,0.6483015179430569,44.19959597311495,45.91402921986008,current_noise_full_reference_sweep,False,11.611935997992987,0.007581466998090036,8,8,NLM_fast_cuda_global,,,,,
set12,extreme,11.png,0,0.2,"[512, 512]",17b452cc44e876adc0d3fd3607e8c9ab9e04406fa1702d436005e99db30c6108,9a04391c3b1256307bf621b3151ddf799518fb0a981f8949a152baac9237f5bf,nlm,392.0,20.948429250703278,0.41653386127985453,31.300907689344367,46.147998989060824,current_noise_full_reference_sweep,False,11.328081809988362,0.006924779008841142,8,8,NLM_fast_cuda_global,,,,,
set12,moderate,02.png,0,0.03,"[512, 512]",9a0925d4efea52b4b8355baab41b735118c594bada85c1650a8c929d4bedd645,ee7bfd453ba8d6e6718aaf8a97d81f5f2238214fca6f66b9cd8f2e44d4e6969a,nlm,227.0,33.24129434079741,0.8690432639009154,60.072810365444475,0.623791572089619,current_noise_full_reference_sweep,False,3.086471934002475,0.0012152839917689562,8,8,NLM_fast_cuda_global,,,,,
set12,moderate,10.png,0,0.03,"[512, 512]",fa9370ee1649c3bf2aa161f01d3d2575a2dedca729f26b78bd75d618679b9889,5d887063ebde1fcfbf95f8deca1ac10049d03f7db0a73c069699f665d6977104,nlm,182.0,27.21345047896794,0.7362949138008725,50.4214709295276,4.5081838527200855,current_noise_full_reference_sweep,False,3.6342557489988394,0.006872136989841238,8,8,NLM_fast_cuda_global,,,,,
set12,moderate,09.png,0,0.03,"[512, 512]",4b3ddbef5883a30e02120d9280c878727f5282bb054525cf3a5b0fcffb889d5c,de0042a9b572069c4805997a988a6eb7d29426746f4b470c08ec69dfefe9b523,nlm,157.0,25.47253384140624,0.7210354025466598,48.7880370480361,6.439813727251807,current_noise_full_reference_sweep,False,3.6443187260010745,0.006857190004666336,8,8,NLM_fast_cuda_global,,,,,
set12,moderate,07.png,0,0.03,"[512, 512]",154769fc48745384ec8816fc554051b0dd5f1c55071de2669c9058bf3a96574e,41c6793af84e33ba2ceb749b4738b40b1b3737129d2d2babeb1dd4ec40eb3ac5,nlm,227.0,28.383078238250317,0.8240379338996776,55.39343581410904,1.502971498567654,current_noise_full_reference_sweep,False,3.592165791997104,0.0066600370046216995,8,8,NLM_fast_cuda_global,,,,,
set12,moderate,05.png,0,0.03,"[512, 512]",0a48bd94dc684e9744094acf5f9409ae1a147f367207cbcf847ffecc9506b1e3,9f3476abacfd546a3608bc4be56078d043e749803d48ceb9c514386cce77c211,nlm,212.0,31.386597549423207,0.8955145493993804,60.46902624468062,0.7594724512076801,current_noise_full_reference_sweep,False,3.6410462859930703,0.001592225002241321,8,8,NLM_fast_cuda_global,,,,,
set12,moderate,08.png,0,0.03,"[512, 512]",2c394996c73fe787fca843f9f42014d5330dda4ad3053466b934f2c52d1c1f84,b0b958f06122f7dfd86e575b45174a19c43c39d05a9f75e6d37f0d1b885e83d9,nlm,147.0,26.34414008116396,0.6792785490379443,47.13599749247919,5.112840231498484,current_noise_full_reference_sweep,True,3.650443662001635,0.006933458003913984,8,8,NLM_fast_cuda_global,,,,,
set12,moderate,01.png,0,0.03,"[512, 512]",0a372ced9fd4d1f9633532a58073e3974b41da8cfc87f04ec8e9a8dc6a89bba1,1890871d8ac6fdf241ae77566f9a0eb175baed8033bd8ffbdecf5475a45749fe,nlm,218.0,29.212002690917327,0.8079185544251252,55.00192906671492,0.9696326970803544,current_noise_full_reference_sweep,False,3.8072739479976008,0.006825358999776654,8,8,NLM_fast_cuda_global,,,,,
set12,moderate,04.png,0,0.03,"[512, 512]",7f6baec8e072815d469acd5d149f5da86b89ef26df1895c4edde2d5758900fd0,5aab2f4c90265de03c4286a1026b54930c9f1174f15bd4788a5cea6ddc26c27a,nlm,226.0,30.238146277137904,0.8698747300880206,58.612809642969985,0.7215773718842555,current_noise_full_reference_sweep,False,3.7345974950003438,0.006851965008536354,8,8,NLM_fast_cuda_global,,,,,
set12,moderate,06.png,0,0.03,"[512, 512]",aa1ae42753ac532294aa25320a62b1fb9aa4b54ad1627f3551d0532393b63c6e,f6c87c3541133224f0d0b09d3ddb74251b7ff019191b5f7b5cf5f3356ce374c4,nlm,216.0,27.80556297466879,0.8018023403079707,53.99289850273293,3.137222255990416,current_noise_full_reference_sweep,False,3.4647673970030155,0.003979386994615197,8,8,NLM_fast_cuda_global,,,,,
set12,moderate,03.png,0,0.03,"[512, 512]",ecaf4e62d02b750095b71c0828247049848c285190975276e63ef6d951b37cf4,231f53176f51c4b24bdc12fd9f1b4c16454140fdfe7631cec75f8301deab3824,nlm,216.0,31.63587564715733,0.8914392479563925,60.38990022139829,0.7098193927546405,current_noise_full_reference_sweep,False,3.4594412519945763,0.004051873998832889,8,8,NLM_fast_cuda_global,,,,,
set12,moderate,11.png,0,0.03,"[512, 512]",17b452cc44e876adc0d3fd3607e8c9ab9e04406fa1702d436005e99db30c6108,fc459f467923651b85169e1d453047db01071c2115000fa34e05ff50a6c59429,nlm,194.0,25.467071442220725,0.663886903280775,45.927880885149115,6.314604778965126,current_noise_full_reference_sweep,False,3.5352525199996307,0.006712866001180373,8,8,NLM_fast_cuda_global,,,,,
set12,low,02.png,0,0.01,"[512, 512]",9a0925d4efea52b4b8355baab41b735118c594bada85c1650a8c929d4bedd645,7d03f7624fa0aaaef532f6ccb5b007c11ecfba46dc0bf970948880603d265edc,nlm,172.0,35.19514125954187,0.9061323739398399,62.90418932676293,0.37065108484627196,current_noise_full_reference_sweep,False,7.489621301996522,0.0017902449908433482,8,8,NLM_fast_cuda_global,,,,,
set12,low,10.png,0,0.01,"[512, 512]",fa9370ee1649c3bf2aa161f01d3d2575a2dedca729f26b78bd75d618679b9889,d06c846ad219995869474be865acb70b5ec7d01068ecd7580cc3fde6a2889b07,nlm,135.0,28.409482330353445,0.7817205865172235,53.2907704910379,2.9833839090041123,current_noise_full_reference_sweep,False,8.100843597989297,0.01244901999598369,8,8,NLM_fast_cuda_global,,,,,
set12,low,09.png,0,0.01,"[512, 512]",4b3ddbef5883a30e02120d9280c878727f5282bb054525cf3a5b0fcffb889d5c,f57c1e0803358fa46cb3fcadacd603e0bc8a9a1500621f0dea3a800d055c6fe6,nlm,1.0,25.177921293225964,0.8213961627884141,53.65876878603369,4.047459899809398,current_noise_full_reference_sweep,False,7.620537655995577,0.0034989450068678707,8,8,NLM_fast_cuda_global,,,,,
set12,low,07.png,0,0.01,"[512, 512]",154769fc48745384ec8816fc554051b0dd5f1c55071de2669c9058bf3a96574e,584ba7517a59730143877939055ad6e1e59eec8663870de1e2f41b823592272b,nlm,175.0,29.70640094880352,0.8622715448217709,57.96677771549031,0.7333028750467435,current_noise_full_reference_sweep,False,8.818780148008955,0.0016555199981667101,8,8,NLM_fast_cuda_global,,,,,
set12,low,05.png,0,0.01,"[512, 512]",0a48bd94dc684e9744094acf5f9409ae1a147f367207cbcf847ffecc9506b1e3,d9a99fe9c66291c5480b648f63457e4e7868b0267787c7b85908acc020420910,nlm,165.0,33.58261311299188,0.9325215054149504,63.41738182724346,0.43848639894654506,current_noise_full_reference_sweep,False,7.714662525992026,0.003927652011043392,8,8,NLM_fast_cuda_global,,,,,
set12,low,08.png,0,0.01,"[512, 512]",2c394996c73fe787fca843f9f42014d5330dda4ad3053466b934f2c52d1c1f84,e160bea8a7b841fbbcb9a08d2452bc47be4e0b6c86d87d1b0bea001f91693d97,nlm,1.0,25.518357751877787,0.8039951516200379,52.95893645694078,3.4812631961475544,current_noise_full_reference_sweep,False,9.362527403995045,0.004684672996518202,8,8,NLM_fast_cuda_global,,,,,
set12,low,01.png,0,0.01,"[512, 512]",0a372ced9fd4d1f9633532a58073e3974b41da8cfc87f04ec8e9a8dc6a89bba1,580fbc14af471717cfc09261d71b2bee527d3960eb5a144e296d4af84219023d,nlm,170.0,30.919471259943855,0.8543069848088805,58.175084870415944,0.5311466516137235,current_noise_full_reference_sweep,False,7.328689027999644,0.003790645001572557,8,8,NLM_fast_cuda_global,,,,,
set12,low,04.png,0,0.01,"[512, 512]",7f6baec8e072815d469acd5d149f5da86b89ef26df1895c4edde2d5758900fd0,e8a6fc5f208fe29f03f5cbd984d49640d58559cd6c5aa49284f500b1f7ee7903,nlm,170.0,31.91250300981741,0.9029133316916162,61.101918089489516,0.43848525013682355,current_noise_full_reference_sweep,False,7.717203451000387,0.007184608999523334,8,8,NLM_fast_cuda_global,,,,,
set12,low,06.png,0,0.01,"[512, 512]",aa1ae42753ac532294aa25320a62b1fb9aa4b54ad1627f3551d0532393b63c6e,e340e8d85915e482eb2fcd7c112e25b58f52ae82986a937d947c38437b40d732,nlm,165.0,29.567378820109575,0.844765401217052,57.02195947090739,1.8599119812376683,current_noise_full_reference_sweep,False,7.578651952993823,0.0034489109966671094,8,8,NLM_fast_cuda_global,,,,,
set12,low,03.png,0,0.01,"[512, 512]",ecaf4e62d02b750095b71c0828247049848c285190975276e63ef6d951b37cf4,18313c5d887bba3759a18d07833b66fb952544043545ed839a5d493c1c132871,nlm,169.0,33.98129697562693,0.9269454419956897,63.33792058759796,0.43848370366219847,current_noise_full_reference_sweep,False,7.536704276993987,0.007103758005541749,8,8,NLM_fast_cuda_global,,,,,
set12,low,11.png,0,0.01,"[512, 512]",17b452cc44e876adc0d3fd3607e8c9ab9e04406fa1702d436005e99db30c6108,030fd588168a45176d9b0eca993f8007814b0503964557c1914c2fbae448d11f,nlm,1.0,24.512921098520625,0.8191254929650498,53.2127351975128,4.505667782690034,current_noise_full_reference_sweep,False,7.829915481997887,0.006944567008758895,8,8,NLM_fast_cuda_global,,,,,
set12,high,02.png,4,0.1,"[512, 512]",9a0925d4efea52b4b8355baab41b735118c594bada85c1650a8c929d4bedd645,fb5756b2f1977a53d6af3dcead4efb66402b9d5e985cdbdec56b32e00ffd97a7,nlm,383.0,28.89972402899716,0.7468748222003253,51.793603124514846,20.947935165293746,current_noise_full_reference_sweep,False,5.707098781000241,0.006739974996889941,8,8,NLM_fast_cuda_global,,,,,
set12,high,10.png,4,0.1,"[512, 512]",fa9370ee1649c3bf2aa161f01d3d2575a2dedca729f26b78bd75d618679b9889,20cbcff47f8f1652d0beb4647260b220d5985351324e73ce58f91790a1b40bdd,nlm,293.0,24.77475753965685,0.6242376170691196,43.599259623284404,21.24361404401488,current_noise_full_reference_sweep,False,5.744557808997342,0.0067631659912876785,8,8,NLM_fast_cuda_global,,,,,
set12,high,09.png,4,0.1,"[512, 512]",4b3ddbef5883a30e02120d9280c878727f5282bb054525cf3a5b0fcffb889d5c,6580f7427fae38e6900e311bc3d882abd5bbd2d3ee833d3f15f08e971f1badd3,nlm,260.0,23.23014568294532,0.5993896795498606,41.58455681896569,23.999074811232425,current_noise_full_reference_sweep,False,5.754581247005262,0.006773551998776384,8,8,NLM_fast_cuda_global,,,,,
set12,high,07.png,4,0.1,"[512, 512]",154769fc48745384ec8816fc554051b0dd5f1c55071de2669c9058bf3a96574e,6b2b7a6b103aa4415de2661efe3e7b16f3e8a8d91d505c35019889f45be2ccdf,nlm,347.0,25.24192476457925,0.7015243269294388,47.697178728761564,20.22609524620314,current_noise_full_reference_sweep,False,5.890234524005791,0.0067113460099790245,8,8,NLM_fast_cuda_global,,,,,
set12,high,05.png,4,0.1,"[512, 512]",0a48bd94dc684e9744094acf5f9409ae1a147f367207cbcf847ffecc9506b1e3,0d5e8010bb26a850d7bcc7fe1db68e0f0c6af22b17fa9bc70b31b059f1079a92,nlm,337.0,26.975115162948434,0.7844495519606567,52.710035179507045,20.70403826617956,current_noise_full_reference_sweep,False,5.79515486600576,0.0073683899972820655,8,8,NLM_fast_cuda_global,,,,,
set12,high,08.png,4,0.1,"[512, 512]",2c394996c73fe787fca843f9f42014d5330dda4ad3053466b934f2c52d1c1f84,0c9b60e4d12da52284c5eb24f1ad2f1c68d32c53c03585a9c05992f6df84ca1f,nlm,248.0,24.416779454909392,0.577262291419554,41.071504298432394,22.104313598722953,current_noise_full_reference_sweep,False,5.838310905994149,0.007114021995221265,8,8,NLM_fast_cuda_global,,,,,
set12,high,01.png,4,0.1,"[512, 512]",0a372ced9fd4d1f9633532a58073e3974b41da8cfc87f04ec8e9a8dc6a89bba1,9ea25905277eaa2c13405c16af5a2bd159339f43e0d8dbc939852ca029957356,nlm,333.0,25.753520681452255,0.669216857789492,46.33760323020073,20.383933925379676,current_noise_full_reference_sweep,False,6.079158588996506,0.006804434000514448,8,8,NLM_fast_cuda_global,,,,,
set12,high,04.png,4,0.1,"[512, 512]",7f6baec8e072815d469acd5d149f5da86b89ef26df1895c4edde2d5758900fd0,fdc436c0c8446ba46cfc24590bb554f37546781412b4b4564d6407e3391d198a,nlm,366.0,26.823585207694105,0.7702781793898444,51.925701573339275,20.190475782198057,current_noise_full_reference_sweep,False,5.869599780999124,0.006805707002058625,8,8,NLM_fast_cuda_global,,,,,
set12,high,06.png,4,0.1,"[512, 512]",aa1ae42753ac532294aa25320a62b1fb9aa4b54ad1627f3551d0532393b63c6e,a363dcecce4b7295d8e22162211f906c57f7427694cc70216f5f5b9f9c8ae75e,nlm,356.0,24.547534376447935,0.6719748692572093,45.872510651084426,20.09696620566677,current_noise_full_reference_sweep,False,5.8223250360024394,0.006703363003907725,8,8,NLM_fast_cuda_global,,,,,
set12,high,03.png,4,0.1,"[512, 512]",ecaf4e62d02b750095b71c0828247049848c285190975276e63ef6d951b37cf4,85f7066b7aa1244baa2f27667095e1ea8355fef86e40ccd8d4b2514ec34fd63d,nlm,344.0,27.35209663887197,0.7740824219645611,52.38016941766404,21.073666556893777,current_noise_full_reference_sweep,False,5.813231482999981,0.006775394009309821,8,8,NLM_fast_cuda_global,,,,,
set12,high,11.png,4,0.1,"[512, 512]",17b452cc44e876adc0d3fd3607e8c9ab9e04406fa1702d436005e99db30c6108,d985d535d00b2df1afd30e645e35cfc28961b28fa786c9d6216e5ca98bb90604,nlm,268.0,23.475047279898156,0.5278910026183375,38.13207377086596,21.457100359141247,current_noise_full_reference_sweep,False,5.617705045006005,0.00672548299189657,8,8,NLM_fast_cuda_global,,,,,
set12,medium,02.png,4,0.05,"[512, 512]",9a0925d4efea52b4b8355baab41b735118c594bada85c1650a8c929d4bedd645,4e69b9926757359b28d2ba0ddea539b9b5734c1c9927cbb52997eed2c2c65a57,nlm,267.0,31.790922430658902,0.8324668806249195,57.518805246575425,4.945823446346914,current_noise_full_reference_sweep,False,2.93062488999567,0.0068376540002645925,8,8,NLM_fast_cuda_global,,,,,
set12,medium,10.png,4,0.05,"[512, 512]",fa9370ee1649c3bf2aa161f01d3d2575a2dedca729f26b78bd75d618679b9889,461dc699c7e6039d3c7fbc9e361c8477afcdd41db684ad67d9d1dd1715aba45a,nlm,219.0,26.3577070671057,0.7005354848610872,48.205627776607216,7.528720621597552,current_noise_full_reference_sweep,False,2.9015000030049123,0.006674928998108953,8,8,NLM_fast_cuda_global,,,,,
set12,medium,09.png,4,0.05,"[512, 512]",4b3ddbef5883a30e02120d9280c878727f5282bb054525cf3a5b0fcffb889d5c,5780430f9e94feaf25364471128f02e7454678af26c718534cb418901e5bbe6c,nlm,185.0,24.622696578117115,0.6785397574878381,46.23833616345046,10.693861074700001,current_noise_full_reference_sweep,False,2.9143070290010655,0.006714528004522435,8,8,NLM_fast_cuda_global,,,,,
set12,medium,07.png,4,0.05,"[512, 512]",154769fc48745384ec8816fc554051b0dd5f1c55071de2669c9058bf3a96574e,57067cdfaec1e7cbd302b6992dd6d10ca47b25065f31c44a1bfe1573c39a6480,nlm,263.0,27.41551416675324,0.7880564241063508,53.11057828869416,4.7817218100486505,current_noise_full_reference_sweep,False,3.0276640779920854,0.007713872997555882,8,8,NLM_fast_cuda_global,,,,,
set12,medium,05.png,4,0.05,"[512, 512]",0a48bd94dc684e9744094acf5f9409ae1a147f367207cbcf847ffecc9506b1e3,e0fa916e823acf6effc4f3b42e72ab8a62ce26e6958e64dcd7833e8e36a12729,nlm,242.0,29.9835227746268,0.8625711531046255,58.12031904254468,4.442808449528478,current_noise_full_reference_sweep,False,2.852836962993024,0.006560337002156302,8,8,NLM_fast_cuda_global,,,,,
set12,medium,08.png,4,0.05,"[512, 512]",2c394996c73fe787fca843f9f42014d5330dda4ad3053466b934f2c52d1c1f84,e1b0f210137124047cfa6d6db5eb311ebf1bd872e71c7f34ecbce8d731865d47,nlm,175.0,25.66064168301674,0.6462860966974109,45.14462567637891,8.39238375190719,current_noise_full_reference_sweep,False,3.4372567879909184,0.007886666993726976,8,8,NLM_fast_cuda_global,,,,,
set12,medium,01.png,4,0.05,"[512, 512]",0a372ced9fd4d1f9633532a58073e3974b41da8cfc87f04ec8e9a8dc6a89bba1,9379e76152d6d388d723e1eaa08d1618611906ad05b452f66e45fc46f2920222,nlm,247.0,28.118298123488795,0.767976532722035,52.45797569784615,4.078588048023271,current_noise_full_reference_sweep,False,3.0662394480023067,0.007168793003074825,8,8,NLM_fast_cuda_global,,,,,
set12,medium,04.png,4,0.05,"[512, 512]",7f6baec8e072815d469acd5d149f5da86b89ef26df1895c4edde2d5758900fd0,96b121cc217c410a07c6e8b75d018b9c2d013f47489b90382de26ad622a43a5a,nlm,267.0,29.1624526571157,0.840648556123352,56.61365413472545,3.925759946632062,current_noise_full_reference_sweep,False,2.856245458999183,0.006647176007390954,8,8,NLM_fast_cuda_global,,,,,
set12,medium,06.png,4,0.05,"[512, 512]",aa1ae42753ac532294aa25320a62b1fb9aa4b54ad1627f3551d0532393b63c6e,5d3d90db8b69e62a740e7e86ea6a5df988b44fac6affdc46ef302b5c6eb8dce4,nlm,257.0,26.707410307813877,0.7616105861273091,51.43423446027239,6.102901416526537,current_noise_full_reference_sweep,False,2.9980964769929415,0.006797399008064531,8,8,NLM_fast_cuda_global,,,,,
set12,medium,03.png,4,0.05,"[512, 512]",ecaf4e62d02b750095b71c0828247049848c285190975276e63ef6d951b37cf4,76e43ccb10d0fd50514c324d9319b070e705fa6c949ead13598cc60431e1acd1,nlm,253.0,30.14451066068578,0.8568211460273042,57.9133126317081,4.292831870605999,current_noise_full_reference_sweep,False,2.861067276011454,0.0066390779975336045,8,8,NLM_fast_cuda_global,,,,,
set12,medium,11.png,4,0.05,"[512, 512]",17b452cc44e876adc0d3fd3607e8c9ab9e04406fa1702d436005e99db30c6108,d061e894c51d566e883b22e0983bc6c1f82e2c15c660fea833b8da2c916beea5,nlm,214.0,24.844617370091903,0.6224482743253207,43.54472240131199,9.11770615511357,current_noise_full_reference_sweep,False,2.9115573809976922,0.006686138003715314,8,8,NLM_fast_cuda_global,,,,,
set12,extreme,02.png,4,0.2,"[512, 512]",9a0925d4efea52b4b8355baab41b735118c594bada85c1650a8c929d4bedd645,c78625d61f7341c9115095ca61bc56d13277a60903cbda9e7817dcbf3fad2403,nlm,708.0,25.091431870015235,0.6291756962170008,44.004500745857655,45.234804839238556,current_noise_full_reference_sweep,False,8.143412807999994,0.006662919986410998,8,8,NLM_fast_cuda_global,,,,,
set12,extreme,10.png,4,0.2,"[512, 512]",fa9370ee1649c3bf2aa161f01d3d2575a2dedca729f26b78bd75d618679b9889,55df1265f85a4f395abe6fdb9f8d6ced6f37fabb2f2efbdcd9ad51de31f0f358,nlm,487.0,22.307062736845992,0.5143369529251409,36.87037901468004,45.47943273481554,current_noise_full_reference_sweep,False,8.002356154000154,0.006949205999262631,8,8,NLM_fast_cuda_global,,,,,
set12,extreme,09.png,4,0.2,"[512, 512]",4b3ddbef5883a30e02120d9280c878727f5282bb054525cf3a5b0fcffb889d5c,d5200db9a81ea1ad2851337034ec180dcba65337806d6f544c91105b701dd5a8,nlm,420.0,21.271684013202062,0.4947666582677303,35.374174919987546,46.7464122055927,current_noise_full_reference_sweep,False,8.135579059002339,0.006964226995478384,8,8,NLM_fast_cuda_global,,,,,
set12,extreme,07.png,4,0.2,"[512, 512]",154769fc48745384ec8816fc554051b0dd5f1c55071de2669c9058bf3a96574e,d658efe3236f7ef4462769d23a0c6a782ae9c9bb794297f469fb22a6a114781d,nlm,550.0,21.94791207078105,0.5731432315502687,39.631117612903964,44.7712852136856,current_noise_full_reference_sweep,False,7.758586654992541,0.006899041996803135,8,8,NLM_fast_cuda_global,,,,,
set12,extreme,05.png,4,0.2,"[512, 512]",0a48bd94dc684e9744094acf5f9409ae1a147f367207cbcf847ffecc9506b1e3,f14c438201f32887ca2958073a99c9c4367ca05aa3996a24e4a516345d4ee79d,nlm,584.0,23.222006926812835,0.6690201722070279,45.06201207375781,45.37208795443821,current_noise_full_reference_sweep,False,8.070539481996093,0.00690975300676655,8,8,NLM_fast_cuda_global,,,,,
set12,extreme,08.png,4,0.2,"[512, 512]",2c394996c73fe787fca843f9f42014d5330dda4ad3053466b934f2c52d1c1f84,a8484a10dd4d38b8a5ac055a083f83a730aeb890ecb2fff33eb9cc1791e5eb5b,nlm,394.0,22.557366203871275,0.482488350030295,35.40310060345038,46.31076093648385,current_noise_full_reference_sweep,False,7.1094038280134555,0.0037711940094595775,8,8,NLM_fast_cuda_global,,,,,
set12,extreme,01.png,4,0.2,"[512, 512]",0a372ced9fd4d1f9633532a58073e3974b41da8cfc87f04ec8e9a8dc6a89bba1,65177135c7481be235c048926973169e2e8bf506e1b0926ab33339f39e25d3b0,nlm,543.0,22.524177469176827,0.5333276069213498,37.9284690806559,44.830986557292725,current_noise_full_reference_sweep,False,7.798556549998466,0.006777228001737967,8,8,NLM_fast_cuda_global,,,,,
set12,extreme,04.png,4,0.2,"[512, 512]",7f6baec8e072815d469acd5d149f5da86b89ef26df1895c4edde2d5758900fd0,9bdf88a0f1a278417dd2a591efa55b88d04dfe89bd8aaa8ad24e1443228a0a94,nlm,609.0,23.235638559241764,0.6577711868752073,44.506378623381245,44.77177725772632,current_noise_full_reference_sweep,False,8.145342532996438,0.006858009001007304,8,8,NLM_fast_cuda_global,,,,,
set12,extreme,06.png,4,0.2,"[512, 512]",aa1ae42753ac532294aa25320a62b1fb9aa4b54ad1627f3551d0532393b63c6e,3d987315aa538246f5a208b6d41f81eab45d6f505e0a6f7243927c5ad7a0fe40,nlm,587.0,21.609033559783374,0.5608596833612433,38.84750094795385,43.21949990635146,current_noise_full_reference_sweep,False,8.19469406400458,0.007304680999368429,8,8,NLM_fast_cuda_global,,,,,
set12,extreme,03.png,4,0.2,"[512, 512]",ecaf4e62d02b750095b71c0828247049848c285190975276e63ef6d951b37cf4,aad7e4eba1d0a55ac4a983788b73e9e5a66f24a767e26e93e98c74ddff8dd54a,nlm,600.0,23.599958479050258,0.6527642887047967,44.43819367476497,45.160859669004445,current_noise_full_reference_sweep,False,8.603280887007713,0.007421592992614023,8,8,NLM_fast_cuda_global,,,,,
set12,extreme,11.png,4,0.2,"[512, 512]",17b452cc44e876adc0d3fd3607e8c9ab9e04406fa1702d436005e99db30c6108,76b80ddc8c4f96ba7c3331b18a0331e1aa705a7e327f7bf24342319ad0898b04,nlm,389.0,20.968443034082856,0.41868136153651736,31.418289593867293,45.33394888560393,current_noise_full_reference_sweep,False,7.880520096994587,0.0070336929929908365,8,8,NLM_fast_cuda_global,,,,,
set12,moderate,02.png,4,0.03,"[512, 512]",9a0925d4efea52b4b8355baab41b735118c594bada85c1650a8c929d4bedd645,d879986baaf42190982449d59dd5553d540eb63dbc7567ea488c75632114b5ac,nlm,221.0,33.317990693315636,0.8701332244874261,60.165656571029125,0.6237953719986978,current_noise_full_reference_sweep,False,5.178903011998045,0.006604346999665722,8,8,NLM_fast_cuda_global,,,,,
set12,moderate,10.png,4,0.03,"[512, 512]",fa9370ee1649c3bf2aa161f01d3d2575a2dedca729f26b78bd75d618679b9889,434ac8f246e81cbe180927267d40fe66e3454116170de134fb46d837087c066b,nlm,181.0,27.249132354720956,0.738027627385485,50.525947546634725,4.482826264107306,current_noise_full_reference_sweep,False,5.167572748992825,0.006916145997820422,8,8,NLM_fast_cuda_global,,,,,
set12,moderate,09.png,4,0.03,"[512, 512]",4b3ddbef5883a30e02120d9280c878727f5282bb054525cf3a5b0fcffb889d5c,197f65e812b0eeb2cf91510c2b107e0d658adcb343eaa673a6289fbe2bc4596e,nlm,155.0,25.52978079220715,0.7233394615433542,48.931863473271285,6.403459731984791,current_noise_full_reference_sweep,False,5.161396126000909,0.007007419000728987,8,8,NLM_fast_cuda_global,,,,,
set12,moderate,07.png,4,0.03,"[512, 512]",154769fc48745384ec8816fc554051b0dd5f1c55071de2669c9058bf3a96574e,b36e158819d385dc062ac7799786f1c8f4d46446b333738c6e5fa3718cffe970,nlm,227.0,28.402000961538313,0.8254349859987192,55.472749780705115,1.4841395026529314,current_noise_full_reference_sweep,False,5.193111544998828,0.006839356996351853,8,8,NLM_fast_cuda_global,,,,,
set12,moderate,05.png,4,0.03,"[512, 512]",0a48bd94dc684e9744094acf5f9409ae1a147f367207cbcf847ffecc9506b1e3,114a2e420e0ad99810e3e866c2b4386ab515991bfd7c5db3c2eb96d637d19c5b,nlm,209.0,31.460306546866327,0.8967552209478188,60.5679143208241,0.7594724512076801,current_noise_full_reference_sweep,False,5.176755737993517,0.006967905996134505,8,8,NLM_fast_cuda_global,,,,,
set12,moderate,08.png,4,0.03,"[512, 512]",2c394996c73fe787fca843f9f42014d5330dda4ad3053466b934f2c52d1c1f84,f41575c24a908e64f17f53ab3e3de05a585eca0546392a462de5fb0793ed1ce6,nlm,146.0,26.392644908319262,0.6814502243528827,47.26883367180376,5.096445833072836,current_noise_full_reference_sweep,False,5.162571356995613,0.006990912006585859,8,8,NLM_fast_cuda_global,,,,,
set12,moderate,01.png,4,0.03,"[512, 512]",0a372ced9fd4d1f9633532a58073e3974b41da8cfc87f04ec8e9a8dc6a89bba1,8022eb92cc13c07829c548cf238b714175cd922f1b59a9ef093b7a962ea44eae,nlm,216.0,29.260172460044185,0.8092962385870537,55.09489815937478,0.968731234928888,current_noise_full_reference_sweep,False,4.992538123988197,0.006714396004099399,8,8,NLM_fast_cuda_global,,,,,
set12,moderate,04.png,4,0.03,"[512, 512]",7f6baec8e072815d469acd5d149f5da86b89ef26df1895c4edde2d5758900fd0,558b3a110914cdad728ad09d50eba68d5001d3cabe99f29756fe4a3478144a26,nlm,222.0,30.291618824323496,0.87081709283066,58.68666405369475,0.7164891168877571,current_noise_full_reference_sweep,False,5.22638558599283,0.006959274003747851,8,8,NLM_fast_cuda_global,,,,,
set12,moderate,06.png,4,0.03,"[512, 512]",aa1ae42753ac532294aa25320a62b1fb9aa4b54ad1627f3551d0532393b63c6e,0e78536a56147ba906c487c61e6164992aafc64d24893e1e756d7777e6184f16,nlm,215.0,27.835850101222363,0.8034490678035499,54.090378440788676,3.1190438444372504,current_noise_full_reference_sweep,False,5.181850430002669,0.006896531995153055,8,8,NLM_fast_cuda_global,,,,,
set12,moderate,03.png,4,0.03,"[512, 512]",ecaf4e62d02b750095b71c0828247049848c285190975276e63ef6d951b37cf4,d9a7aa26403306264e3dab31bb083178514a9ce2d7e31938922d1ea09f35d416,nlm,213.0,31.70485233656055,0.8926374164470274,60.48429699063165,0.7096805635182957,current_noise_full_reference_sweep,False,5.228010569990147,0.0070293409953592345,8,8,NLM_fast_cuda_global,,,,,
set12,moderate,11.png,4,0.03,"[512, 512]",17b452cc44e876adc0d3fd3607e8c9ab9e04406fa1702d436005e99db30c6108,4f6af6012acab1aca32e1626772dece3f447b16d814b44a65374637178964709,nlm,191.0,25.4988508125061,0.6651198271828709,46.00541676539659,6.274447339820147,current_noise_full_reference_sweep,False,5.096163948997855,0.006733935006195679,8,8,NLM_fast_cuda_global,,,,,
set12,low,02.png,4,0.01,"[512, 512]",9a0925d4efea52b4b8355baab41b735118c594bada85c1650a8c929d4bedd645,5a06d5c62acf1b36874d17fbb7c8fbcf1bfa1a90a72f48c16e827f3f6067b418,nlm,168.0,35.260736870601576,0.9065578391709794,62.95826039384976,0.37065108484627196,current_noise_full_reference_sweep,False,5.300159402002464,0.00661133999528829,8,8,NLM_fast_cuda_global,,,,,
set12,low,10.png,4,0.01,"[512, 512]",fa9370ee1649c3bf2aa161f01d3d2575a2dedca729f26b78bd75d618679b9889,fe06adf3c895b40fb6b5a15eaf684dfca16946f6169b38d893ed18d3aef8cf92,nlm,134.0,28.45492989777311,0.7830750466537197,53.381217281572546,2.981189152216168,current_noise_full_reference_sweep,False,5.887822787000914,0.0076315199985401705,8,8,NLM_fast_cuda_global,,,,,
set12,low,09.png,4,0.01,"[512, 512]",4b3ddbef5883a30e02120d9280c878727f5282bb054525cf3a5b0fcffb889d5c,bf4e02197794a0e21fbe08f301c6e1a7f1d9ff3ad8f7a4b371f0e200d7cb39b1,nlm,1.0,25.288111962738547,0.8235879462208764,53.82345329241309,4.040805286942618,current_noise_full_reference_sweep,False,5.240415653999662,0.006622155997320078,8,8,NLM_fast_cuda_global,,,,,
set12,low,07.png,4,0.01,"[512, 512]",154769fc48745384ec8816fc554051b0dd5f1c55071de2669c9058bf3a96574e,bebd5b94e7c8cd5e3c45a4c02eeb5c2f8901ef456e75534811f5ac6a29a3fac0,nlm,173.0,29.748046512608436,0.8628251372031313,58.01528011646078,0.7327384559935708,current_noise_full_reference_sweep,False,5.532422620002762,0.006947469009901397,8,8,NLM_fast_cuda_global,,,,,
set12,low,05.png,4,0.01,"[512, 512]",0a48bd94dc684e9744094acf5f9409ae1a147f367207cbcf847ffecc9506b1e3,166ad95c58f0c06dd2685ab4d5020f880563f9a5058e35aa36901da12704efa6,nlm,164.0,33.63264490515517,0.9331981067104003,63.4762277880976,0.43848631057656645,current_noise_full_reference_sweep,False,5.261091585998656,0.006596778010134585,8,8,NLM_fast_cuda_global,,,,,
set12,low,08.png,4,0.01,"[512, 512]",2c394996c73fe787fca843f9f42014d5330dda4ad3053466b934f2c52d1c1f84,66926c0920534e26b939a5d9f0556865f11d7abe2870967adce74daa613116e0,nlm,1.0,25.63705598215046,0.8062384213462612,53.13044905838829,3.476387294209577,current_noise_full_reference_sweep,False,5.267082471007598,0.0066295720025664195,8,8,NLM_fast_cuda_global,,,,,
set12,low,01.png,4,0.01,"[512, 512]",0a372ced9fd4d1f9633532a58073e3974b41da8cfc87f04ec8e9a8dc6a89bba1,44e11976558cb007c81a668559ae9107fdef12040d6bf3409d86e01b32bb629b,nlm,168.0,30.969609043201128,0.8549765051410267,58.2336297786519,0.5311464306887771,current_noise_full_reference_sweep,False,5.518552877008915,0.006882858986500651,8,8,NLM_fast_cuda_global,,,,,
set12,low,04.png,4,0.01,"[512, 512]",7f6baec8e072815d469acd5d149f5da86b89ef26df1895c4edde2d5758900fd0,ecca96323697cb95c9b9c67fa33692a63a0bcc03cbf07eb1f49bfa5e122f8d4d,nlm,169.0,31.95418866904067,0.9035962851857896,61.15690859380982,0.43848520595183427,current_noise_full_reference_sweep,False,5.376957301996299,0.006907233997480944,8,8,NLM_fast_cuda_global,,,,,
set12,low,06.png,4,0.01,"[512, 512]",aa1ae42753ac532294aa25320a62b1fb9aa4b54ad1627f3551d0532393b63c6e,17094acf9de65d3df3665b52428f406b7e9029614715969875e5da956e308411,nlm,163.0,29.629099602067125,0.8455752751350378,57.09331355778546,1.8581201915520364,current_noise_full_reference_sweep,False,5.608312549011316,0.006605056987609714,8,8,NLM_fast_cuda_global,,,,,
set12,low,03.png,4,0.01,"[512, 512]",ecaf4e62d02b750095b71c0828247049848c285190975276e63ef6d951b37cf4,2d3e27d6769c28d88fcabbfa79deb4e13ee1277e06787f8cfec414322f383aed,nlm,165.0,34.066981480809574,0.9272331441390846,63.39514794735902,0.4384835711072306,current_noise_full_reference_sweep,False,5.660956045001512,0.0072604680026415735,8,8,NLM_fast_cuda_global,,,,,
set12,low,11.png,4,0.01,"[512, 512]",17b452cc44e876adc0d3fd3607e8c9ab9e04406fa1702d436005e99db30c6108,4d79c36b74d775043c078b1a3b12fac535b38d23f700cf6d0a06dba47d86941f,nlm,1.0,24.609464052471544,0.8208384638541789,53.34665521894472,4.492357496516732,current_noise_full_reference_sweep,False,5.468586060000234,0.006988824010477401,8,8,NLM_fast_cuda_global,,,,,
set50,high,19.gif,0,0.1,"[512, 512]",d17c7663feb48c0fe318904421cb04ec7e850a109d952f66a49ac464a4176a1e,b36a0e2777a4778ee716a1dfe989dd541a6b3d7c5af5fd33a1b733957ca06fd4,ianlm,1.0,38.51285284815057,0.9875431030684729,68.63358157749893,,fixed_independent,,,0.26288599699910264,8,8,NLM_fast_cuda_global,26216.0,24209.0,2007.0,0.92344369850473,
set50,high,22.gif,0,0.1,"[512, 512]",dfe4f6c6370dbe0651bccc46e98ac3b787e8c63a3a37fb138fe6c81f3e32edd4,455a61e743daec9940c17a770102e9f6d8150016e197a7b40ba5ed8b526bdc6d,ianlm,1.0,34.88236983614374,0.9781142749822425,66.34689866718399,,fixed_independent,,,0.2634253260039259,8,8,NLM_fast_cuda_global,26216.0,26154.0,62.0,0.9976350320415014,
set50,high,10.gif,0,0.1,"[512, 512]",e233b9bc584bbcbbdcbcbf3674e9c18c92aff37cf54afeec01dc2e7dc1811878,40725b43529bab17a6c41cf7934a73bda5b434a8803e87e4fc1465424cfe2303,ianlm,1.0,42.18226000668942,0.9945020065268713,70.81623032968827,,fixed_independent,,,0.26740510799572803,8,8,NLM_fast_cuda_global,26216.0,26206.0,10.0,0.9996185535550809,
set50,high,14.gif,0,0.1,"[512, 512]",83fe92c5398701971c09c467a97dc4bfdb94eb4b3ded548d26e5e7fcf62e4d2a,6b7ebb5297b454e99889eaa9e3c4e7c51d253902665731705f49dc1a7a3fe113,ianlm,1.0,30.92680224005205,0.9723215693919758,64.07947958962481,,fixed_independent,,,0.26708090599277057,8,8,NLM_fast_cuda_global,27116.0,27104.0,12.0,0.9995574568520431,
set50,high,5.gif,0,0.1,"[512, 512]",49db903e1a87a0044a734fb77708aad9985011bc9ee9fb379099de1b4e946109,e06f2bc488a0ff103329561f1b985093b78f631466c577b7e6aeacf6ec8eefe8,ianlm,1.0,43.737042937337534,0.9912853248707785,71.4327877122077,,fixed_independent,,,0.2635967249952955,8,8,NLM_fast_cuda_global,26216.0,25836.0,380.0,0.985505035093073,
set50,high,44.gif,0,0.1,"[512, 512]",f968969e97bf6f8f47fd5940af0bd7481b61f2df6d5d553882b8938123b37289,ec7bcd577aab4cb2bedb2657569a7b495db193526b6667e04b6672396e29b078,ianlm,1.0,22.592711285181654,0.920830743451768,57.337892815179224,,fixed_independent,,,0.38624511599482503,8,8,NLM_fast_cuda_global,38124.0,38072.0,52.0,0.9986360297975029,
set50,high,42.gif,0,0.1,"[512, 512]",f9b953242d46fc204da43e46262ac3754e9428050546213f592efb0fb7398f12,d0610cf35e287c81eb1f642f3b1f542f30070d26d13b0067e7baf4d73663ef18,ianlm,1.0,30.22352538003045,0.9748763958132207,63.85558248067626,,fixed_independent,,,0.2987898480059812,8,8,NLM_fast_cuda_global,28423.0,28108.0,315.0,0.9889174260282166,
set50,high,38.gif,0,0.1,"[512, 512]",e39779dc60dbc76330293a5fdb44dfabe4d22433c36132e18afcf31a515217b4,b024231c1c516936430ae7117c8c77dd3ee6a417718598f0b9968ffc86f3b5f5,ianlm,1.0,42.21918316712974,0.9904941173880606,70.6342974529679,,fixed_independent,,,0.2710232320096111,8,8,NLM_fast_cuda_global,26216.0,26216.0,0.0,1.0,
set50,high,48.gif,0,0.1,"[512, 512]",9b261d731fc3d639b0cc3dac391980b0c49dd558b24b95a14bb3f3eb9f3569d0,f7e02ffabb7c26975ac77d2ba941fa8dfff992fc0d3c3a52904286975a396ab4,ianlm,1.0,41.17243186772484,0.9912336671904193,70.14789929338338,,fixed_independent,,,0.2662616019952111,8,8,NLM_fast_cuda_global,26217.0,25874.0,343.0,0.9869168859900065,
set50,high,17.gif,0,0.1,"[512, 512]",6f8a02e1689062bed722742a554760dd74359b35fc8b969bab8beed8e59421a0,e7c516b92404f02e0645aab2369f6d006b10771e2148c9e3305e1e93828f5d9b,ianlm,1.0,30.39559337042331,0.9187794578521187,61.13676957781759,,fixed_independent,,,0.3313791660038987,8,8,NLM_fast_cuda_global,47078.0,39741.0,7337.0,0.8441522579548834,
set50,high,0.png,0,0.1,"[512, 512]",0a372ced9fd4d1f9633532a58073e3974b41da8cfc87f04ec8e9a8dc6a89bba1,5c64fdfe33f4ceb5a47428c2edc3ca4f989b1078a7da5d038a7aac327de869fd,ianlm,1.0,45.51618551854232,0.9971794313619183,72.61706432736707,,fixed_independent,,,0.269691502006026,8,8,NLM_fast_cuda_global,26331.0,24330.0,2001.0,0.9240059245755953,
set50,high,16.gif,0,0.1,"[512, 512]",2d68b31ae4d4c10bc0e60742ba3064c10d62113ffb3ca9a7c14b80e40b0e6170,6ca2d5d1195f31115e9e15bd7978d65bde8735913f5134a99256e529c86a3d8a,ianlm,1.0,29.586655927847502,0.9285155331453655,61.219104621192024,,fixed_independent,,,0.31322302800253965,8,8,NLM_fast_cuda_global,34388.0,33213.0,1175.0,0.9658311038734442,
set50,high,32.gif,0,0.1,"[512, 512]",c3cc3fb5da093d47d6808c6219ed907c3e69ab01954b1b929a8739cbbcc26493,810d3fc722ad3d6be42c77a540abbe450d08f86c4c996feebc699bf3e2187fb0,ianlm,1.0,27.193737229460787,0.8238973955272203,54.791738391091414,,fixed_independent,,,0.2969951069972012,8,8,NLM_fast_cuda_global,75998.0,68412.0,7586.0,0.9001815837258875,
set50,high,30.gif,0,0.1,"[512, 512]",b1cccc0e8d64bae511f9cd0c5596628364bd1e09c90c5e793604a1f7a55f642f,8f3d6ba7eafb9220ec09f0fc23d98c4362582f25fe465748fde08df029299774,ianlm,1.0,38.33560946418786,0.9828891790481278,68.31226368450032,,fixed_independent,,,0.26722937199519947,8,8,NLM_fast_cuda_global,26216.0,24441.0,1775.0,0.9322932560268539,
set50,high,43.gif,0,0.1,"[512, 512]",443801cafadb33c7829b313f4efd834e70cc313567a260dd2b5554dc7ee6be98,f9f8d19328bf1d7475a95984514a389b0136e60eba80c85712e9c05f9a967619,ianlm,1.0,38.7692555770355,0.9897951598523248,68.874385781134,,fixed_independent,,,0.29841364700405393,8,8,NLM_fast_cuda_global,28834.0,28178.0,656.0,0.9772490809461053,
set50,high,47.gif,0,0.1,"[512, 512]",9005ddf994846f88305becd36c72a046818a094c026c69a8106c34b34a31a8fe,5e23fe352e87a835d6f7372654af688603bdc568b1d6edc31757a6b71ff6f072,ianlm,1.0,32.856176273393004,0.9776819192517043,65.31218409928172,,fixed_independent,,,0.2683372129977215,8,8,NLM_fast_cuda_global,26252.0,26227.0,25.0,0.9990476916044492,
set50,high,25.gif,0,0.1,"[512, 512]",30838b6c4e963b60da10cc6158a119a7052a4ffa1ebdcc87bcf0054f681427c6,2539e5cf1bcc6130b9238ebc011a1069fdfddd7401c69aa83c14b2efb244dee4,ianlm,1.0,42.0372376772376,0.9876815033927552,70.40269400825656,,fixed_independent,,,0.28257001099700574,8,8,NLM_fast_cuda_global,29708.0,27204.0,2504.0,0.915712939275616,
set50,high,7.gif,0,0.1,"[512, 512]",5e3769e24988284e1036ce844ee8e0f11dbe28fe111f6a962e37864dc34b60dc,bfb32fd0573f98e26541bf24de61f68beccaeb66008181d1d775350c1789035f,ianlm,1.0,31.21267041215583,0.9750055196706275,64.35661118960928,,fixed_independent,,,0.2784219360037241,8,8,NLM_fast_cuda_global,26280.0,24751.0,1529.0,0.9418188736681887,
set50,high,15.gif,0,0.1,"[512, 512]",51e2066df33af18b47bcd356b17c6cdf04f2a5fd219ace410fcabb06698c6c71,bf8b02c350afda2a086d62f94ecfc2be823c619bb2256328323737766f031044,ianlm,1.0,34.63365521252692,0.9755854544288812,66.09610032770752,,fixed_independent,,,0.28164197099977173,8,8,NLM_fast_cuda_global,29155.0,27966.0,1189.0,0.9592179729034471,
set50,high,41.gif,0,0.1,"[512, 512]",1569598ab7f33ee44bcf70502565ffcd7528912a2c13cd1977fe64573770f1e6,70ff830e123ba0b8a56a22fa8d8361dd52e6efc94cce0dc0117077a8d211d455,ianlm,1.0,39.77752335145596,0.988681628376014,69.32284309452868,,fixed_independent,,,0.27170195600774605,8,8,NLM_fast_cuda_global,26362.0,26088.0,274.0,0.9896062514225021,
set50,high,6.gif,0,0.1,"[512, 512]",ca956c8aa0ec2de8bd2e4d7545c7f969215d4f7f65cb72ee9d31cb17df0033b6,91c0d484c15597d9172a55a9609dcaaab6020d9ca89b915718e7c130aa54ed16,ianlm,1.0,35.88865505538811,0.9740828493700383,66.64846999619597,,fixed_independent,,,0.30046568700345233,8,8,NLM_fast_cuda_global,32700.0,29299.0,3401.0,0.8959938837920489,
set50,high,21.gif,0,0.1,"[512, 512]",74d2fa3fc2447fd331660c09f2f468f3cce983dc347509d32564e992fdebaf9a,93925f5a9a6755a73923c2bef7adff8c2bdab08e8e089892c36ace4313afb948,ianlm,1.0,39.59563440330613,0.986609621757085,69.12829828950731,,fixed_independent,,,0.27511709700047504,8,8,NLM_fast_cuda_global,26216.0,26155.0,61.0,0.9976731766859933,
set50,high,27.gif,0,0.1,"[512, 512]",bc7a1c1300b1b1bda264e18fbde62fa845194fac5839cb705a788c6ac331f517,144439eafed501fe7aa53d4e6967a995d40da47c2ef83b7b5e02b718dafccd80,ianlm,1.0,35.428310227115574,0.9827376240151173,66.85103631431366,,fixed_independent,,,0.2674908650078578,8,8,NLM_fast_cuda_global,29588.0,28480.0,1108.0,0.962552386102474,
set50,high,46.gif,0,0.1,"[512, 512]",14cdebcd7b2b9e534cc9717933df6ccb4861289237cde90700810e2e6e2e245f,f9ffe1409fcf91d55fa900020b1f0f613dd8b50d40a2f9d090f6f53caa03f076,ianlm,1.0,34.740489771707445,0.9813008313371275,66.4352864527101,,fixed_independent,,,0.26745700399624184,8,8,NLM_fast_cuda_global,27864.0,27340.0,524.0,0.9811943726672409,
set50,high,20.gif,0,0.1,"[512, 512]",c3a4da195ffc62103521cd979723e50840fe46cfd989b567c826985f8b23dcf4,bd08cc1fb18acc1d47463e9c075d7d5d446aa4ae53b1672824ff6a737dc1f69d,ianlm,1.0,37.15758091067373,0.9822092265089913,67.68925178078644,,fixed_independent,,,0.2694230999913998,8,8,NLM_fast_cuda_global,26648.0,26325.0,323.0,0.9878790153107175,
set50,high,2.gif,0,0.1,"[512, 512]",b101b795e2638a1e9dbdaa513bdc8be6090aed4d6ac294b155e5f3a2c7c0bb80,13d3b6b9e05ddc640a63ea227d1f32df0b4e453f33794f15001a41ae53644828,ianlm,1.0,41.19261987716512,0.9880214365571075,69.99738176643794,,fixed_independent,,,0.2705168349930318,8,8,NLM_fast_cuda_global,26216.0,25836.0,380.0,0.985505035093073,
set50,high,40.gif,0,0.1,"[512, 512]",911cad3f1d559f196f94ed9e80a9602969b74319acb1d70da238efdb48af38e2,d5f4e4babce2a4896b57ee8a524799a4a612a77617adc6237c295f1b8268313a,ianlm,1.0,46.418225436449355,0.9935212382311782,72.88517462978359,,fixed_independent,,,0.2732863900018856,8,8,NLM_fast_cuda_global,26216.0,26216.0,0.0,1.0,
set50,high,31.gif,0,0.1,"[512, 512]",33781418a1e6e85521011be7d450b002a8f8a8f1ba68a79c1219f3b3ba59b160,85c7dd0dbdad648e1bc43c9d6bbf15a1baffa81644e4a28e665df8f4296b38c0,ianlm,1.0,28.067820941368055,0.9303501769021565,60.551419315791854,,fixed_independent,,,0.32489283400354907,8,8,NLM_fast_cuda_global,35153.0,32385.0,2768.0,0.9212584985634228,
set50,high,29.gif,0,0.1,"[512, 512]",1eeb76c0386fbcd563a08eb25bbeffde427bdc62658e4bcc02c8aafbf733f219,a7c813ed42caac8cc5e59ba0b313601fb3411f9081c2c98c849a0f386c717927,ianlm,1.0,30.576694259889745,0.9162073866387228,61.09871646188102,,fixed_independent,,,0.3390339650068199,8,8,NLM_fast_cuda_global,39857.0,35287.0,4570.0,0.8853400908246983,
set50,high,33.gif,0,0.1,"[512, 512]",7a10c4eca50167d8d459c2505f2b0f21cfb399e7b01adccaa0422695496c2e72,0b9b79cc55914de4df60ffdc521344bb95f073f3bbae4f345c20bb3d16868469,ianlm,1.0,37.159321132025404,0.977231937238911,67.44125742795825,,fixed_independent,,,0.27656953199766576,8,8,NLM_fast_cuda_global,29097.0,26735.0,2362.0,0.9188232463827886,
set50,high,24.gif,0,0.1,"[512, 512]",b8f6ebed7641854cd23e807c2f78d350f1373b2fe7f96e6ea18f8531797fbc3a,933931a3c3cf3e69d505146c4f660b276aa0eb49b9bdfff9b8e7b90470c69978,ianlm,1.0,41.16592549220515,0.9882541302255656,69.99566925738085,,fixed_independent,,,0.26961253499030136,8,8,NLM_fast_cuda_global,26685.0,25828.0,857.0,0.9678845793516957,
set50,high,3.gif,0,0.1,"[512, 512]",e3e2313cc250162bd613776c7b0063891d9d56b3576c9808ac5c8c0e7e8fcb8d,735ba2525df2e7b6a619ada7a3ef29d9102198e0392841695017c0dd0b5ee365,ianlm,1.0,38.82698497835148,0.9863060847797811,68.7287967281648,,fixed_independent,,,0.30248032200324815,8,8,NLM_fast_cuda_global,28196.0,26337.0,1859.0,0.9340686622215917,
set50,high,1.gif,0,0.1,"[512, 512]",95f21dff4cd5a318a519cb05a1e35fb41f49c007ca46345fd6917258be8d9d73,3c777b4aafc995f531dbb45a128a3eae2ac912519ef53a690559aa448818fa5c,ianlm,1.0,35.21322634031806,0.9852761344806773,66.87041989419289,,fixed_independent,,,0.2682921530067688,8,8,NLM_fast_cuda_global,26216.0,26072.0,144.0,0.9945071711931645,
set50,high,23.gif,0,0.1,"[512, 512]",05918015ae96873f255fec3e75ace895a76214abbeffdbfff55b5cf6214224c6,5f89d28e00ddcbb3c400744e705cf34f0576d46a30918f8130ebe8b81f0dbd6b,ianlm,1.0,45.00846886870914,0.9934237869305808,72.1754237808836,,fixed_independent,,,0.261942712997552,8,8,NLM_fast_cuda_global,26216.0,26216.0,0.0,1.0,
set50,high,35.gif,0,0.1,"[512, 512]",353590d221e21b53b97858fbc575a2320a10336f21bbed5dd461fa942bab100f,7fd0001b7f292822b216f02c457dbcecd3cc83fe14deb66f3451f8f3ef72671e,ianlm,1.0,39.85861666707238,0.9842892040494248,69.14376853600743,,fixed_independent,,,0.26130605400248896,8,8,NLM_fast_cuda_global,26216.0,26215.0,1.0,0.9999618553555081,
set50,high,36.gif,0,0.1,"[512, 512]",99a41bcc709d43204ca0f73a6593656300237e5367043081c5065ca77d5e3628,ff4228673bf5f8b1cc0996ca7aebcbc4b4745a91c7d8bae3aa2dd541df188359,ianlm,1.0,37.069321325873425,0.9843802127813932,67.75367130200637,,fixed_independent,,,0.2699946619977709,8,8,NLM_fast_cuda_global,26216.0,24949.0,1267.0,0.9516707354287458,
set50,high,26.gif,0,0.1,"[512, 512]",3efcc155fe7f35f9428c0536c9c1dc2b826188d5f0a5b0a90ecbf681233221e2,82c2e5bf1fd025c58e0731a894ed6f185e49d9f6da055c0ddcccab37d1acaf68,ianlm,1.0,43.12176595160093,0.9907622270274802,71.09899432717447,,fixed_independent,,,0.29935599899908993,8,8,NLM_fast_cuda_global,26216.0,26124.0,92.0,0.996490692706744,
set50,high,37.gif,0,0.1,"[512, 512]",74881a36c4896c931da56c784ac35afb478dc71ae7af27894deeb074f83e518a,6711e4fc698c6f6b88662c31c7011be6475f79e420b41957137edbe48c02cc84,ianlm,1.0,39.12690893358116,0.9817001184484522,68.6484603892132,,fixed_independent,,,0.2960830590018304,8,8,NLM_fast_cuda_global,26216.0,26186.0,30.0,0.9988556606652426,
set50,high,13.gif,0,0.1,"[512, 512]",c34b796bde09761f5bc3c358f20b72f49e020580ed0a76d5456c61f0da4499eb,b23b2328bee24b6db72c9714ba291238b97ab3df260f49344564758f266b6c76,ianlm,1.0,39.942980209539826,0.9928691192764763,69.61494606859372,,fixed_independent,,,0.25711317600507755,8,8,NLM_fast_cuda_global,26216.0,26115.0,101.0,0.9961473909063168,
set50,high,28.gif,0,0.1,"[512, 512]",f509179793e6551fbec77f8fdd91e45d53d2dd6e0a87394377c4bb4c52eb9a43,d1611978754e5fc4a32fa267275458c29f71665a67a3d6e772e5a8d97a888b76,ianlm,1.0,40.123622550121,0.9825267305391181,69.1881478020164,,fixed_independent,,,0.2962182909977855,8,8,NLM_fast_cuda_global,26217.0,26109.0,108.0,0.995880535530381,
set50,high,9.gif,0,0.1,"[512, 512]",8b76cd61996084e7d23b9f638b4d32839d9f6ac7965ef9b585f78bdbdaff16b3,bf30a7802fc17f31bf72e321b90d3ed5f0390b5768e85c9c5499096eb9fcde3e,ianlm,1.0,33.58236779718946,0.9757045093378796,65.5764093654887,,fixed_independent,,,0.268710310003371,8,8,NLM_fast_cuda_global,31068.0,30257.0,811.0,0.9738959701300374,
set50,high,18.gif,0,0.1,"[512, 512]",539caf0cced15a86b729848a1a182b75776a621cf01b5e9a62085f53b86f3407,57502a7add237e5d5309882c717ca9c474cb1f376e21798057c8e0f71c0150ec,ianlm,1.0,28.65289592617582,0.9635585260547549,62.50437426582565,,fixed_independent,,,0.29282070000772364,8,8,NLM_fast_cuda_global,29334.0,28146.0,1188.0,0.9595009204336266,
set50,high,49.gif,0,0.1,"[512, 512]",8311e02cd6238d6e74f6a9bf6fa5c250d748ceec5882a86242e2452c587cdf2b,16522de1ffa2356a43b6b1339c41f1a31b67ef45f92c4bb401a90a78555d2b30,ianlm,1.0,20.51245924048114,0.8320718041856389,51.85981982952251,,fixed_independent,,,0.2241409420093987,8,8,NLM_fast_cuda_global,84688.0,84677.0,11.0,0.9998701114679766,
set50,high,4.gif,0,0.1,"[512, 512]",fd89b9bfe327e11c7cfbc851fff026261f2c33ef17edc9373682def6616fdc4f,3c0d019d5056b98dbdd01251831763caa26e55b8875f2444b402a81535401593,ianlm,1.0,41.5559440184568,0.9886907175719185,70.21250788782433,,fixed_independent,,,0.27868933099671267,8,8,NLM_fast_cuda_global,26303.0,26108.0,195.0,0.9925863969889366,
set50,high,8.gif,0,0.1,"[512, 512]",fd53a01b9f6a3a02a5408efee91cfa235b1325372804d49874a677719089b14e,22ebb86ce1395a6ea03d541a188eef6e92c3804779678fd6b9d986ea4a3704f1,ianlm,1.0,41.43193934255751,0.9907074437347475,70.25134185801613,,fixed_independent,,,0.3038361749931937,8,8,NLM_fast_cuda_global,26216.0,21983.0,4233.0,0.8385337198657309,
set50,high,39.gif,0,0.1,"[512, 512]",e43557540646572e4a7b69124c49ff2c37c4d1695507c5d64a44d09a5043958e,2cd48e49bed02f86e876dc092a5fe09f97580929bf9971223e5d235b9fc21e5d,ianlm,1.0,43.032239184234406,0.9914286475775346,71.08755197099393,,fixed_independent,,,0.2793784660025267,8,8,NLM_fast_cuda_global,26216.0,26216.0,0.0,1.0,
set50,high,12.gif,0,0.1,"[512, 512]",3c3ec23125fea9974f2e94c0d93a534edf2ec60d33b6af79f9a60fef58295de4,c499ec126eb1d4bd4772ea5064bf8c5aec9aedea33c962227fa457abfe5821f2,ianlm,1.0,36.94236707589221,0.97340296265881,67.1413316708866,,fixed_independent,,,0.3165278880042024,8,8,NLM_fast_cuda_global,35930.0,26876.0,9054.0,0.7480100194823267,
set50,high,45.gif,0,0.1,"[512, 512]",72644242bceb1596c04ab4ddde11989c7aa206ee2094402fadeac9f9c500d55a,1c77a0ba17abe22ce790d8efab4ac203a1f91fa751c993883c8b6bb7b35b8ec7,ianlm,1.0,39.50350959958053,0.985070156702964,69.00526263493848,,fixed_independent,,,0.2841087389970198,8,8,NLM_fast_cuda_global,26216.0,26178.0,38.0,0.9985505035093073,
set50,high,11.gif,0,0.1,"[512, 512]",b12e0216f269d1ad8f5dfe769baf0fb60142ab5235a6d1d62707dc52ca591071,9cf4a3983f4c78b315b6e3696a2902c630e21959314e7d5ba80f4b5e3a698a9f,ianlm,1.0,29.79462314984332,0.9744227768007038,63.61845041495685,,fixed_independent,,,0.2654660400003195,8,8,NLM_fast_cuda_global,26409.0,22801.0,3608.0,0.8633799083645727,
set50,high,34.gif,0,0.1,"[512, 512]",42a4b02f48b536770f4d42c1c4884a5b2a4a662af62778249a90a16c1d9f5398,aeee58b67027a3d070fc355f6fa808729e4818e31921fdad3e72e016da9f0e59,ianlm,1.0,38.001032558399125,0.9839101933643767,68.19602594741839,,fixed_independent,,,0.2666198969964171,8,8,NLM_fast_cuda_global,26216.0,25563.0,653.0,0.9750915471467806,
set50,medium,19.gif,0,0.05,"[512, 512]",d17c7663feb48c0fe318904421cb04ec7e850a109d952f66a49ac464a4176a1e,ab0f62ff71690b1f079d2442492232894b3d5cb0bd28f2a635a0154933a3ad9c,ianlm,1.0,41.74921960941969,0.9939307657108992,70.57114809025481,,fixed_independent,,,0.14637466400745325,8,8,NLM_fast_cuda_global,13108.0,11815.0,1293.0,0.9013579493439121,
set50,medium,22.gif,0,0.05,"[512, 512]",dfe4f6c6370dbe0651bccc46e98ac3b787e8c63a3a37fb138fe6c81f3e32edd4,620f2e4a57fed79f61ab777b3e184c38652054c24847572fdb76c0001885adc8,ianlm,1.0,38.08312301018809,0.9894007140302036,68.51159720660422,,fixed_independent,,,0.14063883900234941,8,8,NLM_fast_cuda_global,13108.0,13059.0,49.0,0.9962618248397925,
set50,medium,10.gif,0,0.05,"[512, 512]",e233b9bc584bbcbbdcbcbf3674e9c18c92aff37cf54afeec01dc2e7dc1811878,bf39e4c2af1601555be9f4f79c87f5f72e4d70b0d0c6fbe349afddc726c4b64a,ianlm,1.0,45.37641094374794,0.9973047708192928,72.55344401283861,,fixed_independent,,,0.14402232501015533,8,8,NLM_fast_cuda_global,13108.0,13103.0,5.0,0.9996185535550809,
set50,medium,14.gif,0,0.05,"[512, 512]",83fe92c5398701971c09c467a97dc4bfdb94eb4b3ded548d26e5e7fcf62e4d2a,15c8aaec04915b3a2e6edfedfb300a609784bb53adf334bf8a8dfad53fca7e0e,ianlm,1.0,32.85352632194645,0.9841837665647628,65.63595148921137,,fixed_independent,,,0.15081863800878637,8,8,NLM_fast_cuda_global,14055.0,14041.0,14.0,0.9990039131981501,
set50,medium,5.gif,0,0.05,"[512, 512]",49db903e1a87a0044a734fb77708aad9985011bc9ee9fb379099de1b4e946109,c2224edd221ea21c84e5117528a8db3adfc3696f14b7d240e12cc2d0730553af,ianlm,1.0,47.058358607110875,0.9958342888971479,73.32089374841283,,fixed_independent,,,0.14069471599941608,8,8,NLM_fast_cuda_global,13108.0,12838.0,270.0,0.9794018919743668,
set50,medium,44.gif,0,0.05,"[512, 512]",f968969e97bf6f8f47fd5940af0bd7481b61f2df6d5d553882b8938123b37289,b3d71aafdd8875b49cb64bc4e793cabad947e6ab2f446605040bc133a31cd1d0,ianlm,1.0,23.2175082961961,0.9379057354315014,58.504040919673116,,fixed_independent,,,0.2601676200138172,8,8,NLM_fast_cuda_global,25656.0,25587.0,69.0,0.997310570626754,
set50,medium,42.gif,0,0.05,"[512, 512]",f9b953242d46fc204da43e46262ac3754e9428050546213f592efb0fb7398f12,6e3b11e5a5fc79d6e322f09ce90be37d3ffe0078940e736dc490e04f24ae9a34,ianlm,1.0,30.783183716344745,0.984758633430972,64.62952352972097,,fixed_independent,,,0.15296840800147038,8,8,NLM_fast_cuda_global,15442.0,15068.0,374.0,0.9757803393342831,
set50,medium,38.gif,0,0.05,"[512, 512]",e39779dc60dbc76330293a5fdb44dfabe4d22433c36132e18afcf31a515217b4,2e0bec2731efda949bbf711f73c2cbc227dfc6737900f9055cfc90cf3cdf2fde,ianlm,1.0,45.4571739266267,0.9953908079381935,72.49812736022302,,fixed_independent,,,0.13764051299949642,8,8,NLM_fast_cuda_global,13108.0,13108.0,0.0,1.0,
set50,medium,48.gif,0,0.05,"[512, 512]",9b261d731fc3d639b0cc3dac391980b0c49dd558b24b95a14bb3f3eb9f3569d0,a747073b330968ee1aae040e4dc878fcf916f0a11f16fe05636a80b9fc875feb,ianlm,1.0,44.36613901790409,0.9957593664976253,71.97103783383331,,fixed_independent,,,0.13840591799817048,8,8,NLM_fast_cuda_global,13109.0,12891.0,218.0,0.9833702036768632,
set50,medium,17.gif,0,0.05,"[512, 512]",6f8a02e1689062bed722742a554760dd74359b35fc8b969bab8beed8e59421a0,6af0ecd76919ca281da513ca27a3a90b46d370abb3eb6578013f06f4b900ca86,ianlm,1.0,32.933224146968016,0.940087378643736,63.47098100567081,,fixed_independent,,,0.21094636600173544,8,8,NLM_fast_cuda_global,35164.0,26561.0,8603.0,0.7553463769764532,
set50,medium,0.png,0,0.05,"[512, 512]",0a372ced9fd4d1f9633532a58073e3974b41da8cfc87f04ec8e9a8dc6a89bba1,95660ff47115848bd895ed7581195e91c2ab4a1746122ef36b82c4d90108493b,ianlm,1.0,48.936641136082024,0.998603036220499,74.39847237906596,,fixed_independent,,,0.1370138709899038,8,8,NLM_fast_cuda_global,13225.0,12011.0,1214.0,0.9082041587901701,
set50,medium,16.gif,0,0.05,"[512, 512]",2d68b31ae4d4c10bc0e60742ba3064c10d62113ffb3ca9a7c14b80e40b0e6170,7455aaabfc63093d044293a592276a820637f19bca9681cbe7c6ff4252ab18b7,ianlm,1.0,30.92466822294142,0.9498538151781837,62.955024870379894,,fixed_independent,,,0.22032553500321228,8,8,NLM_fast_cuda_global,21745.0,20320.0,1425.0,0.9344676937226949,
set50,medium,32.gif,0,0.05,"[512, 512]",c3cc3fb5da093d47d6808c6219ed907c3e69ab01954b1b929a8739cbbcc26493,d2e3e8ae3b57d5960df96ffa19753233b3b3181989f99a93fa4b43c98c09e669,ianlm,1.0,29.99717964360784,0.864640281312732,58.230603887440516,,fixed_independent,,,0.21309064599336125,8,8,NLM_fast_cuda_global,65699.0,56015.0,9684.0,0.8526004962023775,
set50,medium,30.gif,0,0.05,"[512, 512]",b1cccc0e8d64bae511f9cd0c5596628364bd1e09c90c5e793604a1f7a55f642f,50942175cdb95f83dc200d5959fee5536d4754b54986e42ca9e7c656cbeb2d35,ianlm,1.0,41.42418733086073,0.9915155340869324,70.28787036977698,,fixed_independent,,,0.15385455000796355,8,8,NLM_fast_cuda_global,13108.0,12064.0,1044.0,0.9203539823008849,
set50,medium,43.gif,0,0.05,"[512, 512]",443801cafadb33c7829b313f4efd834e70cc313567a260dd2b5554dc7ee6be98,0f28e2bbe65b808a1ad16efa6f1a2414cb8e1679bad1f815c763acec68cff608,ianlm,1.0,41.39461286428305,0.9934271881673126,70.36866584050716,,fixed_independent,,,0.15171313199971337,8,8,NLM_fast_cuda_global,15862.0,15103.0,759.0,0.9521497919556172,
set50,medium,47.gif,0,0.05,"[512, 512]",9005ddf994846f88305becd36c72a046818a094c026c69a8106c34b34a31a8fe,f0b3f05cda30a32f8298ccca20c4e29bcc50c140242aed6be8d436ed2cbce168,ianlm,1.0,35.71654764141807,0.9891625916764275,67.3164034045304,,fixed_independent,,,0.14518714000587352,8,8,NLM_fast_cuda_global,13146.0,13122.0,24.0,0.9981743496120493,
set50,medium,25.gif,0,0.05,"[512, 512]",30838b6c4e963b60da10cc6158a119a7052a4ffa1ebdcc87bcf0054f681427c6,c89a7c0b0f09eb3263a9d11fe8efddbb4c1176dcd1ec6708e3bfd021c89ed096,ianlm,1.0,44.62256990295263,0.9932153357046318,71.97205173670791,,fixed_independent,,,0.16583491901110392,8,8,NLM_fast_cuda_global,16786.0,13832.0,2954.0,0.8240200166805671,
set50,medium,7.gif,0,0.05,"[512, 512]",5e3769e24988284e1036ce844ee8e0f11dbe28fe111f6a962e37864dc34b60dc,0b7b6c2421211e0fc8eb9beafb206d75c70b2b199d5853ec2da992719afaceeb,ianlm,1.0,34.19392917993828,0.9876801342158936,66.48097130076383,,fixed_independent,,,0.14257281400205102,8,8,NLM_fast_cuda_global,13177.0,12154.0,1023.0,0.9223647264172422,
set50,medium,15.gif,0,0.05,"[512, 512]",51e2066df33af18b47bcd356b17c6cdf04f2a5fd219ace410fcabb06698c6c71,39199cb66df82a184e9e3590d2a8fb0d07979479d1aa4b27f16430a55727c97d,ianlm,1.0,37.23691450384803,0.985353061808487,67.88611034234836,,fixed_independent,,,0.155611289999797,8,8,NLM_fast_cuda_global,16208.0,14692.0,1516.0,0.9064659427443238,
set50,medium,41.gif,0,0.05,"[512, 512]",1569598ab7f33ee44bcf70502565ffcd7528912a2c13cd1977fe64573770f1e6,639175861e9da8475bf7aae7e80671d5d0dab0e21f7e6410bb02e7d02ad6a8fb,ianlm,1.0,42.79344264777471,0.9944064409937413,71.11704337357442,,fixed_independent,,,0.15643046700279228,8,8,NLM_fast_cuda_global,13265.0,13016.0,249.0,0.9812287975876366,
set50,medium,6.gif,0,0.05,"[512, 512]",ca956c8aa0ec2de8bd2e4d7545c7f969215d4f7f65cb72ee9d31cb17df0033b6,55397b364b569ec357ea88a4f227d75702d9c46065e68167ce5415a085e5c604,ianlm,1.0,38.61336521275649,0.9835455772511836,68.48396146893742,,fixed_independent,,,0.19459189899498597,8,8,NLM_fast_cuda_global,19947.0,15858.0,4089.0,0.7950067679350278,
set50,medium,21.gif,0,0.05,"[512, 512]",74d2fa3fc2447fd331660c09f2f468f3cce983dc347509d32564e992fdebaf9a,b6c46b122a5935b040c7876069901e8fa2e88d65c0dccd7d3eab28bd325feb1d,ianlm,1.0,42.77107147489503,0.9935787984996538,71.06447566243021,,fixed_independent,,,0.14041438000276685,8,8,NLM_fast_cuda_global,13108.0,13063.0,45.0,0.9965669819957278,
set50,medium,27.gif,0,0.05,"[512, 512]",bc7a1c1300b1b1bda264e18fbde62fa845194fac5839cb705a788c6ac331f517,bc5c0abc5cb89f2602601bed2e468d7abc51acd7e1e351256ff9700481db427e,ianlm,1.0,36.79659313598559,0.9886441822002111,67.83050567800335,,fixed_independent,,,0.13722759700613096,8,8,NLM_fast_cuda_global,16653.0,15561.0,1092.0,0.9344262295081968,
set50,medium,46.gif,0,0.05,"[512, 512]",14cdebcd7b2b9e534cc9717933df6ccb4861289237cde90700810e2e6e2e245f,d878c43c275cd0166300fe04d75a53c09d3d75d67cb3d908e5882e20a295ecc9,ianlm,1.0,37.439094969948144,0.9901645541505885,68.22777519250349,,fixed_independent,,,0.1571476840035757,8,8,NLM_fast_cuda_global,14844.0,14384.0,460.0,0.9690110482349771,
set50,medium,20.gif,0,0.05,"[512, 512]",c3a4da195ffc62103521cd979723e50840fe46cfd989b567c826985f8b23dcf4,5bfaaf6ce3c548fbb6ee19f84702519c6eb63441cab262540222464802072c15,ianlm,1.0,39.97597556503807,0.9909229865794698,69.53413711149253,,fixed_independent,,,0.14835007399960887,8,8,NLM_fast_cuda_global,13558.0,13285.0,273.0,0.9798642867679599,
set50,medium,2.gif,0,0.05,"[512, 512]",b101b795e2638a1e9dbdaa513bdc8be6090aed4d6ac294b155e5f3a2c7c0bb80,47bd00b70c71b3de67094cd318e7fb07d41c4b8231d7032dbe43d4a7fd0afd84,ianlm,1.0,44.33933887956044,0.9941999786930289,71.87966837443166,,fixed_independent,,,0.1461893989908276,8,8,NLM_fast_cuda_global,13108.0,12863.0,245.0,0.9813091241989624,
set50,medium,40.gif,0,0.05,"[512, 512]",911cad3f1d559f196f94ed9e80a9602969b74319acb1d70da238efdb48af38e2,dc1d71ab921c00086086b6fde9eb97f5acf18f1ed049f18da885c811f2618fe2,ianlm,1.0,49.59312118474527,0.9968196268621498,74.63754193548013,,fixed_independent,,,0.14110952800547238,8,8,NLM_fast_cuda_global,13108.0,13108.0,0.0,1.0,
set50,medium,31.gif,0,0.05,"[512, 512]",33781418a1e6e85521011be7d450b002a8f8a8f1ba68a79c1219f3b3ba59b160,a83f1584e818989261cb11cf48877cb0c510282d8114787afbbd003206284810,ianlm,1.0,29.671945166813856,0.9493277117602729,62.30235817142057,,fixed_independent,,,0.21132004300307017,8,8,NLM_fast_cuda_global,22517.0,19105.0,3412.0,0.8484700448549984,
set50,medium,29.gif,0,0.05,"[512, 512]",1eeb76c0386fbcd563a08eb25bbeffde427bdc62658e4bcc02c8aafbf733f219,83a2de1c8dcf51614771b01920c82a7c23337d67875efe46d6c405c5127135c7,ianlm,1.0,31.968614371219406,0.9339895075711326,62.683782564166336,,fixed_independent,,,0.2646885680005653,8,8,NLM_fast_cuda_global,27523.0,21641.0,5882.0,0.7862878319950587,
set50,medium,33.gif,0,0.05,"[512, 512]",7a10c4eca50167d8d459c2505f2b0f21cfb399e7b01adccaa0422695496c2e72,08d26c934a289bb92e048127732aeadfa9b78a9f4b5882efb73995bdf3cd72d1,ianlm,1.0,39.245831707311524,0.9858792030380529,68.91687600555841,,fixed_independent,,,0.16415932099334896,8,8,NLM_fast_cuda_global,16148.0,13661.0,2487.0,0.845987119147882,
set50,medium,24.gif,0,0.05,"[512, 512]",b8f6ebed7641854cd23e807c2f78d350f1373b2fe7f96e6ea18f8531797fbc3a,7df6a26996b27055fbd6fade2729c1bef1483650ee3f0c3831c8b73955e45a96,ianlm,1.0,43.5208058271227,0.9935423162257959,71.43751872485115,,fixed_independent,,,0.1557639700040454,8,8,NLM_fast_cuda_global,13604.0,12916.0,688.0,0.9494266392237577,
set50,medium,3.gif,0,0.05,"[512, 512]",e3e2313cc250162bd613776c7b0063891d9d56b3576c9808ac5c8c0e7e8fcb8d,796ec59771c5391e193cc91c432e0a5596e1920f3a4db227d9eb10f6a3d518d5,ianlm,1.0,41.355170693116804,0.992276687664594,70.2914197297881,,fixed_independent,,,0.17660674400394782,8,8,NLM_fast_cuda_global,15189.0,13414.0,1775.0,0.8831391138323786,
set50,medium,1.gif,0,0.05,"[512, 512]",95f21dff4cd5a318a519cb05a1e35fb41f49c007ca46345fd6917258be8d9d73,e24ed88e7f0eb2dddfa6a9612b63b2c33becdf037cb98dd934bdb9f01a47ea78,ianlm,1.0,38.3529799023247,0.992966893390016,68.82483462066315,,fixed_independent,,,0.13876313000218943,8,8,NLM_fast_cuda_global,13108.0,12983.0,125.0,0.9904638388770217,
set50,medium,23.gif,0,0.05,"[512, 512]",05918015ae96873f255fec3e75ace895a76214abbeffdbfff55b5cf6214224c6,655503e7d7fab0b5c67c003c7369ebf5019a3bde7ab7b4ded0a31511df31d745,ianlm,1.0,48.24273574948038,0.996856976329402,73.96421669121028,,fixed_independent,,,0.15365643399127293,8,8,NLM_fast_cuda_global,13108.0,13108.0,0.0,1.0,
set50,medium,35.gif,0,0.05,"[512, 512]",353590d221e21b53b97858fbc575a2320a10336f21bbed5dd461fa942bab100f,d8405f20d92cf2c558f2ca882734d0a50ace70c0b016ae8d28e3ae1f7bf374d8,ianlm,1.0,43.1004720680679,0.9924206066091398,71.17126636449095,,fixed_independent,,,0.14356912700168323,8,8,NLM_fast_cuda_global,13108.0,13107.0,1.0,0.9999237107110162,
set50,medium,36.gif,0,0.05,"[512, 512]",99a41bcc709d43204ca0f73a6593656300237e5367043081c5065ca77d5e3628,57e4e3e6cfe9d42cb759240f0c415ccaf8f59eecb6632db03e3d83df22720313,ianlm,1.0,40.15916377577284,0.9922822199070386,69.69369288323836,,fixed_independent,,,0.15399687600438483,8,8,NLM_fast_cuda_global,13108.0,12186.0,922.0,0.9296612755569118,
set50,medium,26.gif,0,0.05,"[512, 512]",3efcc155fe7f35f9428c0536c9c1dc2b826188d5f0a5b0a90ecbf681233221e2,854fb7772003d6ba3ae6e98b9a7fb849cc21ff8676ba7f04a3260e753a54d7cd,ianlm,1.0,46.21672819415089,0.9954536825463187,72.88104822439138,,fixed_independent,,,0.1506193139939569,8,8,NLM_fast_cuda_global,13108.0,13038.0,70.0,0.9946597497711321,
set50,medium,37.gif,0,0.05,"[512, 512]",74881a36c4896c931da56c784ac35afb478dc71ae7af27894deeb074f83e518a,036505e5dfbec15ce66a6908c05abf048cc47a82646c9b6094a5edfac7c701dc,ianlm,1.0,42.200988957025565,0.9910446448460325,70.65272672081441,,fixed_independent,,,0.14072982700599823,8,8,NLM_fast_cuda_global,13108.0,13081.0,27.0,0.9979401891974367,
set50,medium,13.gif,0,0.05,"[512, 512]",c34b796bde09761f5bc3c358f20b72f49e020580ed0a76d5456c61f0da4499eb,e2de224a77a3db31067ae6e062087f6bfac38a8df3f2a2d549c5cef396b3bc18,ianlm,1.0,42.97305688152365,0.9965123803042621,71.31214745597492,,fixed_independent,,,0.14286483899923041,8,8,NLM_fast_cuda_global,13108.0,13033.0,75.0,0.994278303326213,
set50,medium,28.gif,0,0.05,"[512, 512]",f509179793e6551fbec77f8fdd91e45d53d2dd6e0a87394377c4bb4c52eb9a43,58a9abd4838209bd106b4a74ece0597005b07fe99a36d69bd1aa86ba516bad88,ianlm,1.0,43.347227590249304,0.991425401979902,71.24488389411975,,fixed_independent,,,0.14458965600351803,8,8,NLM_fast_cuda_global,13109.0,13022.0,87.0,0.9933633381646197,
set50,medium,9.gif,0,0.05,"[512, 512]",8b76cd61996084e7d23b9f638b4d32839d9f6ac7965ef9b585f78bdbdaff16b3,e0f43ad256990bfaa3242b836c5dd9d4cf4e80021e09d929388010da18ae0559,ianlm,1.0,35.31616585889318,0.983657446452012,66.8409552520472,,fixed_independent,,,0.15097464999416843,8,8,NLM_fast_cuda_global,18196.0,17146.0,1050.0,0.942295009892284,
set50,medium,18.gif,0,0.05,"[512, 512]",539caf0cced15a86b729848a1a182b75776a621cf01b5e9a62085f53b86f3407,4a90c942e2032c8804b9ebb9792d42187fe4daeee7ef4378cd6b6eb20be33093,ianlm,1.0,30.014896115006596,0.9766648689822295,63.84069150661477,,fixed_independent,,,0.1704674440115923,8,8,NLM_fast_cuda_global,16405.0,15518.0,887.0,0.9459311185614142,
set50,medium,49.gif,0,0.05,"[512, 512]",8311e02cd6238d6e74f6a9bf6fa5c250d748ceec5882a86242e2452c587cdf2b,5a601ed1dcc9698d64a9477467d78dda4fff8dd35cfeaf9d23934a7ad5017559,ianlm,1.0,21.452637342843758,0.8656473287511498,54.00868510897937,,fixed_independent,,,0.12104884399741422,8,8,NLM_fast_cuda_global,74846.0,74835.0,11.0,0.9998530315581327,
set50,medium,4.gif,0,0.05,"[512, 512]",fd89b9bfe327e11c7cfbc851fff026261f2c33ef17edc9373682def6616fdc4f,1bddc85da101df43df7bb7612200d6defe6021e2962e858d3d0572298eb96ac2,ianlm,1.0,44.53059541087733,0.9944870150092361,71.98964845590046,,fixed_independent,,,0.15183060499839485,8,8,NLM_fast_cuda_global,13197.0,13051.0,146.0,0.9889368795938471,
set50,medium,8.gif,0,0.05,"[512, 512]",fd53a01b9f6a3a02a5408efee91cfa235b1325372804d49874a677719089b14e,e2dea4fbc7e21862ca9af16abc32c18c40a4dd5dd02696d500714675394acfb8,ianlm,1.0,44.636441155182226,0.9954116496433931,72.08880305976078,,fixed_independent,,,0.14756306700292043,8,8,NLM_fast_cuda_global,13108.0,10703.0,2405.0,0.8165242599938969,
set50,medium,39.gif,0,0.05,"[512, 512]",e43557540646572e4a7b69124c49ff2c37c4d1695507c5d64a44d09a5043958e,3302c586943fdd9db0f9ba7e02a73af0dce174011bc328f077b07b2e455337b4,ianlm,1.0,46.253249251321414,0.9959528298235792,72.92426611683968,,fixed_independent,,,0.13767709299281705,8,8,NLM_fast_cuda_global,13108.0,13108.0,0.0,1.0,
set50,medium,12.gif,0,0.05,"[512, 512]",3c3ec23125fea9974f2e94c0d93a534edf2ec60d33b6af79f9a60fef58295de4,59d963dcd00180e7f3f72547745489e101cd7eff2175e5f3bb993ec828ffbb2f,ianlm,1.0,39.63881290425003,0.9862392854205113,69.13137072315058,,fixed_independent,,,0.20184032099496108,8,8,NLM_fast_cuda_global,23355.0,13591.0,9764.0,0.5819310640119889,
set50,medium,45.gif,0,0.05,"[512, 512]",72644242bceb1596c04ab4ddde11989c7aa206ee2094402fadeac9f9c500d55a,81ad42bbcf0b5e8f33c2ad489cebceb574e8a1035bc12ec2a3d57de309ae0f6a,ianlm,1.0,42.80537877644327,0.9928018357074931,71.0427811735963,,fixed_independent,,,0.14826565400289837,8,8,NLM_fast_cuda_global,13108.0,13081.0,27.0,0.9979401891974367,
set50,medium,11.gif,0,0.05,"[512, 512]",b12e0216f269d1ad8f5dfe769baf0fb60142ab5235a6d1d62707dc52ca591071,901e5232f1e9d4af8b7e7854cd94540c565ee392f1959e992aa40cca5ec504b7,ianlm,1.0,32.271031766384375,0.9869904661647969,65.48503919143204,,fixed_independent,,,0.1404408410016913,8,8,NLM_fast_cuda_global,13310.0,11141.0,2169.0,0.8370398196844477,
set50,medium,34.gif,0,0.05,"[512, 512]",42a4b02f48b536770f4d42c1c4884a5b2a4a662af62778249a90a16c1d9f5398,f88df87e1cc3de2cabfeea22db517da9ce53ffbe36b4b8fcb3fda6b33e5bcef7,ianlm,1.0,41.10102130277319,0.9920397572204621,70.1524985124097,,fixed_independent,,,0.13791690200741868,8,8,NLM_fast_cuda_global,13108.0,12633.0,475.0,0.9637625877326823,
set50,extreme,10.gif,0,0.2,"[512, 512]",e233b9bc584bbcbbdcbcbf3674e9c18c92aff37cf54afeec01dc2e7dc1811878,c2298b7f30afbb2db5aebc17d7f29055d6f3492e431507d9548fbcca879a142f,ianlm,1.0,38.5395949053604,0.9879911955926612,68.66935723231327,,fixed_independent,,,0.5168264579988318,8,8,NLM_fast_cuda_global,52430.0,52425.0,5.0,0.9999046347510967,
set50,extreme,0.png,0,0.2,"[512, 512]",0a372ced9fd4d1f9633532a58073e3974b41da8cfc87f04ec8e9a8dc6a89bba1,bb82ddd95a6a25e95485a996c31e0375130595fb41bbf773b1bd5b01c13959c1,ianlm,1.0,41.36112697150761,0.9936278728704024,70.36195712927393,,fixed_independent,,,0.4709293810010422,8,8,NLM_fast_cuda_global,52529.0,49375.0,3154.0,0.9399569761465095,
set50,extreme,1.gif,0,0.2,"[512, 512]",95f21dff4cd5a318a519cb05a1e35fb41f49c007ca46345fd6917258be8d9d73,54e822cbce4710b252fbe64e0411a8ba078cc0c39f84b7119227543ee0ff4185,ianlm,1.0,31.862192162980808,0.967634996782837,64.31284592063226,,fixed_independent,,,0.4808686729957117,8,8,NLM_fast_cuda_global,52430.0,52330.0,100.0,0.998092695021934,
set50,moderate,19.gif,0,0.03,"[512, 512]",d17c7663feb48c0fe318904421cb04ec7e850a109d952f66a49ac464a4176a1e,4a77cc7feb68ac2e5a85825f247e8e4c3c9679a7c0426f5bfdcd4072c19d4627,ianlm,1.0,43.946660744106545,0.9963585809282133,71.79125941846394,,fixed_independent,,,0.08380388699879404,8,8,NLM_fast_cuda_global,7866.0,7022.0,844.0,0.8927027714213069,
set50,moderate,22.gif,0,0.03,"[512, 512]",dfe4f6c6370dbe0651bccc46e98ac3b787e8c63a3a37fb138fe6c81f3e32edd4,2e45a4290be99d09ad7c8b15ab628d656e317851811cf62a814d56799172c143,ianlm,1.0,40.35925931479299,0.9936339241338288,69.86132586408795,,fixed_independent,,,0.08429888900718652,8,8,NLM_fast_cuda_global,7866.0,7837.0,29.0,0.9963132468853293,
set50,moderate,10.gif,0,0.03,"[512, 512]",e233b9bc584bbcbbdcbcbf3674e9c18c92aff37cf54afeec01dc2e7dc1811878,bf021845440d96f05ab8d1c21303bf9963fdc05185458026279984bb6cf67882,ianlm,1.0,47.35908087517308,0.9983904779024361,73.59906433270834,,fixed_independent,,,0.0994598420074908,8,8,NLM_fast_cuda_global,7866.0,7861.0,5.0,0.9993643529112637,
set50,moderate,14.gif,0,0.03,"[512, 512]",83fe92c5398701971c09c467a97dc4bfdb94eb4b3ded548d26e5e7fcf62e4d2a,abe42801e069a3aebf3f39389e875a54b88a4e1f606a29719e6111251e33d91b,ianlm,1.0,33.908874868892816,0.9887786225410744,66.39336856150013,,fixed_independent,,,0.09710768298828043,8,8,NLM_fast_cuda_global,8830.0,8813.0,17.0,0.998074745186863,
set50,moderate,5.gif,0,0.03,"[512, 512]",49db903e1a87a0044a734fb77708aad9985011bc9ee9fb379099de1b4e946109,af29f9154f09d34b94284c16eae6366125c9201801f5961f397ede4007ff8d2a,ianlm,1.0,49.35512575456418,0.9975343201326453,74.55427888391435,,fixed_independent,,,0.08457277700654231,8,8,NLM_fast_cuda_global,7866.0,7681.0,185.0,0.9764810577167556,
set50,moderate,44.gif,0,0.03,"[512, 512]",f968969e97bf6f8f47fd5940af0bd7481b61f2df6d5d553882b8938123b37289,bb1a9080a734e4376c0068ee09317d2e77d45ff3bc06189f526414812d722522,ianlm,1.0,23.505226862565003,0.9449055204986779,58.9978894562164,,fixed_independent,,,0.19670030499401037,8,8,NLM_fast_cuda_global,20687.0,20587.0,100.0,0.9951660463092764,
set50,moderate,42.gif,0,0.03,"[512, 512]",f9b953242d46fc204da43e46262ac3754e9428050546213f592efb0fb7398f12,5a97f335dd14d16fa2a26568a61dbdd1f0cd96c034e1d93323385c6c8ee1278b,ianlm,1.0,30.982407194994096,0.9885463888626728,64.91852304063069,,fixed_independent,,,0.11138708300131839,8,8,NLM_fast_cuda_global,10247.0,9833.0,414.0,0.9595979311017859,
set50,moderate,38.gif,0,0.03,"[512, 512]",e39779dc60dbc76330293a5fdb44dfabe4d22433c36132e18afcf31a515217b4,7b05a5462bc68e44134575d6e71c54256811d7816777d48e15b8ebff29020534,ianlm,1.0,47.741789568455715,0.9972991744764333,73.73585350804953,,fixed_independent,,,0.08500505400297698,8,8,NLM_fast_cuda_global,7866.0,7866.0,0.0,1.0,
set50,moderate,48.gif,0,0.03,"[512, 512]",9b261d731fc3d639b0cc3dac391980b0c49dd558b24b95a14bb3f3eb9f3569d0,be699cc3e412bf91ef9e26d4f7be8e45cc78cbc1049db067c20cc8e0fdefa309,ianlm,1.0,46.63613448106691,0.9974560502819575,73.19086975463134,,fixed_independent,,,0.08642183100164402,8,8,NLM_fast_cuda_global,7867.0,7718.0,149.0,0.9810601245709928,
set50,moderate,17.gif,0,0.03,"[512, 512]",6f8a02e1689062bed722742a554760dd74359b35fc8b969bab8beed8e59421a0,29b950eb5447df2cee11f6d9ed1e4ef64d57aa95f3d5eddc1297ed8706b401b4,ianlm,1.0,34.331166595469426,0.9545321596267874,64.89219127907408,,fixed_independent,,,0.1473921159922611,8,8,NLM_fast_cuda_global,30394.0,20874.0,9520.0,0.6867802855826808,
set50,moderate,0.png,0,0.03,"[512, 512]",0a372ced9fd4d1f9633532a58073e3974b41da8cfc87f04ec8e9a8dc6a89bba1,1890871d8ac6fdf241ae77566f9a0eb175baed8033bd8ffbdecf5475a45749fe,ianlm,1.0,51.145048306996216,0.999155147199223,75.53028151345926,,fixed_independent,,,0.09679509499983396,8,8,NLM_fast_cuda_global,7985.0,7178.0,807.0,0.8989355040701315,
set50,moderate,16.gif,0,0.03,"[512, 512]",2d68b31ae4d4c10bc0e60742ba3064c10d62113ffb3ca9a7c14b80e40b0e6170,108534efa550eb43c28b1af1689dc7e2b4ce02a2879364bb26dfe0bda7ea36a0,ianlm,1.0,31.59822603077717,0.9579765676260625,63.69794139669171,,fixed_independent,,,0.16679380400455557,8,8,NLM_fast_cuda_global,16681.0,15074.0,1607.0,0.9036628499490438,
set50,moderate,32.gif,0,0.03,"[512, 512]",c3cc3fb5da093d47d6808c6219ed907c3e69ab01954b1b929a8739cbbcc26493,d278879439261ffe9ed28694e5eea47639c1b8f5a8a94bace3543395b60dd533,ianlm,1.0,31.4039280033143,0.8911302924714682,60.258478625230566,,fixed_independent,,,0.17473749900818802,8,8,NLM_fast_cuda_global,61517.0,50521.0,10996.0,0.8212526618658257,
set50,moderate,30.gif,0,0.03,"[512, 512]",b1cccc0e8d64bae511f9cd0c5596628364bd1e09c90c5e793604a1f7a55f642f,d28020be6943581ea586663a46ffe8f3a0fb5dabd1de0042b989c19d113e461f,ianlm,1.0,43.67216602063574,0.994961396475162,71.58415283407598,,fixed_independent,,,0.08821952999278437,8,8,NLM_fast_cuda_global,7866.0,7210.0,656.0,0.916603101957793,
set50,moderate,43.gif,0,0.03,"[512, 512]",443801cafadb33c7829b313f4efd834e70cc313567a260dd2b5554dc7ee6be98,1f8784755ea55d81ac618ccaca204d47bf177db66bd5c7daaede569bb788a981,ianlm,1.0,43.27450788191604,0.9953687813791222,71.40569300991413,,fixed_independent,,,0.09880958500434645,8,8,NLM_fast_cuda_global,10674.0,9839.0,835.0,0.9217725313846731,
set50,moderate,47.gif,0,0.03,"[512, 512]",9005ddf994846f88305becd36c72a046818a094c026c69a8106c34b34a31a8fe,4d80ef3a631443edbca7f0f765de5e35a2502b2f168084e29548ba4f32211a34,ianlm,1.0,37.65472289929682,0.9936650860761762,68.51061575345722,,fixed_independent,,,0.09639414500270505,8,8,NLM_fast_cuda_global,7904.0,7883.0,21.0,0.9973431174089069,
set50,moderate,25.gif,0,0.03,"[512, 512]",30838b6c4e963b60da10cc6158a119a7052a4ffa1ebdcc87bcf0054f681427c6,8e83987dd80258df03bc1d39081bd12f3e414e2a92e3b00b5454514001fa330e,ianlm,1.0,46.09577316422745,0.9951587483428024,72.80582399925385,,fixed_independent,,,0.10347131600428838,8,8,NLM_fast_cuda_global,11604.0,8453.0,3151.0,0.7284557049293348,
set50,moderate,7.gif,0,0.03,"[512, 512]",5e3769e24988284e1036ce844ee8e0f11dbe28fe111f6a962e37864dc34b60dc,43f856b2e4729aee32854ee85f842476fc982f3d9d390db1fb2b7253e4e7e89c,ianlm,1.0,36.14001983975875,0.9925290558462482,67.69646271219179,,fixed_independent,,,0.08658579099574126,8,8,NLM_fast_cuda_global,7936.0,7254.0,682.0,0.9140625,
set50,moderate,15.gif,0,0.03,"[512, 512]",51e2066df33af18b47bcd356b17c6cdf04f2a5fd219ace410fcabb06698c6c71,2d9093eb41be84ce7ed0d978b9b19c485cbf154d47e52c2dd0fd828853447d0c,ianlm,1.0,38.69044701090334,0.9895545612647894,68.82295156869114,,fixed_independent,,,0.0997201730060624,8,8,NLM_fast_cuda_global,11037.0,9316.0,1721.0,0.8440699465434448,
set50,moderate,41.gif,0,0.03,"[512, 512]",1569598ab7f33ee44bcf70502565ffcd7528912a2c13cd1977fe64573770f1e6,ff0263a6707841b84077f68687f1b5681a02f5a5751a9c11140365b8582c92b3,ianlm,1.0,44.94851801316693,0.9965897727906383,72.30374764611538,,fixed_independent,,,0.09908590100531,8,8,NLM_fast_cuda_global,8025.0,7794.0,231.0,0.971214953271028,
set50,moderate,6.gif,0,0.03,"[512, 512]",ca956c8aa0ec2de8bd2e4d7545c7f969215d4f7f65cb72ee9d31cb17df0033b6,84221910b6b9a6acdbb5afef9fc1ca7d246990555c43db357055a2f7fb1696d9,ianlm,1.0,40.05953889044076,0.9878970993682913,69.42462441363494,,fixed_independent,,,0.12084650299220812,8,8,NLM_fast_cuda_global,14850.0,10392.0,4458.0,0.6997979797979798,
set50,moderate,21.gif,0,0.03,"[512, 512]",74d2fa3fc2447fd331660c09f2f468f3cce983dc347509d32564e992fdebaf9a,d5ccfab06b048653f8250b070ca0b04342317d22a38961fa45c8b80e0d09c15a,ianlm,1.0,45.07800251855098,0.9962161641130237,72.34980946492668,,fixed_independent,,,0.09425961400847882,8,8,NLM_fast_cuda_global,7866.0,7835.0,31.0,0.9960589880498347,
set50,moderate,27.gif,0,0.03,"[512, 512]",bc7a1c1300b1b1bda264e18fbde62fa845194fac5839cb705a788c6ac331f517,aab60ccc545edf9dca9fa48d80e67ab5ad51f1057b062d7157c1f27cece394a7,ianlm,1.0,37.25867731975359,0.9910234589257847,68.18051160616602,,fixed_independent,,,0.0970692550035892,8,8,NLM_fast_cuda_global,11484.0,10430.0,1054.0,0.9082201323580634,
set50,moderate,46.gif,0,0.03,"[512, 512]",14cdebcd7b2b9e534cc9717933df6ccb4861289237cde90700810e2e6e2e245f,f68a978e6ae4cceafd52796314ca1bd61710126b4514f19d2cf2a1dbf543f9eb,ianlm,1.0,38.88526346417925,0.9934924912421973,69.11725629419949,,fixed_independent,,,0.09239083300053608,8,8,NLM_fast_cuda_global,9634.0,9198.0,436.0,0.9547436163587295,
set50,moderate,20.gif,0,0.03,"[512, 512]",c3a4da195ffc62103521cd979723e50840fe46cfd989b567c826985f8b23dcf4,00025b7fcbcf353bccb34525bf06153c13450094f9fb05eda8e25b4b3cf81775,ianlm,1.0,41.75218208735035,0.9942471122345823,70.58844665540428,,fixed_independent,,,0.0930359070043778,8,8,NLM_fast_cuda_global,8327.0,8089.0,238.0,0.9714182778911973,
set50,moderate,2.gif,0,0.03,"[512, 512]",b101b795e2638a1e9dbdaa513bdc8be6090aed4d6ac294b155e5f3a2c7c0bb80,7815db9fcaba45ca1fe9659edc8745c582da03a285a37be6aefbfc147089a99b,ianlm,1.0,46.648199498355595,0.9965898306212315,73.15359128023937,,fixed_independent,,,0.09347164999053348,8,8,NLM_fast_cuda_global,7866.0,7683.0,183.0,0.9767353165522502,
set50,moderate,40.gif,0,0.03,"[512, 512]",911cad3f1d559f196f94ed9e80a9602969b74319acb1d70da238efdb48af38e2,4ed4227588674f3dfbd060c06df4a2a8737dae851b4ce97b19d6d26acd29cd88,ianlm,1.0,51.96246586248354,0.9981526079857697,75.88886333053026,,fixed_independent,,,0.09206372099288274,8,8,NLM_fast_cuda_global,7866.0,7866.0,0.0,1.0,
set50,moderate,31.gif,0,0.03,"[512, 512]",33781418a1e6e85521011be7d450b002a8f8a8f1ba68a79c1219f3b3ba59b160,6c04ab1e187ca58f545f9b32e49810d14cc9f4baabf6e8b2e3ab576507435c08,ianlm,1.0,30.494665993460647,0.9567554947084569,63.08510773215317,,fixed_independent,,,0.18111161900742445,8,8,NLM_fast_cuda_global,17479.0,13814.0,3665.0,0.790319812346244,
set50,moderate,29.gif,0,0.03,"[512, 512]",1eeb76c0386fbcd563a08eb25bbeffde427bdc62658e4bcc02c8aafbf733f219,7e36de98996efc03518db23d8b2790304e843bc1b59fa6dbd37c32ded4a6902b,ianlm,1.0,32.68750872987445,0.941670438301752,63.42727628002483,,fixed_independent,,,0.1693578549893573,8,8,NLM_fast_cuda_global,22581.0,16322.0,6259.0,0.722820069970329,
set50,moderate,33.gif,0,0.03,"[512, 512]",7a10c4eca50167d8d459c2505f2b0f21cfb399e7b01adccaa0422695496c2e72,ba09b5b2b00094264b93b15dfe764f5f155d14fd8012fef6795bbb30e2e02af9,ianlm,1.0,40.63891892378077,0.9897521085937546,69.80706489157812,,fixed_independent,,,0.10359289300686214,8,8,NLM_fast_cuda_global,10970.0,8421.0,2549.0,0.7676390154968095,
set50,moderate,24.gif,0,0.03,"[512, 512]",b8f6ebed7641854cd23e807c2f78d350f1373b2fe7f96e6ea18f8531797fbc3a,00361d9d18adafe8f56c1222f7c494507b310d4a76d7b0c8a82b2c1609574b41,ianlm,1.0,44.998937577468254,0.995613524733812,72.28014502542473,,fixed_independent,,,0.09233621599560138,8,8,NLM_fast_cuda_global,8380.0,7804.0,576.0,0.9312649164677804,
set50,moderate,3.gif,0,0.03,"[512, 512]",e3e2313cc250162bd613776c7b0063891d9d56b3576c9808ac5c8c0e7e8fcb8d,dd14e890ca3c05f9cb0de1181aa5a5db0779077468bd4909ced1783680752557,ianlm,1.0,42.70612796019017,0.9945749720584762,71.08181258301889,,fixed_independent,,,0.10003322000557091,8,8,NLM_fast_cuda_global,9994.0,8261.0,1733.0,0.8265959575745447,
set50,moderate,1.gif,0,0.03,"[512, 512]",95f21dff4cd5a318a519cb05a1e35fb41f49c007ca46345fd6917258be8d9d73,b046c3ca53ac27d398655bff7451b2b566c0b17466b8819f428a346cbe1fb919,ianlm,1.0,40.848301428087666,0.9959462306464585,70.22146224636676,,fixed_independent,,,0.08959540000068955,8,8,NLM_fast_cuda_global,7866.0,7781.0,85.0,0.9891939994914823,
set50,moderate,23.gif,0,0.03,"[512, 512]",05918015ae96873f255fec3e75ace895a76214abbeffdbfff55b5cf6214224c6,2daf28aacbb63227de565cd84c202daafbc0a84772d4320a0d4213b8214207da,ianlm,1.0,50.46775598639716,0.9981179477529917,75.13977538084816,,fixed_independent,,,0.09754744698875584,8,8,NLM_fast_cuda_global,7866.0,7866.0,0.0,1.0,
set50,moderate,35.gif,0,0.03,"[512, 512]",353590d221e21b53b97858fbc575a2320a10336f21bbed5dd461fa942bab100f,0fb08c5de87a5a41e52590493adbddf82a33f95b9154da10a9801c12a103de9f,ianlm,1.0,45.54604043689327,0.9955303777635723,72.54953910662525,,fixed_independent,,,0.08686280099209398,8,8,NLM_fast_cuda_global,7866.0,7866.0,0.0,1.0,
set50,moderate,36.gif,0,0.03,"[512, 512]",99a41bcc709d43204ca0f73a6593656300237e5367043081c5065ca77d5e3628,ac5122e3551e0bbc5ce45212b3e5a5b0036fdaec4bb1859d21d61fc5d6d185a9,ianlm,1.0,42.525273821812455,0.9954172003910594,71.0334969304592,,fixed_independent,,,0.09309362499334384,8,8,NLM_fast_cuda_global,7866.0,7239.0,627.0,0.9202898550724637,
set50,moderate,26.gif,0,0.03,"[512, 512]",3efcc155fe7f35f9428c0536c9c1dc2b826188d5f0a5b0a90ecbf681233221e2,80df9d16ce4f4c986faf28bb5b520724b7cc3964f0373fd572fa16b065e88889,ianlm,1.0,48.41959915919869,0.9972954711637134,74.07457313778501,,fixed_independent,,,0.08547937098774128,8,8,NLM_fast_cuda_global,7866.0,7809.0,57.0,0.9927536231884058,
set50,moderate,37.gif,0,0.03,"[512, 512]",74881a36c4896c931da56c784ac35afb478dc71ae7af27894deeb074f83e518a,7173cba5345fcfbe9557abb697d95042a919f4d6122da8ce612d77d8fb82cf11,ianlm,1.0,44.63564096744888,0.9948141658285391,72.05852877515139,,fixed_independent,,,0.08608911299961619,8,8,NLM_fast_cuda_global,7866.0,7848.0,18.0,0.9977116704805492,
set50,moderate,13.gif,0,0.03,"[512, 512]",c34b796bde09761f5bc3c358f20b72f49e020580ed0a76d5456c61f0da4499eb,a2f2a757fc1c83f9bed8ee3c789083b32351ef8857a1a102fba848a3fe7d0f2a,ianlm,1.0,44.99245825402522,0.9978743977422869,72.38994901412696,,fixed_independent,,,0.08498565899208188,8,8,NLM_fast_cuda_global,7866.0,7813.0,53.0,0.9932621408593949,
set50,moderate,28.gif,0,0.03,"[512, 512]",f509179793e6551fbec77f8fdd91e45d53d2dd6e0a87394377c4bb4c52eb9a43,0ec572cf93ac546cce976f078eeb44740a3e46ee9a4fce5909a4ee51526b79a3,ianlm,1.0,45.75798276363393,0.9948645390577462,72.62221833470429,,fixed_independent,,,0.09647215000586584,8,8,NLM_fast_cuda_global,7867.0,7803.0,64.0,0.9918647514935808,
set50,moderate,9.gif,0,0.03,"[512, 512]",8b76cd61996084e7d23b9f638b4d32839d9f6ac7965ef9b585f78bdbdaff16b3,08ebebac1d0c3f7ebfafdfa8e93fa92ed980cc02966803336351778a3d0128df,ianlm,1.0,36.09091173817696,0.9871324203044824,67.4020768843126,,fixed_independent,,,0.10230277400114574,8,8,NLM_fast_cuda_global,13058.0,11874.0,1184.0,0.909327615255016,
set50,moderate,18.gif,0,0.03,"[512, 512]",539caf0cced15a86b729848a1a182b75776a621cf01b5e9a62085f53b86f3407,762e6943b9437065f73e4f6277554701b84063ead3f21c15cf1e7188d5fc83c8,ianlm,1.0,30.668023266578,0.9816175028669267,64.41488677663533,,fixed_independent,,,0.11739147499611136,8,8,NLM_fast_cuda_global,11229.0,10487.0,742.0,0.9339210971591415,
set50,moderate,49.gif,0,0.03,"[512, 512]",8311e02cd6238d6e74f6a9bf6fa5c250d748ceec5882a86242e2452c587cdf2b,51d6c89faaff83ef0b7b15a14c8357cccf0aa1dd8a38cf19b3dc5e7488c4f352,ianlm,1.0,21.847760088158118,0.8907573844133956,55.46174926474883,,fixed_independent,,,0.08050112100318074,8,8,NLM_fast_cuda_global,70939.0,70928.0,11.0,0.9998449371995658,
set50,moderate,4.gif,0,0.03,"[512, 512]",fd89b9bfe327e11c7cfbc851fff026261f2c33ef17edc9373682def6616fdc4f,90c0c67bdd6ea5e7262ae4a17200e7f45a845bcba4d8cd17bc0c12abd43e6ccf,ianlm,1.0,46.47091182875127,0.9966111912290584,73.06601547582855,,fixed_independent,,,0.08591285200964194,8,8,NLM_fast_cuda_global,7957.0,7845.0,112.0,0.985924343345482,
set50,moderate,8.gif,0,0.03,"[512, 512]",fd53a01b9f6a3a02a5408efee91cfa235b1325372804d49874a677719089b14e,eb3e181f36ac425d497e384772f1bc27cbb99aaccac73affe890e3b538d1fec8,ianlm,1.0,46.93392262335667,0.9972605351357289,73.32998806846479,,fixed_independent,,,0.09090758301317692,8,8,NLM_fast_cuda_global,7866.0,6325.0,1541.0,0.804093567251462,
set50,moderate,39.gif,0,0.03,"[512, 512]",e43557540646572e4a7b69124c49ff2c37c4d1695507c5d64a44d09a5043958e,b18d17a3f4769d559d7b4a3cbb523afee8371b8e3419c1884514b2f407e9a4ac,ianlm,1.0,48.38483982550355,0.9975830821710892,74.07157402130623,,fixed_independent,,,0.09641748901049141,8,8,NLM_fast_cuda_global,7866.0,7866.0,0.0,1.0,
set50,moderate,12.gif,0,0.03,"[512, 512]",3c3ec23125fea9974f2e94c0d93a534edf2ec60d33b6af79f9a60fef58295de4,a88e463713c8906dc55b4636147c4434d127d68a71e2e4d94601b4da5b09fa9e,ianlm,1.0,41.311525493362566,0.990318544258295,70.17168995959604,,fixed_independent,,,0.15274843999941368,8,8,NLM_fast_cuda_global,18328.0,8420.0,9908.0,0.45940637276298557,
set50,moderate,45.gif,0,0.03,"[512, 512]",72644242bceb1596c04ab4ddde11989c7aa206ee2094402fadeac9f9c500d55a,8f542b8722cb2b0dabbae2e6f726b67333642ec2c57fc7ddbf447d23110afc60,ianlm,1.0,45.04266121761838,0.9957631132537373,72.30948627149606,,fixed_independent,,,0.09250419300224166,8,8,NLM_fast_cuda_global,7866.0,7832.0,34.0,0.995677599796593,
set50,moderate,11.gif,0,0.03,"[512, 512]",b12e0216f269d1ad8f5dfe769baf0fb60142ab5235a6d1d62707dc52ca591071,2b4a035721bdad7497c2bbf55e4f48957b4abd07b77f288442c504b9a2e5e739,ianlm,1.0,33.66760185889001,0.9920307487920993,66.43533836904997,,fixed_independent,,,0.09811913000885397,8,8,NLM_fast_cuda_global,8072.0,6666.0,1406.0,0.8258176412289395,
set50,moderate,34.gif,0,0.03,"[512, 512]",42a4b02f48b536770f4d42c1c4884a5b2a4a662af62778249a90a16c1d9f5398,55a28dcc5b7916918ef13b18a26e0b258b3c954f785ec8c1ee8d6498ea3b939b,ianlm,1.0,43.34066862917355,0.9952118405611026,71.4309263426419,,fixed_independent,,,0.08817991799151059,8,8,NLM_fast_cuda_global,7866.0,7512.0,354.0,0.9549961861174676,
set50,low,19.gif,0,0.01,"[512, 512]",d17c7663feb48c0fe318904421cb04ec7e850a109d952f66a49ac464a4176a1e,4d9fcea700a23bddd85518f70e1f1a21427252e043050cf82bbd584a784dcdf2,ianlm,1.0,48.58800301140604,0.9986956851900793,74.22878576520698,,fixed_independent,,,0.02985520700167399,8,8,NLM_fast_cuda_global,2622.0,2328.0,294.0,0.8878718535469108,
set50,low,22.gif,0,0.01,"[512, 512]",dfe4f6c6370dbe0651bccc46e98ac3b787e8c63a3a37fb138fe6c81f3e32edd4,b2c86302dd35784935b349103eea4994bac78882b1f66fe05cbd0eff3c4f3692,ianlm,1.0,45.370317540951426,0.9978489441233703,72.57760597664424,,fixed_independent,,,0.031049202996655367,8,8,NLM_fast_cuda_global,2622.0,2612.0,10.0,0.996186117467582,
set50,low,10.gif,0,0.01,"[512, 512]",e233b9bc584bbcbbdcbcbf3674e9c18c92aff37cf54afeec01dc2e7dc1811878,ed18cdba5c14f3575b15c3dbd6cb7821e1672460cf265af262fa809b2dcc9878,ianlm,1.0,52.64381289719865,0.9994555260813639,76.29468275266753,,fixed_independent,,,0.032202139002038166,8,8,NLM_fast_cuda_global,2622.0,2621.0,1.0,0.9996186117467581,
set50,low,14.gif,0,0.01,"[512, 512]",83fe92c5398701971c09c467a97dc4bfdb94eb4b3ded548d26e5e7fcf62e4d2a,64abc2d905aabb38864450f0af1ad424bb1689ea0666689a0a39ea98c8e6c64e,ianlm,1.0,35.383252936233674,0.9932145921386657,67.35235607505012,,fixed_independent,,,0.043261625003651716,8,8,NLM_fast_cuda_global,3612.0,3602.0,10.0,0.9972314507198228,
set50,low,5.gif,0,0.01,"[512, 512]",49db903e1a87a0044a734fb77708aad9985011bc9ee9fb379099de1b4e946109,dbd952e46b4726c976e4c86376e9410d20bfc6334f5e9e484a536a9f0337370b,ianlm,1.0,54.15253022543952,0.9991502669926989,77.0337784623547,,fixed_independent,,,0.04160160600440577,8,8,NLM_fast_cuda_global,2622.0,2561.0,61.0,0.9767353165522502,
set50,low,44.gif,0,0.01,"[512, 512]",f968969e97bf6f8f47fd5940af0bd7481b61f2df6d5d553882b8938123b37289,42e3c08cf2b0cec0c123c4090e6a3f4b8b8ee6df540c5eec04ad9484bc032028,ianlm,1.0,23.79048212654932,0.9513628060227525,59.463381364412285,,fixed_independent,,,0.13317419699160382,8,8,NLM_fast_cuda_global,15708.0,15593.0,115.0,0.9926788897377132,
set50,low,42.gif,0,0.01,"[512, 512]",f9b953242d46fc204da43e46262ac3754e9428050546213f592efb0fb7398f12,fca820cfcfd19eacbd368d0e7c81d4bf941a17e29fe10943058be3157ad7ecdd,ianlm,1.0,31.350812114384887,0.9923775336334456,65.29428273886472,,fixed_independent,,,0.0492457700020168,8,8,NLM_fast_cuda_global,5045.0,4599.0,446.0,0.911595639246779,
set50,low,38.gif,0,0.01,"[512, 512]",e39779dc60dbc76330293a5fdb44dfabe4d22433c36132e18afcf31a515217b4,8a4f622d145ab8ed04f447bd3e6fea77afa39ceaa5e438fdaefe8a638cb76d4d,ianlm,1.0,52.54523427917551,0.9991343167065178,76.22933297491365,,fixed_independent,,,0.028829882008722052,8,8,NLM_fast_cuda_global,2622.0,2622.0,0.0,1.0,
set50,low,48.gif,0,0.01,"[512, 512]",9b261d731fc3d639b0cc3dac391980b0c49dd558b24b95a14bb3f3eb9f3569d0,de7039382b2c716bf8b8bd9ef90136c7a8e43e3e8bdee5fa3447bde9a6becb68,ianlm,1.0,51.40188998309312,0.9991677052863099,75.65933025586206,,fixed_independent,,,0.029953503006254323,8,8,NLM_fast_cuda_global,2623.0,2558.0,65.0,0.9752192146397255,
set50,low,17.gif,0,0.01,"[512, 512]",6f8a02e1689062bed722742a554760dd74359b35fc8b969bab8beed8e59421a0,da214e6323ceeebbcc7aa2be59f5915388fdb98dd02a39f8ca94705bae09da2a,ianlm,1.0,36.203836784857224,0.9749255646784665,66.84819662635194,,fixed_independent,,,0.10309071101073641,8,8,NLM_fast_cuda_global,25613.0,15411.0,10202.0,0.6016866435013469,
set50,low,0.png,0,0.01,"[512, 512]",0a372ced9fd4d1f9633532a58073e3974b41da8cfc87f04ec8e9a8dc6a89bba1,580fbc14af471717cfc09261d71b2bee527d3960eb5a144e296d4af84219023d,ianlm,1.0,55.50677725583359,0.9996894951391391,77.73786338487375,,fixed_independent,,,0.03578612599812914,8,8,NLM_fast_cuda_global,2750.0,2364.0,386.0,0.8596363636363636,
set50,low,16.gif,0,0.01,"[512, 512]",2d68b31ae4d4c10bc0e60742ba3064c10d62113ffb3ca9a7c14b80e40b0e6170,5a34727aa846ef18673a8ed97ce9030df3297566700329ed4d9163d22c8c0e23,ianlm,1.0,32.360696742123906,0.9657983847020285,64.47026760616338,,fixed_independent,,,0.11936544200580101,8,8,NLM_fast_cuda_global,11596.0,9836.0,1760.0,0.8482235253535702,
set50,low,32.gif,0,0.01,"[512, 512]",c3cc3fb5da093d47d6808c6219ed907c3e69ab01954b1b929a8739cbbcc26493,ee0b605cf5805cee95dec190b897d374b300762268a951bc2923c750885eb553,ianlm,1.0,33.324775129586094,0.9410199127506889,63.71338320232749,,fixed_independent,,,0.1331865420070244,8,8,NLM_fast_cuda_global,57319.0,45139.0,12180.0,0.7875050157888309,
set50,low,30.gif,0,0.01,"[512, 512]",b1cccc0e8d64bae511f9cd0c5596628364bd1e09c90c5e793604a1f7a55f642f,8ca3d59b856fd4291a18000f1171df98f2ccda8b342a7686d3fe46cb7cbe5e9a,ianlm,1.0,48.86982436901793,0.9983458467965707,74.3522045243375,,fixed_independent,,,0.029647982999449596,8,8,NLM_fast_cuda_global,2622.0,2394.0,228.0,0.9130434782608695,
set50,low,43.gif,0,0.01,"[512, 512]",443801cafadb33c7829b313f4efd834e70cc313567a260dd2b5554dc7ee6be98,0367df72489ecd2f6c17785be16d482c8ad0f56c301ac5135b7c597d340c320a,ianlm,1.0,45.22572615353883,0.9974402913298281,72.48487764326083,,fixed_independent,,,0.051969854001072235,8,8,NLM_fast_cuda_global,5480.0,4591.0,889.0,0.8377737226277372,
set50,low,47.gif,0,0.01,"[512, 512]",9005ddf994846f88305becd36c72a046818a094c026c69a8106c34b34a31a8fe,b58103ccb1517d653cbc447db4dc4d1bbfe39e12b76ae800a60c523302295055,ianlm,1.0,40.9411109396749,0.9977685554920358,70.35898324443923,,fixed_independent,,,0.03564616800576914,8,8,NLM_fast_cuda_global,2660.0,2645.0,15.0,0.9943609022556391,
set50,low,25.gif,0,0.01,"[512, 512]",30838b6c4e963b60da10cc6158a119a7052a4ffa1ebdcc87bcf0054f681427c6,54d84616da890c632d6a16057e9dc62f9b7d564bf73fa85bad96d32d0b8e37f3,ianlm,1.0,48.17574977390991,0.9971480612888112,73.94527795139551,,fixed_independent,,,0.051369797001825646,8,8,NLM_fast_cuda_global,6440.0,3083.0,3357.0,0.47872670807453416,
set50,low,7.gif,0,0.01,"[512, 512]",5e3769e24988284e1036ce844ee8e0f11dbe28fe111f6a962e37864dc34b60dc,64adbe011994dd5254c8b1aa9d24094637976f4c9b2c0e6b111ad13c8fd77d7f,ianlm,1.0,40.06026734664772,0.9974490073203267,69.9025840393402,,fixed_independent,,,0.03614136599935591,8,8,NLM_fast_cuda_global,2694.0,2451.0,243.0,0.9097995545657016,
set50,low,15.gif,0,0.01,"[512, 512]",51e2066df33af18b47bcd356b17c6cdf04f2a5fd219ace410fcabb06698c6c71,8c7914d337e62afbc812f7fa21b64172783d92b5a5d191250b56d3acae35dbbe,ianlm,1.0,41.093060848507655,0.9936882198739325,70.23094141795045,,fixed_independent,,,0.05158486700383946,8,8,NLM_fast_cuda_global,5868.0,3992.0,1876.0,0.6802999318336742,
set50,low,41.gif,0,0.01,"[512, 512]",1569598ab7f33ee44bcf70502565ffcd7528912a2c13cd1977fe64573770f1e6,5ca718b9bf3bcbf2d15f3cbfb1bb2ef9abb4b101ff07a87ae2357f80b38f995c,ianlm,1.0,49.03479301047635,0.9988018005021129,74.45748653034383,,fixed_independent,,,0.04814879300829489,8,8,NLM_fast_cuda_global,2781.0,2629.0,152.0,0.9453434016540813,
set50,low,6.gif,0,0.01,"[512, 512]",ca956c8aa0ec2de8bd2e4d7545c7f969215d4f7f65cb72ee9d31cb17df0033b6,c6a47fae86a982cf63f74e711953f9f9a442abe14bf023e0693cfabf476f7cb5,ianlm,1.0,42.17040106167802,0.9926074056437899,70.7155708130285,,fixed_independent,,,0.0891489210043801,8,8,NLM_fast_cuda_global,9752.0,5039.0,4713.0,0.5167145200984413,
set50,low,21.gif,0,0.01,"[512, 512]",74d2fa3fc2447fd331660c09f2f468f3cce983dc347509d32564e992fdebaf9a,d6fd972bca83abb88fbd0d7db771bbd0375fc9aad445e30f544c635990c9c919,ianlm,1.0,50.09369562596654,0.9987363302936664,74.98366432766659,,fixed_independent,,,0.030250595998950303,8,8,NLM_fast_cuda_global,2622.0,2604.0,18.0,0.9931350114416476,
set50,low,27.gif,0,0.01,"[512, 512]",bc7a1c1300b1b1bda264e18fbde62fa845194fac5839cb705a788c6ac331f517,34bf2bcdfa12b56d970deac4f2646885f4df8f2a6be51ff1c842febb5cfa07bb,ianlm,1.0,37.948185956097625,0.9948800424469993,68.71809510039878,,fixed_independent,,,0.03748864600493107,8,8,NLM_fast_cuda_global,6319.0,5343.0,976.0,0.8455451811995569,
set50,low,46.gif,0,0.01,"[512, 512]",14cdebcd7b2b9e534cc9717933df6ccb4861289237cde90700810e2e6e2e245f,78f82fbfe7bfe1bd10a0ec830f660de577a7abe9ec75464d1c9180c2515cc412,ianlm,1.0,41.34337631341809,0.9968496607937685,70.51417119639747,,fixed_independent,,,0.03780982599710114,8,8,NLM_fast_cuda_global,4428.0,4068.0,360.0,0.9186991869918699,
set50,low,20.gif,0,0.01,"[512, 512]",c3a4da195ffc62103521cd979723e50840fe46cfd989b567c826985f8b23dcf4,926c8ffad204b1af9489027ea8e92efcf84f2315c100ce06303e326031b86775,ianlm,1.0,44.84702873034966,0.9975885008988024,72.30293941011496,,fixed_independent,,,0.03582379101135302,8,8,NLM_fast_cuda_global,3096.0,2914.0,182.0,0.9412144702842378,
set50,low,2.gif,0,0.01,"[512, 512]",b101b795e2638a1e9dbdaa513bdc8be6090aed4d6ac294b155e5f3a2c7c0bb80,7195960aa368bfaccac8b97b6cd55bb61f7a81ada3a5c613dad979b7e2a88ecd,ianlm,1.0,51.483757363742804,0.998897042428639,75.68673080330335,,fixed_independent,,,0.031443667990970425,8,8,NLM_fast_cuda_global,2622.0,2559.0,63.0,0.9759725400457666,
set50,low,40.gif,0,0.01,"[512, 512]",911cad3f1d559f196f94ed9e80a9602969b74319acb1d70da238efdb48af38e2,bb2b2ab1d2fb46491c3104537a7862d16c6540386d39c2d42b4dc0416f5fb0f1,ianlm,1.0,56.469611994255445,0.9993766530322254,78.203638648739,,fixed_independent,,,0.03101340599823743,8,8,NLM_fast_cuda_global,2622.0,2622.0,0.0,1.0,
set50,low,31.gif,0,0.01,"[512, 512]",33781418a1e6e85521011be7d450b002a8f8a8f1ba68a79c1219f3b3ba59b160,d6d7419dbd47cf4100df960a94ea3e33a9de9181970199e822813a042cca89e3,ianlm,1.0,31.420581169226978,0.9643516599060706,63.92787357991702,,fixed_independent,,,0.1840839299984509,8,8,NLM_fast_cuda_global,12422.0,8450.0,3972.0,0.6802447270970858,
set50,low,29.gif,0,0.01,"[512, 512]",1eeb76c0386fbcd563a08eb25bbeffde427bdc62658e4bcc02c8aafbf733f219,344bd3e7159aeb387f857c93bd519dbbefe06fcd40fc9b623eb0f0cfe1416ba9,ianlm,1.0,33.514923882595156,0.9489026367382216,64.20259377820867,,fixed_independent,,,0.11384938700939529,8,8,NLM_fast_cuda_global,17631.0,10792.0,6839.0,0.6121036810163916,
set50,low,33.gif,0,0.01,"[512, 512]",7a10c4eca50167d8d459c2505f2b0f21cfb399e7b01adccaa0422695496c2e72,c217786b989c52b18af02ac4eccfe62dd596f977dca2d7b6dc1bd0986f48da81,ianlm,1.0,42.259255303377536,0.9936083280767252,70.81004405552503,,fixed_independent,,,0.06150333900586702,8,8,NLM_fast_cuda_global,5791.0,3229.0,2562.0,0.5575893628043516,
set50,low,24.gif,0,0.01,"[512, 512]",b8f6ebed7641854cd23e807c2f78d350f1373b2fe7f96e6ea18f8531797fbc3a,23816520001755e583487cbe7dcd417d2e11a1ad056ec210acef626b034fdf36,ianlm,1.0,46.91617590478942,0.9976540005483023,73.34078797980983,,fixed_independent,,,0.045419603993650526,8,8,NLM_fast_cuda_global,3144.0,2730.0,414.0,0.8683206106870229,
set50,low,3.gif,0,0.01,"[512, 512]",e3e2313cc250162bd613776c7b0063891d9d56b3576c9808ac5c8c0e7e8fcb8d,cc396bbe23c5212ba6baa086bf53a40beef07fa4020fe5ace7fbfa32416f23fa,ianlm,1.0,44.69832974171289,0.9968873356670969,72.19353165421128,,fixed_independent,,,0.04767985899525229,8,8,NLM_fast_cuda_global,4805.0,3169.0,1636.0,0.6595213319458897,
set50,low,1.gif,0,0.01,"[512, 512]",95f21dff4cd5a318a519cb05a1e35fb41f49c007ca46345fd6917258be8d9d73,be092100aa91ae017a208b593f7b1c88fc347faaded98e1691b9fbdb9bbdb3ae,ianlm,1.0,45.28824541120744,0.9985603321181078,72.57213931150912,,fixed_independent,,,0.03233258199179545,8,8,NLM_fast_cuda_global,2622.0,2591.0,31.0,0.9881769641495042,
set50,low,23.gif,0,0.01,"[512, 512]",05918015ae96873f255fec3e75ace895a76214abbeffdbfff55b5cf6214224c6,8825f87136cb87cb87b7ee7b3bb71b82eaa68700864d5cc6e83af9fae3f56555,ianlm,1.0,55.014681103047366,0.9992544259624061,77.470061849644,,fixed_independent,,,0.04228825900645461,8,8,NLM_fast_cuda_global,2622.0,2622.0,0.0,1.0,
set50,low,35.gif,0,0.01,"[512, 512]",353590d221e21b53b97858fbc575a2320a10336f21bbed5dd461fa942bab100f,470525874460bc637beb1f22c12cf7d95266c96ae72a58df1b8b8a45d7421dd5,ianlm,1.0,50.3051825120891,0.9985075291788258,75.07796771498583,,fixed_independent,,,0.029894033999880776,8,8,NLM_fast_cuda_global,2622.0,2622.0,0.0,1.0,
set50,low,36.gif,0,0.01,"[512, 512]",99a41bcc709d43204ca0f73a6593656300237e5367043081c5065ca77d5e3628,4c9fb2ffd6c3cd4191de57133e1f175dccaa7d659a83f2db7fb68f86bfb5eab5,ianlm,1.0,47.31639188924363,0.9984501390487098,73.58070289705731,,fixed_independent,,,0.03353644999151584,8,8,NLM_fast_cuda_global,2622.0,2381.0,241.0,0.9080854309687262,
set50,low,26.gif,0,0.01,"[512, 512]",3efcc155fe7f35f9428c0536c9c1dc2b826188d5f0a5b0a90ecbf681233221e2,fd6e5b6bb21f31fce84588fbf0def61aa7799be96bceaf1f8f821ce91540ca55,ianlm,1.0,53.3078906220629,0.9991179605248137,76.60984333727214,,fixed_independent,,,0.031950802003848366,8,8,NLM_fast_cuda_global,2622.0,2601.0,21.0,0.9919908466819222,
set50,low,37.gif,0,0.01,"[512, 512]",74881a36c4896c931da56c784ac35afb478dc71ae7af27894deeb074f83e518a,d34dc52c2c08a14e007ecacf562579826f45b0b1707e067dff6b3df9968dbbaf,ianlm,1.0,49.73500439470581,0.9984322409070546,74.78911424270564,,fixed_independent,,,0.031128164002439007,8,8,NLM_fast_cuda_global,2622.0,2616.0,6.0,0.9977116704805492,
set50,low,13.gif,0,0.01,"[512, 512]",c34b796bde09761f5bc3c358f20b72f49e020580ed0a76d5456c61f0da4499eb,21d5f13f0aba8a02886ff598d918384e41d968bbb44abcae71af497143790552,ianlm,1.0,50.45152733006039,0.9993202251749579,75.1917749237781,,fixed_independent,,,0.03584006300661713,8,8,NLM_fast_cuda_global,2622.0,2607.0,15.0,0.994279176201373,
set50,low,28.gif,0,0.01,"[512, 512]",f509179793e6551fbec77f8fdd91e45d53d2dd6e0a87394377c4bb4c52eb9a43,dd3ba862107b756742d3029f750c4d7be7c1283c6fb9ff3273684e5e05640984,ianlm,1.0,50.52378812840794,0.9983032607751952,75.17705710296373,,fixed_independent,,,0.02996180800255388,8,8,NLM_fast_cuda_global,2623.0,2591.0,32.0,0.987800228745711,
set50,low,9.gif,0,0.01,"[512, 512]",8b76cd61996084e7d23b9f638b4d32839d9f6ac7965ef9b585f78bdbdaff16b3,4cd76b34e1053d8ac22d03bda2ce6fe4218266806e9f352d164ab9cdb6ad5b7d,ianlm,1.0,37.088051663417566,0.9907756593424382,68.0828087988307,,fixed_independent,,,0.04772437800420448,8,8,NLM_fast_cuda_global,7926.0,6636.0,1290.0,0.8372445117335352,
set50,low,18.gif,0,0.01,"[512, 512]",539caf0cced15a86b729848a1a182b75776a621cf01b5e9a62085f53b86f3407,5873c891357876f2dbe9c9d0e5fc2da0fd371a9cf25f1268ae8f5893ee21f411,ianlm,1.0,31.39028331850784,0.9866250971803973,65.02639651827378,,fixed_independent,,,0.07264300000679214,8,8,NLM_fast_cuda_global,6067.0,5620.0,447.0,0.926322729520356,
set50,low,49.gif,0,0.01,"[512, 512]",8311e02cd6238d6e74f6a9bf6fa5c250d748ceec5882a86242e2452c587cdf2b,8125d7f83fc4d3be014d6ec00247ddfe409213305964ff8d8abbcaaaf07d5131,ianlm,1.0,22.22563405358975,0.9287120222393046,57.5484181387601,,fixed_independent,,,0.03621350300090853,8,8,NLM_fast_cuda_global,67017.0,67009.0,8.0,0.99988062730352,
set50,low,4.gif,0,0.01,"[512, 512]",fd89b9bfe327e11c7cfbc851fff026261f2c33ef17edc9373682def6616fdc4f,cb585c5a840cc56bfa16227eca05f3d968ee47e4d8a6d4f6a8098f24c92e5ebe,ianlm,1.0,50.401636790150725,0.9988121358711911,75.14142518863491,,fixed_independent,,,0.032286610003211536,8,8,NLM_fast_cuda_global,2716.0,2648.0,68.0,0.9749631811487481,
set50,low,8.gif,0,0.01,"[512, 512]",fd53a01b9f6a3a02a5408efee91cfa235b1325372804d49874a677719089b14e,959d9223c31d5d17f16e71514f09e97be2737ed240f0e73975f0bb5c91651a10,ianlm,1.0,51.85914042031557,0.9991063711685363,75.8848887685846,,fixed_independent,,,0.02958227600902319,8,8,NLM_fast_cuda_global,2622.0,2057.0,565.0,0.7845156369183829,
set50,low,39.gif,0,0.01,"[512, 512]",e43557540646572e4a7b69124c49ff2c37c4d1695507c5d64a44d09a5043958e,44e6529e24cceca1d712601d81f8499b0bc9587c6093ab99c831d09ccf79016a,ianlm,1.0,52.96894643896835,0.9991354345855445,76.44124494876141,,fixed_independent,,,0.028740801993990317,8,8,NLM_fast_cuda_global,2622.0,2621.0,1.0,0.9996186117467581,
set50,low,12.gif,0,0.01,"[512, 512]",3c3ec23125fea9974f2e94c0d93a534edf2ec60d33b6af79f9a60fef58295de4,fa9482fa551439d9f17531d42a955c1c9fb456df7a7ea0c45be4ad6a23db1c47,ianlm,1.0,44.259121817582745,0.9952576882343266,71.8924453205077,,fixed_independent,,,0.10053746300400235,8,8,NLM_fast_cuda_global,13320.0,3060.0,10260.0,0.22972972972972974,
set50,low,45.gif,0,0.01,"[512, 512]",72644242bceb1596c04ab4ddde11989c7aa206ee2094402fadeac9f9c500d55a,c3ab35a48c81121c8b48794984160850baf0a8f64d9009ea6eeefb548e11df68,ianlm,1.0,49.79243052708127,0.9986006086611756,74.82624569659941,,fixed_independent,,,0.03262791900488082,8,8,NLM_fast_cuda_global,2622.0,2610.0,12.0,0.9954233409610984,
set50,low,11.gif,0,0.01,"[512, 512]",b12e0216f269d1ad8f5dfe769baf0fb60142ab5235a6d1d62707dc52ca591071,8948decfdbaad42c41f6d0264883a357a35557ce680c55d8a78313aad39151af,ianlm,1.0,35.94525400356138,0.9969345934333315,67.81935667344726,,fixed_independent,,,0.03562236900324933,8,8,NLM_fast_cuda_global,2830.0,2363.0,467.0,0.834982332155477,
set50,low,34.gif,0,0.01,"[512, 512]",42a4b02f48b536770f4d42c1c4884a5b2a4a662af62778249a90a16c1d9f5398,dd73eaa5ded2fd68bedf81c188a0c44f01c7edbdcbf0abdf70e7d6c10a63bf63,ianlm,1.0,48.36091208038849,0.9983912529070653,74.10001868554751,,fixed_independent,,,0.03006423800252378,8,8,NLM_fast_cuda_global,2622.0,2476.0,146.0,0.9443173150266971,
set12,high,02.png,0,0.1,"[512, 512]",9a0925d4efea52b4b8355baab41b735118c594bada85c1650a8c929d4bedd645,e416650380e12917a3a2eeeb4269219a30b3b8cc16efb4db753ec8cb052bd8c8,ianlm,1.0,53.401776109223704,0.9986321512910064,76.63249561916217,,fixed_independent,,,0.29368080700805876,8,8,NLM_fast_cuda_global,26216.0,26116.0,100.0,0.9961855355508087,
set12,high,10.png,0,0.1,"[512, 512]",fa9370ee1649c3bf2aa161f01d3d2575a2dedca729f26b78bd75d618679b9889,7164aae5d6477ab64a9b20611d6b33f74569a62d739a897485e7d12dad80435d,ianlm,1.0,40.94803991225446,0.9909781095965229,70.02292543595337,,fixed_independent,,,0.2824274339945987,8,8,NLM_fast_cuda_global,26217.0,25637.0,580.0,0.9778769500705649,
set12,high,09.png,0,0.1,"[512, 512]",4b3ddbef5883a30e02120d9280c878727f5282bb054525cf3a5b0fcffb889d5c,3e0d74d912d9f117e2941f19693e873a800672ebfc0237c1409a0ea272ec7872,ianlm,1.0,34.990505889470576,0.9848740002227072,66.73895295587064,,fixed_independent,,,0.27063543899566866,8,8,NLM_fast_cuda_global,26216.0,25793.0,423.0,0.9838648153799207,
set12,high,07.png,0,0.1,"[512, 512]",154769fc48745384ec8816fc554051b0dd5f1c55071de2669c9058bf3a96574e,2ba0d75dafd4a58439379072ed0bc3d150f40e4390b9b33d20349e9f1b29b718,ianlm,1.0,35.145743814735624,0.9944193478633644,67.29383930053604,,fixed_independent,,,0.26521982200210914,8,8,NLM_fast_cuda_global,26666.0,24785.0,1881.0,0.929460736518413,
set12,high,05.png,0,0.1,"[512, 512]",0a48bd94dc684e9744094acf5f9409ae1a147f367207cbcf847ffecc9506b1e3,99ebf5f91f8d5011c136e3657c039f5f484f7a9ad07790541df20dd03bf9c836,ianlm,1.0,49.12457987577696,0.9987681793375353,74.50069890476524,,fixed_independent,,,0.25941370299551636,8,8,NLM_fast_cuda_global,26216.0,26149.0,67.0,0.9974443088190418,
set12,high,08.png,0,0.1,"[512, 512]",2c394996c73fe787fca843f9f42014d5330dda4ad3053466b934f2c52d1c1f84,df4e8481f6afd5a29944a9cd59f15e3ba5659986829732fd430d6985cd4b7fc9,ianlm,1.0,39.75282891376989,0.9886394686450901,69.30838788913945,,fixed_independent,,,0.2742604590021074,8,8,NLM_fast_cuda_global,26434.0,26115.0,319.0,0.9879322085193312,
set12,high,01.png,0,0.1,"[512, 512]",0a372ced9fd4d1f9633532a58073e3974b41da8cfc87f04ec8e9a8dc6a89bba1,5c64fdfe33f4ceb5a47428c2edc3ca4f989b1078a7da5d038a7aac327de869fd,ianlm,1.0,45.51618551854232,0.9971794313619183,72.61706432736707,,fixed_independent,,,0.2947696319897659,8,8,NLM_fast_cuda_global,26331.0,24330.0,2001.0,0.9240059245755953,
set12,high,04.png,0,0.1,"[512, 512]",7f6baec8e072815d469acd5d149f5da86b89ef26df1895c4edde2d5758900fd0,0a9fd41a69964cdee98a13387f66a0e0afec3986fcdb81bfef6cf0b952ec854c,ianlm,1.0,49.998322246163866,0.9986092107388269,74.92962166002329,,fixed_independent,,,0.2642861990025267,8,8,NLM_fast_cuda_global,26216.0,25015.0,1201.0,0.9541882819652121,
set12,high,06.png,0,0.1,"[512, 512]",aa1ae42753ac532294aa25320a62b1fb9aa4b54ad1627f3551d0532393b63c6e,d64e7d6cff0dd1480f8ba1a2df2cb1a7e53c3656ab86e3b1aaaf93b31a9edfbf,ianlm,1.0,42.068416267697444,0.9944703934266516,70.7577278051813,,fixed_independent,,,0.27677124000911135,8,8,NLM_fast_cuda_global,26216.0,26194.0,22.0,0.9991608178211779,
set12,high,03.png,0,0.1,"[512, 512]",ecaf4e62d02b750095b71c0828247049848c285190975276e63ef6d951b37cf4,4b3536cd26cb2a06a9257208afef360b062fd3e9ee7285ba6d4c75c0e03474d9,ianlm,1.0,40.13053007524299,0.99846452649372,69.98849136230749,,fixed_independent,,,0.2642034899909049,8,8,NLM_fast_cuda_global,27147.0,26599.0,548.0,0.9798136073967657,
set12,high,11.png,0,0.1,"[512, 512]",17b452cc44e876adc0d3fd3607e8c9ab9e04406fa1702d436005e99db30c6108,efb327d0e9507fdf30c7e6389581d470feab9b99fac8c2659863071b5babac8d,ianlm,1.0,34.179488423323036,0.9476296859259253,64.47122850795779,,fixed_independent,,,0.35332213299989235,8,8,NLM_fast_cuda_global,46016.0,30888.0,15128.0,0.6712447844228094,
set12,medium,02.png,0,0.05,"[512, 512]",9a0925d4efea52b4b8355baab41b735118c594bada85c1650a8c929d4bedd645,c3f9d39a11e3011c40ec0ba98de83291f1b1fcd783cfca19fa39be37ecb6240b,ianlm,1.0,57.03964608559786,0.9993614095412159,78.48789351985972,,fixed_independent,,,0.13279384501220193,8,8,NLM_fast_cuda_global,13108.0,13032.0,76.0,0.9942020140372292,
set12,medium,10.png,0,0.05,"[512, 512]",fa9370ee1649c3bf2aa161f01d3d2575a2dedca729f26b78bd75d618679b9889,87d8a8c260cdb8c52551132cb0dfe95ee2f14d151af9ff4d6168d5800396b42c,ianlm,1.0,44.139656838347115,0.9956272289512498,71.85118986673605,,fixed_independent,,,0.14451142599864397,8,8,NLM_fast_cuda_global,13109.0,12764.0,345.0,0.9736822030665955,
set12,medium,09.png,0,0.05,"[512, 512]",4b3ddbef5883a30e02120d9280c878727f5282bb054525cf3a5b0fcffb889d5c,7c56fc735c741056497fe6ad8b491244bf2746021f23f9e3f3b7401a4df3be52,ianlm,1.0,38.1280940896484,0.99275495694991,68.7017948923197,,fixed_independent,,,0.14411315199686214,8,8,NLM_fast_cuda_global,13108.0,12812.0,296.0,0.9774183704607873,
set12,medium,07.png,0,0.05,"[512, 512]",154769fc48745384ec8816fc554051b0dd5f1c55071de2669c9058bf3a96574e,50403390a446b8878af128c5b5eb24f750286ab630615b3caace33849ff6c560,ianlm,1.0,35.634945547622934,0.9963149069112184,67.63321811937239,,fixed_independent,,,0.1354080549936043,8,8,NLM_fast_cuda_global,13582.0,12340.0,1242.0,0.9085554410248858,
set12,medium,05.png,0,0.05,"[512, 512]",0a48bd94dc684e9744094acf5f9409ae1a147f367207cbcf847ffecc9506b1e3,adb057f232e03a2f58a65b65c32bd3ae831f109d80147c92d9e62f40775bc731,ianlm,1.0,52.89225259740145,0.9994413321590403,76.41819290665273,,fixed_independent,,,0.13665586200659163,8,8,NLM_fast_cuda_global,13108.0,13055.0,53.0,0.9959566676838572,
set12,medium,08.png,0,0.05,"[512, 512]",2c394996c73fe787fca843f9f42014d5330dda4ad3053466b934f2c52d1c1f84,8e3d7b1e875d19f22c64e3044a9d0c41b820f9cfa02088458ff600eaf223eb5f,ianlm,1.0,42.77354129102099,0.9943820372732177,71.10587250917138,,fixed_independent,,,0.14588357000320684,8,8,NLM_fast_cuda_global,13344.0,13027.0,317.0,0.976244004796163,
set12,medium,01.png,0,0.05,"[512, 512]",0a372ced9fd4d1f9633532a58073e3974b41da8cfc87f04ec8e9a8dc6a89bba1,95660ff47115848bd895ed7581195e91c2ab4a1746122ef36b82c4d90108493b,ianlm,1.0,48.936641136082024,0.998603036220499,74.39847237906596,,fixed_independent,,,0.1430885730078444,8,8,NLM_fast_cuda_global,13225.0,12011.0,1214.0,0.9082041587901701,
set12,medium,04.png,0,0.05,"[512, 512]",7f6baec8e072815d469acd5d149f5da86b89ef26df1895c4edde2d5758900fd0,1c72f71d2f5910501fba30fd6269d5a73022d2e2701365d87f47014e5f50f8e5,ianlm,1.0,53.819368098144096,0.9993518967869307,76.87727888841857,,fixed_independent,,,0.14237664701067843,8,8,NLM_fast_cuda_global,13108.0,12427.0,681.0,0.948046994202014,
set12,medium,06.png,0,0.05,"[512, 512]",aa1ae42753ac532294aa25320a62b1fb9aa4b54ad1627f3551d0532393b63c6e,418ae6ffd6be74f226d8da4b414080f6be346245802a6e9c0b97dc4ff2a94400,ianlm,1.0,45.25875419341467,0.9972846134105999,72.49360776723734,,fixed_independent,,,0.14908823701262008,8,8,NLM_fast_cuda_global,13108.0,13094.0,14.0,0.9989319499542264,
set12,medium,03.png,0,0.05,"[512, 512]",ecaf4e62d02b750095b71c0828247049848c285190975276e63ef6d951b37cf4,0a2b74a80e9ef7c6edfd254d6abd4f21d8fc939cbcfe8e477f4c4a919f7d715d,ianlm,1.0,40.542670620865515,0.9992043892108375,70.23155477097464,,fixed_independent,,,0.14350313501199707,8,8,NLM_fast_cuda_global,14085.0,13709.0,376.0,0.9733049343272986,
set12,medium,11.png,0,0.05,"[512, 512]",17b452cc44e876adc0d3fd3607e8c9ab9e04406fa1702d436005e99db30c6108,599e46ff8f73bb0bcb238e7a5776355ab3a55274a6828355adfafd7ae4d55c02,ianlm,1.0,36.95528452400112,0.9691114716261682,66.93321584330897,,fixed_independent,,,0.2353630110010272,8,8,NLM_fast_cuda_global,33975.0,16633.0,17342.0,0.48956585724797647,
set12,extreme,02.png,0,0.2,"[512, 512]",9a0925d4efea52b4b8355baab41b735118c594bada85c1650a8c929d4bedd645,49df52a59b6c929c5f31dd1d9dcd3a8cc145517e504d2433ddbe093f2ea75a04,ianlm,1.0,49.03420143283947,0.9967251081783262,74.35335612533603,,fixed_independent,,,0.46532715899229515,8,8,NLM_fast_cuda_global,52430.0,52356.0,74.0,0.9985885943162311,
set12,extreme,10.png,0,0.2,"[512, 512]",fa9370ee1649c3bf2aa161f01d3d2575a2dedca729f26b78bd75d618679b9889,54206e07e2533ce3cdc4f253b01d2bcf15986e6aa5edcfa3142c91d69412c383,ianlm,1.0,37.52065557855974,0.980730969019572,67.79687624025847,,fixed_independent,,,0.5076995139970677,8,8,NLM_fast_cuda_global,52431.0,51769.0,662.0,0.9873738818637828,
set12,extreme,09.png,0,0.2,"[512, 512]",4b3ddbef5883a30e02120d9280c878727f5282bb054525cf3a5b0fcffb889d5c,0b3ebc1adeda4f915d78dc938f4f6754e061d4488a42511b466d50496ed3c90d,ianlm,1.0,31.640056153826816,0.9668974303375465,64.16489959379074,,fixed_independent,,,0.48592088899749797,8,8,NLM_fast_cuda_global,52430.0,52049.0,381.0,0.9927331680335686,
set12,extreme,07.png,0,0.2,"[512, 512]",154769fc48745384ec8816fc554051b0dd5f1c55071de2669c9058bf3a96574e,a555b68256523f4ea9a6a3a1d63d525af0a21767eb731194aeaa7d0237229d14,ianlm,1.0,34.16615929226236,0.989837595327782,66.57495941252029,,fixed_independent,,,0.5021098790020915,8,8,NLM_fast_cuda_global,52828.0,50504.0,2324.0,0.9560081774816386,
set12,extreme,05.png,0,0.2,"[512, 512]",0a48bd94dc684e9744094acf5f9409ae1a147f367207cbcf847ffecc9506b1e3,47e001521556c7ceb0d8f2d01af9cf5e6eedb001280a9b295e77fef79fb60244,ianlm,1.0,44.25753928375485,0.9967398554672718,71.96576241524102,,fixed_independent,,,0.513575224991655,8,8,NLM_fast_cuda_global,52430.0,52380.0,50.0,0.999046347510967,
set12,extreme,08.png,0,0.2,"[512, 512]",2c394996c73fe787fca843f9f42014d5330dda4ad3053466b934f2c52d1c1f84,b513454383e7814ea07019014f0d151fde15b5a47f3e20c6d9f3194be9c69f56,ianlm,1.0,36.310247014615264,0.9749567188833457,66.90295945147491,,fixed_independent,,,0.49277849099598825,8,8,NLM_fast_cuda_global,52623.0,52293.0,330.0,0.9937289778233852,
set12,extreme,01.png,0,0.2,"[512, 512]",0a372ced9fd4d1f9633532a58073e3974b41da8cfc87f04ec8e9a8dc6a89bba1,bb82ddd95a6a25e95485a996c31e0375130595fb41bbf773b1bd5b01c13959c1,ianlm,1.0,41.36112697150761,0.9936278728704024,70.36195712927393,,fixed_independent,,,0.46764017299574334,8,8,NLM_fast_cuda_global,52529.0,49375.0,3154.0,0.9399569761465095,
set12,extreme,04.png,0,0.2,"[512, 512]",7f6baec8e072815d469acd5d149f5da86b89ef26df1895c4edde2d5758900fd0,bed36c52da9f24d3ca3fb49a29cd8e86158fb485d9e63c07e1c4acb7624e204a,ianlm,1.0,45.56199419132223,0.9966643984954278,72.6142170204325,,fixed_independent,,,0.47115104499971494,8,8,NLM_fast_cuda_global,52430.0,51050.0,1380.0,0.9736791913026893,
set12,extreme,06.png,0,0.2,"[512, 512]",aa1ae42753ac532294aa25320a62b1fb9aa4b54ad1627f3551d0532393b63c6e,99762f4e36329a2a9ca8ae0af403f0994ac05cc0f2d8cfc948e27d609ae70bab,ianlm,1.0,38.42061383966403,0.9879197712479916,68.60629548223159,,fixed_independent,,,0.4910919859976275,8,8,NLM_fast_cuda_global,52430.0,52412.0,18.0,0.9996566851039481,
set12,extreme,03.png,0,0.2,"[512, 512]",ecaf4e62d02b750095b71c0828247049848c285190975276e63ef6d951b37cf4,5d873642d5904df0268ba3e2ab75f110ac16583462f4036e07f029c689362f0c,ianlm,1.0,39.119902619089,0.9964899750441889,69.38445006175394,,fixed_independent,,,0.528674928995315,8,8,NLM_fast_cuda_global,53262.0,52517.0,745.0,0.9860125417746236,
set12,extreme,11.png,0,0.2,"[512, 512]",17b452cc44e876adc0d3fd3607e8c9ab9e04406fa1702d436005e99db30c6108,9a04391c3b1256307bf621b3151ddf799518fb0a981f8949a152baac9237f5bf,ianlm,1.0,30.695638258433966,0.914055839352954,61.050611096864685,,fixed_independent,,,0.5295234689983772,8,8,NLM_fast_cuda_global,70046.0,58868.0,11178.0,0.8404191531279445,
set12,moderate,02.png,0,0.03,"[512, 512]",9a0925d4efea52b4b8355baab41b735118c594bada85c1650a8c929d4bedd645,ee7bfd453ba8d6e6718aaf8a97d81f5f2238214fca6f66b9cd8f2e44d4e6969a,ianlm,1.0,59.68291997833341,0.9996317321668847,79.82304659751094,,fixed_independent,,,0.08803577900107484,8,8,NLM_fast_cuda_global,7866.0,7818.0,48.0,0.9938977879481312,
set12,moderate,10.png,0,0.03,"[512, 512]",fa9370ee1649c3bf2aa161f01d3d2575a2dedca729f26b78bd75d618679b9889,5d887063ebde1fcfbf95f8deca1ac10049d03f7db0a73c069699f665d6977104,ianlm,1.0,46.417644724343305,0.9973592352543903,73.07678412489116,,fixed_independent,,,0.08909417199902236,8,8,NLM_fast_cuda_global,7867.0,7627.0,240.0,0.9694928181009279,
set12,moderate,09.png,0,0.03,"[512, 512]",4b3ddbef5883a30e02120d9280c878727f5282bb054525cf3a5b0fcffb889d5c,de0042a9b572069c4805997a988a6eb7d29426746f4b470c08ec69dfefe9b523,ianlm,1.0,40.62586008484818,0.9957988577105649,70.10287292795233,,fixed_independent,,,0.08953520900104195,8,8,NLM_fast_cuda_global,7866.0,7652.0,214.0,0.9727943046020849,
set12,moderate,07.png,0,0.03,"[512, 512]",154769fc48745384ec8816fc554051b0dd5f1c55071de2669c9058bf3a96574e,41c6793af84e33ba2ceb749b4738b40b1b3737129d2d2babeb1dd4ec40eb3ac5,ianlm,1.0,35.847555472951825,0.997193678084406,67.7834616406962,,fixed_independent,,,0.09391156800847966,8,8,NLM_fast_cuda_global,8346.0,7500.0,846.0,0.8986340762041697,
set12,moderate,05.png,0,0.03,"[512, 512]",0a48bd94dc684e9744094acf5f9409ae1a147f367207cbcf847ffecc9506b1e3,9f3476abacfd546a3608bc4be56078d043e749803d48ceb9c514386cce77c211,ianlm,1.0,55.50062487781891,0.9996819667247907,77.73441077514899,,fixed_independent,,,0.08554708299925551,8,8,NLM_fast_cuda_global,7866.0,7834.0,32.0,0.9959318586320874,
set12,moderate,08.png,0,0.03,"[512, 512]",2c394996c73fe787fca843f9f42014d5330dda4ad3053466b934f2c52d1c1f84,b0b958f06122f7dfd86e575b45174a19c43c39d05a9f75e6d37f0d1b885e83d9,ianlm,1.0,44.89997599990413,0.9965645311301303,72.27821455645858,,fixed_independent,,,0.09008307100157253,8,8,NLM_fast_cuda_global,8107.0,7803.0,304.0,0.9625015418773899,
set12,moderate,01.png,0,0.03,"[512, 512]",0a372ced9fd4d1f9633532a58073e3974b41da8cfc87f04ec8e9a8dc6a89bba1,1890871d8ac6fdf241ae77566f9a0eb175baed8033bd8ffbdecf5475a45749fe,ianlm,1.0,51.145048306996216,0.999155147199223,75.53028151345926,,fixed_independent,,,0.08973196399165317,8,8,NLM_fast_cuda_global,7985.0,7178.0,807.0,0.8989355040701315,
set12,moderate,04.png,0,0.03,"[512, 512]",7f6baec8e072815d469acd5d149f5da86b89ef26df1895c4edde2d5758900fd0,5aab2f4c90265de03c4286a1026b54930c9f1174f15bd4788a5cea6ddc26c27a,ianlm,1.0,56.32359636093325,0.9996095856845602,78.14227746469464,,fixed_independent,,,0.08501776499906555,8,8,NLM_fast_cuda_global,7866.0,7373.0,493.0,0.9373251970505975,
set12,moderate,06.png,0,0.03,"[512, 512]",aa1ae42753ac532294aa25320a62b1fb9aa4b54ad1627f3551d0532393b63c6e,f6c87c3541133224f0d0b09d3ddb74251b7ff019191b5f7b5cf5f3356ce374c4,ianlm,1.0,47.24335303471661,0.9983760589626526,73.54047946549093,,fixed_independent,,,0.0885870479978621,8,8,NLM_fast_cuda_global,7866.0,7852.0,14.0,0.9982201881515382,
set12,moderate,03.png,0,0.03,"[512, 512]",ecaf4e62d02b750095b71c0828247049848c285190975276e63ef6d951b37cf4,231f53176f51c4b24bdc12fd9f1b4c16454140fdfe7631cec75f8301deab3824,ianlm,1.0,40.6836108329074,0.999484288691655,70.31601985103644,,fixed_independent,,,0.08820278898929246,8,8,NLM_fast_cuda_global,8859.0,8591.0,268.0,0.969748278586748,
set12,moderate,11.png,0,0.03,"[512, 512]",17b452cc44e876adc0d3fd3607e8c9ab9e04406fa1702d436005e99db30c6108,fc459f467923651b85169e1d453047db01071c2115000fa34e05ff50a6c59429,ianlm,1.0,38.3475744317118,0.977313579392117,68.03946618546175,,fixed_independent,,,0.17580020699824672,8,8,NLM_fast_cuda_global,29177.0,11014.0,18163.0,0.3774891181410015,
set12,low,02.png,0,0.01,"[512, 512]",9a0925d4efea52b4b8355baab41b735118c594bada85c1650a8c929d4bedd645,7d03f7624fa0aaaef532f6ccb5b007c11ecfba46dc0bf970948880603d265edc,ianlm,1.0,65.25073180179214,0.9998820294517285,82.61946737348251,,fixed_independent,,,0.03959085600217804,8,8,NLM_fast_cuda_global,2622.0,2594.0,28.0,0.9893211289092296,
set12,low,10.png,0,0.01,"[512, 512]",fa9370ee1649c3bf2aa161f01d3d2575a2dedca729f26b78bd75d618679b9889,d06c846ad219995869474be865acb70b5ec7d01068ecd7580cc3fde6a2889b07,ianlm,1.0,51.220856062603815,0.9991394959254195,75.56740282757289,,fixed_independent,,,0.03308391799509991,8,8,NLM_fast_cuda_global,2623.0,2528.0,95.0,0.9637819290888295,
set12,low,09.png,0,0.01,"[512, 512]",4b3ddbef5883a30e02120d9280c878727f5282bb054525cf3a5b0fcffb889d5c,f57c1e0803358fa46cb3fcadacd603e0bc8a9a1500621f0dea3a800d055c6fe6,ianlm,1.0,45.03242148519509,0.9984995620762481,72.44118884640994,,fixed_independent,,,0.034405201993649825,8,8,NLM_fast_cuda_global,2622.0,2541.0,81.0,0.9691075514874142,
set12,low,07.png,0,0.01,"[512, 512]",154769fc48745384ec8816fc554051b0dd5f1c55071de2669c9058bf3a96574e,584ba7517a59730143877939055ad6e1e59eec8663870de1e2f41b823592272b,ianlm,1.0,36.04587137172105,0.9980443011306113,67.92515074239108,,fixed_independent,,,0.0444490039953962,8,8,NLM_fast_cuda_global,3107.0,2743.0,364.0,0.8828451882845189,
set12,low,05.png,0,0.01,"[512, 512]",0a48bd94dc684e9744094acf5f9409ae1a147f367207cbcf847ffecc9506b1e3,d9a99fe9c66291c5480b648f63457e4e7868b0267787c7b85908acc020420910,ianlm,1.0,60.00609696640076,0.9998934049430495,79.99771873035286,,fixed_independent,,,0.03181144800328184,8,8,NLM_fast_cuda_global,2622.0,2613.0,9.0,0.9965675057208238,
set12,low,08.png,0,0.01,"[512, 512]",2c394996c73fe787fca843f9f42014d5330dda4ad3053466b934f2c52d1c1f84,e160bea8a7b841fbbcb9a08d2452bc47be4e0b6c86d87d1b0bea001f91693d97,ianlm,1.0,48.89934553461313,0.9987673816914294,74.38804185187803,,fixed_independent,,,0.03756048099603504,8,8,NLM_fast_cuda_global,2867.0,2638.0,229.0,0.9201255667945588,
set12,low,01.png,0,0.01,"[512, 512]",0a372ced9fd4d1f9633532a58073e3974b41da8cfc87f04ec8e9a8dc6a89bba1,580fbc14af471717cfc09261d71b2bee527d3960eb5a144e296d4af84219023d,ianlm,1.0,55.50677725583359,0.9996894951391391,77.73786338487375,,fixed_independent,,,0.03435391100356355,8,8,NLM_fast_cuda_global,2750.0,2364.0,386.0,0.8596363636363636,
set12,low,04.png,0,0.01,"[512, 512]",7f6baec8e072815d469acd5d149f5da86b89ef26df1895c4edde2d5758900fd0,e8a6fc5f208fe29f03f5cbd984d49640d58559cd6c5aa49284f500b1f7ee7903,ianlm,1.0,61.34467132973612,0.999882470942702,80.66645921200316,,fixed_independent,,,0.03022998101369012,8,8,NLM_fast_cuda_global,2622.0,2464.0,158.0,0.9397406559877955,
set12,low,06.png,0,0.01,"[512, 512]",aa1ae42753ac532294aa25320a62b1fb9aa4b54ad1627f3551d0532393b63c6e,e340e8d85915e482eb2fcd7c112e25b58f52ae82986a937d947c38437b40d732,ianlm,1.0,52.55559318149152,0.9994525645044632,76.25042481596893,,fixed_independent,,,0.030254537996370345,8,8,NLM_fast_cuda_global,2622.0,2615.0,7.0,0.9973302822273074,
set12,low,03.png,0,0.01,"[512, 512]",ecaf4e62d02b750095b71c0828247049848c285190975276e63ef6d951b37cf4,18313c5d887bba3759a18d07833b66fb952544043545ed839a5d493c1c132871,ianlm,1.0,40.8304045374943,0.9997400404914817,70.40220429332123,,fixed_independent,,,0.03396062899264507,8,8,NLM_fast_cuda_global,3632.0,3523.0,109.0,0.9699889867841409,
set12,low,11.png,0,0.01,"[512, 512]",17b452cc44e876adc0d3fd3607e8c9ab9e04406fa1702d436005e99db30c6108,030fd588168a45176d9b0eca993f8007814b0503964557c1914c2fbae448d11f,ianlm,1.0,40.63601258105728,0.9898598611579367,69.81099934842547,,fixed_independent,,,0.13186884499737062,8,8,NLM_fast_cuda_global,24382.0,4928.0,19454.0,0.20211631531457633,
set12,high,02.png,4,0.1,"[512, 512]",9a0925d4efea52b4b8355baab41b735118c594bada85c1650a8c929d4bedd645,fb5756b2f1977a53d6af3dcead4efb66402b9d5e985cdbdec56b32e00ffd97a7,ianlm,1.0,53.39859881362901,0.998629769437889,76.63078787870896,,fixed_independent,,,0.2712248030002229,8,8,NLM_fast_cuda_global,26216.0,26087.0,129.0,0.9950793408605432,
set12,high,10.png,4,0.1,"[512, 512]",fa9370ee1649c3bf2aa161f01d3d2575a2dedca729f26b78bd75d618679b9889,20cbcff47f8f1652d0beb4647260b220d5985351324e73ce58f91790a1b40bdd,ianlm,1.0,40.93113593125142,0.990917413768409,70.01143865404616,,fixed_independent,,,0.2800454739917768,8,8,NLM_fast_cuda_global,26220.0,25546.0,674.0,0.9742944317315027,
set12,high,09.png,4,0.1,"[512, 512]",4b3ddbef5883a30e02120d9280c878727f5282bb054525cf3a5b0fcffb889d5c,6580f7427fae38e6900e311bc3d882abd5bbd2d3ee833d3f15f08e971f1badd3,ianlm,1.0,34.99521541300759,0.9848489401355197,66.74005471327978,,fixed_independent,,,0.2914494150027167,8,8,NLM_fast_cuda_global,26216.0,25686.0,530.0,0.9797833384192859,
set12,high,07.png,4,0.1,"[512, 512]",154769fc48745384ec8816fc554051b0dd5f1c55071de2669c9058bf3a96574e,6b2b7a6b103aa4415de2661efe3e7b16f3e8a8d91d505c35019889f45be2ccdf,ianlm,1.0,33.91242650939125,0.9932252755916098,66.6174770342761,,fixed_independent,,,0.2816928789980011,8,8,NLM_fast_cuda_global,27605.0,25215.0,2390.0,0.9134214816156493,
set12,high,05.png,4,0.1,"[512, 512]",0a48bd94dc684e9744094acf5f9409ae1a147f367207cbcf847ffecc9506b1e3,0d5e8010bb26a850d7bcc7fe1db68e0f0c6af22b17fa9bc70b31b059f1079a92,ianlm,1.0,49.12006281558975,0.9987610468706889,74.49808375132932,,fixed_independent,,,0.30331251000461634,8,8,NLM_fast_cuda_global,26216.0,26101.0,115.0,0.99561336588343,
set12,high,08.png,4,0.1,"[512, 512]",2c394996c73fe787fca843f9f42014d5330dda4ad3053466b934f2c52d1c1f84,0c9b60e4d12da52284c5eb24f1ad2f1c68d32c53c03585a9c05992f6df84ca1f,ianlm,1.0,39.230223647848234,0.987859633428651,69.00809349535666,,fixed_independent,,,0.2968281719950028,8,8,NLM_fast_cuda_global,26983.0,26360.0,623.0,0.9769113886521142,
set12,high,01.png,4,0.1,"[512, 512]",0a372ced9fd4d1f9633532a58073e3974b41da8cfc87f04ec8e9a8dc6a89bba1,9ea25905277eaa2c13405c16af5a2bd159339f43e0d8dbc939852ca029957356,ianlm,1.0,45.02909470824128,0.9970046168432346,72.36477819628237,,fixed_independent,,,0.2718237310036784,8,8,NLM_fast_cuda_global,26789.0,24451.0,2338.0,0.9127253723543245,
set12,high,04.png,4,0.1,"[512, 512]",7f6baec8e072815d469acd5d149f5da86b89ef26df1895c4edde2d5758900fd0,fdc436c0c8446ba46cfc24590bb554f37546781412b4b4564d6407e3391d198a,ianlm,1.0,49.983956565148034,0.9985851951624999,74.92123804069901,,fixed_independent,,,0.27188331699289847,8,8,NLM_fast_cuda_global,26216.0,24843.0,1373.0,0.947627403112603,
set12,high,06.png,4,0.1,"[512, 512]",aa1ae42753ac532294aa25320a62b1fb9aa4b54ad1627f3551d0532393b63c6e,a363dcecce4b7295d8e22162211f906c57f7427694cc70216f5f5b9f9c8ae75e,ianlm,1.0,42.067665649284656,0.9944639778786108,70.75703171857288,,fixed_independent,,,0.2787666740041459,8,8,NLM_fast_cuda_global,26216.0,26168.0,48.0,0.9981690570643882,
set12,high,03.png,4,0.1,"[512, 512]",ecaf4e62d02b750095b71c0828247049848c285190975276e63ef6d951b37cf4,85f7066b7aa1244baa2f27667095e1ea8355fef86e40ccd8d4b2514ec34fd63d,ianlm,1.0,39.342404110747424,0.9955300790664172,69.44770600869458,,fixed_independent,,,0.2777680769941071,8,8,NLM_fast_cuda_global,28155.0,26945.0,1210.0,0.9570236192505771,
set12,high,11.png,4,0.1,"[512, 512]",17b452cc44e876adc0d3fd3607e8c9ab9e04406fa1702d436005e99db30c6108,d985d535d00b2df1afd30e645e35cfc28961b28fa786c9d6216e5ca98bb90604,ianlm,1.0,28.00257049465276,0.830929275116649,55.547749003158835,,fixed_independent,,,0.3721372519939905,8,8,NLM_fast_cuda_global,73730.0,60705.0,13025.0,0.8233419232334193,
set12,medium,02.png,4,0.05,"[512, 512]",9a0925d4efea52b4b8355baab41b735118c594bada85c1650a8c929d4bedd645,4e69b9926757359b28d2ba0ddea539b9b5734c1c9927cbb52997eed2c2c65a57,ianlm,1.0,57.03642570192167,0.9993602484818821,78.48622527505495,,fixed_independent,,,0.13491854700259864,8,8,NLM_fast_cuda_global,13108.0,13015.0,93.0,0.9929050961245042,
set12,medium,10.png,4,0.05,"[512, 512]",fa9370ee1649c3bf2aa161f01d3d2575a2dedca729f26b78bd75d618679b9889,461dc699c7e6039d3c7fbc9e361c8477afcdd41db684ad67d9d1dd1715aba45a,ianlm,1.0,44.107426128069854,0.995559790566014,71.83170259233563,,fixed_independent,,,0.14026970299892128,8,8,NLM_fast_cuda_global,13112.0,12710.0,402.0,0.9693410616229409,
set12,medium,09.png,4,0.05,"[512, 512]",4b3ddbef5883a30e02120d9280c878727f5282bb054525cf3a5b0fcffb889d5c,5780430f9e94feaf25364471128f02e7454678af26c718534cb418901e5bbe6c,ianlm,1.0,38.12604320046147,0.9927201216366298,68.69902768206222,,fixed_independent,,,0.1401978209905792,8,8,NLM_fast_cuda_global,13108.0,12743.0,365.0,0.9721544095209033,
set12,medium,07.png,4,0.05,"[512, 512]",154769fc48745384ec8816fc554051b0dd5f1c55071de2669c9058bf3a96574e,57067cdfaec1e7cbd302b6992dd6d10ca47b25065f31c44a1bfe1573c39a6480,ianlm,1.0,34.2516814577954,0.9951949464311286,66.88558805045413,,fixed_independent,,,0.1624232370086247,8,8,NLM_fast_cuda_global,14583.0,12778.0,1805.0,0.8762257423026812,
set12,medium,05.png,4,0.05,"[512, 512]",0a48bd94dc684e9744094acf5f9409ae1a147f367207cbcf847ffecc9506b1e3,e0fa916e823acf6effc4f3b42e72ab8a62ce26e6958e64dcd7833e8e36a12729,ianlm,1.0,52.87009315342445,0.9994296936370328,76.40653125856386,,fixed_independent,,,0.13069941100548021,8,8,NLM_fast_cuda_global,13108.0,13018.0,90.0,0.9931339639914556,
set12,medium,08.png,4,0.05,"[512, 512]",2c394996c73fe787fca843f9f42014d5330dda4ad3053466b934f2c52d1c1f84,e1b0f210137124047cfa6d6db5eb311ebf1bd872e71c7f34ecbce8d731865d47,ianlm,1.0,41.98254437124281,0.9937979376195585,70.68116906659932,,fixed_independent,,,0.17228398700535763,8,8,NLM_fast_cuda_global,13926.0,13245.0,681.0,0.9510986643688065,
set12,medium,01.png,4,0.05,"[512, 512]",0a372ced9fd4d1f9633532a58073e3974b41da8cfc87f04ec8e9a8dc6a89bba1,9379e76152d6d388d723e1eaa08d1618611906ad05b452f66e45fc46f2920222,ianlm,1.0,48.17504677743716,0.9984615509929837,74.01060093836776,,fixed_independent,,,0.1501589970139321,8,8,NLM_fast_cuda_global,13701.0,12101.0,1600.0,0.8832202029048974,
set12,medium,04.png,4,0.05,"[512, 512]",7f6baec8e072815d469acd5d149f5da86b89ef26df1895c4edde2d5758900fd0,96b121cc217c410a07c6e8b75d018b9c2d013f47489b90382de26ad622a43a5a,ianlm,1.0,53.79775115659358,0.9993380937371091,76.86578026515224,,fixed_independent,,,0.1320727239944972,8,8,NLM_fast_cuda_global,13108.0,12333.0,775.0,0.9408758010375343,
set12,medium,06.png,4,0.05,"[512, 512]",aa1ae42753ac532294aa25320a62b1fb9aa4b54ad1627f3551d0532393b63c6e,5d3d90db8b69e62a740e7e86ea6a5df988b44fac6affdc46ef302b5c6eb8dce4,ianlm,1.0,45.258010281517485,0.9972831184969255,72.49316106560502,,fixed_independent,,,0.1421532240055967,8,8,NLM_fast_cuda_global,13108.0,13081.0,27.0,0.9979401891974367,
set12,medium,03.png,4,0.05,"[512, 512]",ecaf4e62d02b750095b71c0828247049848c285190975276e63ef6d951b37cf4,76e43ccb10d0fd50514c324d9319b070e705fa6c949ead13598cc60431e1acd1,ianlm,1.0,40.40349003966548,0.9982442747434757,70.11395875700653,,fixed_independent,,,0.15037752100033686,8,8,NLM_fast_cuda_global,15159.0,13880.0,1279.0,0.9156276799261165,
set12,medium,11.png,4,0.05,"[512, 512]",17b452cc44e876adc0d3fd3607e8c9ab9e04406fa1702d436005e99db30c6108,d061e894c51d566e883b22e0983bc6c1f82e2c15c660fea833b8da2c916beea5,ianlm,1.0,30.420126945649443,0.8717860481981302,58.79936588273123,,fixed_independent,,,0.22715626998979133,8,8,NLM_fast_cuda_global,63210.0,45617.0,17593.0,0.7216737857933871,
set12,extreme,02.png,4,0.2,"[512, 512]",9a0925d4efea52b4b8355baab41b735118c594bada85c1650a8c929d4bedd645,c78625d61f7341c9115095ca61bc56d13277a60903cbda9e7817dcbf3fad2403,ianlm,1.0,49.03326323356527,0.9967232058542704,74.35279190949616,,fixed_independent,,,0.494430601989734,8,8,NLM_fast_cuda_global,52430.0,52330.0,100.0,0.998092695021934,
set12,extreme,10.png,4,0.2,"[512, 512]",fa9370ee1649c3bf2aa161f01d3d2575a2dedca729f26b78bd75d618679b9889,55df1265f85a4f395abe6fdb9f8d6ced6f37fabb2f2efbdcd9ad51de31f0f358,ianlm,1.0,37.51751991092224,0.9806975357028247,67.79363674060235,,fixed_independent,,,0.4825601210031891,8,8,NLM_fast_cuda_global,52434.0,51656.0,778.0,0.985162299271465,
set12,extreme,09.png,4,0.2,"[512, 512]",4b3ddbef5883a30e02120d9280c878727f5282bb054525cf3a5b0fcffb889d5c,d5200db9a81ea1ad2851337034ec180dcba65337806d6f544c91105b701dd5a8,ianlm,1.0,31.63963543200882,0.9668612217129087,64.16287880164984,,fixed_independent,,,0.5289097850036342,8,8,NLM_fast_cuda_global,52430.0,51918.0,512.0,0.9902345985123021,
set12,extreme,07.png,4,0.2,"[512, 512]",154769fc48745384ec8816fc554051b0dd5f1c55071de2669c9058bf3a96574e,d658efe3236f7ef4462769d23a0c6a782ae9c9bb794297f469fb22a6a114781d,ianlm,1.0,33.13644708356629,0.9883906554215373,65.98775631286,,fixed_independent,,,0.5022927939862711,8,8,NLM_fast_cuda_global,53651.0,50847.0,2804.0,0.9477362956888036,
set12,extreme,05.png,4,0.2,"[512, 512]",0a48bd94dc684e9744094acf5f9409ae1a147f367207cbcf847ffecc9506b1e3,f14c438201f32887ca2958073a99c9c4367ca05aa3996a24e4a516345d4ee79d,ianlm,1.0,44.25580119874094,0.9967348626981716,71.96464373427905,,fixed_independent,,,0.5023510379978688,8,8,NLM_fast_cuda_global,52430.0,52327.0,103.0,0.998035475872592,
set12,extreme,08.png,4,0.2,"[512, 512]",2c394996c73fe787fca843f9f42014d5330dda4ad3053466b934f2c52d1c1f84,a8484a10dd4d38b8a5ac055a083f83a730aeb890ecb2fff33eb9cc1791e5eb5b,ianlm,1.0,36.0690060565622,0.9741168571370262,66.74034588513241,,fixed_independent,,,0.49994660100492183,8,8,NLM_fast_cuda_global,53093.0,52600.0,493.0,0.9907144067956227,
set12,extreme,01.png,4,0.2,"[512, 512]",0a372ced9fd4d1f9633532a58073e3974b41da8cfc87f04ec8e9a8dc6a89bba1,65177135c7481be235c048926973169e2e8bf506e1b0926ab33339f39e25d3b0,ianlm,1.0,41.07911035414594,0.9933571612718033,70.20741324066313,,fixed_independent,,,0.5197937409975566,8,8,NLM_fast_cuda_global,52925.0,49492.0,3433.0,0.9351346244685876,
set12,extreme,04.png,4,0.2,"[512, 512]",7f6baec8e072815d469acd5d149f5da86b89ef26df1895c4edde2d5758900fd0,9bdf88a0f1a278417dd2a591efa55b88d04dfe89bd8aaa8ad24e1443228a0a94,ianlm,1.0,45.55356608895872,0.9966275096205899,72.60815852550886,,fixed_independent,,,0.5194726509944303,8,8,NLM_fast_cuda_global,52430.0,50761.0,1669.0,0.9681670799160785,
set12,extreme,06.png,4,0.2,"[512, 512]",aa1ae42753ac532294aa25320a62b1fb9aa4b54ad1627f3551d0532393b63c6e,3d987315aa538246f5a208b6d41f81eab45d6f505e0a6f7243927c5ad7a0fe40,ianlm,1.0,38.420835223798875,0.9879191557564927,68.60637539972407,,fixed_independent,,,0.5628352310013724,8,8,NLM_fast_cuda_global,52430.0,52397.0,33.0,0.9993705893572382,
set12,extreme,03.png,4,0.2,"[512, 512]",ecaf4e62d02b750095b71c0828247049848c285190975276e63ef6d951b37cf4,aad7e4eba1d0a55ac4a983788b73e9e5a66f24a767e26e93e98c74ddff8dd54a,ianlm,1.0,38.00646593722022,0.9929986894045884,68.65316743883953,,fixed_independent,,,0.5545332719921134,8,8,NLM_fast_cuda_global,54155.0,52964.0,1191.0,0.9780075708614163,
set12,extreme,11.png,4,0.2,"[512, 512]",17b452cc44e876adc0d3fd3607e8c9ab9e04406fa1702d436005e99db30c6108,76b80ddc8c4f96ba7c3331b18a0331e1aa705a7e327f7bf24342319ad0898b04,ianlm,1.0,24.69098956154509,0.7892172336739981,51.80635646447245,,fixed_independent,,,0.4826107769913506,8,8,NLM_fast_cuda_global,94794.0,86908.0,7886.0,0.916809080743507,
set12,moderate,02.png,4,0.03,"[512, 512]",9a0925d4efea52b4b8355baab41b735118c594bada85c1650a8c929d4bedd645,d879986baaf42190982449d59dd5553d540eb63dbc7567ea488c75632114b5ac,ianlm,1.0,59.67511126513764,0.9996304532339391,79.81907829426578,,fixed_independent,,,0.08174125899677165,8,8,NLM_fast_cuda_global,7866.0,7808.0,58.0,0.9926264937706585,
set12,moderate,10.png,4,0.03,"[512, 512]",fa9370ee1649c3bf2aa161f01d3d2575a2dedca729f26b78bd75d618679b9889,434ac8f246e81cbe180927267d40fe66e3454116170de134fb46d837087c066b,ianlm,1.0,46.36897440643321,0.9973094186170749,73.04995813407035,,fixed_independent,,,0.08942210400709882,8,8,NLM_fast_cuda_global,7870.0,7587.0,283.0,0.9640406607369758,
set12,moderate,09.png,4,0.03,"[512, 512]",4b3ddbef5883a30e02120d9280c878727f5282bb054525cf3a5b0fcffb889d5c,197f65e812b0eeb2cf91510c2b107e0d658adcb343eaa673a6289fbe2bc4596e,ianlm,1.0,40.62394479168965,0.995774329796052,70.10068888564743,,fixed_independent,,,0.08887994599353988,8,8,NLM_fast_cuda_global,7866.0,7614.0,252.0,0.9679633867276888,
set12,moderate,07.png,4,0.03,"[512, 512]",154769fc48745384ec8816fc554051b0dd5f1c55071de2669c9058bf3a96574e,b36e158819d385dc062ac7799786f1c8f4d46446b333738c6e5fa3718cffe970,ianlm,1.0,34.40014396147154,0.9961324749725812,67.00669572936482,,fixed_independent,,,0.09631247298966628,8,8,NLM_fast_cuda_global,9369.0,7963.0,1406.0,0.8499306222649162,
set12,moderate,05.png,4,0.03,"[512, 512]",0a48bd94dc684e9744094acf5f9409ae1a147f367207cbcf847ffecc9506b1e3,114a2e420e0ad99810e3e866c2b4386ab515991bfd7c5db3c2eb96d637d19c5b,ianlm,1.0,55.47978974262101,0.9996754696816849,77.72366835539475,,fixed_independent,,,0.08447502998751588,8,8,NLM_fast_cuda_global,7866.0,7804.0,62.0,0.9921179760996695,
set12,moderate,08.png,4,0.03,"[512, 512]",2c394996c73fe787fca843f9f42014d5330dda4ad3053466b934f2c52d1c1f84,f41575c24a908e64f17f53ab3e3de05a585eca0546392a462de5fb0793ed1ce6,ianlm,1.0,43.67881769828781,0.9959952008351849,71.63916889090315,,fixed_independent,,,0.1038448680046713,8,8,NLM_fast_cuda_global,8706.0,7996.0,710.0,0.9184470480128647,
set12,moderate,01.png,4,0.03,"[512, 512]",0a372ced9fd4d1f9633532a58073e3974b41da8cfc87f04ec8e9a8dc6a89bba1,8022eb92cc13c07829c548cf238b714175cd922f1b59a9ef093b7a962ea44eae,ianlm,1.0,49.977868679351374,0.9990322381823874,74.94054624879506,,fixed_independent,,,0.0884024889965076,8,8,NLM_fast_cuda_global,8471.0,7259.0,1212.0,0.8569236217683862,
set12,moderate,04.png,4,0.03,"[512, 512]",7f6baec8e072815d469acd5d149f5da86b89ef26df1895c4edde2d5758900fd0,558b3a110914cdad728ad09d50eba68d5001d3cabe99f29756fe4a3478144a26,ianlm,1.0,56.2858422656905,0.9995976069562106,78.12280148065578,,fixed_independent,,,0.08608550200005993,8,8,NLM_fast_cuda_global,7866.0,7327.0,539.0,0.9314772438342233,
set12,moderate,06.png,4,0.03,"[512, 512]",aa1ae42753ac532294aa25320a62b1fb9aa4b54ad1627f3551d0532393b63c6e,0e78536a56147ba906c487c61e6164992aafc64d24893e1e756d7777e6184f16,ianlm,1.0,47.242218750464524,0.998375040242249,73.53986138734471,,fixed_independent,,,0.08793454500846565,8,8,NLM_fast_cuda_global,7866.0,7838.0,28.0,0.9964403763030766,
set12,moderate,03.png,4,0.03,"[512, 512]",ecaf4e62d02b750095b71c0828247049848c285190975276e63ef6d951b37cf4,d9a7aa26403306264e3dab31bb083178514a9ce2d7e31938922d1ea09f35d416,ianlm,1.0,40.52322766220495,0.998491345258998,70.18618109405237,,fixed_independent,,,0.09336791699752212,8,8,NLM_fast_cuda_global,9949.0,8736.0,1213.0,0.8780781988139511,
set12,moderate,11.png,4,0.03,"[512, 512]",17b452cc44e876adc0d3fd3607e8c9ab9e04406fa1702d436005e99db30c6108,4f6af6012acab1aca32e1626772dece3f447b16d814b44a65374637178964709,ianlm,1.0,31.544994686996368,0.898074559771227,60.67622533205953,,fixed_independent,,,0.17401771699951496,8,8,NLM_fast_cuda_global,58995.0,39414.0,19581.0,0.668090516145436,
set12,low,02.png,4,0.01,"[512, 512]",9a0925d4efea52b4b8355baab41b735118c594bada85c1650a8c929d4bedd645,5a06d5c62acf1b36874d17fbb7c8fbcf1bfa1a90a72f48c16e827f3f6067b418,ianlm,1.0,65.24476094477126,0.9998810854381383,82.61643474429255,,fixed_independent,,,0.028004359992337413,8,8,NLM_fast_cuda_global,2622.0,2588.0,34.0,0.9870327993897788,
set12,low,10.png,4,0.01,"[512, 512]",fa9370ee1649c3bf2aa161f01d3d2575a2dedca729f26b78bd75d618679b9889,fe06adf3c895b40fb6b5a15eaf684dfca16946f6169b38d893ed18d3aef8cf92,ianlm,1.0,51.09981662197626,0.9991082344939572,75.505320035686,,fixed_independent,,,0.033707409995258786,8,8,NLM_fast_cuda_global,2626.0,2519.0,107.0,0.9592536176694593,
set12,low,09.png,4,0.01,"[512, 512]",4b3ddbef5883a30e02120d9280c878727f5282bb054525cf3a5b0fcffb889d5c,bf4e02197794a0e21fbe08f301c6e1a7f1d9ff3ad8f7a4b371f0e200d7cb39b1,ianlm,1.0,45.030782120508945,0.9984945671713457,72.44011941882175,,fixed_independent,,,0.029659107007319108,8,8,NLM_fast_cuda_global,2622.0,2530.0,92.0,0.9649122807017544,
set12,low,07.png,4,0.01,"[512, 512]",154769fc48745384ec8816fc554051b0dd5f1c55071de2669c9058bf3a96574e,bebd5b94e7c8cd5e3c45a4c02eeb5c2f8901ef456e75534811f5ac6a29a3fac0,ianlm,1.0,34.55532482529453,0.997038653353525,67.12959508032351,,fixed_independent,,,0.04151379699760582,8,8,NLM_fast_cuda_global,4150.0,3195.0,955.0,0.7698795180722892,
set12,low,05.png,4,0.01,"[512, 512]",0a48bd94dc684e9744094acf5f9409ae1a147f367207cbcf847ffecc9506b1e3,166ad95c58f0c06dd2685ab4d5020f880563f9a5058e35aa36901da12704efa6,ianlm,1.0,59.989798807926284,0.9998916746043158,79.98948313417894,,fixed_independent,,,0.027951405005296692,8,8,NLM_fast_cuda_global,2622.0,2604.0,18.0,0.9931350114416476,
set12,low,08.png,4,0.01,"[512, 512]",2c394996c73fe787fca843f9f42014d5330dda4ad3053466b934f2c52d1c1f84,66926c0920534e26b939a5d9f0556865f11d7abe2870967adce74daa613116e0,ianlm,1.0,46.44010328263241,0.9982451693763454,73.13231011013347,,fixed_independent,,,0.036476848006714135,8,8,NLM_fast_cuda_global,3484.0,2800.0,684.0,0.8036739380022963,
set12,low,01.png,4,0.01,"[512, 512]",0a372ced9fd4d1f9633532a58073e3974b41da8cfc87f04ec8e9a8dc6a89bba1,44e11976558cb007c81a668559ae9107fdef12040d6bf3409d86e01b32bb629b,ianlm,1.0,53.659301397623615,0.9995962360225997,76.80946249994179,,fixed_independent,,,0.036033972006407566,8,8,NLM_fast_cuda_global,3247.0,2413.0,834.0,0.7431475207884201,
set12,low,04.png,4,0.01,"[512, 512]",7f6baec8e072815d469acd5d149f5da86b89ef26df1895c4edde2d5758900fd0,ecca96323697cb95c9b9c67fa33692a63a0bcc03cbf07eb1f49bfa5e122f8d4d,ianlm,1.0,61.29152274031555,0.9998775442258244,80.63963858144899,,fixed_independent,,,0.029280258997459896,8,8,NLM_fast_cuda_global,2622.0,2439.0,183.0,0.9302059496567505,
set12,low,06.png,4,0.01,"[512, 512]",aa1ae42753ac532294aa25320a62b1fb9aa4b54ad1627f3551d0532393b63c6e,17094acf9de65d3df3665b52428f406b7e9029614715969875e5da956e308411,ianlm,1.0,52.55224446207692,0.9994507199920778,76.24865823064235,,fixed_independent,,,0.04098493499623146,8,8,NLM_fast_cuda_global,2622.0,2606.0,16.0,0.9938977879481312,
set12,low,03.png,4,0.01,"[512, 512]",ecaf4e62d02b750095b71c0828247049848c285190975276e63ef6d951b37cf4,2d3e27d6769c28d88fcabbfa79deb4e13ee1277e06787f8cfec414322f383aed,ianlm,1.0,40.745154448370144,0.9991652941830447,70.3308419333373,,fixed_independent,,,0.0390052389993798,8,8,NLM_fast_cuda_global,4734.0,3602.0,1132.0,0.7608787494719054,
set12,low,11.png,4,0.01,"[512, 512]",17b452cc44e876adc0d3fd3607e8c9ab9e04406fa1702d436005e99db30c6108,4d79c36b74d775043c078b1a3b12fac535b38d23f700cf6d0a06dba47d86941f,ianlm,1.0,32.855908254902374,0.9323960621056921,63.0477572327358,,fixed_independent,,,0.1392783299961593,8,8,NLM_fast_cuda_global,54771.0,33321.0,21450.0,0.6083693925617571,
set50,high,19.gif,0,0.1,"[512, 512]",d17c7663feb48c0fe318904421cb04ec7e850a109d952f66a49ac464a4176a1e,b36a0e2777a4778ee716a1dfe989dd541a6b3d7c5af5fd33a1b733957ca06fd4,median,,28.61093981395522,0.8731627316539567,57.96360648967544,,,,,0.016252463014097884,8,8,NLM_fast_cuda_global,,,,,
set50,high,22.gif,0,0.1,"[512, 512]",dfe4f6c6370dbe0651bccc46e98ac3b787e8c63a3a37fb138fe6c81f3e32edd4,455a61e743daec9940c17a770102e9f6d8150016e197a7b40ba5ed8b526bdc6d,median,,24.873514565320676,0.7499755262947321,49.93553359739694,,,,,0.017789639008697122,8,8,NLM_fast_cuda_global,,,,,
set50,high,10.gif,0,0.1,"[512, 512]",e233b9bc584bbcbbdcbcbf3674e9c18c92aff37cf54afeec01dc2e7dc1811878,40725b43529bab17a6c41cf7934a73bda5b434a8803e87e4fc1465424cfe2303,median,,32.16974387974267,0.9459259984620791,63.38117186297529,,,,,0.018659326000488363,8,8,NLM_fast_cuda_global,,,,,
set50,high,14.gif,0,0.1,"[512, 512]",83fe92c5398701971c09c467a97dc4bfdb94eb4b3ded548d26e5e7fcf62e4d2a,6b7ebb5297b454e99889eaa9e3c4e7c51d253902665731705f49dc1a7a3fe113,median,,22.071095022960108,0.6773368145666303,44.90238823981157,,,,,0.019179647002601996,8,8,NLM_fast_cuda_global,,,,,
set50,high,5.gif,0,0.1,"[512, 512]",49db903e1a87a0044a734fb77708aad9985011bc9ee9fb379099de1b4e946109,e06f2bc488a0ff103329561f1b985093b78f631466c577b7e6aeacf6ec8eefe8,median,,33.39837203246506,0.9068085891777864,62.03961547512185,,,,,0.014390495009138249,8,8,NLM_fast_cuda_global,,,,,
set50,high,44.gif,0,0.1,"[512, 512]",f968969e97bf6f8f47fd5940af0bd7481b61f2df6d5d553882b8938123b37289,ec7bcd577aab4cb2bedb2657569a7b495db193526b6667e04b6672396e29b078,median,,18.506752729813815,0.5610356142879405,37.30515707930393,,,,,0.02006104899919592,8,8,NLM_fast_cuda_global,,,,,
set50,high,42.gif,0,0.1,"[512, 512]",f9b953242d46fc204da43e46262ac3754e9428050546213f592efb0fb7398f12,d0610cf35e287c81eb1f642f3b1f542f30070d26d13b0067e7baf4d73663ef18,median,,27.652022193949627,0.8462796454754503,56.139993370747334,,,,,0.020108165990677662,8,8,NLM_fast_cuda_global,,,,,
set50,high,38.gif,0,0.1,"[512, 512]",e39779dc60dbc76330293a5fdb44dfabe4d22433c36132e18afcf31a515217b4,b024231c1c516936430ae7117c8c77dd3ee6a417718598f0b9968ffc86f3b5f5,median,,31.581763026594327,0.8822885263147955,59.90530782903694,,,,,0.016491970993229188,8,8,NLM_fast_cuda_global,,,,,
set50,high,48.gif,0,0.1,"[512, 512]",9b261d731fc3d639b0cc3dac391980b0c49dd558b24b95a14bb3f3eb9f3569d0,f7e02ffabb7c26975ac77d2ba941fa8dfff992fc0d3c3a52904286975a396ab4,median,,30.9381163469765,0.904234094978242,60.680762922400355,,,,,0.018980384003953077,8,8,NLM_fast_cuda_global,,,,,
set50,high,17.gif,0,0.1,"[512, 512]",6f8a02e1689062bed722742a554760dd74359b35fc8b969bab8beed8e59421a0,e7c516b92404f02e0645aab2369f6d006b10771e2148c9e3305e1e93828f5d9b,median,,25.089630093598547,0.8471193212295337,54.90078110827596,,,,,0.01922949899744708,8,8,NLM_fast_cuda_global,,,,,
set50,high,0.png,0,0.1,"[512, 512]",0a372ced9fd4d1f9633532a58073e3974b41da8cfc87f04ec8e9a8dc6a89bba1,5c64fdfe33f4ceb5a47428c2edc3ca4f989b1078a7da5d038a7aac327de869fd,median,,34.44587157385412,0.9681983055784551,65.63285106584982,,,,,0.016871981002623215,8,8,NLM_fast_cuda_global,,,,,
set50,high,16.gif,0,0.1,"[512, 512]",2d68b31ae4d4c10bc0e60742ba3064c10d62113ffb3ca9a7c14b80e40b0e6170,6ca2d5d1195f31115e9e15bd7978d65bde8735913f5134a99256e529c86a3d8a,median,,23.08836175682394,0.5855141721400214,40.81988948541304,,,,,0.019799111993052065,8,8,NLM_fast_cuda_global,,,,,
set50,high,32.gif,0,0.1,"[512, 512]",c3cc3fb5da093d47d6808c6219ed907c3e69ab01954b1b929a8739cbbcc26493,810d3fc722ad3d6be42c77a540abbe450d08f86c4c996feebc699bf3e2187fb0,median,,26.827546796082018,0.8086739252220194,53.84746965914198,,,,,0.016547938997973688,8,8,NLM_fast_cuda_global,,,,,
set50,high,30.gif,0,0.1,"[512, 512]",b1cccc0e8d64bae511f9cd0c5596628364bd1e09c90c5e793604a1f7a55f642f,8f3d6ba7eafb9220ec09f0fc23d98c4362582f25fe465748fde08df029299774,median,,28.129450625281255,0.808491205744272,54.48928559985423,,,,,0.018553757006884553,8,8,NLM_fast_cuda_global,,,,,
set50,high,43.gif,0,0.1,"[512, 512]",443801cafadb33c7829b313f4efd834e70cc313567a260dd2b5554dc7ee6be98,f9f8d19328bf1d7475a95984514a389b0136e60eba80c85712e9c05f9a967619,median,,32.23951777195418,0.9481760542390553,63.52856159792986,,,,,0.01742450299207121,8,8,NLM_fast_cuda_global,,,,,
set50,high,47.gif,0,0.1,"[512, 512]",9005ddf994846f88305becd36c72a046818a094c026c69a8106c34b34a31a8fe,5e23fe352e87a835d6f7372654af688603bdc568b1d6edc31757a6b71ff6f072,median,,23.164352522177523,0.7231198873351893,47.73817062784823,,,,,0.019420594995608553,8,8,NLM_fast_cuda_global,,,,,
set50,high,25.gif,0,0.1,"[512, 512]",30838b6c4e963b60da10cc6158a119a7052a4ffa1ebdcc87bcf0054f681427c6,2539e5cf1bcc6130b9238ebc011a1069fdfddd7401c69aa83c14b2efb244dee4,median,,34.300477590568605,0.9151106026914594,62.905768929857274,,,,,0.014452406001510099,8,8,NLM_fast_cuda_global,,,,,
set50,high,7.gif,0,0.1,"[512, 512]",5e3769e24988284e1036ce844ee8e0f11dbe28fe111f6a962e37864dc34b60dc,bfb32fd0573f98e26541bf24de61f68beccaeb66008181d1d775350c1789035f,median,,21.51656380130803,0.7468222311343363,48.09939345737084,,,,,0.016010007995646447,8,8,NLM_fast_cuda_global,,,,,
set50,high,15.gif,0,0.1,"[512, 512]",51e2066df33af18b47bcd356b17c6cdf04f2a5fd219ace410fcabb06698c6c71,bf8b02c350afda2a086d62f94ecfc2be823c619bb2256328323737766f031044,median,,25.297775358659145,0.7818618655548166,51.74198095707041,,,,,0.017981650002184324,8,8,NLM_fast_cuda_global,,,,,
set50,high,41.gif,0,0.1,"[512, 512]",1569598ab7f33ee44bcf70502565ffcd7528912a2c13cd1977fe64573770f1e6,70ff830e123ba0b8a56a22fa8d8361dd52e6efc94cce0dc0117077a8d211d455,median,,29.5938487778591,0.8661256947397491,58.103209125917004,,,,,0.019628188994829543,8,8,NLM_fast_cuda_global,,,,,
set50,high,6.gif,0,0.1,"[512, 512]",ca956c8aa0ec2de8bd2e4d7545c7f969215d4f7f65cb72ee9d31cb17df0033b6,91c0d484c15597d9172a55a9609dcaaab6020d9ca89b915718e7c130aa54ed16,median,,28.285870584579857,0.8614789880743702,57.216884696008435,,,,,0.016502724000019953,8,8,NLM_fast_cuda_global,,,,,
set50,high,21.gif,0,0.1,"[512, 512]",74d2fa3fc2447fd331660c09f2f468f3cce983dc347509d32564e992fdebaf9a,93925f5a9a6755a73923c2bef7adff8c2bdab08e8e089892c36ace4313afb948,median,,29.354063570990128,0.8344915559739153,56.40160958419084,,,,,0.01566679700044915,8,8,NLM_fast_cuda_global,,,,,
set50,high,27.gif,0,0.1,"[512, 512]",bc7a1c1300b1b1bda264e18fbde62fa845194fac5839cb705a788c6ac331f517,144439eafed501fe7aa53d4e6967a995d40da47c2ef83b7b5e02b718dafccd80,median,,33.5393036000908,0.9189918193652915,62.71924276830997,,,,,0.014716478995978832,8,8,NLM_fast_cuda_global,,,,,
set50,high,46.gif,0,0.1,"[512, 512]",14cdebcd7b2b9e534cc9717933df6ccb4861289237cde90700810e2e6e2e245f,f9ffe1409fcf91d55fa900020b1f0f613dd8b50d40a2f9d090f6f53caa03f076,median,,26.160706080358032,0.8032977349953356,53.2452397899458,,,,,0.018428602008498274,8,8,NLM_fast_cuda_global,,,,,
set50,high,20.gif,0,0.1,"[512, 512]",c3a4da195ffc62103521cd979723e50840fe46cfd989b567c826985f8b23dcf4,bd08cc1fb18acc1d47463e9c075d7d5d446aa4ae53b1672824ff6a737dc1f69d,median,,27.20875301921844,0.794088183777399,53.30878569847917,,,,,0.018247389001771808,8,8,NLM_fast_cuda_global,,,,,
set50,high,2.gif,0,0.1,"[512, 512]",b101b795e2638a1e9dbdaa513bdc8be6090aed4d6ac294b155e5f3a2c7c0bb80,13d3b6b9e05ddc640a63ea227d1f32df0b4e453f33794f15001a41ae53644828,median,,30.91261503091131,0.8596832531680901,58.44047017386016,,,,,0.019424965008511208,8,8,NLM_fast_cuda_global,,,,,
set50,high,40.gif,0,0.1,"[512, 512]",911cad3f1d559f196f94ed9e80a9602969b74319acb1d70da238efdb48af38e2,d5f4e4babce2a4896b57ee8a524799a4a612a77617adc6237c295f1b8268313a,median,,35.77889723549182,0.9253079996174586,64.15484859861884,,,,,0.01911037799436599,8,8,NLM_fast_cuda_global,,,,,
set50,high,31.gif,0,0.1,"[512, 512]",33781418a1e6e85521011be7d450b002a8f8a8f1ba68a79c1219f3b3ba59b160,85c7dd0dbdad648e1bc43c9d6bbf15a1baffa81644e4a28e665df8f4296b38c0,median,,20.784204703891305,0.6189730920136902,41.34075695263016,,,,,0.019585563000873663,8,8,NLM_fast_cuda_global,,,,,
set50,high,29.gif,0,0.1,"[512, 512]",1eeb76c0386fbcd563a08eb25bbeffde427bdc62658e4bcc02c8aafbf733f219,a7c813ed42caac8cc5e59ba0b313601fb3411f9081c2c98c849a0f386c717927,median,,24.840916584373524,0.6899002389110487,46.9154702377392,,,,,0.0209074410086032,8,8,NLM_fast_cuda_global,,,,,
set50,high,33.gif,0,0.1,"[512, 512]",7a10c4eca50167d8d459c2505f2b0f21cfb399e7b01adccaa0422695496c2e72,0b9b79cc55914de4df60ffdc521344bb95f073f3bbae4f345c20bb3d16868469,median,,28.850804063367164,0.8284913000017513,55.84996703177115,,,,,0.020515882002655417,8,8,NLM_fast_cuda_global,,,,,
set50,high,24.gif,0,0.1,"[512, 512]",b8f6ebed7641854cd23e807c2f78d350f1373b2fe7f96e6ea18f8531797fbc3a,933931a3c3cf3e69d505146c4f660b276aa0eb49b9bdfff9b8e7b90470c69978,median,,31.729525784828994,0.8821849607817632,59.97401093150266,,,,,0.015527627998380922,8,8,NLM_fast_cuda_global,,,,,
set50,high,3.gif,0,0.1,"[512, 512]",e3e2313cc250162bd613776c7b0063891d9d56b3576c9808ac5c8c0e7e8fcb8d,735ba2525df2e7b6a619ada7a3ef29d9102198e0392841695017c0dd0b5ee365,median,,30.004404716189264,0.880223199964276,59.013362356308434,,,,,0.016137747006723657,8,8,NLM_fast_cuda_global,,,,,
set50,high,1.gif,0,0.1,"[512, 512]",95f21dff4cd5a318a519cb05a1e35fb41f49c007ca46345fd6917258be8d9d73,3c777b4aafc995f531dbb45a128a3eae2ac912519ef53a690559aa448818fa5c,median,,24.806587225822938,0.8065549266073245,52.73103994327769,,,,,0.01927789299224969,8,8,NLM_fast_cuda_global,,,,,
set50,high,23.gif,0,0.1,"[512, 512]",05918015ae96873f255fec3e75ace895a76214abbeffdbfff55b5cf6214224c6,5f89d28e00ddcbb3c400744e705cf34f0576d46a30918f8130ebe8b81f0dbd6b,median,,35.01365130971373,0.9315778417387708,64.0857177417954,,,,,0.013825229994836263,8,8,NLM_fast_cuda_global,,,,,
set50,high,35.gif,0,0.1,"[512, 512]",353590d221e21b53b97858fbc575a2320a10336f21bbed5dd461fa942bab100f,7fd0001b7f292822b216f02c457dbcecd3cc83fe14deb66f3451f8f3ef72671e,median,,30.567171399952244,0.8639963903274817,58.48340521635021,,,,,0.017635281998082064,8,8,NLM_fast_cuda_global,,,,,
set50,high,36.gif,0,0.1,"[512, 512]",99a41bcc709d43204ca0f73a6593656300237e5367043081c5065ca77d5e3628,ff4228673bf5f8b1cc0996ca7aebcbc4b4745a91c7d8bae3aa2dd541df188359,median,,26.736472041776413,0.809828713530967,53.85967169743655,,,,,0.018897437999839894,8,8,NLM_fast_cuda_global,,,,,
set50,high,26.gif,0,0.1,"[512, 512]",3efcc155fe7f35f9428c0536c9c1dc2b826188d5f0a5b0a90ecbf681233221e2,82c2e5bf1fd025c58e0731a894ed6f185e49d9f6da055c0ddcccab37d1acaf68,median,,33.147165855015444,0.8994738499269733,61.54727542385639,,,,,0.016444819993921556,8,8,NLM_fast_cuda_global,,,,,
set50,high,37.gif,0,0.1,"[512, 512]",74881a36c4896c931da56c784ac35afb478dc71ae7af27894deeb074f83e518a,6711e4fc698c6f6b88662c31c7011be6475f79e420b41957137edbe48c02cc84,median,,28.946573991762182,0.7723638812198025,53.09148105687122,,,,,0.019107194006210193,8,8,NLM_fast_cuda_global,,,,,
set50,high,13.gif,0,0.1,"[512, 512]",c34b796bde09761f5bc3c358f20b72f49e020580ed0a76d5456c61f0da4499eb,b23b2328bee24b6db72c9714ba291238b97ab3df260f49344564758f266b6c76,median,,29.905286799427614,0.913754753844029,60.64038109191526,,,,,0.017683654994471,8,8,NLM_fast_cuda_global,,,,,
set50,high,28.gif,0,0.1,"[512, 512]",f509179793e6551fbec77f8fdd91e45d53d2dd6e0a87394377c4bb4c52eb9a43,d1611978754e5fc4a32fa267275458c29f71665a67a3d6e772e5a8d97a888b76,median,,30.408766486215555,0.8319943045796098,56.80409847208826,,,,,0.01596048500505276,8,8,NLM_fast_cuda_global,,,,,
set50,high,9.gif,0,0.1,"[512, 512]",8b76cd61996084e7d23b9f638b4d32839d9f6ac7965ef9b585f78bdbdaff16b3,bf30a7802fc17f31bf72e321b90d3ed5f0390b5768e85c9c5499096eb9fcde3e,median,,27.60615550340354,0.8694711079258326,57.2766331479934,,,,,0.016289243998471648,8,8,NLM_fast_cuda_global,,,,,
set50,high,18.gif,0,0.1,"[512, 512]",539caf0cced15a86b729848a1a182b75776a621cf01b5e9a62085f53b86f3407,57502a7add237e5d5309882c717ca9c474cb1f376e21798057c8e0f71c0150ec,median,,21.43679425888314,0.6745876792746107,44.447781093172104,,,,,0.018868533996283077,8,8,NLM_fast_cuda_global,,,,,
set50,high,49.gif,0,0.1,"[512, 512]",8311e02cd6238d6e74f6a9bf6fa5c250d748ceec5882a86242e2452c587cdf2b,16522de1ffa2356a43b6b1339c41f1a31b67ef45f92c4bb401a90a78555d2b30,median,,18.496388430392003,0.8757299324760446,53.03469083899823,,,,,0.009274982992792502,8,8,NLM_fast_cuda_global,,,,,
set50,high,4.gif,0,0.1,"[512, 512]",fd89b9bfe327e11c7cfbc851fff026261f2c33ef17edc9373682def6616fdc4f,3c0d019d5056b98dbdd01251831763caa26e55b8875f2444b402a81535401593,median,,31.482866837280348,0.8695028415079566,59.21657549403801,,,,,0.016890259998035617,8,8,NLM_fast_cuda_global,,,,,
set50,high,8.gif,0,0.1,"[512, 512]",fd53a01b9f6a3a02a5408efee91cfa235b1325372804d49874a677719089b14e,22ebb86ce1395a6ea03d541a188eef6e92c3804779678fd6b9d986ea4a3704f1,median,,31.216292003016633,0.892714207417585,60.24385637238757,,,,,0.014900647001923062,8,8,NLM_fast_cuda_global,,,,,
set50,high,39.gif,0,0.1,"[512, 512]",e43557540646572e4a7b69124c49ff2c37c4d1695507c5d64a44d09a5043958e,2cd48e49bed02f86e876dc092a5fe09f97580929bf9971223e5d235b9fc21e5d,median,,32.690504696731914,0.8984127723851312,61.26589096762251,,,,,0.014189403998898342,8,8,NLM_fast_cuda_global,,,,,
set50,high,12.gif,0,0.1,"[512, 512]",3c3ec23125fea9974f2e94c0d93a534edf2ec60d33b6af79f9a60fef58295de4,c499ec126eb1d4bd4772ea5064bf8c5aec9aedea33c962227fa457abfe5821f2,median,,28.827242081169334,0.8594740584914307,57.3873239651562,,,,,0.019644202999188565,8,8,NLM_fast_cuda_global,,,,,
set50,high,45.gif,0,0.1,"[512, 512]",72644242bceb1596c04ab4ddde11989c7aa206ee2094402fadeac9f9c500d55a,1c77a0ba17abe22ce790d8efab4ac203a1f91fa751c993883c8b6bb7b35b8ec7,median,,29.75752334068097,0.8669998197828415,58.22875265948255,,,,,0.020146103008300997,8,8,NLM_fast_cuda_global,,,,,
set50,high,11.gif,0,0.1,"[512, 512]",b12e0216f269d1ad8f5dfe769baf0fb60142ab5235a6d1d62707dc52ca591071,9cf4a3983f4c78b315b6e3696a2902c630e21959314e7d5ba80f4b5e3a698a9f,median,,21.001931159097808,0.7659783385891257,48.79988250900519,,,,,0.013982196993310936,8,8,NLM_fast_cuda_global,,,,,
set50,high,34.gif,0,0.1,"[512, 512]",42a4b02f48b536770f4d42c1c4884a5b2a4a662af62778249a90a16c1d9f5398,aeee58b67027a3d070fc355f6fa808729e4818e31921fdad3e72e016da9f0e59,median,,28.302185011984236,0.8378170357227354,56.04194429212889,,,,,0.019128333995467983,8,8,NLM_fast_cuda_global,,,,,
set50,medium,19.gif,0,0.05,"[512, 512]",d17c7663feb48c0fe318904421cb04ec7e850a109d952f66a49ac464a4176a1e,ab0f62ff71690b1f079d2442492232894b3d5cb0bd28f2a635a0154933a3ad9c,median,,29.23842301757209,0.8831565021485736,58.77703661621472,,,,,0.015856290992815048,8,8,NLM_fast_cuda_global,,,,,
set50,medium,22.gif,0,0.05,"[512, 512]",dfe4f6c6370dbe0651bccc46e98ac3b787e8c63a3a37fb138fe6c81f3e32edd4,620f2e4a57fed79f61ab777b3e184c38652054c24847572fdb76c0001885adc8,median,,25.169286584017193,0.7573065590864498,50.44997124633109,,,,,0.017307278991211206,8,8,NLM_fast_cuda_global,,,,,
set50,medium,10.gif,0,0.05,"[512, 512]",e233b9bc584bbcbbdcbcbf3674e9c18c92aff37cf54afeec01dc2e7dc1811878,bf39e4c2af1601555be9f4f79c87f5f72e4d70b0d0c6fbe349afddc726c4b64a,median,,33.80943115210128,0.9529488682307877,64.55215898759002,,,,,0.02110284699301701,8,8,NLM_fast_cuda_global,,,,,
set50,medium,14.gif,0,0.05,"[512, 512]",83fe92c5398701971c09c467a97dc4bfdb94eb4b3ded548d26e5e7fcf62e4d2a,15c8aaec04915b3a2e6edfedfb300a609784bb53adf334bf8a8dfad53fca7e0e,median,,22.30340822576601,0.6875781765785572,45.530612941810865,,,,,0.01915590300632175,8,8,NLM_fast_cuda_global,,,,,
set50,medium,5.gif,0,0.05,"[512, 512]",49db903e1a87a0044a734fb77708aad9985011bc9ee9fb379099de1b4e946109,c2224edd221ea21c84e5117528a8db3adfc3696f14b7d240e12cc2d0730553af,median,,34.143506911593214,0.914673543942927,62.80543065294296,,,,,0.013170334001188166,8,8,NLM_fast_cuda_global,,,,,
set50,medium,44.gif,0,0.05,"[512, 512]",f968969e97bf6f8f47fd5940af0bd7481b61f2df6d5d553882b8938123b37289,b3d71aafdd8875b49cb64bc4e793cabad947e6ab2f446605040bc133a31cd1d0,median,,18.728687952167984,0.569884489454649,37.85856844881644,,,,,0.020833210001001135,8,8,NLM_fast_cuda_global,,,,,
set50,medium,42.gif,0,0.05,"[512, 512]",f9b953242d46fc204da43e46262ac3754e9428050546213f592efb0fb7398f12,6e3b11e5a5fc79d6e322f09ce90be37d3ffe0078940e736dc490e04f24ae9a34,median,,28.178459383221718,0.8539148014441145,56.784969763816584,,,,,0.019426869999733754,8,8,NLM_fast_cuda_global,,,,,
set50,medium,38.gif,0,0.05,"[512, 512]",e39779dc60dbc76330293a5fdb44dfabe4d22433c36132e18afcf31a515217b4,2e0bec2731efda949bbf711f73c2cbc227dfc6737900f9055cfc90cf3cdf2fde,median,,32.1714557000732,0.8912846183582633,60.64995876794977,,,,,0.01682239399815444,8,8,NLM_fast_cuda_global,,,,,
set50,medium,48.gif,0,0.05,"[512, 512]",9b261d731fc3d639b0cc3dac391980b0c49dd558b24b95a14bb3f3eb9f3569d0,a747073b330968ee1aae040e4dc878fcf916f0a11f16fe05636a80b9fc875feb,median,,31.691171555795133,0.9120366758163918,61.44741956871716,,,,,0.018800196005031466,8,8,NLM_fast_cuda_global,,,,,
set50,medium,17.gif,0,0.05,"[512, 512]",6f8a02e1689062bed722742a554760dd74359b35fc8b969bab8beed8e59421a0,6af0ecd76919ca281da513ca27a3a90b46d370abb3eb6578013f06f4b900ca86,median,,25.640348949770626,0.8584182422435599,55.74108658706331,,,,,0.017608591995667666,8,8,NLM_fast_cuda_global,,,,,
set50,medium,0.png,0,0.05,"[512, 512]",0a372ced9fd4d1f9633532a58073e3974b41da8cfc87f04ec8e9a8dc6a89bba1,95660ff47115848bd895ed7581195e91c2ab4a1746122ef36b82c4d90108493b,median,,35.839058495213884,0.9734620313200748,66.59263081361068,,,,,0.015619744997820817,8,8,NLM_fast_cuda_global,,,,,
set50,medium,16.gif,0,0.05,"[512, 512]",2d68b31ae4d4c10bc0e60742ba3064c10d62113ffb3ca9a7c14b80e40b0e6170,7455aaabfc63093d044293a592276a820637f19bca9681cbe7c6ff4252ab18b7,median,,23.343774537146544,0.5961670821889725,41.4802413780219,,,,,0.01962821200140752,8,8,NLM_fast_cuda_global,,,,,
set50,medium,32.gif,0,0.05,"[512, 512]",c3cc3fb5da093d47d6808c6219ed907c3e69ab01954b1b929a8739cbbcc26493,d2e3e8ae3b57d5960df96ffa19753233b3b3181989f99a93fa4b43c98c09e669,median,,27.26911296504333,0.8181591307382707,54.542513019435205,,,,,0.01774105201184284,8,8,NLM_fast_cuda_global,,,,,
set50,medium,30.gif,0,0.05,"[512, 512]",b1cccc0e8d64bae511f9cd0c5596628364bd1e09c90c5e793604a1f7a55f642f,50942175cdb95f83dc200d5959fee5536d4754b54986e42ca9e7c656cbeb2d35,median,,28.55696133761061,0.8186719792069199,55.212079629151305,,,,,0.02314382699842099,8,8,NLM_fast_cuda_global,,,,,
set50,medium,43.gif,0,0.05,"[512, 512]",443801cafadb33c7829b313f4efd834e70cc313567a260dd2b5554dc7ee6be98,0f28e2bbe65b808a1ad16efa6f1a2414cb8e1679bad1f815c763acec68cff608,median,,33.235680582696006,0.956062009137095,64.42094074820275,,,,,0.017666465006186627,8,8,NLM_fast_cuda_global,,,,,
set50,medium,47.gif,0,0.05,"[512, 512]",9005ddf994846f88305becd36c72a046818a094c026c69a8106c34b34a31a8fe,f0b3f05cda30a32f8298ccca20c4e29bcc50c140242aed6be8d436ed2cbce168,median,,23.514768036377784,0.734950631294448,48.504915582911295,,,,,0.01957883100840263,8,8,NLM_fast_cuda_global,,,,,
set50,medium,25.gif,0,0.05,"[512, 512]",30838b6c4e963b60da10cc6158a119a7052a4ffa1ebdcc87bcf0054f681427c6,c89a7c0b0f09eb3263a9d11fe8efddbb4c1176dcd1ec6708e3bfd021c89ed096,median,,35.00163034500671,0.9220580913231997,63.603719738663344,,,,,0.013713296997593716,8,8,NLM_fast_cuda_global,,,,,
set50,medium,7.gif,0,0.05,"[512, 512]",5e3769e24988284e1036ce844ee8e0f11dbe28fe111f6a962e37864dc34b60dc,0b7b6c2421211e0fc8eb9beafb206d75c70b2b199d5853ec2da992719afaceeb,median,,21.95648339357925,0.7596376053502155,48.9601219643004,,,,,0.01476341299712658,8,8,NLM_fast_cuda_global,,,,,
set50,medium,15.gif,0,0.05,"[512, 512]",51e2066df33af18b47bcd356b17c6cdf04f2a5fd219ace410fcabb06698c6c71,39199cb66df82a184e9e3590d2a8fb0d07979479d1aa4b27f16430a55727c97d,median,,25.634461689472715,0.7914725973387945,52.39086071167608,,,,,0.018048793004709296,8,8,NLM_fast_cuda_global,,,,,
set50,medium,41.gif,0,0.05,"[512, 512]",1569598ab7f33ee44bcf70502565ffcd7528912a2c13cd1977fe64573770f1e6,639175861e9da8475bf7aae7e80671d5d0dab0e21f7e6410bb02e7d02ad6a8fb,median,,30.21585203850378,0.8772048962139571,58.96817082994975,,,,,0.01874069399491418,8,8,NLM_fast_cuda_global,,,,,
set50,medium,6.gif,0,0.05,"[512, 512]",ca956c8aa0ec2de8bd2e4d7545c7f969215d4f7f65cb72ee9d31cb17df0033b6,55397b364b569ec357ea88a4f227d75702d9c46065e68167ce5415a085e5c604,median,,28.77749790765069,0.8707116413664321,57.924331022146944,,,,,0.016190162001294084,8,8,NLM_fast_cuda_global,,,,,
set50,medium,21.gif,0,0.05,"[512, 512]",74d2fa3fc2447fd331660c09f2f468f3cce983dc347509d32564e992fdebaf9a,b6c46b122a5935b040c7876069901e8fa2e88d65c0dccd7d3eab28bd325feb1d,median,,29.729351680893462,0.842232966186291,56.976324149761275,,,,,0.015182437011389993,8,8,NLM_fast_cuda_global,,,,,
set50,medium,27.gif,0,0.05,"[512, 512]",bc7a1c1300b1b1bda264e18fbde62fa845194fac5839cb705a788c6ac331f517,bc5c0abc5cb89f2602601bed2e468d7abc51acd7e1e351256ff9700481db427e,median,,34.307268425767774,0.9243809783459878,63.372683130183276,,,,,0.013367278006626293,8,8,NLM_fast_cuda_global,,,,,
set50,medium,46.gif,0,0.05,"[512, 512]",14cdebcd7b2b9e534cc9717933df6ccb4861289237cde90700810e2e6e2e245f,d878c43c275cd0166300fe04d75a53c09d3d75d67cb3d908e5882e20a295ecc9,median,,26.57081303245766,0.815015781958056,54.036195614131636,,,,,0.019946006999816746,8,8,NLM_fast_cuda_global,,,,,
set50,medium,20.gif,0,0.05,"[512, 512]",c3a4da195ffc62103521cd979723e50840fe46cfd989b567c826985f8b23dcf4,5bfaaf6ce3c548fbb6ee19f84702519c6eb63441cab262540222464802072c15,median,,27.538972958552993,0.8034468899391998,53.94183097623648,,,,,0.022635012996033765,8,8,NLM_fast_cuda_global,,,,,
set50,medium,2.gif,0,0.05,"[512, 512]",b101b795e2638a1e9dbdaa513bdc8be6090aed4d6ac294b155e5f3a2c7c0bb80,47bd00b70c71b3de67094cd318e7fb07d41c4b8231d7032dbe43d4a7fd0afd84,median,,31.409316063902498,0.8690085292895388,59.15508449642819,,,,,0.019735986992600374,8,8,NLM_fast_cuda_global,,,,,
set50,medium,40.gif,0,0.05,"[512, 512]",911cad3f1d559f196f94ed9e80a9602969b74319acb1d70da238efdb48af38e2,dc1d71ab921c00086086b6fde9eb97f5acf18f1ed049f18da885c811f2618fe2,median,,36.66444488059952,0.9325976648770078,64.96210568415015,,,,,0.01891168400470633,8,8,NLM_fast_cuda_global,,,,,
set50,medium,31.gif,0,0.05,"[512, 512]",33781418a1e6e85521011be7d450b002a8f8a8f1ba68a79c1219f3b3ba59b160,a83f1584e818989261cb11cf48877cb0c510282d8114787afbbd003206284810,median,,21.014543517054083,0.6295511112615676,41.98482732160542,,,,,0.019571958007873036,8,8,NLM_fast_cuda_global,,,,,
set50,medium,29.gif,0,0.05,"[512, 512]",1eeb76c0386fbcd563a08eb25bbeffde427bdc62658e4bcc02c8aafbf733f219,83a2de1c8dcf51614771b01920c82a7c23337d67875efe46d6c405c5127135c7,median,,25.13382223440371,0.7000439203943887,47.56910713692129,,,,,0.018211903006886132,8,8,NLM_fast_cuda_global,,,,,
set50,medium,33.gif,0,0.05,"[512, 512]",7a10c4eca50167d8d459c2505f2b0f21cfb399e7b01adccaa0422695496c2e72,08d26c934a289bb92e048127732aeadfa9b78a9f4b5882efb73995bdf3cd72d1,median,,29.3344562824452,0.8372411711215976,56.52928669730248,,,,,0.01739609600917902,8,8,NLM_fast_cuda_global,,,,,
set50,medium,24.gif,0,0.05,"[512, 512]",b8f6ebed7641854cd23e807c2f78d350f1373b2fe7f96e6ea18f8531797fbc3a,7df6a26996b27055fbd6fade2729c1bef1483650ee3f0c3831c8b73955e45a96,median,,32.19741967194234,0.8887929351716658,60.53835659455446,,,,,0.01474945199151989,8,8,NLM_fast_cuda_global,,,,,
set50,medium,3.gif,0,0.05,"[512, 512]",e3e2313cc250162bd613776c7b0063891d9d56b3576c9808ac5c8c0e7e8fcb8d,796ec59771c5391e193cc91c432e0a5596e1920f3a4db227d9eb10f6a3d518d5,median,,30.631571258275354,0.8891292905910769,59.77225015869153,,,,,0.01472651401127223,8,8,NLM_fast_cuda_global,,,,,
set50,medium,1.gif,0,0.05,"[512, 512]",95f21dff4cd5a318a519cb05a1e35fb41f49c007ca46345fd6917258be8d9d73,e24ed88e7f0eb2dddfa6a9612b63b2c33becdf037cb98dd934bdb9f01a47ea78,median,,25.15797509593639,0.8169318637522209,53.425580735579246,,,,,0.018117332001565956,8,8,NLM_fast_cuda_global,,,,,
set50,medium,23.gif,0,0.05,"[512, 512]",05918015ae96873f255fec3e75ace895a76214abbeffdbfff55b5cf6214224c6,655503e7d7fab0b5c67c003c7369ebf5019a3bde7ab7b4ded0a31511df31d745,median,,36.019621059868676,0.9377524648612542,64.89743377299705,,,,,0.012881486007245257,8,8,NLM_fast_cuda_global,,,,,
set50,medium,35.gif,0,0.05,"[512, 512]",353590d221e21b53b97858fbc575a2320a10336f21bbed5dd461fa942bab100f,d8405f20d92cf2c558f2ca882734d0a50ace70c0b016ae8d28e3ae1f7bf374d8,median,,31.276591159115075,0.8729618594210873,59.2863885506119,,,,,0.017608445006771944,8,8,NLM_fast_cuda_global,,,,,
set50,medium,36.gif,0,0.05,"[512, 512]",99a41bcc709d43204ca0f73a6593656300237e5367043081c5065ca77d5e3628,57e4e3e6cfe9d42cb759240f0c415ccaf8f59eecb6632db03e3d83df22720313,median,,27.192211527526563,0.8212470712403976,54.65845932578316,,,,,0.018057038992992602,8,8,NLM_fast_cuda_global,,,,,
set50,medium,26.gif,0,0.05,"[512, 512]",3efcc155fe7f35f9428c0536c9c1dc2b826188d5f0a5b0a90ecbf681233221e2,854fb7772003d6ba3ae6e98b9a7fb849cc21ff8676ba7f04a3260e753a54d7cd,median,,33.59357052722963,0.906010266491501,62.097298588189865,,,,,0.021059167993371375,8,8,NLM_fast_cuda_global,,,,,
set50,medium,37.gif,0,0.05,"[512, 512]",74881a36c4896c931da56c784ac35afb478dc71ae7af27894deeb074f83e518a,036505e5dfbec15ce66a6908c05abf048cc47a82646c9b6094a5edfac7c701dc,median,,29.279472820157224,0.782698121973852,53.774642508771215,,,,,0.01916229999915231,8,8,NLM_fast_cuda_global,,,,,
set50,medium,13.gif,0,0.05,"[512, 512]",c34b796bde09761f5bc3c358f20b72f49e020580ed0a76d5456c61f0da4499eb,e2de224a77a3db31067ae6e062087f6bfac38a8df3f2a2d549c5cef396b3bc18,median,,30.935369350625198,0.9230172863489159,61.61854899275839,,,,,0.017701509001199156,8,8,NLM_fast_cuda_global,,,,,
set50,medium,28.gif,0,0.05,"[512, 512]",f509179793e6551fbec77f8fdd91e45d53d2dd6e0a87394377c4bb4c52eb9a43,58a9abd4838209bd106b4a74ece0597005b07fe99a36d69bd1aa86ba516bad88,median,,30.73489868517101,0.8390874594715481,57.32182231616291,,,,,0.014769590008654632,8,8,NLM_fast_cuda_global,,,,,
set50,medium,9.gif,0,0.05,"[512, 512]",8b76cd61996084e7d23b9f638b4d32839d9f6ac7965ef9b585f78bdbdaff16b3,e0f43ad256990bfaa3242b836c5dd9d4cf4e80021e09d929388010da18ae0559,median,,28.011447704527924,0.877435786420929,57.87751317331041,,,,,0.015768078999826685,8,8,NLM_fast_cuda_global,,,,,
set50,medium,18.gif,0,0.05,"[512, 512]",539caf0cced15a86b729848a1a182b75776a621cf01b5e9a62085f53b86f3407,4a90c942e2032c8804b9ebb9792d42187fe4daeee7ef4378cd6b6eb20be33093,median,,21.79574322896492,0.6860944849509948,45.202595862032204,,,,,0.02024930200423114,8,8,NLM_fast_cuda_global,,,,,
set50,medium,49.gif,0,0.05,"[512, 512]",8311e02cd6238d6e74f6a9bf6fa5c250d748ceec5882a86242e2452c587cdf2b,5a601ed1dcc9698d64a9477467d78dda4fff8dd35cfeaf9d23934a7ad5017559,median,,18.780512167113326,0.8805829340926992,53.419402788191626,,,,,0.007769940988509916,8,8,NLM_fast_cuda_global,,,,,
set50,medium,4.gif,0,0.05,"[512, 512]",fd89b9bfe327e11c7cfbc851fff026261f2c33ef17edc9373682def6616fdc4f,1bddc85da101df43df7bb7612200d6defe6021e2962e858d3d0572298eb96ac2,median,,31.976615488088168,0.8788810336040507,59.93235942424662,,,,,0.01848292100476101,8,8,NLM_fast_cuda_global,,,,,
set50,medium,8.gif,0,0.05,"[512, 512]",fd53a01b9f6a3a02a5408efee91cfa235b1325372804d49874a677719089b14e,e2dea4fbc7e21862ca9af16abc32c18c40a4dd5dd02696d500714675394acfb8,median,,31.723848488855335,0.9001823125141915,60.87103987013724,,,,,0.014040555004612543,8,8,NLM_fast_cuda_global,,,,,
set50,medium,39.gif,0,0.05,"[512, 512]",e43557540646572e4a7b69124c49ff2c37c4d1695507c5d64a44d09a5043958e,3302c586943fdd9db0f9ba7e02a73af0dce174011bc328f077b07b2e455337b4,median,,33.23642558703571,0.9046027428798182,61.848349937508765,,,,,0.013214743012213148,8,8,NLM_fast_cuda_global,,,,,
set50,medium,12.gif,0,0.05,"[512, 512]",3c3ec23125fea9974f2e94c0d93a534edf2ec60d33b6af79f9a60fef58295de4,59d963dcd00180e7f3f72547745489e101cd7eff2175e5f3bb993ec828ffbb2f,median,,29.45516129692237,0.8689945214753412,58.177306722228245,,,,,0.022204075008630753,8,8,NLM_fast_cuda_global,,,,,
set50,medium,45.gif,0,0.05,"[512, 512]",72644242bceb1596c04ab4ddde11989c7aa206ee2094402fadeac9f9c500d55a,81ad42bbcf0b5e8f33c2ad489cebceb574e8a1035bc12ec2a3d57de309ae0f6a,median,,30.454346139541943,0.8748130008221259,58.96782311087726,,,,,0.02480605499295052,8,8,NLM_fast_cuda_global,,,,,
set50,medium,11.gif,0,0.05,"[512, 512]",b12e0216f269d1ad8f5dfe769baf0fb60142ab5235a6d1d62707dc52ca591071,901e5232f1e9d4af8b7e7854cd94540c565ee392f1959e992aa40cca5ec504b7,median,,21.47172921904708,0.7784845077542982,49.66008999723845,,,,,0.012982077998458408,8,8,NLM_fast_cuda_global,,,,,
set50,medium,34.gif,0,0.05,"[512, 512]",42a4b02f48b536770f4d42c1c4884a5b2a4a662af62778249a90a16c1d9f5398,f88df87e1cc3de2cabfeea22db517da9ce53ffbe36b4b8fcb3fda6b33e5bcef7,median,,28.70225583995987,0.8470378366385991,56.70301975190989,,,,,0.0186189399973955,8,8,NLM_fast_cuda_global,,,,,
set50,extreme,10.gif,0,0.2,"[512, 512]",e233b9bc584bbcbbdcbcbf3674e9c18c92aff37cf54afeec01dc2e7dc1811878,c2298b7f30afbb2db5aebc17d7f29055d6f3492e431507d9548fbcca879a142f,median,,28.155661358967876,0.9003804591965281,59.09685363931034,,,,,0.022946715005673468,8,8,NLM_fast_cuda_global,,,,,
set50,extreme,0.png,0,0.2,"[512, 512]",0a372ced9fd4d1f9633532a58073e3974b41da8cfc87f04ec8e9a8dc6a89bba1,bb82ddd95a6a25e95485a996c31e0375130595fb41bbf773b1bd5b01c13959c1,median,,29.133335524597413,0.9204720727165234,60.59027139812488,,,,,0.01863014799891971,8,8,NLM_fast_cuda_global,,,,,
set50,extreme,1.gif,0,0.2,"[512, 512]",95f21dff4cd5a318a519cb05a1e35fb41f49c007ca46345fd6917258be8d9d73,54e822cbce4710b252fbe64e0411a8ba078cc0c39f84b7119227543ee0ff4185,median,,23.508662729713944,0.7623366980277184,49.871166266242895,,,,,0.019900065002730116,8,8,NLM_fast_cuda_global,,,,,
set50,moderate,19.gif,0,0.03,"[512, 512]",d17c7663feb48c0fe318904421cb04ec7e850a109d952f66a49ac464a4176a1e,4a77cc7feb68ac2e5a85825f247e8e4c3c9679a7c0426f5bfdcd4072c19d4627,median,,29.481452353948182,0.8864644626877137,59.06394931135978,,,,,0.015012629999546334,8,8,NLM_fast_cuda_global,,,,,
set50,moderate,22.gif,0,0.03,"[512, 512]",dfe4f6c6370dbe0651bccc46e98ac3b787e8c63a3a37fb138fe6c81f3e32edd4,2e45a4290be99d09ad7c8b15ab628d656e317851811cf62a814d56799172c143,median,,25.239277976669495,0.759871015464159,50.6131897615427,,,,,0.01675342499220278,8,8,NLM_fast_cuda_global,,,,,
set50,moderate,10.gif,0,0.03,"[512, 512]",e233b9bc584bbcbbdcbcbf3674e9c18c92aff37cf54afeec01dc2e7dc1811878,bf021845440d96f05ab8d1c21303bf9963fdc05185458026279984bb6cf67882,median,,34.06680990442011,0.9548090904578828,64.77385947510419,,,,,0.01793497799371835,8,8,NLM_fast_cuda_global,,,,,
set50,moderate,14.gif,0,0.03,"[512, 512]",83fe92c5398701971c09c467a97dc4bfdb94eb4b3ded548d26e5e7fcf62e4d2a,abe42801e069a3aebf3f39389e875a54b88a4e1f606a29719e6111251e33d91b,median,,22.41521577557578,0.6925034771646571,45.83278174602074,,,,,0.018923066003480926,8,8,NLM_fast_cuda_global,,,,,
set50,moderate,5.gif,0,0.03,"[512, 512]",49db903e1a87a0044a734fb77708aad9985011bc9ee9fb379099de1b4e946109,af29f9154f09d34b94284c16eae6366125c9201801f5961f397ede4007ff8d2a,median,,34.34787184428076,0.9170208739141887,63.024979617849816,,,,,0.013252284988993779,8,8,NLM_fast_cuda_global,,,,,
set50,moderate,44.gif,0,0.03,"[512, 512]",f968969e97bf6f8f47fd5940af0bd7481b61f2df6d5d553882b8938123b37289,bb1a9080a734e4376c0068ee09317d2e77d45ff3bc06189f526414812d722522,median,,18.820257836144762,0.5739753020632685,38.108894021235805,,,,,0.022918542003026232,8,8,NLM_fast_cuda_global,,,,,
set50,moderate,42.gif,0,0.03,"[512, 512]",f9b953242d46fc204da43e46262ac3754e9428050546213f592efb0fb7398f12,5a97f335dd14d16fa2a26568a61dbdd1f0cd96c034e1d93323385c6c8ee1278b,median,,28.38011828780752,0.8563496918622575,57.00754373701663,,,,,0.02382005400431808,8,8,NLM_fast_cuda_global,,,,,
set50,moderate,38.gif,0,0.03,"[512, 512]",e39779dc60dbc76330293a5fdb44dfabe4d22433c36132e18afcf31a515217b4,7b05a5462bc68e44134575d6e71c54256811d7816777d48e15b8ebff29020534,median,,32.37645420412411,0.8937658594399369,60.8765200740589,,,,,0.015024584005004726,8,8,NLM_fast_cuda_global,,,,,
set50,moderate,48.gif,0,0.03,"[512, 512]",9b261d731fc3d639b0cc3dac391980b0c49dd558b24b95a14bb3f3eb9f3569d0,be699cc3e412bf91ef9e26d4f7be8e45cc78cbc1049db067c20cc8e0fdefa309,median,,31.96801147417245,0.9146892233780065,61.718466905986546,,,,,0.01860222600225825,8,8,NLM_fast_cuda_global,,,,,
set50,moderate,17.gif,0,0.03,"[512, 512]",6f8a02e1689062bed722742a554760dd74359b35fc8b969bab8beed8e59421a0,29b950eb5447df2cee11f6d9ed1e4ef64d57aa95f3d5eddc1297ed8706b401b4,median,,25.840997394412927,0.8622628294891329,56.03364017166311,,,,,0.017435098998248577,8,8,NLM_fast_cuda_global,,,,,
set50,moderate,0.png,0,0.03,"[512, 512]",0a372ced9fd4d1f9633532a58073e3974b41da8cfc87f04ec8e9a8dc6a89bba1,1890871d8ac6fdf241ae77566f9a0eb175baed8033bd8ffbdecf5475a45749fe,median,,36.36013076561258,0.9749300080828883,66.9265657869507,,,,,0.015540256994427182,8,8,NLM_fast_cuda_global,,,,,
set50,moderate,16.gif,0,0.03,"[512, 512]",2d68b31ae4d4c10bc0e60742ba3064c10d62113ffb3ca9a7c14b80e40b0e6170,108534efa550eb43c28b1af1689dc7e2b4ce02a2879364bb26dfe0bda7ea36a0,median,,23.43492160043496,0.5999631062096474,41.715616110699855,,,,,0.021420068995212205,8,8,NLM_fast_cuda_global,,,,,
set50,moderate,32.gif,0,0.03,"[512, 512]",c3cc3fb5da093d47d6808c6219ed907c3e69ab01954b1b929a8739cbbcc26493,d278879439261ffe9ed28694e5eea47639c1b8f5a8a94bace3543395b60dd533,median,,27.474427466270477,0.8213584237803482,54.80513492215265,,,,,0.017433988003176637,8,8,NLM_fast_cuda_global,,,,,
set50,moderate,30.gif,0,0.03,"[512, 512]",b1cccc0e8d64bae511f9cd0c5596628364bd1e09c90c5e793604a1f7a55f642f,d28020be6943581ea586663a46ffe8f3a0fb5dabd1de0042b989c19d113e461f,median,,28.728755084834525,0.8218481606222262,55.45678557352858,,,,,0.01726189198961947,8,8,NLM_fast_cuda_global,,,,,
set50,moderate,43.gif,0,0.03,"[512, 512]",443801cafadb33c7829b313f4efd834e70cc313567a260dd2b5554dc7ee6be98,1f8784755ea55d81ac618ccaca204d47bf177db66bd5c7daaede569bb788a981,median,,33.65966944434654,0.9587414568596007,64.7669075651533,,,,,0.02206753999053035,8,8,NLM_fast_cuda_global,,,,,
set50,moderate,47.gif,0,0.03,"[512, 512]",9005ddf994846f88305becd36c72a046818a094c026c69a8106c34b34a31a8fe,4d80ef3a631443edbca7f0f765de5e35a2502b2f168084e29548ba4f32211a34,median,,23.607563159787116,0.7387666783499353,48.74211549739032,,,,,0.01981258900195826,8,8,NLM_fast_cuda_global,,,,,
set50,moderate,25.gif,0,0.03,"[512, 512]",30838b6c4e963b60da10cc6158a119a7052a4ffa1ebdcc87bcf0054f681427c6,8e83987dd80258df03bc1d39081bd12f3e414e2a92e3b00b5454514001fa330e,median,,35.19750907733159,0.923727329982614,63.78512103779649,,,,,0.01291242300067097,8,8,NLM_fast_cuda_global,,,,,
set50,moderate,7.gif,0,0.03,"[512, 512]",5e3769e24988284e1036ce844ee8e0f11dbe28fe111f6a962e37864dc34b60dc,43f856b2e4729aee32854ee85f842476fc982f3d9d390db1fb2b7253e4e7e89c,median,,22.081807628279265,0.7639744811150416,49.23962786989171,,,,,0.014532453002175316,8,8,NLM_fast_cuda_global,,,,,
set50,moderate,15.gif,0,0.03,"[512, 512]",51e2066df33af18b47bcd356b17c6cdf04f2a5fd219ace410fcabb06698c6c71,2d9093eb41be84ce7ed0d978b9b19c485cbf154d47e52c2dd0fd828853447d0c,median,,25.735706508413543,0.7942020891017443,52.57795770929398,,,,,0.017840351996710524,8,8,NLM_fast_cuda_global,,,,,
set50,moderate,41.gif,0,0.03,"[512, 512]",1569598ab7f33ee44bcf70502565ffcd7528912a2c13cd1977fe64573770f1e6,ff0263a6707841b84077f68687f1b5681a02f5a5751a9c11140365b8582c92b3,median,,30.449312421212056,0.880453396610264,59.24732604111923,,,,,0.018785426000249572,8,8,NLM_fast_cuda_global,,,,,
set50,moderate,6.gif,0,0.03,"[512, 512]",ca956c8aa0ec2de8bd2e4d7545c7f969215d4f7f65cb72ee9d31cb17df0033b6,84221910b6b9a6acdbb5afef9fc1ca7d246990555c43db357055a2f7fb1696d9,median,,28.968784647956948,0.873677470621279,58.16826585504243,,,,,0.015708528997492976,8,8,NLM_fast_cuda_global,,,,,
set50,moderate,21.gif,0,0.03,"[512, 512]",74d2fa3fc2447fd331660c09f2f468f3cce983dc347509d32564e992fdebaf9a,d5ccfab06b048653f8250b070ca0b04342317d22a38961fa45c8b80e0d09c15a,median,,29.887719754054842,0.84474893504343,57.18130662919892,,,,,0.014345343006425537,8,8,NLM_fast_cuda_global,,,,,
set50,moderate,27.gif,0,0.03,"[512, 512]",bc7a1c1300b1b1bda264e18fbde62fa845194fac5839cb705a788c6ac331f517,aab60ccc545edf9dca9fa48d80e67ab5ad51f1057b062d7157c1f27cece394a7,median,,34.58363795603415,0.9259280711202145,63.5882225340278,,,,,0.015857544989557937,8,8,NLM_fast_cuda_global,,,,,
set50,moderate,46.gif,0,0.03,"[512, 512]",14cdebcd7b2b9e534cc9717933df6ccb4861289237cde90700810e2e6e2e245f,f68a978e6ae4cceafd52796314ca1bd61710126b4514f19d2cf2a1dbf543f9eb,median,,26.72220941898981,0.8189111616363866,54.30666279131423,,,,,0.018305787001736462,8,8,NLM_fast_cuda_global,,,,,
set50,moderate,20.gif,0,0.03,"[512, 512]",c3a4da195ffc62103521cd979723e50840fe46cfd989b567c826985f8b23dcf4,00025b7fcbcf353bccb34525bf06153c13450094f9fb05eda8e25b4b3cf81775,median,,27.670207300371853,0.8067195934951542,54.17108332494364,,,,,0.01788647100329399,8,8,NLM_fast_cuda_global,,,,,
set50,moderate,2.gif,0,0.03,"[512, 512]",b101b795e2638a1e9dbdaa513bdc8be6090aed4d6ac294b155e5f3a2c7c0bb80,7815db9fcaba45ca1fe9659edc8745c582da03a285a37be6aefbfc147089a99b,median,,31.58663402949592,0.8715627800801955,59.37145601875774,,,,,0.02151438301370945,8,8,NLM_fast_cuda_global,,,,,
set50,moderate,40.gif,0,0.03,"[512, 512]",911cad3f1d559f196f94ed9e80a9602969b74319acb1d70da238efdb48af38e2,4ed4227588674f3dfbd060c06df4a2a8737dae851b4ce97b19d6d26acd29cd88,median,,36.9310662051728,0.9348723150548446,65.20914885532864,,,,,0.018247044004965574,8,8,NLM_fast_cuda_global,,,,,
set50,moderate,31.gif,0,0.03,"[512, 512]",33781418a1e6e85521011be7d450b002a8f8a8f1ba68a79c1219f3b3ba59b160,6c04ab1e187ca58f545f9b32e49810d14cc9f4baabf6e8b2e3ab576507435c08,median,,21.08747723581121,0.6327362991271234,42.18055357426177,,,,,0.020932269995682873,8,8,NLM_fast_cuda_global,,,,,
set50,moderate,29.gif,0,0.03,"[512, 512]",1eeb76c0386fbcd563a08eb25bbeffde427bdc62658e4bcc02c8aafbf733f219,7e36de98996efc03518db23d8b2790304e843bc1b59fa6dbd37c32ded4a6902b,median,,25.25411281288416,0.70352974502038,47.80354365746108,,,,,0.018433018994983286,8,8,NLM_fast_cuda_global,,,,,
set50,moderate,33.gif,0,0.03,"[512, 512]",7a10c4eca50167d8d459c2505f2b0f21cfb399e7b01adccaa0422695496c2e72,ba09b5b2b00094264b93b15dfe764f5f155d14fd8012fef6795bbb30e2e02af9,median,,29.545435946834864,0.8406442401505427,56.804929980944564,,,,,0.01712105900514871,8,8,NLM_fast_cuda_global,,,,,
set50,moderate,24.gif,0,0.03,"[512, 512]",b8f6ebed7641854cd23e807c2f78d350f1373b2fe7f96e6ea18f8531797fbc3a,00361d9d18adafe8f56c1222f7c494507b310d4a76d7b0c8a82b2c1609574b41,median,,32.39276054336702,0.8908706591619667,60.73991322978185,,,,,0.01387894900108222,8,8,NLM_fast_cuda_global,,,,,
set50,moderate,3.gif,0,0.03,"[512, 512]",e3e2313cc250162bd613776c7b0063891d9d56b3576c9808ac5c8c0e7e8fcb8d,dd14e890ca3c05f9cb0de1181aa5a5db0779077468bd4909ced1783680752557,median,,30.869455609011403,0.8917935854010407,60.02440707455774,,,,,0.014485702005913481,8,8,NLM_fast_cuda_global,,,,,
set50,moderate,1.gif,0,0.03,"[512, 512]",95f21dff4cd5a318a519cb05a1e35fb41f49c007ca46345fd6917258be8d9d73,b046c3ca53ac27d398655bff7451b2b566c0b17466b8819f428a346cbe1fb919,median,,25.287510978872376,0.8203565958699203,53.6615852829322,,,,,0.01799465400108602,8,8,NLM_fast_cuda_global,,,,,
set50,moderate,23.gif,0,0.03,"[512, 512]",05918015ae96873f255fec3e75ace895a76214abbeffdbfff55b5cf6214224c6,2daf28aacbb63227de565cd84c202daafbc0a84772d4320a0d4213b8214207da,median,,36.34008673722091,0.939218299561888,65.13095834670486,,,,,0.013496561994543299,8,8,NLM_fast_cuda_global,,,,,
set50,moderate,35.gif,0,0.03,"[512, 512]",353590d221e21b53b97858fbc575a2320a10336f21bbed5dd461fa942bab100f,0fb08c5de87a5a41e52590493adbddf82a33f95b9154da10a9801c12a103de9f,median,,31.469753095782643,0.8756456043785653,59.51715676681958,,,,,0.01728500399622135,8,8,NLM_fast_cuda_global,,,,,
set50,moderate,36.gif,0,0.03,"[512, 512]",99a41bcc709d43204ca0f73a6593656300237e5367043081c5065ca77d5e3628,ac5122e3551e0bbc5ce45212b3e5a5b0036fdaec4bb1859d21d61fc5d6d185a9,median,,27.33037339489972,0.8245143489827647,54.89090414658809,,,,,0.01767055000527762,8,8,NLM_fast_cuda_global,,,,,
set50,moderate,26.gif,0,0.03,"[512, 512]",3efcc155fe7f35f9428c0536c9c1dc2b826188d5f0a5b0a90ecbf681233221e2,80df9d16ce4f4c986faf28bb5b520724b7cc3964f0373fd572fa16b065e88889,median,,33.75840507534925,0.9077796676494598,62.268185920147616,,,,,0.01496823898924049,8,8,NLM_fast_cuda_global,,,,,
set50,moderate,37.gif,0,0.03,"[512, 512]",74881a36c4896c931da56c784ac35afb478dc71ae7af27894deeb074f83e518a,7173cba5345fcfbe9557abb697d95042a919f4d6122da8ce612d77d8fb82cf11,median,,29.39480821890623,0.7855930107881129,53.97705464885876,,,,,0.01840709100360982,8,8,NLM_fast_cuda_global,,,,,
set50,moderate,13.gif,0,0.03,"[512, 512]",c34b796bde09761f5bc3c358f20b72f49e020580ed0a76d5456c61f0da4499eb,a2f2a757fc1c83f9bed8ee3c789083b32351ef8857a1a102fba848a3fe7d0f2a,median,,31.176192065902455,0.9257623769160734,61.8762148787549,,,,,0.016889069011085667,8,8,NLM_fast_cuda_global,,,,,
set50,moderate,28.gif,0,0.03,"[512, 512]",f509179793e6551fbec77f8fdd91e45d53d2dd6e0a87394377c4bb4c52eb9a43,0ec572cf93ac546cce976f078eeb44740a3e46ee9a4fce5909a4ee51526b79a3,median,,30.852340427800424,0.8413969081911682,57.496015623458625,,,,,0.01738305301114451,8,8,NLM_fast_cuda_global,,,,,
set50,moderate,9.gif,0,0.03,"[512, 512]",8b76cd61996084e7d23b9f638b4d32839d9f6ac7965ef9b585f78bdbdaff16b3,08ebebac1d0c3f7ebfafdfa8e93fa92ed980cc02966803336351778a3d0128df,median,,28.161126304450978,0.8797682319368777,58.06897474906937,,,,,0.01571096399857197,8,8,NLM_fast_cuda_global,,,,,
set50,moderate,18.gif,0,0.03,"[512, 512]",539caf0cced15a86b729848a1a182b75776a621cf01b5e9a62085f53b86f3407,762e6943b9437065f73e4f6277554701b84063ead3f21c15cf1e7188d5fc83c8,median,,21.916046522061322,0.6902674012405917,45.47139332306025,,,,,0.01806992999627255,8,8,NLM_fast_cuda_global,,,,,
set50,moderate,49.gif,0,0.03,"[512, 512]",8311e02cd6238d6e74f6a9bf6fa5c250d748ceec5882a86242e2452c587cdf2b,51d6c89faaff83ef0b7b15a14c8357cccf0aa1dd8a38cf19b3dc5e7488c4f352,median,,18.777745540550907,0.8791199016685566,53.344867853703285,,,,,0.007500844003516249,8,8,NLM_fast_cuda_global,,,,,
set50,moderate,4.gif,0,0.03,"[512, 512]",fd89b9bfe327e11c7cfbc851fff026261f2c33ef17edc9373682def6616fdc4f,90c0c67bdd6ea5e7262ae4a17200e7f45a845bcba4d8cd17bc0c12abd43e6ccf,median,,32.18827417447251,0.8818607828611511,60.18717623029381,,,,,0.015467413002625108,8,8,NLM_fast_cuda_global,,,,,
set50,moderate,8.gif,0,0.03,"[512, 512]",fd53a01b9f6a3a02a5408efee91cfa235b1325372804d49874a677719089b14e,eb3e181f36ac425d497e384772f1bc27cbb99aaccac73affe890e3b538d1fec8,median,,31.896251360242967,0.9021263996040734,61.05444566032515,,,,,0.01411116799863521,8,8,NLM_fast_cuda_global,,,,,
set50,moderate,39.gif,0,0.03,"[512, 512]",e43557540646572e4a7b69124c49ff2c37c4d1695507c5d64a44d09a5043958e,b18d17a3f4769d559d7b4a3cbb523afee8371b8e3419c1884514b2f407e9a4ac,median,,33.373989554113656,0.9059642297674214,61.985206265427905,,,,,0.012921318004373461,8,8,NLM_fast_cuda_global,,,,,
set50,moderate,12.gif,0,0.03,"[512, 512]",3c3ec23125fea9974f2e94c0d93a534edf2ec60d33b6af79f9a60fef58295de4,a88e463713c8906dc55b4636147c4434d127d68a71e2e4d94601b4da5b09fa9e,median,,29.692709200923616,0.8722195032489063,58.45732976290712,,,,,0.01998928100510966,8,8,NLM_fast_cuda_global,,,,,
set50,moderate,45.gif,0,0.03,"[512, 512]",72644242bceb1596c04ab4ddde11989c7aa206ee2094402fadeac9f9c500d55a,8f542b8722cb2b0dabbae2e6f726b67333642ec2c57fc7ddbf447d23110afc60,median,,30.712164054633433,0.8774585450664133,59.229009280637385,,,,,0.019629810005426407,8,8,NLM_fast_cuda_global,,,,,
set50,moderate,11.gif,0,0.03,"[512, 512]",b12e0216f269d1ad8f5dfe769baf0fb60142ab5235a6d1d62707dc52ca591071,2b4a035721bdad7497c2bbf55e4f48957b4abd07b77f288442c504b9a2e5e739,median,,21.606024790895955,0.7817186787322926,49.88894633206261,,,,,0.012483541009714827,8,8,NLM_fast_cuda_global,,,,,
set50,moderate,34.gif,0,0.03,"[512, 512]",42a4b02f48b536770f4d42c1c4884a5b2a4a662af62778249a90a16c1d9f5398,55a28dcc5b7916918ef13b18a26e0b258b3c954f785ec8c1ee8d6498ea3b939b,median,,28.864800360412417,0.8503233943498703,56.94856989769972,,,,,0.018732733005890623,8,8,NLM_fast_cuda_global,,,,,
set50,low,19.gif,0,0.01,"[512, 512]",d17c7663feb48c0fe318904421cb04ec7e850a109d952f66a49ac464a4176a1e,4d9fcea700a23bddd85518f70e1f1a21427252e043050cf82bbd584a784dcdf2,median,,29.6994361554778,0.8891074414247616,59.30509014897698,,,,,0.01554361499438528,8,8,NLM_fast_cuda_global,,,,,
set50,low,22.gif,0,0.01,"[512, 512]",dfe4f6c6370dbe0651bccc46e98ac3b787e8c63a3a37fb138fe6c81f3e32edd4,b2c86302dd35784935b349103eea4994bac78882b1f66fe05cbd0eff3c4f3692,median,,25.321827169323264,0.7622957996907054,50.77570356919691,,,,,0.017128966996097006,8,8,NLM_fast_cuda_global,,,,,
set50,low,10.gif,0,0.01,"[512, 512]",e233b9bc584bbcbbdcbcbf3674e9c18c92aff37cf54afeec01dc2e7dc1811878,ed18cdba5c14f3575b15c3dbd6cb7821e1672460cf265af262fa809b2dcc9878,median,,34.75497569073855,0.9563232122098342,65.19364845586098,,,,,0.017526697993162088,8,8,NLM_fast_cuda_global,,,,,
set50,low,14.gif,0,0.01,"[512, 512]",83fe92c5398701971c09c467a97dc4bfdb94eb4b3ded548d26e5e7fcf62e4d2a,64abc2d905aabb38864450f0af1ad424bb1689ea0666689a0a39ea98c8e6c64e,median,,22.495600007384546,0.6954102901036299,46.01831450887377,,,,,0.017967519990634173,8,8,NLM_fast_cuda_global,,,,,
set50,low,5.gif,0,0.01,"[512, 512]",49db903e1a87a0044a734fb77708aad9985011bc9ee9fb379099de1b4e946109,dbd952e46b4726c976e4c86376e9410d20bfc6334f5e9e484a536a9f0337370b,median,,34.567751290947605,0.9196467537415178,63.2662133325497,,,,,0.013519060012185946,8,8,NLM_fast_cuda_global,,,,,
set50,low,44.gif,0,0.01,"[512, 512]",f968969e97bf6f8f47fd5940af0bd7481b61f2df6d5d553882b8938123b37289,42e3c08cf2b0cec0c123c4090e6a3f4b8b8ee6df540c5eec04ad9484bc032028,median,,18.90023010418991,0.5775092275004106,38.32557642711548,,,,,0.018977665007696487,8,8,NLM_fast_cuda_global,,,,,
set50,low,42.gif,0,0.01,"[512, 512]",f9b953242d46fc204da43e46262ac3754e9428050546213f592efb0fb7398f12,fca820cfcfd19eacbd368d0e7c81d4bf941a17e29fe10943058be3157ad7ecdd,median,,28.560299473768602,0.8589492407316549,57.227611773467046,,,,,0.020190306997392327,8,8,NLM_fast_cuda_global,,,,,
set50,low,38.gif,0,0.01,"[512, 512]",e39779dc60dbc76330293a5fdb44dfabe4d22433c36132e18afcf31a515217b4,8a4f622d145ab8ed04f447bd3e6fea77afa39ceaa5e438fdaefe8a638cb76d4d,median,,32.50667912611066,0.8959587723290563,61.051278179508145,,,,,0.014172102994052693,8,8,NLM_fast_cuda_global,,,,,
set50,low,48.gif,0,0.01,"[512, 512]",9b261d731fc3d639b0cc3dac391980b0c49dd558b24b95a14bb3f3eb9f3569d0,de7039382b2c716bf8b8bd9ef90136c7a8e43e3e8bdee5fa3447bde9a6becb68,median,,32.14816261428359,0.9168887234633344,61.918517480308516,,,,,0.018030995008302853,8,8,NLM_fast_cuda_global,,,,,
set50,low,17.gif,0,0.01,"[512, 512]",6f8a02e1689062bed722742a554760dd74359b35fc8b969bab8beed8e59421a0,da214e6323ceeebbcc7aa2be59f5915388fdb98dd02a39f8ca94705bae09da2a,median,,26.026739028544537,0.8661139423018832,56.31906662936643,,,,,0.017222219001268968,8,8,NLM_fast_cuda_global,,,,,
set50,low,0.png,0,0.01,"[512, 512]",0a372ced9fd4d1f9633532a58073e3974b41da8cfc87f04ec8e9a8dc6a89bba1,580fbc14af471717cfc09261d71b2bee527d3960eb5a144e296d4af84219023d,median,,36.74871412029332,0.9760125384320513,67.17498398174922,,,,,0.014942387002520263,8,8,NLM_fast_cuda_global,,,,,
set50,low,16.gif,0,0.01,"[512, 512]",2d68b31ae4d4c10bc0e60742ba3064c10d62113ffb3ca9a7c14b80e40b0e6170,5a34727aa846ef18673a8ed97ce9030df3297566700329ed4d9163d22c8c0e23,median,,23.51536134642359,0.603088665124388,41.91211392943119,,,,,0.020136477003688924,8,8,NLM_fast_cuda_global,,,,,
set50,low,32.gif,0,0.01,"[512, 512]",c3cc3fb5da093d47d6808c6219ed907c3e69ab01954b1b929a8739cbbcc26493,ee0b605cf5805cee95dec190b897d374b300762268a951bc2923c750885eb553,median,,27.63131076509444,0.8237130251163486,55.001306638364646,,,,,0.01677233500231523,8,8,NLM_fast_cuda_global,,,,,
set50,low,30.gif,0,0.01,"[512, 512]",b1cccc0e8d64bae511f9cd0c5596628364bd1e09c90c5e793604a1f7a55f642f,8ca3d59b856fd4291a18000f1171df98f2ccda8b342a7686d3fe46cb7cbe5e9a,median,,28.860940563834305,0.8247632190781135,55.66863123582282,,,,,0.01699354099400807,8,8,NLM_fast_cuda_global,,,,,
set50,low,43.gif,0,0.01,"[512, 512]",443801cafadb33c7829b313f4efd834e70cc313567a260dd2b5554dc7ee6be98,0367df72489ecd2f6c17785be16d482c8ad0f56c301ac5135b7c597d340c320a,median,,34.04017187047627,0.9610953883529441,65.07485535288534,,,,,0.01709780699457042,8,8,NLM_fast_cuda_global,,,,,
set50,low,47.gif,0,0.01,"[512, 512]",9005ddf994846f88305becd36c72a046818a094c026c69a8106c34b34a31a8fe,b58103ccb1517d653cbc447db4dc4d1bbfe39e12b76ae800a60c523302295055,median,,23.73484271070172,0.7427658359642731,49.005713153564514,,,,,0.02172806100861635,8,8,NLM_fast_cuda_global,,,,,
set50,low,25.gif,0,0.01,"[512, 512]",30838b6c4e963b60da10cc6158a119a7052a4ffa1ebdcc87bcf0054f681427c6,54d84616da890c632d6a16057e9dc62f9b7d564bf73fa85bad96d32d0b8e37f3,median,,35.35044268275148,0.9251182657021548,63.93113462648348,,,,,0.013233577003120445,8,8,NLM_fast_cuda_global,,,,,
set50,low,7.gif,0,0.01,"[512, 512]",5e3769e24988284e1036ce844ee8e0f11dbe28fe111f6a962e37864dc34b60dc,64adbe011994dd5254c8b1aa9d24094637976f4c9b2c0e6b111ad13c8fd77d7f,median,,22.218386757622596,0.7676319589457082,49.49079132609671,,,,,0.01475579699035734,8,8,NLM_fast_cuda_global,,,,,
set50,low,15.gif,0,0.01,"[512, 512]",51e2066df33af18b47bcd356b17c6cdf04f2a5fd219ace410fcabb06698c6c71,8c7914d337e62afbc812f7fa21b64172783d92b5a5d191250b56d3acae35dbbe,median,,25.833716606979547,0.7968226011981873,52.757988363399136,,,,,0.018266270009917207,8,8,NLM_fast_cuda_global,,,,,
set50,low,41.gif,0,0.01,"[512, 512]",1569598ab7f33ee44bcf70502565ffcd7528912a2c13cd1977fe64573770f1e6,5ca718b9bf3bcbf2d15f3cbfb1bb2ef9abb4b101ff07a87ae2357f80b38f995c,median,,30.598231194982212,0.883024857754251,59.45035848520365,,,,,0.018514969997340813,8,8,NLM_fast_cuda_global,,,,,
set50,low,6.gif,0,0.01,"[512, 512]",ca956c8aa0ec2de8bd2e4d7545c7f969215d4f7f65cb72ee9d31cb17df0033b6,c6a47fae86a982cf63f74e711953f9f9a442abe14bf023e0693cfabf476f7cb5,median,,29.083796952147694,0.8758767518119154,58.33573606666962,,,,,0.016097582003567368,8,8,NLM_fast_cuda_global,,,,,
set50,low,21.gif,0,0.01,"[512, 512]",74d2fa3fc2447fd331660c09f2f468f3cce983dc347509d32564e992fdebaf9a,d6fd972bca83abb88fbd0d7db771bbd0375fc9aad445e30f544c635990c9c919,median,,30.02202731641578,0.8471731915549877,57.36967323595728,,,,,0.014793045003898442,8,8,NLM_fast_cuda_global,,,,,
set50,low,27.gif,0,0.01,"[512, 512]",bc7a1c1300b1b1bda264e18fbde62fa845194fac5839cb705a788c6ac331f517,34bf2bcdfa12b56d970deac4f2646885f4df8f2a6be51ff1c842febb5cfa07bb,median,,34.829963189353705,0.927104198092446,63.77019149929915,,,,,0.013636782998219132,8,8,NLM_fast_cuda_global,,,,,
set50,low,46.gif,0,0.01,"[512, 512]",14cdebcd7b2b9e534cc9717933df6ccb4861289237cde90700810e2e6e2e245f,78f82fbfe7bfe1bd10a0ec830f660de577a7abe9ec75464d1c9180c2515cc412,median,,26.846625483313687,0.821956848050881,54.52115514420089,,,,,0.018812003996572457,8,8,NLM_fast_cuda_global,,,,,
set50,low,20.gif,0,0.01,"[512, 512]",c3a4da195ffc62103521cd979723e50840fe46cfd989b567c826985f8b23dcf4,926c8ffad204b1af9489027ea8e92efcf84f2315c100ce06303e326031b86775,median,,27.779802864077688,0.8097181473504855,54.37580879956312,,,,,0.017913602001499385,8,8,NLM_fast_cuda_global,,,,,
set50,low,2.gif,0,0.01,"[512, 512]",b101b795e2638a1e9dbdaa513bdc8be6090aed4d6ac294b155e5f3a2c7c0bb80,7195960aa368bfaccac8b97b6cd55bb61f7a81ada3a5c613dad979b7e2a88ecd,median,,31.706817212252474,0.873904744849719,59.54864584861219,,,,,0.01910264500475023,8,8,NLM_fast_cuda_global,,,,,
set50,low,40.gif,0,0.01,"[512, 512]",911cad3f1d559f196f94ed9e80a9602969b74319acb1d70da238efdb48af38e2,bb2b2ab1d2fb46491c3104537a7862d16c6540386d39c2d42b4dc0416f5fb0f1,median,,37.10422422332539,0.9366825289611661,65.386238559721,,,,,0.018095491992426105,8,8,NLM_fast_cuda_global,,,,,
set50,low,31.gif,0,0.01,"[512, 512]",33781418a1e6e85521011be7d450b002a8f8a8f1ba68a79c1219f3b3ba59b160,d6d7419dbd47cf4100df960a94ea3e33a9de9181970199e822813a042cca89e3,median,,21.14646842903764,0.6351834936878443,42.33240889891104,,,,,0.021383680010330863,8,8,NLM_fast_cuda_global,,,,,
set50,low,29.gif,0,0.01,"[512, 512]",1eeb76c0386fbcd563a08eb25bbeffde427bdc62658e4bcc02c8aafbf733f219,344bd3e7159aeb387f857c93bd519dbbefe06fcd40fc9b623eb0f0cfe1416ba9,median,,25.346523192125822,0.7066687459086779,48.00669889149681,,,,,0.017803640992497094,8,8,NLM_fast_cuda_global,,,,,
set50,low,33.gif,0,0.01,"[512, 512]",7a10c4eca50167d8d459c2505f2b0f21cfb399e7b01adccaa0422695496c2e72,c217786b989c52b18af02ac4eccfe62dd596f977dca2d7b6dc1bd0986f48da81,median,,29.64941746848843,0.8429401671586799,56.97171709217821,,,,,0.01745555600791704,8,8,NLM_fast_cuda_global,,,,,
set50,low,24.gif,0,0.01,"[512, 512]",b8f6ebed7641854cd23e807c2f78d350f1373b2fe7f96e6ea18f8531797fbc3a,23816520001755e583487cbe7dcd417d2e11a1ad056ec210acef626b034fdf36,median,,32.519954808328464,0.8926478121745824,60.89236801289336,,,,,0.014930001998436637,8,8,NLM_fast_cuda_global,,,,,
set50,low,3.gif,0,0.01,"[512, 512]",e3e2313cc250162bd613776c7b0063891d9d56b3576c9808ac5c8c0e7e8fcb8d,cc396bbe23c5212ba6baa086bf53a40beef07fa4020fe5ace7fbfa32416f23fa,median,,31.066809056273836,0.8940535013625828,60.23607959626606,,,,,0.013856970006600022,8,8,NLM_fast_cuda_global,,,,,
set50,low,1.gif,0,0.01,"[512, 512]",95f21dff4cd5a318a519cb05a1e35fb41f49c007ca46345fd6917258be8d9d73,be092100aa91ae017a208b593f7b1c88fc347faaded98e1691b9fbdb9bbdb3ae,median,,25.409868226709964,0.8236453156506917,53.887199895889566,,,,,0.017910246999235824,8,8,NLM_fast_cuda_global,,,,,
set50,low,23.gif,0,0.01,"[512, 512]",05918015ae96873f255fec3e75ace895a76214abbeffdbfff55b5cf6214224c6,8825f87136cb87cb87b7ee7b3bb71b82eaa68700864d5cc6e83af9fae3f56555,median,,36.586222426916365,0.9405572401309118,65.32097322000376,,,,,0.0130280320008751,8,8,NLM_fast_cuda_global,,,,,
set50,low,35.gif,0,0.01,"[512, 512]",353590d221e21b53b97858fbc575a2320a10336f21bbed5dd461fa942bab100f,470525874460bc637beb1f22c12cf7d95266c96ae72a58df1b8b8a45d7421dd5,median,,31.637861935539533,0.8777479247432243,59.70632720493098,,,,,0.016646894000587054,8,8,NLM_fast_cuda_global,,,,,
set50,low,36.gif,0,0.01,"[512, 512]",99a41bcc709d43204ca0f73a6593656300237e5367043081c5065ca77d5e3628,4c9fb2ffd6c3cd4191de57133e1f175dccaa7d659a83f2db7fb68f86bfb5eab5,median,,27.45731231151709,0.828005012578835,55.12890678470029,,,,,0.019439694995526224,8,8,NLM_fast_cuda_global,,,,,
set50,low,26.gif,0,0.01,"[512, 512]",3efcc155fe7f35f9428c0536c9c1dc2b826188d5f0a5b0a90ecbf681233221e2,fd6e5b6bb21f31fce84588fbf0def61aa7799be96bceaf1f8f821ce91540ca55,median,,33.91830673374466,0.9097156304267376,62.44493488820921,,,,,0.01659358400502242,8,8,NLM_fast_cuda_global,,,,,
set50,low,37.gif,0,0.01,"[512, 512]",74881a36c4896c931da56c784ac35afb478dc71ae7af27894deeb074f83e518a,d34dc52c2c08a14e007ecacf562579826f45b0b1707e067dff6b3df9968dbbaf,median,,29.48059256353359,0.7879302741245212,54.136809987992855,,,,,0.018708273011725396,8,8,NLM_fast_cuda_global,,,,,
set50,low,13.gif,0,0.01,"[512, 512]",c34b796bde09761f5bc3c358f20b72f49e020580ed0a76d5456c61f0da4499eb,21d5f13f0aba8a02886ff598d918384e41d968bbb44abcae71af497143790552,median,,31.62356112189313,0.9278040205531294,62.20198158860303,,,,,0.016071899008238688,8,8,NLM_fast_cuda_global,,,,,
set50,low,28.gif,0,0.01,"[512, 512]",f509179793e6551fbec77f8fdd91e45d53d2dd6e0a87394377c4bb4c52eb9a43,dd3ba862107b756742d3029f750c4d7be7c1283c6fb9ff3273684e5e05640984,median,,30.907306243054933,0.8428466506833407,57.595985655694506,,,,,0.01445659100136254,8,8,NLM_fast_cuda_global,,,,,
set50,low,9.gif,0,0.01,"[512, 512]",8b76cd61996084e7d23b9f638b4d32839d9f6ac7965ef9b585f78bdbdaff16b3,4cd76b34e1053d8ac22d03bda2ce6fe4218266806e9f352d164ab9cdb6ad5b7d,median,,28.311255523484952,0.8822810920437114,58.26968236392804,,,,,0.016053467013989575,8,8,NLM_fast_cuda_global,,,,,
set50,low,18.gif,0,0.01,"[512, 512]",539caf0cced15a86b729848a1a182b75776a621cf01b5e9a62085f53b86f3407,5873c891357876f2dbe9c9d0e5fc2da0fd371a9cf25f1268ae8f5893ee21f411,median,,22.027491898808368,0.6934088823806425,45.68419006843631,,,,,0.01858799799811095,8,8,NLM_fast_cuda_global,,,,,
set50,low,49.gif,0,0.01,"[512, 512]",8311e02cd6238d6e74f6a9bf6fa5c250d748ceec5882a86242e2452c587cdf2b,8125d7f83fc4d3be014d6ec00247ddfe409213305964ff8d8abbcaaaf07d5131,median,,18.7984555208472,0.8779007505999727,53.29426529042224,,,,,0.006523428004584275,8,8,NLM_fast_cuda_global,,,,,
set50,low,4.gif,0,0.01,"[512, 512]",fd89b9bfe327e11c7cfbc851fff026261f2c33ef17edc9373682def6616fdc4f,cb585c5a840cc56bfa16227eca05f3d968ee47e4d8a6d4f6a8098f24c92e5ebe,median,,32.339654091804476,0.8845253114808752,60.396092619945996,,,,,0.016074052997282706,8,8,NLM_fast_cuda_global,,,,,
set50,low,8.gif,0,0.01,"[512, 512]",fd53a01b9f6a3a02a5408efee91cfa235b1325372804d49874a677719089b14e,959d9223c31d5d17f16e71514f09e97be2737ed240f0e73975f0bb5c91651a10,median,,32.02883151558174,0.9039946844928655,61.214149982434144,,,,,0.013501940004061908,8,8,NLM_fast_cuda_global,,,,,
set50,low,39.gif,0,0.01,"[512, 512]",e43557540646572e4a7b69124c49ff2c37c4d1695507c5d64a44d09a5043958e,44e6529e24cceca1d712601d81f8499b0bc9587c6093ab99c831d09ccf79016a,median,,33.49486330128692,0.9070967635817143,62.10226982972918,,,,,0.012353237994830124,8,8,NLM_fast_cuda_global,,,,,
set50,low,12.gif,0,0.01,"[512, 512]",3c3ec23125fea9974f2e94c0d93a534edf2ec60d33b6af79f9a60fef58295de4,fa9482fa551439d9f17531d42a955c1c9fb456df7a7ea0c45be4ad6a23db1c47,median,,29.873391779099872,0.8748788130073659,58.68063653991823,,,,,0.01953893600148149,8,8,NLM_fast_cuda_global,,,,,
set50,low,45.gif,0,0.01,"[512, 512]",72644242bceb1596c04ab4ddde11989c7aa206ee2094402fadeac9f9c500d55a,c3ab35a48c81121c8b48794984160850baf0a8f64d9009ea6eeefb548e11df68,median,,30.951740735357596,0.8796641685202138,59.459078793689486,,,,,0.019670020992634818,8,8,NLM_fast_cuda_global,,,,,
set50,low,11.gif,0,0.01,"[512, 512]",b12e0216f269d1ad8f5dfe769baf0fb60142ab5235a6d1d62707dc52ca591071,8948decfdbaad42c41f6d0264883a357a35557ce680c55d8a78313aad39151af,median,,21.774086650736763,0.7856480895656118,50.16944780364897,,,,,0.012883589006378315,8,8,NLM_fast_cuda_global,,,,,
set50,low,34.gif,0,0.01,"[512, 512]",42a4b02f48b536770f4d42c1c4884a5b2a4a662af62778249a90a16c1d9f5398,dd73eaa5ded2fd68bedf81c188a0c44f01c7edbdcbf0abdf70e7d6c10a63bf63,median,,28.997915557828136,0.8529851727784156,57.148216417834846,,,,,0.018184749002102762,8,8,NLM_fast_cuda_global,,,,,
set12,high,02.png,0,0.1,"[512, 512]",9a0925d4efea52b4b8355baab41b735118c594bada85c1650a8c929d4bedd645,e416650380e12917a3a2eeeb4269219a30b3b8cc16efb4db753ec8cb052bd8c8,median,,41.497755858415786,0.9862266085251339,70.0602083554646,,,,,0.01553733300534077,8,8,NLM_fast_cuda_global,,,,,
set12,high,10.png,0,0.1,"[512, 512]",fa9370ee1649c3bf2aa161f01d3d2575a2dedca729f26b78bd75d618679b9889,7164aae5d6477ab64a9b20611d6b33f74569a62d739a897485e7d12dad80435d,median,,30.698672470853076,0.901917033761602,60.44518792350664,,,,,0.02019423700403422,8,8,NLM_fast_cuda_global,,,,,
set12,high,09.png,0,0.1,"[512, 512]",4b3ddbef5883a30e02120d9280c878727f5282bb054525cf3a5b0fcffb889d5c,3e0d74d912d9f117e2941f19693e873a800672ebfc0237c1409a0ea272ec7872,median,,24.59614442096886,0.8027941408261776,52.43777925179331,,,,,0.019663721992401406,8,8,NLM_fast_cuda_global,,,,,
set12,high,07.png,0,0.1,"[512, 512]",154769fc48745384ec8816fc554051b0dd5f1c55071de2669c9058bf3a96574e,2ba0d75dafd4a58439379072ed0bc3d150f40e4390b9b33d20349e9f1b29b718,median,,32.14653220245282,0.9598232411438858,64.0644281584207,,,,,0.016619175992673263,8,8,NLM_fast_cuda_global,,,,,
set12,high,05.png,0,0.1,"[512, 512]",0a48bd94dc684e9744094acf5f9409ae1a147f367207cbcf847ffecc9506b1e3,99ebf5f91f8d5011c136e3657c039f5f484f7a9ad07790541df20dd03bf9c836,median,,37.389960685543166,0.9868611302165347,68.03803685359831,,,,,0.016371183999581262,8,8,NLM_fast_cuda_global,,,,,
set12,high,08.png,0,0.1,"[512, 512]",2c394996c73fe787fca843f9f42014d5330dda4ad3053466b934f2c52d1c1f84,df4e8481f6afd5a29944a9cd59f15e3ba5659986829732fd430d6985cd4b7fc9,median,,29.594500606195815,0.8661273920792523,58.10361990706052,,,,,0.019937689998187125,8,8,NLM_fast_cuda_global,,,,,
set12,high,01.png,0,0.1,"[512, 512]",0a372ced9fd4d1f9633532a58073e3974b41da8cfc87f04ec8e9a8dc6a89bba1,5c64fdfe33f4ceb5a47428c2edc3ca4f989b1078a7da5d038a7aac327de869fd,median,,34.44587157385412,0.9681983055784551,65.63285106584982,,,,,0.01744642498670146,8,8,NLM_fast_cuda_global,,,,,
set12,high,04.png,0,0.1,"[512, 512]",7f6baec8e072815d469acd5d149f5da86b89ef26df1895c4edde2d5758900fd0,0a9fd41a69964cdee98a13387f66a0e0afec3986fcdb81bfef6cf0b952ec854c,median,,38.7499467175319,0.9853909783663763,68.64452227708477,,,,,0.015733082007500343,8,8,NLM_fast_cuda_global,,,,,
set12,high,06.png,0,0.1,"[512, 512]",aa1ae42753ac532294aa25320a62b1fb9aa4b54ad1627f3551d0532393b63c6e,d64e7d6cff0dd1480f8ba1a2df2cb1a7e53c3656ab86e3b1aaaf93b31a9edfbf,median,,32.048283571500214,0.9455402638387942,63.30115497768982,,,,,0.025013297999976203,8,8,NLM_fast_cuda_global,,,,,
set12,high,03.png,0,0.1,"[512, 512]",ecaf4e62d02b750095b71c0828247049848c285190975276e63ef6d951b37cf4,4b3536cd26cb2a06a9257208afef360b062fd3e9ee7285ba6d4c75c0e03474d9,median,,38.4911947866495,0.9866708190962027,68.57913834813488,,,,,0.01663836200896185,8,8,NLM_fast_cuda_global,,,,,
set12,high,11.png,0,0.1,"[512, 512]",17b452cc44e876adc0d3fd3607e8c9ab9e04406fa1702d436005e99db30c6108,efb327d0e9507fdf30c7e6389581d470feab9b99fac8c2659863071b5babac8d,median,,28.41955825820312,0.8581491393761769,57.11723609791041,,,,,0.02066932299931068,8,8,NLM_fast_cuda_global,,,,,
set12,medium,02.png,0,0.05,"[512, 512]",9a0925d4efea52b4b8355baab41b735118c594bada85c1650a8c929d4bedd645,c3f9d39a11e3011c40ec0ba98de83291f1b1fcd783cfca19fa39be37ecb6240b,median,,44.93636132325774,0.9907093187019648,72.00364659672711,,,,,0.01848224800778553,8,8,NLM_fast_cuda_global,,,,,
set12,medium,10.png,0,0.05,"[512, 512]",fa9370ee1649c3bf2aa161f01d3d2575a2dedca729f26b78bd75d618679b9889,87d8a8c260cdb8c52551132cb0dfe95ee2f14d151af9ff4d6168d5800396b42c,median,,31.444270509112343,0.9097328188014242,61.20877619462738,,,,,0.019306860995129682,8,8,NLM_fast_cuda_global,,,,,
set12,medium,09.png,0,0.05,"[512, 512]",4b3ddbef5883a30e02120d9280c878727f5282bb054525cf3a5b0fcffb889d5c,7c56fc735c741056497fe6ad8b491244bf2746021f23f9e3f3b7401a4df3be52,median,,24.94749232519999,0.8132675393419312,53.137123129696555,,,,,0.018920975999208167,8,8,NLM_fast_cuda_global,,,,,
set12,medium,07.png,0,0.05,"[512, 512]",154769fc48745384ec8816fc554051b0dd5f1c55071de2669c9058bf3a96574e,50403390a446b8878af128c5b5eb24f750286ab630615b3caace33849ff6c560,median,,33.303585009829696,0.9657031992651955,64.93695246817462,,,,,0.01474143800442107,8,8,NLM_fast_cuda_global,,,,,
set12,medium,05.png,0,0.05,"[512, 512]",0a48bd94dc684e9744094acf5f9409ae1a147f367207cbcf847ffecc9506b1e3,adb057f232e03a2f58a65b65c32bd3ae831f109d80147c92d9e62f40775bc731,median,,40.27106899022402,0.9917743830931537,69.7242536497697,,,,,0.01427968499774579,8,8,NLM_fast_cuda_global,,,,,
set12,medium,08.png,0,0.05,"[512, 512]",2c394996c73fe787fca843f9f42014d5330dda4ad3053466b934f2c52d1c1f84,8e3d7b1e875d19f22c64e3044a9d0c41b820f9cfa02088458ff600eaf223eb5f,median,,30.216123022282172,0.8772054429152699,58.96833365690458,,,,,0.01906487399537582,8,8,NLM_fast_cuda_global,,,,,
set12,medium,01.png,0,0.05,"[512, 512]",0a372ced9fd4d1f9633532a58073e3974b41da8cfc87f04ec8e9a8dc6a89bba1,95660ff47115848bd895ed7581195e91c2ab4a1746122ef36b82c4d90108493b,median,,35.839058495213884,0.9734620313200748,66.59263081361068,,,,,0.016737814992666245,8,8,NLM_fast_cuda_global,,,,,
set12,medium,04.png,0,0.05,"[512, 512]",7f6baec8e072815d469acd5d149f5da86b89ef26df1895c4edde2d5758900fd0,1c72f71d2f5910501fba30fd6269d5a73022d2e2701365d87f47014e5f50f8e5,median,,41.282363547090455,0.9907640272831755,70.17938313770401,,,,,0.014883568001096137,8,8,NLM_fast_cuda_global,,,,,
set12,medium,06.png,0,0.05,"[512, 512]",aa1ae42753ac532294aa25320a62b1fb9aa4b54ad1627f3551d0532393b63c6e,418ae6ffd6be74f226d8da4b414080f6be346245802a6e9c0b97dc4ff2a94400,median,,33.68284929475908,0.9525751127613991,64.47018028544949,,,,,0.018882792006479576,8,8,NLM_fast_cuda_global,,,,,
set12,medium,03.png,0,0.05,"[512, 512]",ecaf4e62d02b750095b71c0828247049848c285190975276e63ef6d951b37cf4,0a2b74a80e9ef7c6edfd254d6abd4f21d8fc939cbcfe8e477f4c4a919f7d715d,median,,41.17550335420398,0.9909867613423458,70.13708974421928,,,,,0.015168618003372103,8,8,NLM_fast_cuda_global,,,,,
set12,medium,11.png,0,0.05,"[512, 512]",17b452cc44e876adc0d3fd3607e8c9ab9e04406fa1702d436005e99db30c6108,599e46ff8f73bb0bcb238e7a5776355ab3a55274a6828355adfafd7ae4d55c02,median,,29.045875289712242,0.8675055305709071,57.89821417340148,,,,,0.019021138999960385,8,8,NLM_fast_cuda_global,,,,,
set12,extreme,02.png,0,0.2,"[512, 512]",9a0925d4efea52b4b8355baab41b735118c594bada85c1650a8c929d4bedd645,49df52a59b6c929c5f31dd1d9dcd3a8cc145517e504d2433ddbe093f2ea75a04,median,,31.637090785272825,0.9359806259314157,62.6175766892072,,,,,0.017441589996451512,8,8,NLM_fast_cuda_global,,,,,
set12,extreme,10.png,0,0.2,"[512, 512]",fa9370ee1649c3bf2aa161f01d3d2575a2dedca729f26b78bd75d618679b9889,54206e07e2533ce3cdc4f253b01d2bcf15986e6aa5edcfa3142c91d69412c383,median,,27.56137784868887,0.8527494932602141,56.41816358735514,,,,,0.020531613001367077,8,8,NLM_fast_cuda_global,,,,,
set12,extreme,09.png,0,0.2,"[512, 512]",4b3ddbef5883a30e02120d9280c878727f5282bb054525cf3a5b0fcffb889d5c,0b3ebc1adeda4f915d78dc938f4f6754e061d4488a42511b466d50496ed3c90d,median,,23.316644263180745,0.7589056425385786,49.603604258519304,,,,,0.02035531200817786,8,8,NLM_fast_cuda_global,,,,,
set12,extreme,07.png,0,0.2,"[512, 512]",154769fc48745384ec8816fc554051b0dd5f1c55071de2669c9058bf3a96574e,a555b68256523f4ea9a6a3a1d63d525af0a21767eb731194aeaa7d0237229d14,median,,28.238608688661756,0.9160717635031005,59.922892519485906,,,,,0.01948195400473196,8,8,NLM_fast_cuda_global,,,,,
set12,extreme,05.png,0,0.2,"[512, 512]",0a48bd94dc684e9744094acf5f9409ae1a147f367207cbcf847ffecc9506b1e3,47e001521556c7ceb0d8f2d01af9cf5e6eedb001280a9b295e77fef79fb60244,median,,30.2808639585985,0.9413457985029716,62.20772190444783,,,,,0.019711576009285636,8,8,NLM_fast_cuda_global,,,,,
set12,extreme,08.png,0,0.2,"[512, 512]",2c394996c73fe787fca843f9f42014d5330dda4ad3053466b934f2c52d1c1f84,b513454383e7814ea07019014f0d151fde15b5a47f3e20c6d9f3194be9c69f56,median,,27.03338952211226,0.8149775205741736,54.26557078976481,,,,,0.02075277699623257,8,8,NLM_fast_cuda_global,,,,,
set12,extreme,01.png,0,0.2,"[512, 512]",0a372ced9fd4d1f9633532a58073e3974b41da8cfc87f04ec8e9a8dc6a89bba1,bb82ddd95a6a25e95485a996c31e0375130595fb41bbf773b1bd5b01c13959c1,median,,29.133335524597413,0.9204720727165234,60.59027139812488,,,,,0.018297643997357227,8,8,NLM_fast_cuda_global,,,,,
set12,extreme,04.png,0,0.2,"[512, 512]",7f6baec8e072815d469acd5d149f5da86b89ef26df1895c4edde2d5758900fd0,bed36c52da9f24d3ca3fb49a29cd8e86158fb485d9e63c07e1c4acb7624e204a,median,,30.846979049142867,0.9441749985850647,62.63223945382467,,,,,0.01832855399698019,8,8,NLM_fast_cuda_global,,,,,
set12,extreme,06.png,0,0.2,"[512, 512]",aa1ae42753ac532294aa25320a62b1fb9aa4b54ad1627f3551d0532393b63c6e,99762f4e36329a2a9ca8ae0af403f0994ac05cc0f2d8cfc948e27d609ae70bab,median,,28.0687347800125,0.9002278946994564,59.04576212497907,,,,,0.020288599000195973,8,8,NLM_fast_cuda_global,,,,,
set12,extreme,03.png,0,0.2,"[512, 512]",ecaf4e62d02b750095b71c0828247049848c285190975276e63ef6d951b37cf4,5d873642d5904df0268ba3e2ab75f110ac16583462f4036e07f029c689362f0c,median,,30.664218227507675,0.9401204682387336,62.33813252569052,,,,,0.020196165991364978,8,8,NLM_fast_cuda_global,,,,,
set12,extreme,11.png,0,0.2,"[512, 512]",17b452cc44e876adc0d3fd3607e8c9ab9e04406fa1702d436005e99db30c6108,9a04391c3b1256307bf621b3151ddf799518fb0a981f8949a152baac9237f5bf,median,,25.982517163574784,0.8128771001209658,53.63511358783568,,,,,0.020262277001165785,8,8,NLM_fast_cuda_global,,,,,
set12,moderate,02.png,0,0.03,"[512, 512]",9a0925d4efea52b4b8355baab41b735118c594bada85c1650a8c929d4bedd645,ee7bfd453ba8d6e6718aaf8a97d81f5f2238214fca6f66b9cd8f2e44d4e6969a,median,,46.24505321969551,0.9917065474615604,72.70785398292577,,,,,0.01701169100124389,8,8,NLM_fast_cuda_global,,,,,
set12,moderate,10.png,0,0.03,"[512, 512]",fa9370ee1649c3bf2aa161f01d3d2575a2dedca729f26b78bd75d618679b9889,5d887063ebde1fcfbf95f8deca1ac10049d03f7db0a73c069699f665d6977104,median,,31.719422671885148,0.9123993712234929,61.47967989711722,,,,,0.01930617399921175,8,8,NLM_fast_cuda_global,,,,,
set12,moderate,09.png,0,0.03,"[512, 512]",4b3ddbef5883a30e02120d9280c878727f5282bb054525cf3a5b0fcffb889d5c,de0042a9b572069c4805997a988a6eb7d29426746f4b470c08ec69dfefe9b523,median,,25.077478306637108,0.8167181344689685,53.37464587676698,,,,,0.01861061000090558,8,8,NLM_fast_cuda_global,,,,,
set12,moderate,07.png,0,0.03,"[512, 512]",154769fc48745384ec8816fc554051b0dd5f1c55071de2669c9058bf3a96574e,41c6793af84e33ba2ceb749b4738b40b1b3737129d2d2babeb1dd4ec40eb3ac5,median,,33.76576324694912,0.9674220056949061,65.25398190821986,,,,,0.014420787993003614,8,8,NLM_fast_cuda_global,,,,,
set12,moderate,05.png,0,0.03,"[512, 512]",0a48bd94dc684e9744094acf5f9409ae1a147f367207cbcf847ffecc9506b1e3,9f3476abacfd546a3608bc4be56078d043e749803d48ceb9c514386cce77c211,median,,41.73295251163921,0.993311326510328,70.53204258133601,,,,,0.01421084399044048,8,8,NLM_fast_cuda_global,,,,,
set12,moderate,08.png,0,0.03,"[512, 512]",2c394996c73fe787fca843f9f42014d5330dda4ad3053466b934f2c52d1c1f84,b0b958f06122f7dfd86e575b45174a19c43c39d05a9f75e6d37f0d1b885e83d9,median,,30.449871906195813,0.8804555424918133,59.24771307768857,,,,,0.018794767005601898,8,8,NLM_fast_cuda_global,,,,,
set12,moderate,01.png,0,0.03,"[512, 512]",0a372ced9fd4d1f9633532a58073e3974b41da8cfc87f04ec8e9a8dc6a89bba1,1890871d8ac6fdf241ae77566f9a0eb175baed8033bd8ffbdecf5475a45749fe,median,,36.36013076561258,0.9749300080828883,66.9265657869507,,,,,0.01553940400481224,8,8,NLM_fast_cuda_global,,,,,
set12,moderate,04.png,0,0.03,"[512, 512]",7f6baec8e072815d469acd5d149f5da86b89ef26df1895c4edde2d5758900fd0,5aab2f4c90265de03c4286a1026b54930c9f1174f15bd4788a5cea6ddc26c27a,median,,42.46970574186556,0.9921143353244977,70.84056963715766,,,,,0.013712387008126825,8,8,NLM_fast_cuda_global,,,,,
set12,moderate,06.png,0,0.03,"[512, 512]",aa1ae42753ac532294aa25320a62b1fb9aa4b54ad1627f3551d0532393b63c6e,f6c87c3541133224f0d0b09d3ddb74251b7ff019191b5f7b5cf5f3356ce374c4,median,,33.93441025406934,0.954434536446134,64.68893194934137,,,,,0.018248868000227958,8,8,NLM_fast_cuda_global,,,,,
set12,moderate,03.png,0,0.03,"[512, 512]",ecaf4e62d02b750095b71c0828247049848c285190975276e63ef6d951b37cf4,231f53176f51c4b24bdc12fd9f1b4c16454140fdfe7631cec75f8301deab3824,median,,42.86188136621902,0.9922239661725488,71.04213899173695,,,,,0.014167853005346842,8,8,NLM_fast_cuda_global,,,,,
set12,moderate,11.png,0,0.03,"[512, 512]",17b452cc44e876adc0d3fd3607e8c9ab9e04406fa1702d436005e99db30c6108,fc459f467923651b85169e1d453047db01071c2115000fa34e05ff50a6c59429,median,,29.28104758366593,0.8707361191272002,58.177329748192975,,,,,0.019406910010729916,8,8,NLM_fast_cuda_global,,,,,
set12,low,02.png,0,0.01,"[512, 512]",9a0925d4efea52b4b8355baab41b735118c594bada85c1650a8c929d4bedd645,7d03f7624fa0aaaef532f6ccb5b007c11ecfba46dc0bf970948880603d265edc,median,,47.42321476030361,0.9923840825349886,73.33081150690123,,,,,0.013429154001642019,8,8,NLM_fast_cuda_global,,,,,
set12,low,10.png,0,0.01,"[512, 512]",fa9370ee1649c3bf2aa161f01d3d2575a2dedca729f26b78bd75d618679b9889,d06c846ad219995869474be865acb70b5ec7d01068ecd7580cc3fde6a2889b07,median,,31.897244629501866,0.9146078876176088,61.679016695631375,,,,,0.019258594009443186,8,8,NLM_fast_cuda_global,,,,,
set12,low,09.png,0,0.01,"[512, 512]",4b3ddbef5883a30e02120d9280c878727f5282bb054525cf3a5b0fcffb889d5c,f57c1e0803358fa46cb3fcadacd603e0bc8a9a1500621f0dea3a800d055c6fe6,median,,25.199377943198918,0.8200195057778826,53.60066426049359,,,,,0.01899693999439478,8,8,NLM_fast_cuda_global,,,,,
set12,low,07.png,0,0.01,"[512, 512]",154769fc48745384ec8816fc554051b0dd5f1c55071de2669c9058bf3a96574e,584ba7517a59730143877939055ad6e1e59eec8663870de1e2f41b823592272b,median,,34.03047962799259,0.9684916678325977,65.43982320562617,,,,,0.014059073000680655,8,8,NLM_fast_cuda_global,,,,,
set12,low,05.png,0,0.01,"[512, 512]",0a48bd94dc684e9744094acf5f9409ae1a147f367207cbcf847ffecc9506b1e3,d9a99fe9c66291c5480b648f63457e4e7868b0267787c7b85908acc020420910,median,,43.176158064069895,0.9944500085692032,71.3105794604951,,,,,0.012634397993679158,8,8,NLM_fast_cuda_global,,,,,
set12,low,08.png,0,0.01,"[512, 512]",2c394996c73fe787fca843f9f42014d5330dda4ad3053466b934f2c52d1c1f84,e160bea8a7b841fbbcb9a08d2452bc47be4e0b6c86d87d1b0bea001f91693d97,median,,30.59881692486769,0.8830271070478471,59.4507638148262,,,,,0.021931641997070983,8,8,NLM_fast_cuda_global,,,,,
set12,low,01.png,0,0.01,"[512, 512]",0a372ced9fd4d1f9633532a58073e3974b41da8cfc87f04ec8e9a8dc6a89bba1,580fbc14af471717cfc09261d71b2bee527d3960eb5a144e296d4af84219023d,median,,36.74871412029332,0.9760125384320513,67.17498398174922,,,,,0.014970123011153191,8,8,NLM_fast_cuda_global,,,,,
set12,low,04.png,0,0.01,"[512, 512]",7f6baec8e072815d469acd5d149f5da86b89ef26df1895c4edde2d5758900fd0,e8a6fc5f208fe29f03f5cbd984d49640d58559cd6c5aa49284f500b1f7ee7903,median,,43.65190565756425,0.993363705433405,71.49413810045237,,,,,0.013074340007733554,8,8,NLM_fast_cuda_global,,,,,
set12,low,06.png,0,0.01,"[512, 512]",aa1ae42753ac532294aa25320a62b1fb9aa4b54ad1627f3551d0532393b63c6e,e340e8d85915e482eb2fcd7c112e25b58f52ae82986a937d947c38437b40d732,median,,34.625084154200614,0.9559484011333741,65.10996213376902,,,,,0.017103492995374836,8,8,NLM_fast_cuda_global,,,,,
set12,low,03.png,0,0.01,"[512, 512]",ecaf4e62d02b750095b71c0828247049848c285190975276e63ef6d951b37cf4,18313c5d887bba3759a18d07833b66fb952544043545ed839a5d493c1c132871,median,,44.49742174508968,0.9931375847341358,71.90559010925163,,,,,0.013603216997580603,8,8,NLM_fast_cuda_global,,,,,
set12,low,11.png,0,0.01,"[512, 512]",17b452cc44e876adc0d3fd3607e8c9ab9e04406fa1702d436005e99db30c6108,030fd588168a45176d9b0eca993f8007814b0503964557c1914c2fbae448d11f,median,,29.464791507615587,0.8734361212031285,58.40420181396422,,,,,0.018607723992317915,8,8,NLM_fast_cuda_global,,,,,
set12,high,02.png,4,0.1,"[512, 512]",9a0925d4efea52b4b8355baab41b735118c594bada85c1650a8c929d4bedd645,fb5756b2f1977a53d6af3dcead4efb66402b9d5e985cdbdec56b32e00ffd97a7,median,,41.560777008892764,0.986262692247603,70.09352311682653,,,,,0.015203941002255306,8,8,NLM_fast_cuda_global,,,,,
set12,high,10.png,4,0.1,"[512, 512]",fa9370ee1649c3bf2aa161f01d3d2575a2dedca729f26b78bd75d618679b9889,20cbcff47f8f1652d0beb4647260b220d5985351324e73ce58f91790a1b40bdd,median,,30.703853747961137,0.9019432195013953,60.449087849050336,,,,,0.019239542991272174,8,8,NLM_fast_cuda_global,,,,,
set12,high,09.png,4,0.1,"[512, 512]",4b3ddbef5883a30e02120d9280c878727f5282bb054525cf3a5b0fcffb889d5c,6580f7427fae38e6900e311bc3d882abd5bbd2d3ee833d3f15f08e971f1badd3,median,,24.59749177555561,0.8028190424917034,52.439698012362975,,,,,0.022498424994410016,8,8,NLM_fast_cuda_global,,,,,
set12,high,07.png,4,0.1,"[512, 512]",154769fc48745384ec8816fc554051b0dd5f1c55071de2669c9058bf3a96574e,6b2b7a6b103aa4415de2661efe3e7b16f3e8a8d91d505c35019889f45be2ccdf,median,,32.15872099827947,0.9598534936456053,64.07203518142,,,,,0.01628502699895762,8,8,NLM_fast_cuda_global,,,,,
set12,high,05.png,4,0.1,"[512, 512]",0a48bd94dc684e9744094acf5f9409ae1a147f367207cbcf847ffecc9506b1e3,0d5e8010bb26a850d7bcc7fe1db68e0f0c6af22b17fa9bc70b31b059f1079a92,median,,37.414247629851666,0.986890001620988,68.05162389597524,,,,,0.016813034992082976,8,8,NLM_fast_cuda_global,,,,,
set12,high,08.png,4,0.1,"[512, 512]",2c394996c73fe787fca843f9f42014d5330dda4ad3053466b934f2c52d1c1f84,0c9b60e4d12da52284c5eb24f1ad2f1c68d32c53c03585a9c05992f6df84ca1f,median,,29.598812469203438,0.8661546101668329,58.10713674294337,,,,,0.020086410993826576,8,8,NLM_fast_cuda_global,,,,,
set12,high,01.png,4,0.1,"[512, 512]",0a372ced9fd4d1f9633532a58073e3974b41da8cfc87f04ec8e9a8dc6a89bba1,9ea25905277eaa2c13405c16af5a2bd159339f43e0d8dbc939852ca029957356,median,,34.45772166857593,0.9682302715878588,65.6403744136809,,,,,0.017307499001617543,8,8,NLM_fast_cuda_global,,,,,
set12,high,04.png,4,0.1,"[512, 512]",7f6baec8e072815d469acd5d149f5da86b89ef26df1895c4edde2d5758900fd0,fdc436c0c8446ba46cfc24590bb554f37546781412b4b4564d6407e3391d198a,median,,38.77909231927697,0.9854303319065814,68.66106275496756,,,,,0.015740301998448558,8,8,NLM_fast_cuda_global,,,,,
set12,high,06.png,4,0.1,"[512, 512]",aa1ae42753ac532294aa25320a62b1fb9aa4b54ad1627f3551d0532393b63c6e,a363dcecce4b7295d8e22162211f906c57f7427694cc70216f5f5b9f9c8ae75e,median,,32.05778885843581,0.9455627147412236,63.307030166279084,,,,,0.018769774993415922,8,8,NLM_fast_cuda_global,,,,,
set12,high,03.png,4,0.1,"[512, 512]",ecaf4e62d02b750095b71c0828247049848c285190975276e63ef6d951b37cf4,85f7066b7aa1244baa2f27667095e1ea8355fef86e40ccd8d4b2514ec34fd63d,median,,38.52905589667576,0.986714620588827,68.60025897777922,,,,,0.01593917301215697,8,8,NLM_fast_cuda_global,,,,,
set12,high,11.png,4,0.1,"[512, 512]",17b452cc44e876adc0d3fd3607e8c9ab9e04406fa1702d436005e99db30c6108,d985d535d00b2df1afd30e645e35cfc28961b28fa786c9d6216e5ca98bb90604,median,,28.425166704482034,0.8586807316168154,57.14661993308179,,,,,0.019494933003443293,8,8,NLM_fast_cuda_global,,,,,
set12,medium,02.png,4,0.05,"[512, 512]",9a0925d4efea52b4b8355baab41b735118c594bada85c1650a8c929d4bedd645,4e69b9926757359b28d2ba0ddea539b9b5734c1c9927cbb52997eed2c2c65a57,median,,44.95417463282938,0.9907122985834635,72.01270224558786,,,,,0.0139311820094008,8,8,NLM_fast_cuda_global,,,,,
set12,medium,10.png,4,0.05,"[512, 512]",fa9370ee1649c3bf2aa161f01d3d2575a2dedca729f26b78bd75d618679b9889,461dc699c7e6039d3c7fbc9e361c8477afcdd41db684ad67d9d1dd1715aba45a,median,,31.445186915781388,0.9097343528836574,61.20931110207357,,,,,0.01883018299122341,8,8,NLM_fast_cuda_global,,,,,
set12,medium,09.png,4,0.05,"[512, 512]",4b3ddbef5883a30e02120d9280c878727f5282bb054525cf3a5b0fcffb889d5c,5780430f9e94feaf25364471128f02e7454678af26c718534cb418901e5bbe6c,median,,24.947816707458376,0.8132682577746216,53.13732124246027,,,,,0.018309816005057655,8,8,NLM_fast_cuda_global,,,,,
set12,medium,07.png,4,0.05,"[512, 512]",154769fc48745384ec8816fc554051b0dd5f1c55071de2669c9058bf3a96574e,57067cdfaec1e7cbd302b6992dd6d10ca47b25065f31c44a1bfe1573c39a6480,median,,33.308640477104255,0.9657069407303941,64.93966727507183,,,,,0.016669358999934047,8,8,NLM_fast_cuda_global,,,,,
set12,medium,05.png,4,0.05,"[512, 512]",0a48bd94dc684e9744094acf5f9409ae1a147f367207cbcf847ffecc9506b1e3,e0fa916e823acf6effc4f3b42e72ab8a62ce26e6958e64dcd7833e8e36a12729,median,,40.27980732638247,0.9917755311008184,69.72868021823216,,,,,0.013699060000362806,8,8,NLM_fast_cuda_global,,,,,
set12,medium,08.png,4,0.05,"[512, 512]",2c394996c73fe787fca843f9f42014d5330dda4ad3053466b934f2c52d1c1f84,e1b0f210137124047cfa6d6db5eb311ebf1bd872e71c7f34ecbce8d731865d47,median,,30.217142844009793,0.8772085104739115,58.96899694570047,,,,,0.02218218099733349,8,8,NLM_fast_cuda_global,,,,,
set12,medium,01.png,4,0.05,"[512, 512]",0a372ced9fd4d1f9633532a58073e3974b41da8cfc87f04ec8e9a8dc6a89bba1,9379e76152d6d388d723e1eaa08d1618611906ad05b452f66e45fc46f2920222,median,,35.842919942137776,0.9734631098211267,66.59461546212522,,,,,0.016759594000177458,8,8,NLM_fast_cuda_global,,,,,
set12,medium,04.png,4,0.05,"[512, 512]",7f6baec8e072815d469acd5d149f5da86b89ef26df1895c4edde2d5758900fd0,96b121cc217c410a07c6e8b75d018b9c2d013f47489b90382de26ad622a43a5a,median,,41.29324502972584,0.9907672458381931,70.18498480677258,,,,,0.015801588000613265,8,8,NLM_fast_cuda_global,,,,,
set12,medium,06.png,4,0.05,"[512, 512]",aa1ae42753ac532294aa25320a62b1fb9aa4b54ad1627f3551d0532393b63c6e,5d3d90db8b69e62a740e7e86ea6a5df988b44fac6affdc46ef302b5c6eb8dce4,median,,33.68396845870416,0.9525762248663397,64.47079547266907,,,,,0.018902483992860653,8,8,NLM_fast_cuda_global,,,,,
set12,medium,03.png,4,0.05,"[512, 512]",ecaf4e62d02b750095b71c0828247049848c285190975276e63ef6d951b37cf4,76e43ccb10d0fd50514c324d9319b070e705fa6c949ead13598cc60431e1acd1,median,,41.194377174154795,0.9909883560712814,70.14660639064147,,,,,0.014300216003903188,8,8,NLM_fast_cuda_global,,,,,
set12,medium,11.png,4,0.05,"[512, 512]",17b452cc44e876adc0d3fd3607e8c9ab9e04406fa1702d436005e99db30c6108,d061e894c51d566e883b22e0983bc6c1f82e2c15c660fea833b8da2c916beea5,median,,29.047911428440585,0.8678221633956439,57.915063884002485,,,,,0.01923551899380982,8,8,NLM_fast_cuda_global,,,,,
set12,extreme,02.png,4,0.2,"[512, 512]",9a0925d4efea52b4b8355baab41b735118c594bada85c1650a8c929d4bedd645,c78625d61f7341c9115095ca61bc56d13277a60903cbda9e7817dcbf3fad2403,median,,31.814900371687145,0.9366115932511682,62.73802984840198,,,,,0.021390809008153155,8,8,NLM_fast_cuda_global,,,,,
set12,extreme,10.png,4,0.2,"[512, 512]",fa9370ee1649c3bf2aa161f01d3d2575a2dedca729f26b78bd75d618679b9889,55df1265f85a4f395abe6fdb9f8d6ced6f37fabb2f2efbdcd9ad51de31f0f358,median,,27.630027841612026,0.8533136783770202,56.480697839657026,,,,,0.020631902007153258,8,8,NLM_fast_cuda_global,,,,,
set12,extreme,09.png,4,0.2,"[512, 512]",4b3ddbef5883a30e02120d9280c878727f5282bb054525cf3a5b0fcffb889d5c,d5200db9a81ea1ad2851337034ec180dcba65337806d6f544c91105b701dd5a8,median,,23.342787928086462,0.7594503545868246,49.64391169338447,,,,,0.020433607991435565,8,8,NLM_fast_cuda_global,,,,,
set12,extreme,07.png,4,0.2,"[512, 512]",154769fc48745384ec8816fc554051b0dd5f1c55071de2669c9058bf3a96574e,d658efe3236f7ef4462769d23a0c6a782ae9c9bb794297f469fb22a6a114781d,median,,28.320495584416324,0.9167351555022378,59.99700556732005,,,,,0.01806481200037524,8,8,NLM_fast_cuda_global,,,,,
set12,extreme,05.png,4,0.2,"[512, 512]",0a48bd94dc684e9744094acf5f9409ae1a147f367207cbcf847ffecc9506b1e3,f14c438201f32887ca2958073a99c9c4367ca05aa3996a24e4a516345d4ee79d,median,,30.408721698550636,0.942072537458159,62.30798772218327,,,,,0.018196204997366294,8,8,NLM_fast_cuda_global,,,,,
set12,extreme,08.png,4,0.2,"[512, 512]",2c394996c73fe787fca843f9f42014d5330dda4ad3053466b934f2c52d1c1f84,a8484a10dd4d38b8a5ac055a083f83a730aeb890ecb2fff33eb9cc1791e5eb5b,median,,27.093483797277944,0.8155233135096508,54.32290757412151,,,,,0.020106911004404537,8,8,NLM_fast_cuda_global,,,,,
set12,extreme,01.png,4,0.2,"[512, 512]",0a372ced9fd4d1f9633532a58073e3974b41da8cfc87f04ec8e9a8dc6a89bba1,65177135c7481be235c048926973169e2e8bf506e1b0926ab33339f39e25d3b0,median,,29.23457612017551,0.9210748885374288,60.67103248695919,,,,,0.018569256993941963,8,8,NLM_fast_cuda_global,,,,,
set12,extreme,04.png,4,0.2,"[512, 512]",7f6baec8e072815d469acd5d149f5da86b89ef26df1895c4edde2d5758900fd0,9bdf88a0f1a278417dd2a591efa55b88d04dfe89bd8aaa8ad24e1443228a0a94,median,,30.989342908147172,0.9449407375205521,62.74170833010119,,,,,0.01828044099966064,8,8,NLM_fast_cuda_global,,,,,
set12,extreme,06.png,4,0.2,"[512, 512]",aa1ae42753ac532294aa25320a62b1fb9aa4b54ad1627f3551d0532393b63c6e,3d987315aa538246f5a208b6d41f81eab45d6f505e0a6f7243927c5ad7a0fe40,median,,28.144220736332688,0.9010879022984382,59.12650548308825,,,,,0.021356699013267644,8,8,NLM_fast_cuda_global,,,,,
set12,extreme,03.png,4,0.2,"[512, 512]",ecaf4e62d02b750095b71c0828247049848c285190975276e63ef6d951b37cf4,aad7e4eba1d0a55ac4a983788b73e9e5a66f24a767e26e93e98c74ddff8dd54a,median,,30.807479340282473,0.940757089685208,62.441594154401635,,,,,0.019772896004724316,8,8,NLM_fast_cuda_global,,,,,
set12,extreme,11.png,4,0.2,"[512, 512]",17b452cc44e876adc0d3fd3607e8c9ab9e04406fa1702d436005e99db30c6108,76b80ddc8c4f96ba7c3331b18a0331e1aa705a7e327f7bf24342319ad0898b04,median,,26.033932572711926,0.8141816446181145,53.72604851726169,,,,,0.020963913993909955,8,8,NLM_fast_cuda_global,,,,,
set12,moderate,02.png,4,0.03,"[512, 512]",9a0925d4efea52b4b8355baab41b735118c594bada85c1650a8c929d4bedd645,d879986baaf42190982449d59dd5553d540eb63dbc7567ea488c75632114b5ac,median,,46.24505321969551,0.9917065474615604,72.70785398292577,,,,,0.017508787001133896,8,8,NLM_fast_cuda_global,,,,,
set12,moderate,10.png,4,0.03,"[512, 512]",fa9370ee1649c3bf2aa161f01d3d2575a2dedca729f26b78bd75d618679b9889,434ac8f246e81cbe180927267d40fe66e3454116170de134fb46d837087c066b,median,,31.719422671885148,0.9123993712234929,61.47967989711722,,,,,0.019089555004029535,8,8,NLM_fast_cuda_global,,,,,
set12,moderate,09.png,4,0.03,"[512, 512]",4b3ddbef5883a30e02120d9280c878727f5282bb054525cf3a5b0fcffb889d5c,197f65e812b0eeb2cf91510c2b107e0d658adcb343eaa673a6289fbe2bc4596e,median,,25.077478306637108,0.8167181344689685,53.37464587676698,,,,,0.01853289399878122,8,8,NLM_fast_cuda_global,,,,,
set12,moderate,07.png,4,0.03,"[512, 512]",154769fc48745384ec8816fc554051b0dd5f1c55071de2669c9058bf3a96574e,b36e158819d385dc062ac7799786f1c8f4d46446b333738c6e5fa3718cffe970,median,,33.76657040534014,0.9674220758633549,65.25438899583781,,,,,0.01468962999933865,8,8,NLM_fast_cuda_global,,,,,
set12,moderate,05.png,4,0.03,"[512, 512]",0a48bd94dc684e9744094acf5f9409ae1a147f367207cbcf847ffecc9506b1e3,114a2e420e0ad99810e3e866c2b4386ab515991bfd7c5db3c2eb96d637d19c5b,median,,41.73295251163921,0.993311326510328,70.53204258133601,,,,,0.01367017300799489,8,8,NLM_fast_cuda_global,,,,,
set12,moderate,08.png,4,0.03,"[512, 512]",2c394996c73fe787fca843f9f42014d5330dda4ad3053466b934f2c52d1c1f84,f41575c24a908e64f17f53ab3e3de05a585eca0546392a462de5fb0793ed1ce6,median,,30.449892535050218,0.8804565837407345,59.24777545456183,,,,,0.018929914993350394,8,8,NLM_fast_cuda_global,,,,,
set12,moderate,01.png,4,0.03,"[512, 512]",0a372ced9fd4d1f9633532a58073e3974b41da8cfc87f04ec8e9a8dc6a89bba1,8022eb92cc13c07829c548cf238b714175cd922f1b59a9ef093b7a962ea44eae,median,,36.3602068034922,0.9749304453050665,66.92662566699943,,,,,0.015415383997606114,8,8,NLM_fast_cuda_global,,,,,
set12,moderate,04.png,4,0.03,"[512, 512]",7f6baec8e072815d469acd5d149f5da86b89ef26df1895c4edde2d5758900fd0,558b3a110914cdad728ad09d50eba68d5001d3cabe99f29756fe4a3478144a26,median,,42.46970574186556,0.9921143353244977,70.84056963715766,,,,,0.013971725013107061,8,8,NLM_fast_cuda_global,,,,,
set12,moderate,06.png,4,0.03,"[512, 512]",aa1ae42753ac532294aa25320a62b1fb9aa4b54ad1627f3551d0532393b63c6e,0e78536a56147ba906c487c61e6164992aafc64d24893e1e756d7777e6184f16,median,,33.93441025406934,0.954434536446134,64.68893194934137,,,,,0.018130882002878934,8,8,NLM_fast_cuda_global,,,,,
set12,moderate,03.png,4,0.03,"[512, 512]",ecaf4e62d02b750095b71c0828247049848c285190975276e63ef6d951b37cf4,d9a7aa26403306264e3dab31bb083178514a9ce2d7e31938922d1ea09f35d416,median,,42.86737060077627,0.992223993925138,71.04488499664504,,,,,0.014513400004943833,8,8,NLM_fast_cuda_global,,,,,
set12,moderate,11.png,4,0.03,"[512, 512]",17b452cc44e876adc0d3fd3607e8c9ab9e04406fa1702d436005e99db30c6108,4f6af6012acab1aca32e1626772dece3f447b16d814b44a65374637178964709,median,,29.28154765544371,0.870916532062902,58.18660043086696,,,,,0.018757206009468064,8,8,NLM_fast_cuda_global,,,,,
set12,low,02.png,4,0.01,"[512, 512]",9a0925d4efea52b4b8355baab41b735118c594bada85c1650a8c929d4bedd645,5a06d5c62acf1b36874d17fbb7c8fbcf1bfa1a90a72f48c16e827f3f6067b418,median,,47.42321476030361,0.9923840825349886,73.33081150690123,,,,,0.011989222999545746,8,8,NLM_fast_cuda_global,,,,,
set12,low,10.png,4,0.01,"[512, 512]",fa9370ee1649c3bf2aa161f01d3d2575a2dedca729f26b78bd75d618679b9889,fe06adf3c895b40fb6b5a15eaf684dfca16946f6169b38d893ed18d3aef8cf92,median,,31.897244629501866,0.9146078876176088,61.679016695631375,,,,,0.020622708994778804,8,8,NLM_fast_cuda_global,,,,,
set12,low,09.png,4,0.01,"[512, 512]",4b3ddbef5883a30e02120d9280c878727f5282bb054525cf3a5b0fcffb889d5c,bf4e02197794a0e21fbe08f301c6e1a7f1d9ff3ad8f7a4b371f0e200d7cb39b1,median,,25.199377943198918,0.8200195057778826,53.60066426049359,,,,,0.01734416000545025,8,8,NLM_fast_cuda_global,,,,,
set12,low,07.png,4,0.01,"[512, 512]",154769fc48745384ec8816fc554051b0dd5f1c55071de2669c9058bf3a96574e,bebd5b94e7c8cd5e3c45a4c02eeb5c2f8901ef456e75534811f5ac6a29a3fac0,median,,34.03047189419412,0.9684916641823781,65.43981915621598,,,,,0.014214007998816669,8,8,NLM_fast_cuda_global,,,,,
set12,low,05.png,4,0.01,"[512, 512]",0a48bd94dc684e9744094acf5f9409ae1a147f367207cbcf847ffecc9506b1e3,166ad95c58f0c06dd2685ab4d5020f880563f9a5058e35aa36901da12704efa6,median,,43.176158064069895,0.9944500085692032,71.3105794604951,,,,,0.01227490599558223,8,8,NLM_fast_cuda_global,,,,,
set12,low,08.png,4,0.01,"[512, 512]",2c394996c73fe787fca843f9f42014d5330dda4ad3053466b934f2c52d1c1f84,66926c0920534e26b939a5d9f0556865f11d7abe2870967adce74daa613116e0,median,,30.59881692486769,0.8830271070478471,59.4507638148262,,,,,0.017748372003552504,8,8,NLM_fast_cuda_global,,,,,
set12,low,01.png,4,0.01,"[512, 512]",0a372ced9fd4d1f9633532a58073e3974b41da8cfc87f04ec8e9a8dc6a89bba1,44e11976558cb007c81a668559ae9107fdef12040d6bf3409d86e01b32bb629b,median,,36.74871412029332,0.9760125384320513,67.17498398174922,,,,,0.014888516001519747,8,8,NLM_fast_cuda_global,,,,,
set12,low,04.png,4,0.01,"[512, 512]",7f6baec8e072815d469acd5d149f5da86b89ef26df1895c4edde2d5758900fd0,ecca96323697cb95c9b9c67fa33692a63a0bcc03cbf07eb1f49bfa5e122f8d4d,median,,43.65190565756425,0.993363705433405,71.49413810045237,,,,,0.013112247004755773,8,8,NLM_fast_cuda_global,,,,,
set12,low,06.png,4,0.01,"[512, 512]",aa1ae42753ac532294aa25320a62b1fb9aa4b54ad1627f3551d0532393b63c6e,17094acf9de65d3df3665b52428f406b7e9029614715969875e5da956e308411,median,,34.625084154200614,0.9559484011333741,65.10996213376902,,,,,0.017117361989221536,8,8,NLM_fast_cuda_global,,,,,
set12,low,03.png,4,0.01,"[512, 512]",ecaf4e62d02b750095b71c0828247049848c285190975276e63ef6d951b37cf4,2d3e27d6769c28d88fcabbfa79deb4e13ee1277e06787f8cfec414322f383aed,median,,44.505409234649285,0.9931376480290176,71.90958701877553,,,,,0.014229237000108697,8,8,NLM_fast_cuda_global,,,,,
set12,low,11.png,4,0.01,"[512, 512]",17b452cc44e876adc0d3fd3607e8c9ab9e04406fa1702d436005e99db30c6108,4d79c36b74d775043c078b1a3b12fac535b38d23f700cf6d0a06dba47d86941f,median,,29.464932734631084,0.873484972635374,58.406714999084244,,,,,0.018822155994712375,8,8,NLM_fast_cuda_global,,,,,
set50,high,19.gif,0,0.1,"[512, 512]",d17c7663feb48c0fe318904421cb04ec7e850a109d952f66a49ac464a4176a1e,b36a0e2777a4778ee716a1dfe989dd541a6b3d7c5af5fd33a1b733957ca06fd4,aswmf,,32.027220498028214,0.9598786636348232,64.00754343075528,,,,,0.017338489997200668,8,8,NLM_fast_cuda_global,,,,,
set50,high,22.gif,0,0.1,"[512, 512]",dfe4f6c6370dbe0651bccc46e98ac3b787e8c63a3a37fb138fe6c81f3e32edd4,455a61e743daec9940c17a770102e9f6d8150016e197a7b40ba5ed8b526bdc6d,aswmf,,31.293830145990192,0.9611898831210098,63.70640922904559,,,,,0.01753785100299865,8,8,NLM_fast_cuda_global,,,,,
set50,high,10.gif,0,0.1,"[512, 512]",e233b9bc584bbcbbdcbcbf3674e9c18c92aff37cf54afeec01dc2e7dc1811878,40725b43529bab17a6c41cf7934a73bda5b434a8803e87e4fc1465424cfe2303,aswmf,,34.57209458493481,0.9779156497998404,66.18182978245942,,,,,0.017115417009335943,8,8,NLM_fast_cuda_global,,,,,
set50,high,14.gif,0,0.1,"[512, 512]",83fe92c5398701971c09c467a97dc4bfdb94eb4b3ded548d26e5e7fcf62e4d2a,6b7ebb5297b454e99889eaa9e3c4e7c51d253902665731705f49dc1a7a3fe113,aswmf,,27.472297637089966,0.9388048381550242,60.6763907262962,,,,,0.01692373900732491,8,8,NLM_fast_cuda_global,,,,,
set50,high,5.gif,0,0.1,"[512, 512]",49db903e1a87a0044a734fb77708aad9985011bc9ee9fb379099de1b4e946109,e06f2bc488a0ff103329561f1b985093b78f631466c577b7e6aeacf6ec8eefe8,aswmf,,37.203903247644476,0.9713564957035363,67.16977640899906,,,,,0.01698987699637655,8,8,NLM_fast_cuda_global,,,,,
set50,high,44.gif,0,0.1,"[512, 512]",f968969e97bf6f8f47fd5940af0bd7481b61f2df6d5d553882b8938123b37289,ec7bcd577aab4cb2bedb2657569a7b495db193526b6667e04b6672396e29b078,aswmf,,19.713378599083963,0.8517020114241922,52.44178987075159,,,,,0.020561401994200423,8,8,NLM_fast_cuda_global,,,,,
set50,high,42.gif,0,0.1,"[512, 512]",f9b953242d46fc204da43e46262ac3754e9428050546213f592efb0fb7398f12,d0610cf35e287c81eb1f642f3b1f542f30070d26d13b0067e7baf4d73663ef18,aswmf,,26.50725834217411,0.9542825034388103,60.96775434302757,,,,,0.017966066996450536,8,8,NLM_fast_cuda_global,,,,,
set50,high,38.gif,0,0.1,"[512, 512]",e39779dc60dbc76330293a5fdb44dfabe4d22433c36132e18afcf31a515217b4,b024231c1c516936430ae7117c8c77dd3ee6a417718598f0b9968ffc86f3b5f5,aswmf,,35.79263592806804,0.9676854772247458,66.2805918252713,,,,,0.017651326998020522,8,8,NLM_fast_cuda_global,,,,,
set50,high,48.gif,0,0.1,"[512, 512]",9b261d731fc3d639b0cc3dac391980b0c49dd558b24b95a14bb3f3eb9f3569d0,f7e02ffabb7c26975ac77d2ba941fa8dfff992fc0d3c3a52904286975a396ab4,aswmf,,34.68127599172679,0.9724227873832569,65.96177736502625,,,,,0.016630117010208778,8,8,NLM_fast_cuda_global,,,,,
set50,high,17.gif,0,0.1,"[512, 512]",6f8a02e1689062bed722742a554760dd74359b35fc8b969bab8beed8e59421a0,e7c516b92404f02e0645aab2369f6d006b10771e2148c9e3305e1e93828f5d9b,aswmf,,26.830153926006872,0.8804202911635935,57.436091521183116,,,,,0.021646587003488094,8,8,NLM_fast_cuda_global,,,,,
set50,high,0.png,0,0.1,"[512, 512]",0a372ced9fd4d1f9633532a58073e3974b41da8cfc87f04ec8e9a8dc6a89bba1,5c64fdfe33f4ceb5a47428c2edc3ca4f989b1078a7da5d038a7aac327de869fd,aswmf,,35.273286003038336,0.9793927136181982,66.60627868242908,,,,,0.017287939990637824,8,8,NLM_fast_cuda_global,,,,,
set50,high,16.gif,0,0.1,"[512, 512]",2d68b31ae4d4c10bc0e60742ba3064c10d62113ffb3ca9a7c14b80e40b0e6170,6ca2d5d1195f31115e9e15bd7978d65bde8735913f5134a99256e529c86a3d8a,aswmf,,27.268392722060504,0.8970277747302726,58.48558509754389,,,,,0.018782729996019043,8,8,NLM_fast_cuda_global,,,,,
set50,high,32.gif,0,0.1,"[512, 512]",c3cc3fb5da093d47d6808c6219ed907c3e69ab01954b1b929a8739cbbcc26493,810d3fc722ad3d6be42c77a540abbe450d08f86c4c996feebc699bf3e2187fb0,aswmf,,24.625590800920282,0.7783484201438304,51.23021640765166,,,,,0.0327535730029922,8,8,NLM_fast_cuda_global,,,,,
set50,high,30.gif,0,0.1,"[512, 512]",b1cccc0e8d64bae511f9cd0c5596628364bd1e09c90c5e793604a1f7a55f642f,8f3d6ba7eafb9220ec09f0fc23d98c4362582f25fe465748fde08df029299774,aswmf,,32.72429490262195,0.9562422413043755,64.17425951652976,,,,,0.01706468999327626,8,8,NLM_fast_cuda_global,,,,,
set50,high,43.gif,0,0.1,"[512, 512]",443801cafadb33c7829b313f4efd834e70cc313567a260dd2b5554dc7ee6be98,f9f8d19328bf1d7475a95984514a389b0136e60eba80c85712e9c05f9a967619,aswmf,,32.850968858029205,0.9693433734057118,64.89265309930019,,,,,0.017536390005261637,8,8,NLM_fast_cuda_global,,,,,
set50,high,47.gif,0,0.1,"[512, 512]",9005ddf994846f88305becd36c72a046818a094c026c69a8106c34b34a31a8fe,5e23fe352e87a835d6f7372654af688603bdc568b1d6edc31757a6b71ff6f072,aswmf,,29.69960804703101,0.9542081452197709,62.56021128450405,,,,,0.01672668699757196,8,8,NLM_fast_cuda_global,,,,,
set50,high,25.gif,0,0.1,"[512, 512]",30838b6c4e963b60da10cc6158a119a7052a4ffa1ebdcc87bcf0054f681427c6,2539e5cf1bcc6130b9238ebc011a1069fdfddd7401c69aa83c14b2efb244dee4,aswmf,,36.74255422900611,0.9639474644087774,66.56865033494192,,,,,0.022788032991229557,8,8,NLM_fast_cuda_global,,,,,
set50,high,7.gif,0,0.1,"[512, 512]",5e3769e24988284e1036ce844ee8e0f11dbe28fe111f6a962e37864dc34b60dc,bfb32fd0573f98e26541bf24de61f68beccaeb66008181d1d775350c1789035f,aswmf,,27.134246921640607,0.9453805896871093,60.83615294517577,,,,,0.01771162600198295,8,8,NLM_fast_cuda_global,,,,,
set50,high,15.gif,0,0.1,"[512, 512]",51e2066df33af18b47bcd356b17c6cdf04f2a5fd219ace410fcabb06698c6c71,bf8b02c350afda2a086d62f94ecfc2be823c619bb2256328323737766f031044,aswmf,,29.895261745815425,0.9427182658622442,62.08354416601992,,,,,0.017564070993103087,8,8,NLM_fast_cuda_global,,,,,
set50,high,41.gif,0,0.1,"[512, 512]",1569598ab7f33ee44bcf70502565ffcd7528912a2c13cd1977fe64573770f1e6,70ff830e123ba0b8a56a22fa8d8361dd52e6efc94cce0dc0117077a8d211d455,aswmf,,33.72900864164818,0.9642120880462413,65.07510872313615,,,,,0.01725821899890434,8,8,NLM_fast_cuda_global,,,,,
set50,high,6.gif,0,0.1,"[512, 512]",ca956c8aa0ec2de8bd2e4d7545c7f969215d4f7f65cb72ee9d31cb17df0033b6,91c0d484c15597d9172a55a9609dcaaab6020d9ca89b915718e7c130aa54ed16,aswmf,,31.047589520566564,0.9409156536823873,62.56957744440265,,,,,0.01845925500674639,8,8,NLM_fast_cuda_global,,,,,
set50,high,21.gif,0,0.1,"[512, 512]",74d2fa3fc2447fd331660c09f2f468f3cce983dc347509d32564e992fdebaf9a,93925f5a9a6755a73923c2bef7adff8c2bdab08e8e089892c36ace4313afb948,aswmf,,34.32184130167893,0.9645901818089658,65.39042974128776,,,,,0.01786416899994947,8,8,NLM_fast_cuda_global,,,,,
set50,high,27.gif,0,0.1,"[512, 512]",bc7a1c1300b1b1bda264e18fbde62fa845194fac5839cb705a788c6ac331f517,144439eafed501fe7aa53d4e6967a995d40da47c2ef83b7b5e02b718dafccd80,aswmf,,30.383588197533605,0.9703379472780074,63.708691462667176,,,,,0.018092942991643213,8,8,NLM_fast_cuda_global,,,,,
set50,high,46.gif,0,0.1,"[512, 512]",14cdebcd7b2b9e534cc9717933df6ccb4861289237cde90700810e2e6e2e245f,f9ffe1409fcf91d55fa900020b1f0f613dd8b50d40a2f9d090f6f53caa03f076,aswmf,,30.299902861429764,0.9507005054536928,62.68497670339953,,,,,0.017424823003239,8,8,NLM_fast_cuda_global,,,,,
set50,high,20.gif,0,0.1,"[512, 512]",c3a4da195ffc62103521cd979723e50840fe46cfd989b567c826985f8b23dcf4,bd08cc1fb18acc1d47463e9c075d7d5d446aa4ae53b1672824ff6a737dc1f69d,aswmf,,31.989573293151054,0.952617830072009,63.62567815017597,,,,,0.017009705989039503,8,8,NLM_fast_cuda_global,,,,,
set50,high,2.gif,0,0.1,"[512, 512]",b101b795e2638a1e9dbdaa513bdc8be6090aed4d6ac294b155e5f3a2c7c0bb80,13d3b6b9e05ddc640a63ea227d1f32df0b4e453f33794f15001a41ae53644828,aswmf,,36.21720480969442,0.9688525835359479,66.5512315816446,,,,,0.017283402004977688,8,8,NLM_fast_cuda_global,,,,,
set50,high,40.gif,0,0.1,"[512, 512]",911cad3f1d559f196f94ed9e80a9602969b74319acb1d70da238efdb48af38e2,d5f4e4babce2a4896b57ee8a524799a4a612a77617adc6237c295f1b8268313a,aswmf,,39.871224826654775,0.9756285991732297,68.71704237198888,,,,,0.017083810991607606,8,8,NLM_fast_cuda_global,,,,,
set50,high,31.gif,0,0.1,"[512, 512]",33781418a1e6e85521011be7d450b002a8f8a8f1ba68a79c1219f3b3ba59b160,85c7dd0dbdad648e1bc43c9d6bbf15a1baffa81644e4a28e665df8f4296b38c0,aswmf,,25.757945734141593,0.8994816564496403,57.85305568955282,,,,,0.02214998500130605,8,8,NLM_fast_cuda_global,,,,,
set50,high,29.gif,0,0.1,"[512, 512]",1eeb76c0386fbcd563a08eb25bbeffde427bdc62658e4bcc02c8aafbf733f219,a7c813ed42caac8cc5e59ba0b313601fb3411f9081c2c98c849a0f386c717927,aswmf,,28.25571405441393,0.8848294677019626,58.369330412305096,,,,,0.02120754698989913,8,8,NLM_fast_cuda_global,,,,,
set50,high,33.gif,0,0.1,"[512, 512]",7a10c4eca50167d8d459c2505f2b0f21cfb399e7b01adccaa0422695496c2e72,0b9b79cc55914de4df60ffdc521344bb95f073f3bbae4f345c20bb3d16868469,aswmf,,31.80120039382984,0.9497909607611968,63.39014823497477,,,,,0.01779480899858754,8,8,NLM_fast_cuda_global,,,,,
set50,high,24.gif,0,0.1,"[512, 512]",b8f6ebed7641854cd23e807c2f78d350f1373b2fe7f96e6ea18f8531797fbc3a,933931a3c3cf3e69d505146c4f660b276aa0eb49b9bdfff9b8e7b90470c69978,aswmf,,35.61298527642212,0.9667663554979571,66.14481041310891,,,,,0.017921023987582885,8,8,NLM_fast_cuda_global,,,,,
set50,high,3.gif,0,0.1,"[512, 512]",e3e2313cc250162bd613776c7b0063891d9d56b3576c9808ac5c8c0e7e8fcb8d,735ba2525df2e7b6a619ada7a3ef29d9102198e0392841695017c0dd0b5ee365,aswmf,,32.957322945629954,0.9586435096108088,64.41083695335541,,,,,0.01875575599842705,8,8,NLM_fast_cuda_global,,,,,
set50,high,1.gif,0,0.1,"[512, 512]",95f21dff4cd5a318a519cb05a1e35fb41f49c007ca46345fd6917258be8d9d73,3c777b4aafc995f531dbb45a128a3eae2ac912519ef53a690559aa448818fa5c,aswmf,,32.66880412188789,0.9700494806906146,64.83687609547468,,,,,0.016772042989032343,8,8,NLM_fast_cuda_global,,,,,
set50,high,23.gif,0,0.1,"[512, 512]",05918015ae96873f255fec3e75ace895a76214abbeffdbfff55b5cf6214224c6,5f89d28e00ddcbb3c400744e705cf34f0576d46a30918f8130ebe8b81f0dbd6b,aswmf,,37.90859610057038,0.9778509395021446,67.84684502539241,,,,,0.017840239001088776,8,8,NLM_fast_cuda_global,,,,,
set50,high,35.gif,0,0.1,"[512, 512]",353590d221e21b53b97858fbc575a2320a10336f21bbed5dd461fa942bab100f,7fd0001b7f292822b216f02c457dbcecd3cc83fe14deb66f3451f8f3ef72671e,aswmf,,34.92252476734199,0.9704221570839285,65.98237023786743,,,,,0.0168225759989582,8,8,NLM_fast_cuda_global,,,,,
set50,high,36.gif,0,0.1,"[512, 512]",99a41bcc709d43204ca0f73a6593656300237e5367043081c5065ca77d5e3628,ff4228673bf5f8b1cc0996ca7aebcbc4b4745a91c7d8bae3aa2dd541df188359,aswmf,,31.30207132380562,0.9520785809149463,63.254964707650124,,,,,0.017427605009288527,8,8,NLM_fast_cuda_global,,,,,
set50,high,26.gif,0,0.1,"[512, 512]",3efcc155fe7f35f9428c0536c9c1dc2b826188d5f0a5b0a90ecbf681233221e2,82c2e5bf1fd025c58e0731a894ed6f185e49d9f6da055c0ddcccab37d1acaf68,aswmf,,37.583624178947986,0.9715731848815239,67.37047133355019,,,,,0.02337029599584639,8,8,NLM_fast_cuda_global,,,,,
set50,high,37.gif,0,0.1,"[512, 512]",74881a36c4896c931da56c784ac35afb478dc71ae7af27894deeb074f83e518a,6711e4fc698c6f6b88662c31c7011be6475f79e420b41957137edbe48c02cc84,aswmf,,34.42508029332258,0.9532054694782985,64.87281362057621,,,,,0.017062275001080707,8,8,NLM_fast_cuda_global,,,,,
set50,high,13.gif,0,0.1,"[512, 512]",c34b796bde09761f5bc3c358f20b72f49e020580ed0a76d5456c61f0da4499eb,b23b2328bee24b6db72c9714ba291238b97ab3df260f49344564758f266b6c76,aswmf,,32.95949305735914,0.9708482068524403,65.02215687130159,,,,,0.016859219002071768,8,8,NLM_fast_cuda_global,,,,,
set50,high,28.gif,0,0.1,"[512, 512]",f509179793e6551fbec77f8fdd91e45d53d2dd6e0a87394377c4bb4c52eb9a43,d1611978754e5fc4a32fa267275458c29f71665a67a3d6e772e5a8d97a888b76,aswmf,,35.955597699444546,0.9656759152605134,66.26159461274794,,,,,0.027696817996911705,8,8,NLM_fast_cuda_global,,,,,
set50,high,9.gif,0,0.1,"[512, 512]",8b76cd61996084e7d23b9f638b4d32839d9f6ac7965ef9b585f78bdbdaff16b3,bf30a7802fc17f31bf72e321b90d3ed5f0390b5768e85c9c5499096eb9fcde3e,aswmf,,29.857478178582987,0.9524958584691334,62.553532012748164,,,,,0.018567088001873344,8,8,NLM_fast_cuda_global,,,,,
set50,high,18.gif,0,0.1,"[512, 512]",539caf0cced15a86b729848a1a182b75776a621cf01b5e9a62085f53b86f3407,57502a7add237e5d5309882c717ca9c474cb1f376e21798057c8e0f71c0150ec,aswmf,,25.004794344365294,0.922482134142201,58.6265038792927,,,,,0.017552910998347215,8,8,NLM_fast_cuda_global,,,,,
set50,high,49.gif,0,0.1,"[512, 512]",8311e02cd6238d6e74f6a9bf6fa5c250d748ceec5882a86242e2452c587cdf2b,16522de1ffa2356a43b6b1339c41f1a31b67ef45f92c4bb401a90a78555d2b30,aswmf,,17.780237072658053,0.8330044614357374,50.540341608115895,,,,,0.022841498997877352,8,8,NLM_fast_cuda_global,,,,,
set50,high,4.gif,0,0.1,"[512, 512]",fd89b9bfe327e11c7cfbc851fff026261f2c33ef17edc9373682def6616fdc4f,3c0d019d5056b98dbdd01251831763caa26e55b8875f2444b402a81535401593,aswmf,,35.68331520359675,0.9630976829321077,65.99654174840376,,,,,0.017191067003295757,8,8,NLM_fast_cuda_global,,,,,
set50,high,8.gif,0,0.1,"[512, 512]",fd53a01b9f6a3a02a5408efee91cfa235b1325372804d49874a677719089b14e,22ebb86ce1395a6ea03d541a188eef6e92c3804779678fd6b9d986ea4a3704f1,aswmf,,35.87073084073271,0.9724366062226498,66.55719573149885,,,,,0.018934124993393198,8,8,NLM_fast_cuda_global,,,,,
set50,high,39.gif,0,0.1,"[512, 512]",e43557540646572e4a7b69124c49ff2c37c4d1695507c5d64a44d09a5043958e,2cd48e49bed02f86e876dc092a5fe09f97580929bf9971223e5d235b9fc21e5d,aswmf,,38.51834314984498,0.978938873251895,68.20611523751724,,,,,0.018293025001185015,8,8,NLM_fast_cuda_global,,,,,
set50,high,12.gif,0,0.1,"[512, 512]",3c3ec23125fea9974f2e94c0d93a534edf2ec60d33b6af79f9a60fef58295de4,c499ec126eb1d4bd4772ea5064bf8c5aec9aedea33c962227fa457abfe5821f2,aswmf,,32.07424391939876,0.9487481867882895,63.47453129911386,,,,,0.020072569997864775,8,8,NLM_fast_cuda_global,,,,,
set50,high,45.gif,0,0.1,"[512, 512]",72644242bceb1596c04ab4ddde11989c7aa206ee2094402fadeac9f9c500d55a,1c77a0ba17abe22ce790d8efab4ac203a1f91fa751c993883c8b6bb7b35b8ec7,aswmf,,33.63662030844629,0.9691628205937911,65.2764511839127,,,,,0.01738670100166928,8,8,NLM_fast_cuda_global,,,,,
set50,high,11.gif,0,0.1,"[512, 512]",b12e0216f269d1ad8f5dfe769baf0fb60142ab5235a6d1d62707dc52ca591071,9cf4a3983f4c78b315b6e3696a2902c630e21959314e7d5ba80f4b5e3a698a9f,aswmf,,25.86719351904053,0.9381579088412634,59.841492201583435,,,,,0.018446107002091594,8,8,NLM_fast_cuda_global,,,,,
set50,high,34.gif,0,0.1,"[512, 512]",42a4b02f48b536770f4d42c1c4884a5b2a4a662af62778249a90a16c1d9f5398,aeee58b67027a3d070fc355f6fa808729e4818e31921fdad3e72e016da9f0e59,aswmf,,33.15177283892798,0.9609672939848726,64.62425111870762,,,,,0.016709019997506402,8,8,NLM_fast_cuda_global,,,,,
set50,medium,19.gif,0,0.05,"[512, 512]",d17c7663feb48c0fe318904421cb04ec7e850a109d952f66a49ac464a4176a1e,ab0f62ff71690b1f079d2442492232894b3d5cb0bd28f2a635a0154933a3ad9c,aswmf,,32.0135258100345,0.9569539031771374,63.85445806387412,,,,,0.016588736994890496,8,8,NLM_fast_cuda_global,,,,,
set50,medium,22.gif,0,0.05,"[512, 512]",dfe4f6c6370dbe0651bccc46e98ac3b787e8c63a3a37fb138fe6c81f3e32edd4,620f2e4a57fed79f61ab777b3e184c38652054c24847572fdb76c0001885adc8,aswmf,,30.99238008873985,0.9556718092808255,63.2797805084112,,,,,0.016010298000765033,8,8,NLM_fast_cuda_global,,,,,
set50,medium,10.gif,0,0.05,"[512, 512]",e233b9bc584bbcbbdcbcbf3674e9c18c92aff37cf54afeec01dc2e7dc1811878,bf39e4c2af1601555be9f4f79c87f5f72e4d70b0d0c6fbe349afddc726c4b64a,aswmf,,35.792604017100984,0.9831688512018592,67.05474456864346,,,,,0.014798928998061456,8,8,NLM_fast_cuda_global,,,,,
set50,medium,14.gif,0,0.05,"[512, 512]",83fe92c5398701971c09c467a97dc4bfdb94eb4b3ded548d26e5e7fcf62e4d2a,15c8aaec04915b3a2e6edfedfb300a609784bb53adf334bf8a8dfad53fca7e0e,aswmf,,27.514684506071163,0.9384790735167802,60.68129592887459,,,,,0.015363318991148844,8,8,NLM_fast_cuda_global,,,,,
set50,medium,5.gif,0,0.05,"[512, 512]",49db903e1a87a0044a734fb77708aad9985011bc9ee9fb379099de1b4e946109,c2224edd221ea21c84e5117528a8db3adfc3696f14b7d240e12cc2d0730553af,aswmf,,36.921788274814894,0.9664199745097967,66.78189286289728,,,,,0.015510825993260369,8,8,NLM_fast_cuda_global,,,,,
set50,medium,44.gif,0,0.05,"[512, 512]",f968969e97bf6f8f47fd5940af0bd7481b61f2df6d5d553882b8938123b37289,b3d71aafdd8875b49cb64bc4e793cabad947e6ab2f446605040bc133a31cd1d0,aswmf,,19.815883251487396,0.8531306600378272,52.56447462763506,,,,,0.017848483999841847,8,8,NLM_fast_cuda_global,,,,,
set50,medium,42.gif,0,0.05,"[512, 512]",f9b953242d46fc204da43e46262ac3754e9428050546213f592efb0fb7398f12,6e3b11e5a5fc79d6e322f09ce90be37d3ffe0078940e736dc490e04f24ae9a34,aswmf,,26.807406463212494,0.9606040994699074,61.433908205101616,,,,,0.01520579299540259,8,8,NLM_fast_cuda_global,,,,,
set50,medium,38.gif,0,0.05,"[512, 512]",e39779dc60dbc76330293a5fdb44dfabe4d22433c36132e18afcf31a515217b4,2e0bec2731efda949bbf711f73c2cbc227dfc6737900f9055cfc90cf3cdf2fde,aswmf,,36.110716878666224,0.9675288612714558,66.4318015029059,,,,,0.0160976669867523,8,8,NLM_fast_cuda_global,,,,,
set50,medium,48.gif,0,0.05,"[512, 512]",9b261d731fc3d639b0cc3dac391980b0c49dd558b24b95a14bb3f3eb9f3569d0,a747073b330968ee1aae040e4dc878fcf916f0a11f16fe05636a80b9fc875feb,aswmf,,36.04226566719711,0.9786228209420401,66.95227388070056,,,,,0.014903839997714385,8,8,NLM_fast_cuda_global,,,,,
set50,medium,17.gif,0,0.05,"[512, 512]",6f8a02e1689062bed722742a554760dd74359b35fc8b969bab8beed8e59421a0,6af0ecd76919ca281da513ca27a3a90b46d370abb3eb6578013f06f4b900ca86,aswmf,,27.417028595159362,0.8898835523638076,58.20269191577006,,,,,0.018191160997957923,8,8,NLM_fast_cuda_global,,,,,
set50,medium,0.png,0,0.05,"[512, 512]",0a372ced9fd4d1f9633532a58073e3974b41da8cfc87f04ec8e9a8dc6a89bba1,95660ff47115848bd895ed7581195e91c2ab4a1746122ef36b82c4d90108493b,aswmf,,36.58795131710842,0.9827115261787567,67.42955196749205,,,,,0.01799676699738484,8,8,NLM_fast_cuda_global,,,,,
set50,medium,16.gif,0,0.05,"[512, 512]",2d68b31ae4d4c10bc0e60742ba3064c10d62113ffb3ca9a7c14b80e40b0e6170,7455aaabfc63093d044293a592276a820637f19bca9681cbe7c6ff4252ab18b7,aswmf,,27.35484001718296,0.8946010051780492,58.407470267493935,,,,,0.01733699500618968,8,8,NLM_fast_cuda_global,,,,,
set50,medium,32.gif,0,0.05,"[512, 512]",c3cc3fb5da093d47d6808c6219ed907c3e69ab01954b1b929a8739cbbcc26493,d2e3e8ae3b57d5960df96ffa19753233b3b3181989f99a93fa4b43c98c09e669,aswmf,,25.222858695217205,0.8015732781297519,52.6900932540962,,,,,0.021032837001257576,8,8,NLM_fast_cuda_global,,,,,
set50,medium,30.gif,0,0.05,"[512, 512]",b1cccc0e8d64bae511f9cd0c5596628364bd1e09c90c5e793604a1f7a55f642f,50942175cdb95f83dc200d5959fee5536d4754b54986e42ca9e7c656cbeb2d35,aswmf,,32.71802579423502,0.9524186070074375,63.97994324748939,,,,,0.01563878900196869,8,8,NLM_fast_cuda_global,,,,,
set50,medium,43.gif,0,0.05,"[512, 512]",443801cafadb33c7829b313f4efd834e70cc313567a260dd2b5554dc7ee6be98,0f28e2bbe65b808a1ad16efa6f1a2414cb8e1679bad1f815c763acec68cff608,aswmf,,34.11034698490188,0.9759271927311696,65.85153312900943,,,,,0.02554613200481981,8,8,NLM_fast_cuda_global,,,,,
set50,medium,47.gif,0,0.05,"[512, 512]",9005ddf994846f88305becd36c72a046818a094c026c69a8106c34b34a31a8fe,f0b3f05cda30a32f8298ccca20c4e29bcc50c140242aed6be8d436ed2cbce168,aswmf,,30.635321541318177,0.9630401237698479,63.46966695915148,,,,,0.015037662000395358,8,8,NLM_fast_cuda_global,,,,,
set50,medium,25.gif,0,0.05,"[512, 512]",30838b6c4e963b60da10cc6158a119a7052a4ffa1ebdcc87bcf0054f681427c6,c89a7c0b0f09eb3263a9d11fe8efddbb4c1176dcd1ec6708e3bfd021c89ed096,aswmf,,36.68270692271547,0.9601078540363552,66.3467461631755,,,,,0.017990288994042203,8,8,NLM_fast_cuda_global,,,,,
set50,medium,7.gif,0,0.05,"[512, 512]",5e3769e24988284e1036ce844ee8e0f11dbe28fe111f6a962e37864dc34b60dc,0b7b6c2421211e0fc8eb9beafb206d75c70b2b199d5853ec2da992719afaceeb,aswmf,,26.8049500473957,0.9360629569268706,60.20562287004138,,,,,0.021599220999632962,8,8,NLM_fast_cuda_global,,,,,
set50,medium,15.gif,0,0.05,"[512, 512]",51e2066df33af18b47bcd356b17c6cdf04f2a5fd219ace410fcabb06698c6c71,39199cb66df82a184e9e3590d2a8fb0d07979479d1aa4b27f16430a55727c97d,aswmf,,29.832851080066206,0.9394311105701673,61.887981068541464,,,,,0.016233285001362674,8,8,NLM_fast_cuda_global,,,,,
set50,medium,41.gif,0,0.05,"[512, 512]",1569598ab7f33ee44bcf70502565ffcd7528912a2c13cd1977fe64573770f1e6,639175861e9da8475bf7aae7e80671d5d0dab0e21f7e6410bb02e7d02ad6a8fb,aswmf,,34.82520265002338,0.9705877512421037,65.94198888711688,,,,,0.015017648998764344,8,8,NLM_fast_cuda_global,,,,,
set50,medium,6.gif,0,0.05,"[512, 512]",ca956c8aa0ec2de8bd2e4d7545c7f969215d4f7f65cb72ee9d31cb17df0033b6,55397b364b569ec357ea88a4f227d75702d9c46065e68167ce5415a085e5c604,aswmf,,31.047089830593873,0.9412628811795144,62.58668897427266,,,,,0.017420155010768212,8,8,NLM_fast_cuda_global,,,,,
set50,medium,21.gif,0,0.05,"[512, 512]",74d2fa3fc2447fd331660c09f2f468f3cce983dc347509d32564e992fdebaf9a,b6c46b122a5935b040c7876069901e8fa2e88d65c0dccd7d3eab28bd325feb1d,aswmf,,34.11248292752871,0.960409196055913,65.07670126656001,,,,,0.01740809100738261,8,8,NLM_fast_cuda_global,,,,,
set50,medium,27.gif,0,0.05,"[512, 512]",bc7a1c1300b1b1bda264e18fbde62fa845194fac5839cb705a788c6ac331f517,bc5c0abc5cb89f2602601bed2e468d7abc51acd7e1e351256ff9700481db427e,aswmf,,30.542930160542156,0.9681657245456182,63.67975130755199,,,,,0.017696873008389957,8,8,NLM_fast_cuda_global,,,,,
set50,medium,46.gif,0,0.05,"[512, 512]",14cdebcd7b2b9e534cc9717933df6ccb4861289237cde90700810e2e6e2e245f,d878c43c275cd0166300fe04d75a53c09d3d75d67cb3d908e5882e20a295ecc9,aswmf,,30.692068303147426,0.954383813916562,63.065224847401815,,,,,0.016782279999461025,8,8,NLM_fast_cuda_global,,,,,
set50,medium,20.gif,0,0.05,"[512, 512]",c3a4da195ffc62103521cd979723e50840fe46cfd989b567c826985f8b23dcf4,5bfaaf6ce3c548fbb6ee19f84702519c6eb63441cab262540222464802072c15,aswmf,,32.01393007617091,0.9519549780237173,63.60471393927132,,,,,0.016006862992071547,8,8,NLM_fast_cuda_global,,,,,
set50,medium,2.gif,0,0.05,"[512, 512]",b101b795e2638a1e9dbdaa513bdc8be6090aed4d6ac294b155e5f3a2c7c0bb80,47bd00b70c71b3de67094cd318e7fb07d41c4b8231d7032dbe43d4a7fd0afd84,aswmf,,37.40126359442803,0.9752004101729278,67.4606523058604,,,,,0.01536064999527298,8,8,NLM_fast_cuda_global,,,,,
set50,medium,40.gif,0,0.05,"[512, 512]",911cad3f1d559f196f94ed9e80a9602969b74319acb1d70da238efdb48af38e2,dc1d71ab921c00086086b6fde9eb97f5acf18f1ed049f18da885c811f2618fe2,aswmf,,40.96240487994947,0.9802475240230144,69.49357864112545,,,,,0.015075934992637485,8,8,NLM_fast_cuda_global,,,,,
set50,medium,31.gif,0,0.05,"[512, 512]",33781418a1e6e85521011be7d450b002a8f8a8f1ba68a79c1219f3b3ba59b160,a83f1584e818989261cb11cf48877cb0c510282d8114787afbbd003206284810,aswmf,,26.000581643930868,0.8993407652401839,57.96732908397463,,,,,0.017389596003340557,8,8,NLM_fast_cuda_global,,,,,
set50,medium,29.gif,0,0.05,"[512, 512]",1eeb76c0386fbcd563a08eb25bbeffde427bdc62658e4bcc02c8aafbf733f219,83a2de1c8dcf51614771b01920c82a7c23337d67875efe46d6c405c5127135c7,aswmf,,28.4361670185929,0.8850061867633384,58.46839284746337,,,,,0.018013257009442896,8,8,NLM_fast_cuda_global,,,,,
set50,medium,33.gif,0,0.05,"[512, 512]",7a10c4eca50167d8d459c2505f2b0f21cfb399e7b01adccaa0422695496c2e72,08d26c934a289bb92e048127732aeadfa9b78a9f4b5882efb73995bdf3cd72d1,aswmf,,31.76077516481204,0.9479885041700378,63.27981279090791,,,,,0.016650046993163414,8,8,NLM_fast_cuda_global,,,,,
set50,medium,24.gif,0,0.05,"[512, 512]",b8f6ebed7641854cd23e807c2f78d350f1373b2fe7f96e6ea18f8531797fbc3a,7df6a26996b27055fbd6fade2729c1bef1483650ee3f0c3831c8b73955e45a96,aswmf,,35.71780875083725,0.9645969240493553,66.08875057788639,,,,,0.026755515005788766,8,8,NLM_fast_cuda_global,,,,,
set50,medium,3.gif,0,0.05,"[512, 512]",e3e2313cc250162bd613776c7b0063891d9d56b3576c9808ac5c8c0e7e8fcb8d,796ec59771c5391e193cc91c432e0a5596e1920f3a4db227d9eb10f6a3d518d5,aswmf,,32.882501373768676,0.9566888937748536,64.27569537562701,,,,,0.01946327098994516,8,8,NLM_fast_cuda_global,,,,,
set50,medium,1.gif,0,0.05,"[512, 512]",95f21dff4cd5a318a519cb05a1e35fb41f49c007ca46345fd6917258be8d9d73,e24ed88e7f0eb2dddfa6a9612b63b2c33becdf037cb98dd934bdb9f01a47ea78,aswmf,,34.232919379174504,0.9788406116467938,66.05849027192694,,,,,0.014621520997025073,8,8,NLM_fast_cuda_global,,,,,
set50,medium,23.gif,0,0.05,"[512, 512]",05918015ae96873f255fec3e75ace895a76214abbeffdbfff55b5cf6214224c6,655503e7d7fab0b5c67c003c7369ebf5019a3bde7ab7b4ded0a31511df31d745,aswmf,,38.167112486011526,0.9755508809586219,67.86110029093686,,,,,0.021651475006365217,8,8,NLM_fast_cuda_global,,,,,
set50,medium,35.gif,0,0.05,"[512, 512]",353590d221e21b53b97858fbc575a2320a10336f21bbed5dd461fa942bab100f,d8405f20d92cf2c558f2ca882734d0a50ace70c0b016ae8d28e3ae1f7bf374d8,aswmf,,35.346239343877485,0.9689675375082679,66.12149654735214,,,,,0.015613513998687267,8,8,NLM_fast_cuda_global,,,,,
set50,medium,36.gif,0,0.05,"[512, 512]",99a41bcc709d43204ca0f73a6593656300237e5367043081c5065ca77d5e3628,57e4e3e6cfe9d42cb759240f0c415ccaf8f59eecb6632db03e3d83df22720313,aswmf,,31.390389995626713,0.9508685689056559,63.238623443096145,,,,,0.015510552999330685,8,8,NLM_fast_cuda_global,,,,,
set50,medium,26.gif,0,0.05,"[512, 512]",3efcc155fe7f35f9428c0536c9c1dc2b826188d5f0a5b0a90ecbf681233221e2,854fb7772003d6ba3ae6e98b9a7fb849cc21ff8676ba7f04a3260e753a54d7cd,aswmf,,36.92404127814472,0.9688062987931612,66.90233557873042,,,,,0.01805736101232469,8,8,NLM_fast_cuda_global,,,,,
set50,medium,37.gif,0,0.05,"[512, 512]",74881a36c4896c931da56c784ac35afb478dc71ae7af27894deeb074f83e518a,036505e5dfbec15ce66a6908c05abf048cc47a82646c9b6094a5edfac7c701dc,aswmf,,33.919079304814524,0.9482839280824212,64.37373605652833,,,,,0.015527358002145775,8,8,NLM_fast_cuda_global,,,,,
set50,medium,13.gif,0,0.05,"[512, 512]",c34b796bde09761f5bc3c358f20b72f49e020580ed0a76d5456c61f0da4499eb,e2de224a77a3db31067ae6e062087f6bfac38a8df3f2a2d549c5cef396b3bc18,aswmf,,33.74365061489343,0.9774165702954815,65.74265382222079,,,,,0.01534737400652375,8,8,NLM_fast_cuda_global,,,,,
set50,medium,28.gif,0,0.05,"[512, 512]",f509179793e6551fbec77f8fdd91e45d53d2dd6e0a87394377c4bb4c52eb9a43,58a9abd4838209bd106b4a74ece0597005b07fe99a36d69bd1aa86ba516bad88,aswmf,,35.222221729862305,0.9577663954089459,65.49943063537845,,,,,0.015973260989994742,8,8,NLM_fast_cuda_global,,,,,
set50,medium,9.gif,0,0.05,"[512, 512]",8b76cd61996084e7d23b9f638b4d32839d9f6ac7965ef9b585f78bdbdaff16b3,e0f43ad256990bfaa3242b836c5dd9d4cf4e80021e09d929388010da18ae0559,aswmf,,30.028741919013243,0.9516954332439465,62.59914262170395,,,,,0.017751870007487014,8,8,NLM_fast_cuda_global,,,,,
set50,medium,18.gif,0,0.05,"[512, 512]",539caf0cced15a86b729848a1a182b75776a621cf01b5e9a62085f53b86f3407,4a90c942e2032c8804b9ebb9792d42187fe4daeee7ef4378cd6b6eb20be33093,aswmf,,24.957604936243794,0.9213524912800515,58.54642703212447,,,,,0.016207208012929186,8,8,NLM_fast_cuda_global,,,,,
set50,medium,49.gif,0,0.05,"[512, 512]",8311e02cd6238d6e74f6a9bf6fa5c250d748ceec5882a86242e2452c587cdf2b,5a601ed1dcc9698d64a9477467d78dda4fff8dd35cfeaf9d23934a7ad5017559,aswmf,,17.88565906968653,0.8454100267217421,51.21333087093037,,,,,0.022131549994810484,8,8,NLM_fast_cuda_global,,,,,
set50,medium,4.gif,0,0.05,"[512, 512]",fd89b9bfe327e11c7cfbc851fff026261f2c33ef17edc9373682def6616fdc4f,1bddc85da101df43df7bb7612200d6defe6021e2962e858d3d0572298eb96ac2,aswmf,,35.719873693359304,0.9609834472792016,65.90910921063974,,,,,0.02869149998878129,8,8,NLM_fast_cuda_global,,,,,
set50,medium,8.gif,0,0.05,"[512, 512]",fd53a01b9f6a3a02a5408efee91cfa235b1325372804d49874a677719089b14e,e2dea4fbc7e21862ca9af16abc32c18c40a4dd5dd02696d500714675394acfb8,aswmf,,36.23765999496983,0.9734752601149846,66.79259300323415,,,,,0.018403342997771688,8,8,NLM_fast_cuda_global,,,,,
set50,medium,39.gif,0,0.05,"[512, 512]",e43557540646572e4a7b69124c49ff2c37c4d1695507c5d64a44d09a5043958e,3302c586943fdd9db0f9ba7e02a73af0dce174011bc328f077b07b2e455337b4,aswmf,,38.36985116317021,0.9756171201330157,67.9657815882359,,,,,0.01725985600205604,8,8,NLM_fast_cuda_global,,,,,
set50,medium,12.gif,0,0.05,"[512, 512]",3c3ec23125fea9974f2e94c0d93a534edf2ec60d33b6af79f9a60fef58295de4,59d963dcd00180e7f3f72547745489e101cd7eff2175e5f3bb993ec828ffbb2f,aswmf,,32.91731488050096,0.9549183288214743,64.2045738813242,,,,,0.017564352994668297,8,8,NLM_fast_cuda_global,,,,,
set50,medium,45.gif,0,0.05,"[512, 512]",72644242bceb1596c04ab4ddde11989c7aa206ee2094402fadeac9f9c500d55a,81ad42bbcf0b5e8f33c2ad489cebceb574e8a1035bc12ec2a3d57de309ae0f6a,aswmf,,35.16666610251254,0.9757508561046694,66.37087585648975,,,,,0.014983654997195117,8,8,NLM_fast_cuda_global,,,,,
set50,medium,11.gif,0,0.05,"[512, 512]",b12e0216f269d1ad8f5dfe769baf0fb60142ab5235a6d1d62707dc52ca591071,901e5232f1e9d4af8b7e7854cd94540c565ee392f1959e992aa40cca5ec504b7,aswmf,,25.429935260872046,0.9244567991733855,58.9378075891053,,,,,0.018288300998392515,8,8,NLM_fast_cuda_global,,,,,
set50,medium,34.gif,0,0.05,"[512, 512]",42a4b02f48b536770f4d42c1c4884a5b2a4a662af62778249a90a16c1d9f5398,f88df87e1cc3de2cabfeea22db517da9ce53ffbe36b4b8fcb3fda6b33e5bcef7,aswmf,,33.13168392007493,0.9623183115848206,64.6817575392785,,,,,0.01485111798683647,8,8,NLM_fast_cuda_global,,,,,
set50,extreme,10.gif,0,0.2,"[512, 512]",e233b9bc584bbcbbdcbcbf3674e9c18c92aff37cf54afeec01dc2e7dc1811878,c2298b7f30afbb2db5aebc17d7f29055d6f3492e431507d9548fbcca879a142f,aswmf,,32.024120036774384,0.9603735558937502,64.0307378130747,,,,,0.02328486999613233,8,8,NLM_fast_cuda_global,,,,,
set50,extreme,0.png,0,0.2,"[512, 512]",0a372ced9fd4d1f9633532a58073e3974b41da8cfc87f04ec8e9a8dc6a89bba1,bb82ddd95a6a25e95485a996c31e0375130595fb41bbf773b1bd5b01c13959c1,aswmf,,32.69085501576519,0.964077186451853,64.54928683047524,,,,,0.023308062998694368,8,8,NLM_fast_cuda_global,,,,,
set50,extreme,1.gif,0,0.2,"[512, 512]",95f21dff4cd5a318a519cb05a1e35fb41f49c007ca46345fd6917258be8d9d73,54e822cbce4710b252fbe64e0411a8ba078cc0c39f84b7119227543ee0ff4185,aswmf,,29.956795781341626,0.9434215583324039,62.14947580729101,,,,,0.02306450399919413,8,8,NLM_fast_cuda_global,,,,,
set50,moderate,19.gif,0,0.03,"[512, 512]",d17c7663feb48c0fe318904421cb04ec7e850a109d952f66a49ac464a4176a1e,4a77cc7feb68ac2e5a85825f247e8e4c3c9679a7c0426f5bfdcd4072c19d4627,aswmf,,31.06071194400519,0.9449045712692308,62.775584535464134,,,,,0.01609114200982731,8,8,NLM_fast_cuda_global,,,,,
set50,moderate,22.gif,0,0.03,"[512, 512]",dfe4f6c6370dbe0651bccc46e98ac3b787e8c63a3a37fb138fe6c81f3e32edd4,2e45a4290be99d09ad7c8b15ab628d656e317851811cf62a814d56799172c143,aswmf,,29.969311630367788,0.9414106699302437,62.055189311696076,,,,,0.015554180004983209,8,8,NLM_fast_cuda_global,,,,,
set50,moderate,10.gif,0,0.03,"[512, 512]",e233b9bc584bbcbbdcbcbf3674e9c18c92aff37cf54afeec01dc2e7dc1811878,bf021845440d96f05ab8d1c21303bf9963fdc05185458026279984bb6cf67882,aswmf,,35.83560868587372,0.9828523149187849,67.0604200888761,,,,,0.014755592012079433,8,8,NLM_fast_cuda_global,,,,,
set50,moderate,14.gif,0,0.03,"[512, 512]",83fe92c5398701971c09c467a97dc4bfdb94eb4b3ded548d26e5e7fcf62e4d2a,abe42801e069a3aebf3f39389e875a54b88a4e1f606a29719e6111251e33d91b,aswmf,,26.846573097597272,0.9269809079516016,59.77233194637871,,,,,0.015544424997642636,8,8,NLM_fast_cuda_global,,,,,
set50,moderate,5.gif,0,0.03,"[512, 512]",49db903e1a87a0044a734fb77708aad9985011bc9ee9fb379099de1b4e946109,af29f9154f09d34b94284c16eae6366125c9201801f5961f397ede4007ff8d2a,aswmf,,35.99229202812725,0.9558257300587052,65.78743251699888,,,,,0.01605590499821119,8,8,NLM_fast_cuda_global,,,,,
set50,moderate,44.gif,0,0.03,"[512, 512]",f968969e97bf6f8f47fd5940af0bd7481b61f2df6d5d553882b8938123b37289,bb1a9080a734e4376c0068ee09317d2e77d45ff3bc06189f526414812d722522,aswmf,,19.697689714137976,0.8411104727456238,51.90436849435018,,,,,0.017318986007012427,8,8,NLM_fast_cuda_global,,,,,
set50,moderate,42.gif,0,0.03,"[512, 512]",f9b953242d46fc204da43e46262ac3754e9428050546213f592efb0fb7398f12,5a97f335dd14d16fa2a26568a61dbdd1f0cd96c034e1d93323385c6c8ee1278b,aswmf,,26.866200029319135,0.9596782079919837,61.41701041425875,,,,,0.015113560002646409,8,8,NLM_fast_cuda_global,,,,,
set50,moderate,38.gif,0,0.03,"[512, 512]",e39779dc60dbc76330293a5fdb44dfabe4d22433c36132e18afcf31a515217b4,7b05a5462bc68e44134575d6e71c54256811d7816777d48e15b8ebff29020534,aswmf,,35.35894384364294,0.9593164167983553,65.64529276173924,,,,,0.015885553002590314,8,8,NLM_fast_cuda_global,,,,,
set50,moderate,48.gif,0,0.03,"[512, 512]",9b261d731fc3d639b0cc3dac391980b0c49dd558b24b95a14bb3f3eb9f3569d0,be699cc3e412bf91ef9e26d4f7be8e45cc78cbc1049db067c20cc8e0fdefa309,aswmf,,36.01006219796086,0.9776333602201951,66.88669910999019,,,,,0.014696990998345427,8,8,NLM_fast_cuda_global,,,,,
set50,moderate,17.gif,0,0.03,"[512, 512]",6f8a02e1689062bed722742a554760dd74359b35fc8b969bab8beed8e59421a0,29b950eb5447df2cee11f6d9ed1e4ef64d57aa95f3d5eddc1297ed8706b401b4,aswmf,,27.181238379986038,0.8867944636569463,57.930342372840336,,,,,0.020017051996546797,8,8,NLM_fast_cuda_global,,,,,
set50,moderate,0.png,0,0.03,"[512, 512]",0a372ced9fd4d1f9633532a58073e3974b41da8cfc87f04ec8e9a8dc6a89bba1,1890871d8ac6fdf241ae77566f9a0eb175baed8033bd8ffbdecf5475a45749fe,aswmf,,36.73721189715616,0.9812763452708816,67.43242321212216,,,,,0.014863632008200511,8,8,NLM_fast_cuda_global,,,,,
set50,moderate,16.gif,0,0.03,"[512, 512]",2d68b31ae4d4c10bc0e60742ba3064c10d62113ffb3ca9a7c14b80e40b0e6170,108534efa550eb43c28b1af1689dc7e2b4ce02a2879364bb26dfe0bda7ea36a0,aswmf,,26.960741425285285,0.8789977664275624,57.430259034020764,,,,,0.026527039997745305,8,8,NLM_fast_cuda_global,,,,,
set50,moderate,32.gif,0,0.03,"[512, 512]",c3cc3fb5da093d47d6808c6219ed907c3e69ab01954b1b929a8739cbbcc26493,d278879439261ffe9ed28694e5eea47639c1b8f5a8a94bace3543395b60dd533,aswmf,,25.29798132880751,0.8109937350048531,53.198677414646404,,,,,0.021712540998123586,8,8,NLM_fast_cuda_global,,,,,
set50,moderate,30.gif,0,0.03,"[512, 512]",b1cccc0e8d64bae511f9cd0c5596628364bd1e09c90c5e793604a1f7a55f642f,d28020be6943581ea586663a46ffe8f3a0fb5dabd1de0042b989c19d113e461f,aswmf,,31.98887927323444,0.9398623264674416,62.987555959989294,,,,,0.015246107999701053,8,8,NLM_fast_cuda_global,,,,,
set50,moderate,43.gif,0,0.03,"[512, 512]",443801cafadb33c7829b313f4efd834e70cc313567a260dd2b5554dc7ee6be98,1f8784755ea55d81ac618ccaca204d47bf177db66bd5c7daaede569bb788a981,aswmf,,34.30648337480903,0.9760963294824626,65.95805816152765,,,,,0.028550167990033515,8,8,NLM_fast_cuda_global,,,,,
set50,moderate,47.gif,0,0.03,"[512, 512]",9005ddf994846f88305becd36c72a046818a094c026c69a8106c34b34a31a8fe,4d80ef3a631443edbca7f0f765de5e35a2502b2f168084e29548ba4f32211a34,aswmf,,30.367325250129518,0.9605868501032625,63.213005130227884,,,,,0.014835401001619175,8,8,NLM_fast_cuda_global,,,,,
set50,moderate,25.gif,0,0.03,"[512, 512]",30838b6c4e963b60da10cc6158a119a7052a4ffa1ebdcc87bcf0054f681427c6,8e83987dd80258df03bc1d39081bd12f3e414e2a92e3b00b5454514001fa330e,aswmf,,36.01780068988692,0.9506045807741346,65.53912938365019,,,,,0.018113919999450445,8,8,NLM_fast_cuda_global,,,,,
set50,moderate,7.gif,0,0.03,"[512, 512]",5e3769e24988284e1036ce844ee8e0f11dbe28fe111f6a962e37864dc34b60dc,43f856b2e4729aee32854ee85f842476fc982f3d9d390db1fb2b7253e4e7e89c,aswmf,,25.74595759604123,0.9163408122275071,58.69001940939597,,,,,0.02552028000354767,8,8,NLM_fast_cuda_global,,,,,
set50,moderate,15.gif,0,0.03,"[512, 512]",51e2066df33af18b47bcd356b17c6cdf04f2a5fd219ace410fcabb06698c6c71,2d9093eb41be84ce7ed0d978b9b19c485cbf154d47e52c2dd0fd828853447d0c,aswmf,,28.926592847518858,0.9240731048177143,60.66695166464515,,,,,0.016395061000366695,8,8,NLM_fast_cuda_global,,,,,
set50,moderate,41.gif,0,0.03,"[512, 512]",1569598ab7f33ee44bcf70502565ffcd7528912a2c13cd1977fe64573770f1e6,ff0263a6707841b84077f68687f1b5681a02f5a5751a9c11140365b8582c92b3,aswmf,,34.71542808441565,0.9686304197647636,65.78923503044601,,,,,0.014865702003589831,8,8,NLM_fast_cuda_global,,,,,
set50,moderate,6.gif,0,0.03,"[512, 512]",ca956c8aa0ec2de8bd2e4d7545c7f969215d4f7f65cb72ee9d31cb17df0033b6,84221910b6b9a6acdbb5afef9fc1ca7d246990555c43db357055a2f7fb1696d9,aswmf,,30.373961965746943,0.9329824038722254,61.83610117648474,,,,,0.017535460996441543,8,8,NLM_fast_cuda_global,,,,,
set50,moderate,21.gif,0,0.03,"[512, 512]",74d2fa3fc2447fd331660c09f2f468f3cce983dc347509d32564e992fdebaf9a,d5ccfab06b048653f8250b070ca0b04342317d22a38961fa45c8b80e0d09c15a,aswmf,,33.15911327309741,0.9490959383301696,64.03435355305719,,,,,0.017510370002128184,8,8,NLM_fast_cuda_global,,,,,
set50,moderate,27.gif,0,0.03,"[512, 512]",bc7a1c1300b1b1bda264e18fbde62fa845194fac5839cb705a788c6ac331f517,aab60ccc545edf9dca9fa48d80e67ab5ad51f1057b062d7157c1f27cece394a7,aswmf,,30.443416781309118,0.9610936882276933,63.276392802039226,,,,,0.026316994000808336,8,8,NLM_fast_cuda_global,,,,,
set50,moderate,46.gif,0,0.03,"[512, 512]",14cdebcd7b2b9e534cc9717933df6ccb4861289237cde90700810e2e6e2e245f,f68a978e6ae4cceafd52796314ca1bd61710126b4514f19d2cf2a1dbf543f9eb,aswmf,,30.33485432746986,0.9480553775499565,62.570196041232755,,,,,0.015617078999639489,8,8,NLM_fast_cuda_global,,,,,
set50,moderate,20.gif,0,0.03,"[512, 512]",c3a4da195ffc62103521cd979723e50840fe46cfd989b567c826985f8b23dcf4,00025b7fcbcf353bccb34525bf06153c13450094f9fb05eda8e25b4b3cf81775,aswmf,,31.327209348811206,0.9407723095143311,62.70222015012216,,,,,0.019654418996651657,8,8,NLM_fast_cuda_global,,,,,
set50,moderate,2.gif,0,0.03,"[512, 512]",b101b795e2638a1e9dbdaa513bdc8be6090aed4d6ac294b155e5f3a2c7c0bb80,7815db9fcaba45ca1fe9659edc8745c582da03a285a37be6aefbfc147089a99b,aswmf,,37.3472507538773,0.973616004735694,67.35442561372335,,,,,0.01565247098915279,8,8,NLM_fast_cuda_global,,,,,
set50,moderate,40.gif,0,0.03,"[512, 512]",911cad3f1d559f196f94ed9e80a9602969b74319acb1d70da238efdb48af38e2,4ed4227588674f3dfbd060c06df4a2a8737dae851b4ce97b19d6d26acd29cd88,aswmf,,40.747375131343176,0.9780838869248779,69.27788191191549,,,,,0.014457019991823472,8,8,NLM_fast_cuda_global,,,,,
set50,moderate,31.gif,0,0.03,"[512, 512]",33781418a1e6e85521011be7d450b002a8f8a8f1ba68a79c1219f3b3ba59b160,6c04ab1e187ca58f545f9b32e49810d14cc9f4baabf6e8b2e3ab576507435c08,aswmf,,25.58037848479369,0.8872444757276647,57.15241302878009,,,,,0.018180728002334945,8,8,NLM_fast_cuda_global,,,,,
set50,moderate,29.gif,0,0.03,"[512, 512]",1eeb76c0386fbcd563a08eb25bbeffde427bdc62658e4bcc02c8aafbf733f219,7e36de98996efc03518db23d8b2790304e843bc1b59fa6dbd37c32ded4a6902b,aswmf,,28.064566259590787,0.8739496621785371,57.72976623872225,,,,,0.01749201001075562,8,8,NLM_fast_cuda_global,,,,,
set50,moderate,33.gif,0,0.03,"[512, 512]",7a10c4eca50167d8d459c2505f2b0f21cfb399e7b01adccaa0422695496c2e72,ba09b5b2b00094264b93b15dfe764f5f155d14fd8012fef6795bbb30e2e02af9,aswmf,,31.177466236651313,0.9381737453566135,62.49742038615633,,,,,0.0153998929890804,8,8,NLM_fast_cuda_global,,,,,
set50,moderate,24.gif,0,0.03,"[512, 512]",b8f6ebed7641854cd23e807c2f78d350f1373b2fe7f96e6ea18f8531797fbc3a,00361d9d18adafe8f56c1222f7c494507b310d4a76d7b0c8a82b2c1609574b41,aswmf,,34.865587702286376,0.9551067073214559,65.18812921721599,,,,,0.017961469988222234,8,8,NLM_fast_cuda_global,,,,,
set50,moderate,3.gif,0,0.03,"[512, 512]",e3e2313cc250162bd613776c7b0063891d9d56b3576c9808ac5c8c0e7e8fcb8d,dd14e890ca3c05f9cb0de1181aa5a5db0779077468bd4909ced1783680752557,aswmf,,31.748708147938594,0.9474239048440796,63.24554931617328,,,,,0.02362793700012844,8,8,NLM_fast_cuda_global,,,,,
set50,moderate,1.gif,0,0.03,"[512, 512]",95f21dff4cd5a318a519cb05a1e35fb41f49c007ca46345fd6917258be8d9d73,b046c3ca53ac27d398655bff7451b2b566c0b17466b8819f428a346cbe1fb919,aswmf,,34.488858708977254,0.9790031267266176,66.19458569081951,,,,,0.014332128994283266,8,8,NLM_fast_cuda_global,,,,,
set50,moderate,23.gif,0,0.03,"[512, 512]",05918015ae96873f255fec3e75ace895a76214abbeffdbfff55b5cf6214224c6,2daf28aacbb63227de565cd84c202daafbc0a84772d4320a0d4213b8214207da,aswmf,,37.41183920838658,0.9681505502320503,67.11344711579581,,,,,0.01967169198906049,8,8,NLM_fast_cuda_global,,,,,
set50,moderate,35.gif,0,0.03,"[512, 512]",353590d221e21b53b97858fbc575a2320a10336f21bbed5dd461fa942bab100f,0fb08c5de87a5a41e52590493adbddf82a33f95b9154da10a9801c12a103de9f,aswmf,,34.63502018260654,0.9612734316049877,65.38118167155265,,,,,0.0153831540083047,8,8,NLM_fast_cuda_global,,,,,
set50,moderate,36.gif,0,0.03,"[512, 512]",99a41bcc709d43204ca0f73a6593656300237e5367043081c5065ca77d5e3628,ac5122e3551e0bbc5ce45212b3e5a5b0036fdaec4bb1859d21d61fc5d6d185a9,aswmf,,30.50780331043404,0.9392167029432709,62.214736802380564,,,,,0.01521103800041601,8,8,NLM_fast_cuda_global,,,,,
set50,moderate,26.gif,0,0.03,"[512, 512]",3efcc155fe7f35f9428c0536c9c1dc2b826188d5f0a5b0a90ecbf681233221e2,80df9d16ce4f4c986faf28bb5b520724b7cc3964f0373fd572fa16b065e88889,aswmf,,35.949727398739924,0.9607236167274315,66.01104453574153,,,,,0.015284795998013578,8,8,NLM_fast_cuda_global,,,,,
set50,moderate,37.gif,0,0.03,"[512, 512]",74881a36c4896c931da56c784ac35afb478dc71ae7af27894deeb074f83e518a,7173cba5345fcfbe9557abb697d95042a919f4d6122da8ce612d77d8fb82cf11,aswmf,,32.96084148959183,0.9338122996928008,63.17103572943595,,,,,0.01515871899027843,8,8,NLM_fast_cuda_global,,,,,
set50,moderate,13.gif,0,0.03,"[512, 512]",c34b796bde09761f5bc3c358f20b72f49e020580ed0a76d5456c61f0da4499eb,a2f2a757fc1c83f9bed8ee3c789083b32351ef8857a1a102fba848a3fe7d0f2a,aswmf,,33.60282770661793,0.9765564667135281,65.62923718898537,,,,,0.014845830999547616,8,8,NLM_fast_cuda_global,,,,,
set50,moderate,28.gif,0,0.03,"[512, 512]",f509179793e6551fbec77f8fdd91e45d53d2dd6e0a87394377c4bb4c52eb9a43,0ec572cf93ac546cce976f078eeb44740a3e46ee9a4fce5909a4ee51526b79a3,aswmf,,34.10786698528916,0.9423245162957806,64.17015930743361,,,,,0.016585464996751398,8,8,NLM_fast_cuda_global,,,,,
set50,moderate,9.gif,0,0.03,"[512, 512]",8b76cd61996084e7d23b9f638b4d32839d9f6ac7965ef9b585f78bdbdaff16b3,08ebebac1d0c3f7ebfafdfa8e93fa92ed980cc02966803336351778a3d0128df,aswmf,,29.66311135365412,0.9443764796004248,62.0503796568483,,,,,0.018168456997955218,8,8,NLM_fast_cuda_global,,,,,
set50,moderate,18.gif,0,0.03,"[512, 512]",539caf0cced15a86b729848a1a182b75776a621cf01b5e9a62085f53b86f3407,762e6943b9437065f73e4f6277554701b84063ead3f21c15cf1e7188d5fc83c8,aswmf,,24.467479509526193,0.9085010020351239,57.65878985651929,,,,,0.015930259993183427,8,8,NLM_fast_cuda_global,,,,,
set50,moderate,49.gif,0,0.03,"[512, 512]",8311e02cd6238d6e74f6a9bf6fa5c250d748ceec5882a86242e2452c587cdf2b,51d6c89faaff83ef0b7b15a14c8357cccf0aa1dd8a38cf19b3dc5e7488c4f352,aswmf,,17.738517063317328,0.843916686473086,51.06509285531297,,,,,0.022840527002699673,8,8,NLM_fast_cuda_global,,,,,
set50,moderate,4.gif,0,0.03,"[512, 512]",fd89b9bfe327e11c7cfbc851fff026261f2c33ef17edc9373682def6616fdc4f,90c0c67bdd6ea5e7262ae4a17200e7f45a845bcba4d8cd17bc0c12abd43e6ccf,aswmf,,34.99737843723034,0.9516267506198257,65.08002674960645,,,,,0.015080184006365016,8,8,NLM_fast_cuda_global,,,,,
set50,moderate,8.gif,0,0.03,"[512, 512]",fd53a01b9f6a3a02a5408efee91cfa235b1325372804d49874a677719089b14e,eb3e181f36ac425d497e384772f1bc27cbb99aaccac73affe890e3b538d1fec8,aswmf,,35.530830574467174,0.9678700627027198,66.15891842236957,,,,,0.019714377995114774,8,8,NLM_fast_cuda_global,,,,,
set50,moderate,39.gif,0,0.03,"[512, 512]",e43557540646572e4a7b69124c49ff2c37c4d1695507c5d64a44d09a5043958e,b18d17a3f4769d559d7b4a3cbb523afee8371b8e3419c1884514b2f407e9a4ac,aswmf,,37.31510381276307,0.9684174897321891,67.07842639299099,,,,,0.01795764299458824,8,8,NLM_fast_cuda_global,,,,,
set50,moderate,12.gif,0,0.03,"[512, 512]",3c3ec23125fea9974f2e94c0d93a534edf2ec60d33b6af79f9a60fef58295de4,a88e463713c8906dc55b4636147c4434d127d68a71e2e4d94601b4da5b09fa9e,aswmf,,32.956639912107924,0.9533296625213226,64.14480308212009,,,,,0.016885285993339494,8,8,NLM_fast_cuda_global,,,,,
set50,moderate,45.gif,0,0.03,"[512, 512]",72644242bceb1596c04ab4ddde11989c7aa206ee2094402fadeac9f9c500d55a,8f542b8722cb2b0dabbae2e6f726b67333642ec2c57fc7ddbf447d23110afc60,aswmf,,35.32479547456789,0.9744758551184226,66.38619049320508,,,,,0.014635107989306562,8,8,NLM_fast_cuda_global,,,,,
set50,moderate,11.gif,0,0.03,"[512, 512]",b12e0216f269d1ad8f5dfe769baf0fb60142ab5235a6d1d62707dc52ca591071,2b4a035721bdad7497c2bbf55e4f48957b4abd07b77f288442c504b9a2e5e739,aswmf,,24.402790270531547,0.8992657216156709,57.16468121604932,,,,,0.018953013990540057,8,8,NLM_fast_cuda_global,,,,,
set50,moderate,34.gif,0,0.03,"[512, 512]",42a4b02f48b536770f4d42c1c4884a5b2a4a662af62778249a90a16c1d9f5398,55a28dcc5b7916918ef13b18a26e0b258b3c954f785ec8c1ee8d6498ea3b939b,aswmf,,32.315041679989704,0.9543944370638311,63.87724269318641,,,,,0.014839084993582219,8,8,NLM_fast_cuda_global,,,,,
set50,low,19.gif,0,0.01,"[512, 512]",d17c7663feb48c0fe318904421cb04ec7e850a109d952f66a49ac464a4176a1e,4d9fcea700a23bddd85518f70e1f1a21427252e043050cf82bbd584a784dcdf2,aswmf,,29.756304816197098,0.9221557917411172,60.98594199515441,,,,,0.017486907992861234,8,8,NLM_fast_cuda_global,,,,,
set50,low,22.gif,0,0.01,"[512, 512]",dfe4f6c6370dbe0651bccc46e98ac3b787e8c63a3a37fb138fe6c81f3e32edd4,b2c86302dd35784935b349103eea4994bac78882b1f66fe05cbd0eff3c4f3692,aswmf,,28.514836737888146,0.9131580497669198,59.91532085729006,,,,,0.01692316500702873,8,8,NLM_fast_cuda_global,,,,,
set50,low,10.gif,0,0.01,"[512, 512]",e233b9bc584bbcbbdcbcbf3674e9c18c92aff37cf54afeec01dc2e7dc1811878,ed18cdba5c14f3575b15c3dbd6cb7821e1672460cf265af262fa809b2dcc9878,aswmf,,35.711340772206235,0.9802422117291089,66.86778097255856,,,,,0.014430208000703715,8,8,NLM_fast_cuda_global,,,,,
set50,low,14.gif,0,0.01,"[512, 512]",83fe92c5398701971c09c467a97dc4bfdb94eb4b3ded548d26e5e7fcf62e4d2a,64abc2d905aabb38864450f0af1ad424bb1689ea0666689a0a39ea98c8e6c64e,aswmf,,25.631050010577002,0.8996451024553889,57.797780128057944,,,,,0.014378621999640018,8,8,NLM_fast_cuda_global,,,,,
set50,low,5.gif,0,0.01,"[512, 512]",49db903e1a87a0044a734fb77708aad9985011bc9ee9fb379099de1b4e946109,dbd952e46b4726c976e4c86376e9410d20bfc6334f5e9e484a536a9f0337370b,aswmf,,34.618437075676226,0.9351023282206217,64.0643349488692,,,,,0.026406769000459462,8,8,NLM_fast_cuda_global,,,,,
set50,low,44.gif,0,0.01,"[512, 512]",f968969e97bf6f8f47fd5940af0bd7481b61f2df6d5d553882b8938123b37289,42e3c08cf2b0cec0c123c4090e6a3f4b8b8ee6df540c5eec04ad9484bc032028,aswmf,,19.445083660711624,0.8172827754595013,50.586680603330876,,,,,0.017526442010421306,8,8,NLM_fast_cuda_global,,,,,
set50,low,42.gif,0,0.01,"[512, 512]",f9b953242d46fc204da43e46262ac3754e9428050546213f592efb0fb7398f12,fca820cfcfd19eacbd368d0e7c81d4bf941a17e29fe10943058be3157ad7ecdd,aswmf,,26.836643188463395,0.9538263928680748,61.10964123763544,,,,,0.01469493100012187,8,8,NLM_fast_cuda_global,,,,,
set50,low,38.gif,0,0.01,"[512, 512]",e39779dc60dbc76330293a5fdb44dfabe4d22433c36132e18afcf31a515217b4,8a4f622d145ab8ed04f447bd3e6fea77afa39ceaa5e438fdaefe8a638cb76d4d,aswmf,,34.06171704363397,0.9430242688983226,64.18207196673312,,,,,0.016069467004854232,8,8,NLM_fast_cuda_global,,,,,
set50,low,48.gif,0,0.01,"[512, 512]",9b261d731fc3d639b0cc3dac391980b0c49dd558b24b95a14bb3f3eb9f3569d0,de7039382b2c716bf8b8bd9ef90136c7a8e43e3e8bdee5fa3447bde9a6becb68,aswmf,,35.50925242643678,0.973287205704577,66.41898649844724,,,,,0.01417705201311037,8,8,NLM_fast_cuda_global,,,,,
set50,low,17.gif,0,0.01,"[512, 512]",6f8a02e1689062bed722742a554760dd74359b35fc8b969bab8beed8e59421a0,da214e6323ceeebbcc7aa2be59f5915388fdb98dd02a39f8ca94705bae09da2a,aswmf,,26.54847294888043,0.8794646166732893,57.24746730810468,,,,,0.017387747997418046,8,8,NLM_fast_cuda_global,,,,,
set50,low,0.png,0,0.01,"[512, 512]",0a372ced9fd4d1f9633532a58073e3974b41da8cfc87f04ec8e9a8dc6a89bba1,580fbc14af471717cfc09261d71b2bee527d3960eb5a144e296d4af84219023d,aswmf,,36.09381591798092,0.9765190439766454,66.87286015782273,,,,,0.015030296999611892,8,8,NLM_fast_cuda_global,,,,,
set50,low,16.gif,0,0.01,"[512, 512]",2d68b31ae4d4c10bc0e60742ba3064c10d62113ffb3ca9a7c14b80e40b0e6170,5a34727aa846ef18673a8ed97ce9030df3297566700329ed4d9163d22c8c0e23,aswmf,,26.164955750446147,0.8468269467276881,55.42382521160748,,,,,0.01701556600164622,8,8,NLM_fast_cuda_global,,,,,
set50,low,32.gif,0,0.01,"[512, 512]",c3cc3fb5da093d47d6808c6219ed907c3e69ab01954b1b929a8739cbbcc26493,ee0b605cf5805cee95dec190b897d374b300762268a951bc2923c750885eb553,aswmf,,25.164988923283524,0.8296006481029569,54.06252686678961,,,,,0.020699222004623152,8,8,NLM_fast_cuda_global,,,,,
set50,low,30.gif,0,0.01,"[512, 512]",b1cccc0e8d64bae511f9cd0c5596628364bd1e09c90c5e793604a1f7a55f642f,8ca3d59b856fd4291a18000f1171df98f2ccda8b342a7686d3fe46cb7cbe5e9a,aswmf,,30.599669488705125,0.9133076131147729,60.96521540009121,,,,,0.014856724999845028,8,8,NLM_fast_cuda_global,,,,,
set50,low,43.gif,0,0.01,"[512, 512]",443801cafadb33c7829b313f4efd834e70cc313567a260dd2b5554dc7ee6be98,0367df72489ecd2f6c17785be16d482c8ad0f56c301ac5135b7c597d340c320a,aswmf,,34.216531285460874,0.9738065181301047,65.79859154923567,,,,,0.01539811100519728,8,8,NLM_fast_cuda_global,,,,,
set50,low,47.gif,0,0.01,"[512, 512]",9005ddf994846f88305becd36c72a046818a094c026c69a8106c34b34a31a8fe,b58103ccb1517d653cbc447db4dc4d1bbfe39e12b76ae800a60c523302295055,aswmf,,29.506084716653792,0.9505303818224161,62.2795614494477,,,,,0.015391965003800578,8,8,NLM_fast_cuda_global,,,,,
set50,low,25.gif,0,0.01,"[512, 512]",30838b6c4e963b60da10cc6158a119a7052a4ffa1ebdcc87bcf0054f681427c6,54d84616da890c632d6a16057e9dc62f9b7d564bf73fa85bad96d32d0b8e37f3,aswmf,,35.003377266215296,0.9329493288882827,64.14915507752178,,,,,0.01875409999047406,8,8,NLM_fast_cuda_global,,,,,
set50,low,7.gif,0,0.01,"[512, 512]",5e3769e24988284e1036ce844ee8e0f11dbe28fe111f6a962e37864dc34b60dc,64adbe011994dd5254c8b1aa9d24094637976f4c9b2c0e6b111ad13c8fd77d7f,aswmf,,24.131928256645466,0.873785082406685,55.75521824865698,,,,,0.018752876989310607,8,8,NLM_fast_cuda_global,,,,,
set50,low,15.gif,0,0.01,"[512, 512]",51e2066df33af18b47bcd356b17c6cdf04f2a5fd219ace410fcabb06698c6c71,8c7914d337e62afbc812f7fa21b64172783d92b5a5d191250b56d3acae35dbbe,aswmf,,27.648878187430515,0.8960750877588362,58.628193481657064,,,,,0.016594125001574866,8,8,NLM_fast_cuda_global,,,,,
set50,low,41.gif,0,0.01,"[512, 512]",1569598ab7f33ee44bcf70502565ffcd7528912a2c13cd1977fe64573770f1e6,5ca718b9bf3bcbf2d15f3cbfb1bb2ef9abb4b101ff07a87ae2357f80b38f995c,aswmf,,34.040101465364344,0.9606568154290863,65.05289150413648,,,,,0.01953520899405703,8,8,NLM_fast_cuda_global,,,,,
set50,low,6.gif,0,0.01,"[512, 512]",ca956c8aa0ec2de8bd2e4d7545c7f969215d4f7f65cb72ee9d31cb17df0033b6,c6a47fae86a982cf63f74e711953f9f9a442abe14bf023e0693cfabf476f7cb5,aswmf,,29.31673769133443,0.9150174520949702,60.40924145041572,,,,,0.02022335899528116,8,8,NLM_fast_cuda_global,,,,,
set50,low,21.gif,0,0.01,"[512, 512]",74d2fa3fc2447fd331660c09f2f468f3cce983dc347509d32564e992fdebaf9a,d6fd972bca83abb88fbd0d7db771bbd0375fc9aad445e30f544c635990c9c919,aswmf,,31.7976565903379,0.9257290129747257,62.18527894390523,,,,,0.02047695500368718,8,8,NLM_fast_cuda_global,,,,,
set50,low,27.gif,0,0.01,"[512, 512]",bc7a1c1300b1b1bda264e18fbde62fa845194fac5839cb705a788c6ac331f517,34bf2bcdfa12b56d970deac4f2646885f4df8f2a6be51ff1c842febb5cfa07bb,aswmf,,30.21587024637007,0.9483469108552246,62.52528066594627,,,,,0.03157117299269885,8,8,NLM_fast_cuda_global,,,,,
set50,low,46.gif,0,0.01,"[512, 512]",14cdebcd7b2b9e534cc9717933df6ccb4861289237cde90700810e2e6e2e245f,78f82fbfe7bfe1bd10a0ec830f660de577a7abe9ec75464d1c9180c2515cc412,aswmf,,29.48861129404749,0.9324612144850619,61.36736637127684,,,,,0.016528403997654095,8,8,NLM_fast_cuda_global,,,,,
set50,low,20.gif,0,0.01,"[512, 512]",c3a4da195ffc62103521cd979723e50840fe46cfd989b567c826985f8b23dcf4,926c8ffad204b1af9489027ea8e92efcf84f2315c100ce06303e326031b86775,aswmf,,30.045272887984105,0.9172100110283649,60.8831369954103,,,,,0.015401723998365924,8,8,NLM_fast_cuda_global,,,,,
set50,low,2.gif,0,0.01,"[512, 512]",b101b795e2638a1e9dbdaa513bdc8be6090aed4d6ac294b155e5f3a2c7c0bb80,7195960aa368bfaccac8b97b6cd55bb61f7a81ada3a5c613dad979b7e2a88ecd,aswmf,,36.62931600400903,0.9670552493481247,66.66742046941076,,,,,0.014647176009020768,8,8,NLM_fast_cuda_global,,,,,
set50,low,40.gif,0,0.01,"[512, 512]",911cad3f1d559f196f94ed9e80a9602969b74319acb1d70da238efdb48af38e2,bb2b2ab1d2fb46491c3104537a7862d16c6540386d39c2d42b4dc0416f5fb0f1,aswmf,,39.79331230210694,0.9719974788508006,68.49653009359349,,,,,0.014294194988906384,8,8,NLM_fast_cuda_global,,,,,
set50,low,31.gif,0,0.01,"[512, 512]",33781418a1e6e85521011be7d450b002a8f8a8f1ba68a79c1219f3b3ba59b160,d6d7419dbd47cf4100df960a94ea3e33a9de9181970199e822813a042cca89e3,aswmf,,24.730866485466706,0.8606310821050215,55.39698734798443,,,,,0.018635012005688623,8,8,NLM_fast_cuda_global,,,,,
set50,low,29.gif,0,0.01,"[512, 512]",1eeb76c0386fbcd563a08eb25bbeffde427bdc62658e4bcc02c8aafbf733f219,344bd3e7159aeb387f857c93bd519dbbefe06fcd40fc9b623eb0f0cfe1416ba9,aswmf,,27.362468800304512,0.8497017698664338,56.16632289347395,,,,,0.017257247993256897,8,8,NLM_fast_cuda_global,,,,,
set50,low,33.gif,0,0.01,"[512, 512]",7a10c4eca50167d8d459c2505f2b0f21cfb399e7b01adccaa0422695496c2e72,c217786b989c52b18af02ac4eccfe62dd596f977dca2d7b6dc1bd0986f48da81,aswmf,,30.30988080763742,0.916866822849414,60.998281546289405,,,,,0.016765637003118172,8,8,NLM_fast_cuda_global,,,,,
set50,low,24.gif,0,0.01,"[512, 512]",b8f6ebed7641854cd23e807c2f78d350f1373b2fe7f96e6ea18f8531797fbc3a,23816520001755e583487cbe7dcd417d2e11a1ad056ec210acef626b034fdf36,aswmf,,33.84764554241089,0.9389755139805939,63.87259847023514,,,,,0.018770388007396832,8,8,NLM_fast_cuda_global,,,,,
set50,low,3.gif,0,0.01,"[512, 512]",e3e2313cc250162bd613776c7b0063891d9d56b3576c9808ac5c8c0e7e8fcb8d,cc396bbe23c5212ba6baa086bf53a40beef07fa4020fe5ace7fbfa32416f23fa,aswmf,,30.427187008510693,0.9287122602473955,61.64920651662513,,,,,0.024811000999761745,8,8,NLM_fast_cuda_global,,,,,
set50,low,1.gif,0,0.01,"[512, 512]",95f21dff4cd5a318a519cb05a1e35fb41f49c007ca46345fd6917258be8d9d73,be092100aa91ae017a208b593f7b1c88fc347faaded98e1691b9fbdb9bbdb3ae,aswmf,,34.0581515050499,0.9757914688516517,65.81864919510754,,,,,0.014242877005017363,8,8,NLM_fast_cuda_global,,,,,
set50,low,23.gif,0,0.01,"[512, 512]",05918015ae96873f255fec3e75ace895a76214abbeffdbfff55b5cf6214224c6,8825f87136cb87cb87b7ee7b3bb71b82eaa68700864d5cc6e83af9fae3f56555,aswmf,,36.2516367518342,0.9544197017436492,65.84680346309956,,,,,0.019775537002715282,8,8,NLM_fast_cuda_global,,,,,
set50,low,35.gif,0,0.01,"[512, 512]",353590d221e21b53b97858fbc575a2320a10336f21bbed5dd461fa942bab100f,470525874460bc637beb1f22c12cf7d95266c96ae72a58df1b8b8a45d7421dd5,aswmf,,33.33107365170628,0.9450520651007475,63.91814008089051,,,,,0.015771681006299332,8,8,NLM_fast_cuda_global,,,,,
set50,low,36.gif,0,0.01,"[512, 512]",99a41bcc709d43204ca0f73a6593656300237e5367043081c5065ca77d5e3628,4c9fb2ffd6c3cd4191de57133e1f175dccaa7d659a83f2db7fb68f86bfb5eab5,aswmf,,29.12797555065941,0.9130275241852809,60.21536398459375,,,,,0.016700431995559484,8,8,NLM_fast_cuda_global,,,,,
set50,low,26.gif,0,0.01,"[512, 512]",3efcc155fe7f35f9428c0536c9c1dc2b826188d5f0a5b0a90ecbf681233221e2,fd6e5b6bb21f31fce84588fbf0def61aa7799be96bceaf1f8f821ce91540ca55,aswmf,,34.5289165997399,0.942737290534324,64.40132282658615,,,,,0.016487625005538575,8,8,NLM_fast_cuda_global,,,,,
set50,low,37.gif,0,0.01,"[512, 512]",74881a36c4896c931da56c784ac35afb478dc71ae7af27894deeb074f83e518a,d34dc52c2c08a14e007ecacf562579826f45b0b1707e067dff6b3df9968dbbaf,aswmf,,31.497796144926255,0.9048700343399303,60.99239978945964,,,,,0.015662853998946957,8,8,NLM_fast_cuda_global,,,,,
set50,low,13.gif,0,0.01,"[512, 512]",c34b796bde09761f5bc3c358f20b72f49e020580ed0a76d5456c61f0da4499eb,21d5f13f0aba8a02886ff598d918384e41d968bbb44abcae71af497143790552,aswmf,,33.09565983088681,0.9716218394775133,65.12892188931907,,,,,0.014413514989428222,8,8,NLM_fast_cuda_global,,,,,
set50,low,28.gif,0,0.01,"[512, 512]",f509179793e6551fbec77f8fdd91e45d53d2dd6e0a87394377c4bb4c52eb9a43,dd3ba862107b756742d3029f750c4d7be7c1283c6fb9ff3273684e5e05640984,aswmf,,32.64477165982878,0.9137335371247586,62.00906268615232,,,,,0.017351378992316313,8,8,NLM_fast_cuda_global,,,,,
set50,low,9.gif,0,0.01,"[512, 512]",8b76cd61996084e7d23b9f638b4d32839d9f6ac7965ef9b585f78bdbdaff16b3,4cd76b34e1053d8ac22d03bda2ce6fe4218266806e9f352d164ab9cdb6ad5b7d,aswmf,,28.90485594162838,0.9278503759179367,60.844946766711026,,,,,0.01936186500824988,8,8,NLM_fast_cuda_global,,,,,
set50,low,18.gif,0,0.01,"[512, 512]",539caf0cced15a86b729848a1a182b75776a621cf01b5e9a62085f53b86f3407,5873c891357876f2dbe9c9d0e5fc2da0fd371a9cf25f1268ae8f5893ee21f411,aswmf,,23.623382993455255,0.8819472561104271,55.90905430224898,,,,,0.016400559994508512,8,8,NLM_fast_cuda_global,,,,,
set50,low,49.gif,0,0.01,"[512, 512]",8311e02cd6238d6e74f6a9bf6fa5c250d748ceec5882a86242e2452c587cdf2b,8125d7f83fc4d3be014d6ec00247ddfe409213305964ff8d8abbcaaaf07d5131,aswmf,,17.417747487002234,0.8332691653919375,50.37233201309799,,,,,0.022389984005712904,8,8,NLM_fast_cuda_global,,,,,
set50,low,4.gif,0,0.01,"[512, 512]",fd89b9bfe327e11c7cfbc851fff026261f2c33ef17edc9373682def6616fdc4f,cb585c5a840cc56bfa16227eca05f3d968ee47e4d8a6d4f6a8098f24c92e5ebe,aswmf,,33.79919668342983,0.9326699066142384,63.53309367242684,,,,,0.016425139998318627,8,8,NLM_fast_cuda_global,,,,,
set50,low,8.gif,0,0.01,"[512, 512]",fd53a01b9f6a3a02a5408efee91cfa235b1325372804d49874a677719089b14e,959d9223c31d5d17f16e71514f09e97be2737ed240f0e73975f0bb5c91651a10,aswmf,,34.10237783072273,0.9546570578228767,64.7840418065052,,,,,0.02032944600796327,8,8,NLM_fast_cuda_global,,,,,
set50,low,39.gif,0,0.01,"[512, 512]",e43557540646572e4a7b69124c49ff2c37c4d1695507c5d64a44d09a5043958e,44e6529e24cceca1d712601d81f8499b0bc9587c6093ab99c831d09ccf79016a,aswmf,,35.97871242464487,0.9532321860039722,65.65096551252105,,,,,0.01905837700178381,8,8,NLM_fast_cuda_global,,,,,
set50,low,12.gif,0,0.01,"[512, 512]",3c3ec23125fea9974f2e94c0d93a534edf2ec60d33b6af79f9a60fef58295de4,fa9482fa551439d9f17531d42a955c1c9fb456df7a7ea0c45be4ad6a23db1c47,aswmf,,32.62704283124484,0.9475833706176334,63.69268994650409,,,,,0.016707212998881005,8,8,NLM_fast_cuda_global,,,,,
set50,low,45.gif,0,0.01,"[512, 512]",72644242bceb1596c04ab4ddde11989c7aa206ee2094402fadeac9f9c500d55a,c3ab35a48c81121c8b48794984160850baf0a8f64d9009ea6eeefb548e11df68,aswmf,,34.832467896349876,0.968610028119763,65.84673535416309,,,,,0.014328641002066433,8,8,NLM_fast_cuda_global,,,,,
set50,low,11.gif,0,0.01,"[512, 512]",b12e0216f269d1ad8f5dfe769baf0fb60142ab5235a6d1d62707dc52ca591071,8948decfdbaad42c41f6d0264883a357a35557ce680c55d8a78313aad39151af,aswmf,,22.949637442689994,0.8504581104326712,53.997724242978556,,,,,0.02483891999872867,8,8,NLM_fast_cuda_global,,,,,
set50,low,34.gif,0,0.01,"[512, 512]",42a4b02f48b536770f4d42c1c4884a5b2a4a662af62778249a90a16c1d9f5398,dd73eaa5ded2fd68bedf81c188a0c44f01c7edbdcbf0abdf70e7d6c10a63bf63,aswmf,,31.1196470318566,0.9386155023978855,62.49059863582258,,,,,0.014275612003984861,8,8,NLM_fast_cuda_global,,,,,
set12,high,02.png,0,0.1,"[512, 512]",9a0925d4efea52b4b8355baab41b735118c594bada85c1650a8c929d4bedd645,e416650380e12917a3a2eeeb4269219a30b3b8cc16efb4db753ec8cb052bd8c8,aswmf,,43.00473242222327,0.9886187552119199,70.93330397170763,,,,,0.017542378991493024,8,8,NLM_fast_cuda_global,,,,,
set12,high,10.png,0,0.1,"[512, 512]",fa9370ee1649c3bf2aa161f01d3d2575a2dedca729f26b78bd75d618679b9889,7164aae5d6477ab64a9b20611d6b33f74569a62d739a897485e7d12dad80435d,aswmf,,34.45594497057564,0.972250539218975,65.84049944623658,,,,,0.01809755999420304,8,8,NLM_fast_cuda_global,,,,,
set12,high,09.png,0,0.1,"[512, 512]",4b3ddbef5883a30e02120d9280c878727f5282bb054525cf3a5b0fcffb889d5c,3e0d74d912d9f117e2941f19693e873a800672ebfc0237c1409a0ea272ec7872,aswmf,,32.43918900438379,0.9696327496165139,64.70123198301759,,,,,0.01750132199958898,8,8,NLM_fast_cuda_global,,,,,
set12,high,07.png,0,0.1,"[512, 512]",154769fc48745384ec8816fc554051b0dd5f1c55071de2669c9058bf3a96574e,2ba0d75dafd4a58439379072ed0bc3d150f40e4390b9b33d20349e9f1b29b718,aswmf,,32.55881267942363,0.9812144176635144,65.34012722288753,,,,,0.01771814899984747,8,8,NLM_fast_cuda_global,,,,,
set12,high,05.png,0,0.1,"[512, 512]",0a48bd94dc684e9744094acf5f9409ae1a147f367207cbcf847ffecc9506b1e3,99ebf5f91f8d5011c136e3657c039f5f484f7a9ad07790541df20dd03bf9c836,aswmf,,37.892082501622085,0.9856467709744331,68.22837979953269,,,,,0.01836782599275466,8,8,NLM_fast_cuda_global,,,,,
set12,high,08.png,0,0.1,"[512, 512]",2c394996c73fe787fca843f9f42014d5330dda4ad3053466b934f2c52d1c1f84,df4e8481f6afd5a29944a9cd59f15e3ba5659986829732fd430d6985cd4b7fc9,aswmf,,33.67695895419133,0.9639285993457929,65.0349094443853,,,,,0.01744308799970895,8,8,NLM_fast_cuda_global,,,,,
set12,high,01.png,0,0.1,"[512, 512]",0a372ced9fd4d1f9633532a58073e3974b41da8cfc87f04ec8e9a8dc6a89bba1,5c64fdfe33f4ceb5a47428c2edc3ca4f989b1078a7da5d038a7aac327de869fd,aswmf,,35.273286003038336,0.9793927136181982,66.60627868242908,,,,,0.017597298006876372,8,8,NLM_fast_cuda_global,,,,,
set12,high,04.png,0,0.1,"[512, 512]",7f6baec8e072815d469acd5d149f5da86b89ef26df1895c4edde2d5758900fd0,0a9fd41a69964cdee98a13387f66a0e0afec3986fcdb81bfef6cf0b952ec854c,aswmf,,39.05078180990253,0.9862224132192036,68.83651156591145,,,,,0.017089618995669298,8,8,NLM_fast_cuda_global,,,,,
set12,high,06.png,0,0.1,"[512, 512]",aa1ae42753ac532294aa25320a62b1fb9aa4b54ad1627f3551d0532393b63c6e,d64e7d6cff0dd1480f8ba1a2df2cb1a7e53c3656ab86e3b1aaaf93b31a9edfbf,aswmf,,34.44144576380082,0.9778374330647489,66.11259453513786,,,,,0.03064081999764312,8,8,NLM_fast_cuda_global,,,,,
set12,high,03.png,0,0.1,"[512, 512]",ecaf4e62d02b750095b71c0828247049848c285190975276e63ef6d951b37cf4,4b3536cd26cb2a06a9257208afef360b062fd3e9ee7285ba6d4c75c0e03474d9,aswmf,,31.610494666906767,0.9879268852836779,65.20159159763728,,,,,0.017523533999337815,8,8,NLM_fast_cuda_global,,,,,
set12,high,11.png,0,0.1,"[512, 512]",17b452cc44e876adc0d3fd3607e8c9ab9e04406fa1702d436005e99db30c6108,efb327d0e9507fdf30c7e6389581d470feab9b99fac8c2659863071b5babac8d,aswmf,,30.57296895003466,0.9327013276544266,61.92155085773866,,,,,0.023575832005008124,8,8,NLM_fast_cuda_global,,,,,
set12,medium,02.png,0,0.05,"[512, 512]",9a0925d4efea52b4b8355baab41b735118c594bada85c1650a8c929d4bedd645,c3f9d39a11e3011c40ec0ba98de83291f1b1fcd783cfca19fa39be37ecb6240b,aswmf,,44.63121296461388,0.990288067709532,71.83000986778355,,,,,0.027687870999216102,8,8,NLM_fast_cuda_global,,,,,
set12,medium,10.png,0,0.05,"[512, 512]",fa9370ee1649c3bf2aa161f01d3d2575a2dedca729f26b78bd75d618679b9889,87d8a8c260cdb8c52551132cb0dfe95ee2f14d151af9ff4d6168d5800396b42c,aswmf,,35.81561846039266,0.9783698191368498,66.82630018703883,,,,,0.015355627998360433,8,8,NLM_fast_cuda_global,,,,,
set12,medium,09.png,0,0.05,"[512, 512]",4b3ddbef5883a30e02120d9280c878727f5282bb054525cf3a5b0fcffb889d5c,7c56fc735c741056497fe6ad8b491244bf2746021f23f9e3f3b7401a4df3be52,aswmf,,33.99598116464573,0.9784555356936304,65.92076736700439,,,,,0.015314554999349639,8,8,NLM_fast_cuda_global,,,,,
set12,medium,07.png,0,0.05,"[512, 512]",154769fc48745384ec8816fc554051b0dd5f1c55071de2669c9058bf3a96574e,50403390a446b8878af128c5b5eb24f750286ab630615b3caace33849ff6c560,aswmf,,33.06052280567722,0.9845478931520295,65.75765606044008,,,,,0.015014808988780715,8,8,NLM_fast_cuda_global,,,,,
set12,medium,05.png,0,0.05,"[512, 512]",0a48bd94dc684e9744094acf5f9409ae1a147f367207cbcf847ffecc9506b1e3,adb057f232e03a2f58a65b65c32bd3ae831f109d80147c92d9e62f40775bc731,aswmf,,39.87737299109335,0.9894498785590311,69.41118042349822,,,,,0.015311380993807688,8,8,NLM_fast_cuda_global,,,,,
set12,medium,08.png,0,0.05,"[512, 512]",2c394996c73fe787fca843f9f42014d5330dda4ad3053466b934f2c52d1c1f84,8e3d7b1e875d19f22c64e3044a9d0c41b820f9cfa02088458ff600eaf223eb5f,aswmf,,34.754511209466045,0.9703218745655012,65.89334933300808,,,,,0.01553865399910137,8,8,NLM_fast_cuda_global,,,,,
set12,medium,01.png,0,0.05,"[512, 512]",0a372ced9fd4d1f9633532a58073e3974b41da8cfc87f04ec8e9a8dc6a89bba1,95660ff47115848bd895ed7581195e91c2ab4a1746122ef36b82c4d90108493b,aswmf,,36.58795131710842,0.9827115261787567,67.42955196749205,,,,,0.015603385007125326,8,8,NLM_fast_cuda_global,,,,,
set12,medium,04.png,0,0.05,"[512, 512]",7f6baec8e072815d469acd5d149f5da86b89ef26df1895c4edde2d5758900fd0,1c72f71d2f5910501fba30fd6269d5a73022d2e2701365d87f47014e5f50f8e5,aswmf,,41.14880079294668,0.9906643211515886,70.10761645405277,,,,,0.015947944004437886,8,8,NLM_fast_cuda_global,,,,,
set12,medium,06.png,0,0.05,"[512, 512]",aa1ae42753ac532294aa25320a62b1fb9aa4b54ad1627f3551d0532393b63c6e,418ae6ffd6be74f226d8da4b414080f6be346245802a6e9c0b97dc4ff2a94400,aswmf,,35.66460658614839,0.9830764489922242,66.9861257426854,,,,,0.02171046900912188,8,8,NLM_fast_cuda_global,,,,,
set12,medium,03.png,0,0.05,"[512, 512]",ecaf4e62d02b750095b71c0828247049848c285190975276e63ef6d951b37cf4,0a2b74a80e9ef7c6edfd254d6abd4f21d8fc939cbcfe8e477f4c4a919f7d715d,aswmf,,31.90258433664253,0.9911562093967001,65.50910263815626,,,,,0.016097776009701192,8,8,NLM_fast_cuda_global,,,,,
set12,medium,11.png,0,0.05,"[512, 512]",17b452cc44e876adc0d3fd3607e8c9ab9e04406fa1702d436005e99db30c6108,599e46ff8f73bb0bcb238e7a5776355ab3a55274a6828355adfafd7ae4d55c02,aswmf,,31.191819938925413,0.9402916665517712,62.61049329705126,,,,,0.019928868001443334,8,8,NLM_fast_cuda_global,,,,,
set12,extreme,02.png,0,0.2,"[512, 512]",9a0925d4efea52b4b8355baab41b735118c594bada85c1650a8c929d4bedd645,49df52a59b6c929c5f31dd1d9dcd3a8cc145517e504d2433ddbe093f2ea75a04,aswmf,,40.14085805460552,0.9797379926352475,69.05732865906513,,,,,0.022773271004552953,8,8,NLM_fast_cuda_global,,,,,
set12,extreme,10.png,0,0.2,"[512, 512]",fa9370ee1649c3bf2aa161f01d3d2575a2dedca729f26b78bd75d618679b9889,54206e07e2533ce3cdc4f253b01d2bcf15986e6aa5edcfa3142c91d69412c383,aswmf,,31.755036288614825,0.9492848433819903,63.34176031340692,,,,,0.02393573199515231,8,8,NLM_fast_cuda_global,,,,,
set12,extreme,09.png,0,0.2,"[512, 512]",4b3ddbef5883a30e02120d9280c878727f5282bb054525cf3a5b0fcffb889d5c,0b3ebc1adeda4f915d78dc938f4f6754e061d4488a42511b466d50496ed3c90d,aswmf,,29.72567793810636,0.9426221726763517,61.99394760287077,,,,,0.023616285005118698,8,8,NLM_fast_cuda_global,,,,,
set12,extreme,07.png,0,0.2,"[512, 512]",154769fc48745384ec8816fc554051b0dd5f1c55071de2669c9058bf3a96574e,a555b68256523f4ea9a6a3a1d63d525af0a21767eb731194aeaa7d0237229d14,aswmf,,30.98100087835344,0.967267672761664,63.85388407725992,,,,,0.025569702993379906,8,8,NLM_fast_cuda_global,,,,,
set12,extreme,05.png,0,0.2,"[512, 512]",0a48bd94dc684e9744094acf5f9409ae1a147f367207cbcf847ffecc9506b1e3,47e001521556c7ceb0d8f2d01af9cf5e6eedb001280a9b295e77fef79fb60244,aswmf,,35.04397055527859,0.9737082374947301,66.2073971523758,,,,,0.02624142800050322,8,8,NLM_fast_cuda_global,,,,,
set12,extreme,08.png,0,0.2,"[512, 512]",2c394996c73fe787fca843f9f42014d5330dda4ad3053466b934f2c52d1c1f84,b513454383e7814ea07019014f0d151fde15b5a47f3e20c6d9f3194be9c69f56,aswmf,,31.107579705610924,0.9342399774799751,62.26578872680422,,,,,0.02371011200011708,8,8,NLM_fast_cuda_global,,,,,
set12,extreme,01.png,0,0.2,"[512, 512]",0a372ced9fd4d1f9633532a58073e3974b41da8cfc87f04ec8e9a8dc6a89bba1,bb82ddd95a6a25e95485a996c31e0375130595fb41bbf773b1bd5b01c13959c1,aswmf,,32.69085501576519,0.964077186451853,64.54928683047524,,,,,0.022735931997885928,8,8,NLM_fast_cuda_global,,,,,
set12,extreme,04.png,0,0.2,"[512, 512]",7f6baec8e072815d469acd5d149f5da86b89ef26df1895c4edde2d5758900fd0,bed36c52da9f24d3ca3fb49a29cd8e86158fb485d9e63c07e1c4acb7624e204a,aswmf,,36.23080236518412,0.9746478779542973,66.84779508030692,,,,,0.024007297004573047,8,8,NLM_fast_cuda_global,,,,,
set12,extreme,06.png,0,0.2,"[512, 512]",aa1ae42753ac532294aa25320a62b1fb9aa4b54ad1627f3551d0532393b63c6e,99762f4e36329a2a9ca8ae0af403f0994ac05cc0f2d8cfc948e27d609ae70bab,aswmf,,31.892061547387527,0.9602037698153266,63.956219264460096,,,,,0.023887004994321615,8,8,NLM_fast_cuda_global,,,,,
set12,extreme,03.png,0,0.2,"[512, 512]",ecaf4e62d02b750095b71c0828247049848c285190975276e63ef6d951b37cf4,5d873642d5904df0268ba3e2ab75f110ac16583462f4036e07f029c689362f0c,aswmf,,30.934621419125303,0.9784854889127232,64.39158515519881,,,,,0.026162130990996957,8,8,NLM_fast_cuda_global,,,,,
set12,extreme,11.png,0,0.2,"[512, 512]",17b452cc44e876adc0d3fd3607e8c9ab9e04406fa1702d436005e99db30c6108,9a04391c3b1256307bf621b3151ddf799518fb0a981f8949a152baac9237f5bf,aswmf,,28.824399043873257,0.9039347551761822,59.608937280745735,,,,,0.029532357992138714,8,8,NLM_fast_cuda_global,,,,,
set12,moderate,02.png,0,0.03,"[512, 512]",9a0925d4efea52b4b8355baab41b735118c594bada85c1650a8c929d4bedd645,ee7bfd453ba8d6e6718aaf8a97d81f5f2238214fca6f66b9cd8f2e44d4e6969a,aswmf,,44.95368038079175,0.9893585158310895,71.94476598195035,,,,,0.015660589997423813,8,8,NLM_fast_cuda_global,,,,,
set12,moderate,10.png,0,0.03,"[512, 512]",fa9370ee1649c3bf2aa161f01d3d2575a2dedca729f26b78bd75d618679b9889,5d887063ebde1fcfbf95f8deca1ac10049d03f7db0a73c069699f665d6977104,aswmf,,35.78152671843191,0.9772597703830104,66.75375187836647,,,,,0.014972621997003444,8,8,NLM_fast_cuda_global,,,,,
set12,moderate,09.png,0,0.03,"[512, 512]",4b3ddbef5883a30e02120d9280c878727f5282bb054525cf3a5b0fcffb889d5c,de0042a9b572069c4805997a988a6eb7d29426746f4b470c08ec69dfefe9b523,aswmf,,34.243067878993706,0.9785559083669141,66.04932935784255,,,,,0.014752346003660932,8,8,NLM_fast_cuda_global,,,,,
set12,moderate,07.png,0,0.03,"[512, 512]",154769fc48745384ec8816fc554051b0dd5f1c55071de2669c9058bf3a96574e,41c6793af84e33ba2ceb749b4738b40b1b3737129d2d2babeb1dd4ec40eb3ac5,aswmf,,33.131614752445195,0.9841178535353118,65.77170005298818,,,,,0.014892559993313625,8,8,NLM_fast_cuda_global,,,,,
set12,moderate,05.png,0,0.03,"[512, 512]",0a48bd94dc684e9744094acf5f9409ae1a147f367207cbcf847ffecc9506b1e3,9f3476abacfd546a3608bc4be56078d043e749803d48ceb9c514386cce77c211,aswmf,,40.50492155454179,0.9897532281518997,69.74012218486588,,,,,0.01482786500127986,8,8,NLM_fast_cuda_global,,,,,
set12,moderate,08.png,0,0.03,"[512, 512]",2c394996c73fe787fca843f9f42014d5330dda4ad3053466b934f2c52d1c1f84,b0b958f06122f7dfd86e575b45174a19c43c39d05a9f75e6d37f0d1b885e83d9,aswmf,,34.654204707221126,0.9683949443579417,65.74684957150765,,,,,0.014874261993099935,8,8,NLM_fast_cuda_global,,,,,
set12,moderate,01.png,0,0.03,"[512, 512]",0a372ced9fd4d1f9633532a58073e3974b41da8cfc87f04ec8e9a8dc6a89bba1,1890871d8ac6fdf241ae77566f9a0eb175baed8033bd8ffbdecf5475a45749fe,aswmf,,36.73721189715616,0.9812763452708816,67.43242321212216,,,,,0.01537513300718274,8,8,NLM_fast_cuda_global,,,,,
set12,moderate,04.png,0,0.03,"[512, 512]",7f6baec8e072815d469acd5d149f5da86b89ef26df1895c4edde2d5758900fd0,5aab2f4c90265de03c4286a1026b54930c9f1174f15bd4788a5cea6ddc26c27a,aswmf,,41.94241998226904,0.9915614213711601,70.54928105969252,,,,,0.014670250995550305,8,8,NLM_fast_cuda_global,,,,,
set12,moderate,06.png,0,0.03,"[512, 512]",aa1ae42753ac532294aa25320a62b1fb9aa4b54ad1627f3551d0532393b63c6e,f6c87c3541133224f0d0b09d3ddb74251b7ff019191b5f7b5cf5f3356ce374c4,aswmf,,35.70017225704875,0.98273686455957,66.98692935650288,,,,,0.015451569997821935,8,8,NLM_fast_cuda_global,,,,,
set12,moderate,03.png,0,0.03,"[512, 512]",ecaf4e62d02b750095b71c0828247049848c285190975276e63ef6d951b37cf4,231f53176f51c4b24bdc12fd9f1b4c16454140fdfe7631cec75f8301deab3824,aswmf,,31.992129193150753,0.9917164903534764,65.5818891142492,,,,,0.01499629599857144,8,8,NLM_fast_cuda_global,,,,,
set12,moderate,11.png,0,0.03,"[512, 512]",17b452cc44e876adc0d3fd3607e8c9ab9e04406fa1702d436005e99db30c6108,fc459f467923651b85169e1d453047db01071c2115000fa34e05ff50a6c59429,aswmf,,31.20396359889348,0.9384347442092256,62.52371900990802,,,,,0.018951432008179836,8,8,NLM_fast_cuda_global,,,,,
set12,low,02.png,0,0.01,"[512, 512]",9a0925d4efea52b4b8355baab41b735118c594bada85c1650a8c929d4bedd645,7d03f7624fa0aaaef532f6ccb5b007c11ecfba46dc0bf970948880603d265edc,aswmf,,44.60770479460068,0.98639251442913,71.62347811875685,,,,,0.01664674399944488,8,8,NLM_fast_cuda_global,,,,,
set12,low,10.png,0,0.01,"[512, 512]",fa9370ee1649c3bf2aa161f01d3d2575a2dedca729f26b78bd75d618679b9889,d06c846ad219995869474be865acb70b5ec7d01068ecd7580cc3fde6a2889b07,aswmf,,35.27118524336653,0.9727150535723141,66.27134530029898,,,,,0.01581392899970524,8,8,NLM_fast_cuda_global,,,,,
set12,low,09.png,0,0.01,"[512, 512]",4b3ddbef5883a30e02120d9280c878727f5282bb054525cf3a5b0fcffb889d5c,f57c1e0803358fa46cb3fcadacd603e0bc8a9a1500621f0dea3a800d055c6fe6,aswmf,,33.8038566802492,0.9752109543130285,65.66247605577603,,,,,0.015557656006421894,8,8,NLM_fast_cuda_global,,,,,
set12,low,07.png,0,0.01,"[512, 512]",154769fc48745384ec8816fc554051b0dd5f1c55071de2669c9058bf3a96574e,584ba7517a59730143877939055ad6e1e59eec8663870de1e2f41b823592272b,aswmf,,32.823378383742714,0.9812372886189533,65.47355362281903,,,,,0.0159833060024539,8,8,NLM_fast_cuda_global,,,,,
set12,low,05.png,0,0.01,"[512, 512]",0a48bd94dc684e9744094acf5f9409ae1a147f367207cbcf847ffecc9506b1e3,d9a99fe9c66291c5480b648f63457e4e7868b0267787c7b85908acc020420910,aswmf,,40.57951603467886,0.9885260252245752,69.7160592785682,,,,,0.015281592000974342,8,8,NLM_fast_cuda_global,,,,,
set12,low,08.png,0,0.01,"[512, 512]",2c394996c73fe787fca843f9f42014d5330dda4ad3053466b934f2c52d1c1f84,e160bea8a7b841fbbcb9a08d2452bc47be4e0b6c86d87d1b0bea001f91693d97,aswmf,,33.992784140095225,0.9604416261472952,65.01847337741236,,,,,0.015137344002141617,8,8,NLM_fast_cuda_global,,,,,
set12,low,01.png,0,0.01,"[512, 512]",0a372ced9fd4d1f9633532a58073e3974b41da8cfc87f04ec8e9a8dc6a89bba1,580fbc14af471717cfc09261d71b2bee527d3960eb5a144e296d4af84219023d,aswmf,,36.09381591798092,0.9765190439766454,66.87286015782273,,,,,0.3112917819962604,8,8,NLM_fast_cuda_global,,,,,
set12,low,04.png,0,0.01,"[512, 512]",7f6baec8e072815d469acd5d149f5da86b89ef26df1895c4edde2d5758900fd0,e8a6fc5f208fe29f03f5cbd984d49640d58559cd6c5aa49284f500b1f7ee7903,aswmf,,42.25645292237281,0.9910822523978271,70.68233908107776,,,,,0.021538364002481103,8,8,NLM_fast_cuda_global,,,,,
set12,low,06.png,0,0.01,"[512, 512]",aa1ae42753ac532294aa25320a62b1fb9aa4b54ad1627f3551d0532393b63c6e,e340e8d85915e482eb2fcd7c112e25b58f52ae82986a937d947c38437b40d732,aswmf,,35.572044992442414,0.9800858086600575,66.79031292922409,,,,,0.015107838989933953,8,8,NLM_fast_cuda_global,,,,,
set12,low,03.png,0,0.01,"[512, 512]",ecaf4e62d02b750095b71c0828247049848c285190975276e63ef6d951b37cf4,18313c5d887bba3759a18d07833b66fb952544043545ed839a5d493c1c132871,aswmf,,32.06008347821968,0.99060301483775,65.56019248099734,,,,,0.014905883988831192,8,8,NLM_fast_cuda_global,,,,,
set12,low,11.png,0,0.01,"[512, 512]",17b452cc44e876adc0d3fd3607e8c9ab9e04406fa1702d436005e99db30c6108,030fd588168a45176d9b0eca993f8007814b0503964557c1914c2fbae448d11f,aswmf,,30.931188653840454,0.9333576291318967,62.13347578351506,,,,,0.019828778997180052,8,8,NLM_fast_cuda_global,,,,,
set12,high,02.png,4,0.1,"[512, 512]",9a0925d4efea52b4b8355baab41b735118c594bada85c1650a8c929d4bedd645,fb5756b2f1977a53d6af3dcead4efb66402b9d5e985cdbdec56b32e00ffd97a7,aswmf,,18.38594315266858,0.26696736121817266,22.541339637242924,,,,,0.015476772998226807,8,8,NLM_fast_cuda_global,,,,,
set12,high,10.png,4,0.1,"[512, 512]",fa9370ee1649c3bf2aa161f01d3d2575a2dedca729f26b78bd75d618679b9889,20cbcff47f8f1652d0beb4647260b220d5985351324e73ce58f91790a1b40bdd,aswmf,,18.203327489200063,0.3875396976180352,28.47864862550179,,,,,0.015136693007661961,8,8,NLM_fast_cuda_global,,,,,
set12,high,09.png,4,0.1,"[512, 512]",4b3ddbef5883a30e02120d9280c878727f5282bb054525cf3a5b0fcffb889d5c,6580f7427fae38e6900e311bc3d882abd5bbd2d3ee833d3f15f08e971f1badd3,aswmf,,18.05202274654025,0.4526751177272133,31.65976725963079,,,,,0.015093162990524434,8,8,NLM_fast_cuda_global,,,,,
set12,high,07.png,4,0.1,"[512, 512]",154769fc48745384ec8816fc554051b0dd5f1c55071de2669c9058bf3a96574e,6b2b7a6b103aa4415de2661efe3e7b16f3e8a8d91d505c35019889f45be2ccdf,aswmf,,17.784484547060142,0.35586047010448524,26.685265778754335,,,,,0.015404944002511911,8,8,NLM_fast_cuda_global,,,,,
set12,high,05.png,4,0.1,"[512, 512]",0a48bd94dc684e9744094acf5f9409ae1a147f367207cbcf847ffecc9506b1e3,0d5e8010bb26a850d7bcc7fe1db68e0f0c6af22b17fa9bc70b31b059f1079a92,aswmf,,18.22540666401691,0.3628778861745047,27.25659764073369,,,,,0.016486538996105082,8,8,NLM_fast_cuda_global,,,,,
set12,high,08.png,4,0.1,"[512, 512]",2c394996c73fe787fca843f9f42014d5330dda4ad3053466b934f2c52d1c1f84,0c9b60e4d12da52284c5eb24f1ad2f1c68d32c53c03585a9c05992f6df84ca1f,aswmf,,18.3716574756723,0.40658175896513193,29.514916686092747,,,,,0.015916645003017038,8,8,NLM_fast_cuda_global,,,,,
set12,high,01.png,4,0.1,"[512, 512]",0a372ced9fd4d1f9633532a58073e3974b41da8cfc87f04ec8e9a8dc6a89bba1,9ea25905277eaa2c13405c16af5a2bd159339f43e0d8dbc939852ca029957356,aswmf,,17.989248472551886,0.33321481916766743,25.655365194659314,,,,,0.015313391006202437,8,8,NLM_fast_cuda_global,,,,,
set12,high,04.png,4,0.1,"[512, 512]",7f6baec8e072815d469acd5d149f5da86b89ef26df1895c4edde2d5758900fd0,fdc436c0c8446ba46cfc24590bb554f37546781412b4b4564d6407e3391d198a,aswmf,,18.031948631702967,0.38522562825914836,28.2772557288089,,,,,0.015088298998307437,8,8,NLM_fast_cuda_global,,,,,
set12,high,06.png,4,0.1,"[512, 512]",aa1ae42753ac532294aa25320a62b1fb9aa4b54ad1627f3551d0532393b63c6e,a363dcecce4b7295d8e22162211f906c57f7427694cc70216f5f5b9f9c8ae75e,aswmf,,17.69645573330678,0.3637806218201302,27.0372589576599,,,,,0.016263776997220702,8,8,NLM_fast_cuda_global,,,,,
set12,high,03.png,4,0.1,"[512, 512]",ecaf4e62d02b750095b71c0828247049848c285190975276e63ef6d951b37cf4,85f7066b7aa1244baa2f27667095e1ea8355fef86e40ccd8d4b2514ec34fd63d,aswmf,,18.08697868925047,0.31456741108615865,24.771859898933165,,,,,0.015099055992322974,8,8,NLM_fast_cuda_global,,,,,
set12,high,11.png,4,0.1,"[512, 512]",17b452cc44e876adc0d3fd3607e8c9ab9e04406fa1702d436005e99db30c6108,d985d535d00b2df1afd30e645e35cfc28961b28fa786c9d6216e5ca98bb90604,aswmf,,17.238701544712868,0.3985391835483528,28.546309949774074,,,,,0.01793947900296189,8,8,NLM_fast_cuda_global,,,,,
set12,medium,02.png,4,0.05,"[512, 512]",9a0925d4efea52b4b8355baab41b735118c594bada85c1650a8c929d4bedd645,4e69b9926757359b28d2ba0ddea539b9b5734c1c9927cbb52997eed2c2c65a57,aswmf,,23.123867199204312,0.6040349536971148,41.763681284457896,,,,,0.02122522800345905,8,8,NLM_fast_cuda_global,,,,,
set12,medium,10.png,4,0.05,"[512, 512]",fa9370ee1649c3bf2aa161f01d3d2575a2dedca729f26b78bd75d618679b9889,461dc699c7e6039d3c7fbc9e361c8477afcdd41db684ad67d9d1dd1715aba45a,aswmf,,22.792492274813142,0.675926432480559,45.19256776143452,,,,,0.01445022999541834,8,8,NLM_fast_cuda_global,,,,,
set12,medium,09.png,4,0.05,"[512, 512]",4b3ddbef5883a30e02120d9280c878727f5282bb054525cf3a5b0fcffb889d5c,5780430f9e94feaf25364471128f02e7454678af26c718534cb418901e5bbe6c,aswmf,,22.67977680447721,0.7264517502008143,47.66247591227933,,,,,0.014755365991732106,8,8,NLM_fast_cuda_global,,,,,
set12,medium,07.png,4,0.05,"[512, 512]",154769fc48745384ec8816fc554051b0dd5f1c55071de2669c9058bf3a96574e,57067cdfaec1e7cbd302b6992dd6d10ca47b25065f31c44a1bfe1573c39a6480,aswmf,,22.299514119025922,0.6658159388856274,44.44055400379433,,,,,0.016389958997024223,8,8,NLM_fast_cuda_global,,,,,
set12,medium,05.png,4,0.05,"[512, 512]",0a48bd94dc684e9744094acf5f9409ae1a147f367207cbcf847ffecc9506b1e3,e0fa916e823acf6effc4f3b42e72ab8a62ce26e6958e64dcd7833e8e36a12729,aswmf,,23.024937561391837,0.6704190423639516,45.033420898893496,,,,,0.014228706000722013,8,8,NLM_fast_cuda_global,,,,,
set12,medium,08.png,4,0.05,"[512, 512]",2c394996c73fe787fca843f9f42014d5330dda4ad3053466b934f2c52d1c1f84,e1b0f210137124047cfa6d6db5eb311ebf1bd872e71c7f34ecbce8d731865d47,aswmf,,23.03796195936627,0.692121413823599,46.12505167086309,,,,,0.017029260998242535,8,8,NLM_fast_cuda_global,,,,,
set12,medium,01.png,4,0.05,"[512, 512]",0a372ced9fd4d1f9633532a58073e3974b41da8cfc87f04ec8e9a8dc6a89bba1,9379e76152d6d388d723e1eaa08d1618611906ad05b452f66e45fc46f2920222,aswmf,,22.716328304173533,0.6500596297159045,43.86114563788199,,,,,0.015957251001964323,8,8,NLM_fast_cuda_global,,,,,
set12,medium,04.png,4,0.05,"[512, 512]",7f6baec8e072815d469acd5d149f5da86b89ef26df1895c4edde2d5758900fd0,96b121cc217c410a07c6e8b75d018b9c2d013f47489b90382de26ad622a43a5a,aswmf,,22.77055646369022,0.6934859097252285,46.059573718106535,,,,,0.014372998994076625,8,8,NLM_fast_cuda_global,,,,,
set12,medium,06.png,4,0.05,"[512, 512]",aa1ae42753ac532294aa25320a62b1fb9aa4b54ad1627f3551d0532393b63c6e,5d3d90db8b69e62a740e7e86ea6a5df988b44fac6affdc46ef302b5c6eb8dce4,aswmf,,22.449488687327342,0.6771050692575318,45.07999780654026,,,,,0.01487610700132791,8,8,NLM_fast_cuda_global,,,,,
set12,medium,03.png,4,0.05,"[512, 512]",ecaf4e62d02b750095b71c0828247049848c285190975276e63ef6d951b37cf4,76e43ccb10d0fd50514c324d9319b070e705fa6c949ead13598cc60431e1acd1,aswmf,,22.565582277609902,0.6406788629694079,43.316734287275345,,,,,0.014275151988840662,8,8,NLM_fast_cuda_global,,,,,
set12,medium,11.png,4,0.05,"[512, 512]",17b452cc44e876adc0d3fd3607e8c9ab9e04406fa1702d436005e99db30c6108,d061e894c51d566e883b22e0983bc6c1f82e2c15c660fea833b8da2c916beea5,aswmf,,21.498706180070954,0.6516775709321445,43.3332316366427,,,,,0.027078596001956612,8,8,NLM_fast_cuda_global,,,,,
set12,extreme,02.png,4,0.2,"[512, 512]",9a0925d4efea52b4b8355baab41b735118c594bada85c1650a8c929d4bedd645,c78625d61f7341c9115095ca61bc56d13277a60903cbda9e7817dcbf3fad2403,aswmf,,14.252303225832408,0.09002383014008375,11.627343119920392,,,,,0.01633709999441635,8,8,NLM_fast_cuda_global,,,,,
set12,extreme,10.png,4,0.2,"[512, 512]",fa9370ee1649c3bf2aa161f01d3d2575a2dedca729f26b78bd75d618679b9889,55df1265f85a4f395abe6fdb9f8d6ced6f37fabb2f2efbdcd9ad51de31f0f358,aswmf,,14.022614127734101,0.17514781784491437,15.768697956112769,,,,,0.017301675005001016,8,8,NLM_fast_cuda_global,,,,,
set12,extreme,09.png,4,0.2,"[512, 512]",4b3ddbef5883a30e02120d9280c878727f5282bb054525cf3a5b0fcffb889d5c,d5200db9a81ea1ad2851337034ec180dcba65337806d6f544c91105b701dd5a8,aswmf,,13.940820230139847,0.22088670271902966,18.014745251021406,,,,,0.016765911001130007,8,8,NLM_fast_cuda_global,,,,,
set12,extreme,07.png,4,0.2,"[512, 512]",154769fc48745384ec8816fc554051b0dd5f1c55071de2669c9058bf3a96574e,d658efe3236f7ef4462769d23a0c6a782ae9c9bb794297f469fb22a6a114781d,aswmf,,13.662622580158011,0.14880165241980522,14.271393911069268,,,,,0.01707365301263053,8,8,NLM_fast_cuda_global,,,,,
set12,extreme,05.png,4,0.2,"[512, 512]",0a48bd94dc684e9744094acf5f9409ae1a147f367207cbcf847ffecc9506b1e3,f14c438201f32887ca2958073a99c9c4367ca05aa3996a24e4a516345d4ee79d,aswmf,,14.02278002964863,0.16295310718886147,15.159045374267388,,,,,0.01687481498811394,8,8,NLM_fast_cuda_global,,,,,
set12,extreme,08.png,4,0.2,"[512, 512]",2c394996c73fe787fca843f9f42014d5330dda4ad3053466b934f2c52d1c1f84,a8484a10dd4d38b8a5ac055a083f83a730aeb890ecb2fff33eb9cc1791e5eb5b,aswmf,,14.276217449670185,0.18887024580655593,16.581621015162888,,,,,0.016520523000508547,8,8,NLM_fast_cuda_global,,,,,
set12,extreme,01.png,4,0.2,"[512, 512]",0a372ced9fd4d1f9633532a58073e3974b41da8cfc87f04ec8e9a8dc6a89bba1,65177135c7481be235c048926973169e2e8bf506e1b0926ab33339f39e25d3b0,aswmf,,13.85856371458292,0.13559266358729255,13.708915036656087,,,,,0.016335322012309916,8,8,NLM_fast_cuda_global,,,,,
set12,extreme,04.png,4,0.2,"[512, 512]",7f6baec8e072815d469acd5d149f5da86b89ef26df1895c4edde2d5758900fd0,9bdf88a0f1a278417dd2a591efa55b88d04dfe89bd8aaa8ad24e1443228a0a94,aswmf,,13.852539860913623,0.15766461457159575,14.8095006590366,,,,,0.016943452006671578,8,8,NLM_fast_cuda_global,,,,,
set12,extreme,06.png,4,0.2,"[512, 512]",aa1ae42753ac532294aa25320a62b1fb9aa4b54ad1627f3551d0532393b63c6e,3d987315aa538246f5a208b6d41f81eab45d6f505e0a6f7243927c5ad7a0fe40,aswmf,,13.641668658582574,0.15267355404805602,14.454512031694088,,,,,0.02099290299520362,8,8,NLM_fast_cuda_global,,,,,
set12,extreme,03.png,4,0.2,"[512, 512]",ecaf4e62d02b750095b71c0828247049848c285190975276e63ef6d951b37cf4,aad7e4eba1d0a55ac4a983788b73e9e5a66f24a767e26e93e98c74ddff8dd54a,aswmf,,14.026971058063866,0.1191540308410977,12.971187071086817,,,,,0.02260415999626275,8,8,NLM_fast_cuda_global,,,,,
set12,extreme,11.png,4,0.2,"[512, 512]",17b452cc44e876adc0d3fd3607e8c9ab9e04406fa1702d436005e99db30c6108,76b80ddc8c4f96ba7c3331b18a0331e1aa705a7e327f7bf24342319ad0898b04,aswmf,,13.222382169374566,0.1835367894987544,15.788030559625003,,,,,0.020425474998774007,8,8,NLM_fast_cuda_global,,,,,
set12,moderate,02.png,4,0.03,"[512, 512]",9a0925d4efea52b4b8355baab41b735118c594bada85c1650a8c929d4bedd645,d879986baaf42190982449d59dd5553d540eb63dbc7567ea488c75632114b5ac,aswmf,,27.139192998384864,0.8036027003292234,53.74973151565361,,,,,0.015053101000376046,8,8,NLM_fast_cuda_global,,,,,
set12,moderate,10.png,4,0.03,"[512, 512]",fa9370ee1649c3bf2aa161f01d3d2575a2dedca729f26b78bd75d618679b9889,434ac8f246e81cbe180927267d40fe66e3454116170de134fb46d837087c066b,aswmf,,26.503116560784328,0.8331584796270994,54.90948226174713,,,,,0.015052684000693262,8,8,NLM_fast_cuda_global,,,,,
set12,moderate,09.png,4,0.03,"[512, 512]",4b3ddbef5883a30e02120d9280c878727f5282bb054525cf3a5b0fcffb889d5c,197f65e812b0eeb2cf91510c2b107e0d658adcb343eaa673a6289fbe2bc4596e,aswmf,,26.2731703589027,0.8629552447349914,56.28434741620092,,,,,0.014685119997011498,8,8,NLM_fast_cuda_global,,,,,
set12,moderate,07.png,4,0.03,"[512, 512]",154769fc48745384ec8816fc554051b0dd5f1c55071de2669c9058bf3a96574e,b36e158819d385dc062ac7799786f1c8f4d46446b333738c6e5fa3718cffe970,aswmf,,25.803213301279612,0.8329582073022529,54.54951701575245,,,,,0.015166972007136792,8,8,NLM_fast_cuda_global,,,,,
set12,moderate,05.png,4,0.03,"[512, 512]",0a48bd94dc684e9744094acf5f9409ae1a147f367207cbcf847ffecc9506b1e3,114a2e420e0ad99810e3e866c2b4386ab515991bfd7c5db3c2eb96d637d19c5b,aswmf,,26.80554585857191,0.8359173863186337,55.19864224521764,,,,,0.01462158199865371,8,8,NLM_fast_cuda_global,,,,,
set12,moderate,08.png,4,0.03,"[512, 512]",2c394996c73fe787fca843f9f42014d5330dda4ad3053466b934f2c52d1c1f84,f41575c24a908e64f17f53ab3e3de05a585eca0546392a462de5fb0793ed1ce6,aswmf,,26.586461922480456,0.8370193952672285,55.144200724601646,,,,,0.014907913995557465,8,8,NLM_fast_cuda_global,,,,,
set12,moderate,01.png,4,0.03,"[512, 512]",0a372ced9fd4d1f9633532a58073e3974b41da8cfc87f04ec8e9a8dc6a89bba1,8022eb92cc13c07829c548cf238b714175cd922f1b59a9ef093b7a962ea44eae,aswmf,,26.451230642164468,0.8196111876226803,54.206174702216245,,,,,0.014340032008476555,8,8,NLM_fast_cuda_global,,,,,
set12,moderate,04.png,4,0.03,"[512, 512]",7f6baec8e072815d469acd5d149f5da86b89ef26df1895c4edde2d5758900fd0,558b3a110914cdad728ad09d50eba68d5001d3cabe99f29756fe4a3478144a26,aswmf,,26.702106714232055,0.8514316920536575,55.922637959798905,,,,,0.015016801989986561,8,8,NLM_fast_cuda_global,,,,,
set12,moderate,06.png,4,0.03,"[512, 512]",aa1ae42753ac532294aa25320a62b1fb9aa4b54ad1627f3551d0532393b63c6e,0e78536a56147ba906c487c61e6164992aafc64d24893e1e756d7777e6184f16,aswmf,,26.11216641174112,0.838338129628562,54.972989687298664,,,,,0.015229980010190047,8,8,NLM_fast_cuda_global,,,,,
set12,moderate,03.png,4,0.03,"[512, 512]",ecaf4e62d02b750095b71c0828247049848c285190975276e63ef6d951b37cf4,d9a7aa26403306264e3dab31bb083178514a9ce2d7e31938922d1ea09f35d416,aswmf,,25.875900038698063,0.8248106640642127,54.17848322255966,,,,,0.015056703996378928,8,8,NLM_fast_cuda_global,,,,,
set12,moderate,11.png,4,0.03,"[512, 512]",17b452cc44e876adc0d3fd3607e8c9ab9e04406fa1702d436005e99db30c6108,4f6af6012acab1aca32e1626772dece3f447b16d814b44a65374637178964709,aswmf,,24.357170782435198,0.7792155499899698,51.139362890716086,,,,,0.01669723899976816,8,8,NLM_fast_cuda_global,,,,,
set12,low,02.png,4,0.01,"[512, 512]",9a0925d4efea52b4b8355baab41b735118c594bada85c1650a8c929d4bedd645,5a06d5c62acf1b36874d17fbb7c8fbcf1bfa1a90a72f48c16e827f3f6067b418,aswmf,,35.93204113292866,0.9596930573154182,65.95067343223525,,,,,0.015241651999531314,8,8,NLM_fast_cuda_global,,,,,
set12,low,10.png,4,0.01,"[512, 512]",fa9370ee1649c3bf2aa161f01d3d2575a2dedca729f26b78bd75d618679b9889,fe06adf3c895b40fb6b5a15eaf684dfca16946f6169b38d893ed18d3aef8cf92,aswmf,,32.61562071191211,0.952751879225424,63.94540431722726,,,,,0.01577903999714181,8,8,NLM_fast_cuda_global,,,,,
set12,low,09.png,4,0.01,"[512, 512]",4b3ddbef5883a30e02120d9280c878727f5282bb054525cf3a5b0fcffb889d5c,bf4e02197794a0e21fbe08f301c6e1a7f1d9ff3ad8f7a4b371f0e200d7cb39b1,aswmf,,31.917571093159825,0.9583934995748083,63.87846052532033,,,,,0.013618465003673919,8,8,NLM_fast_cuda_global,,,,,
set12,low,07.png,4,0.01,"[512, 512]",154769fc48745384ec8816fc554051b0dd5f1c55071de2669c9058bf3a96574e,bebd5b94e7c8cd5e3c45a4c02eeb5c2f8901ef456e75534811f5ac6a29a3fac0,aswmf,,30.894822671360007,0.9598189105276924,63.43835686206462,,,,,0.015391081004054286,8,8,NLM_fast_cuda_global,,,,,
set12,low,05.png,4,0.01,"[512, 512]",0a48bd94dc684e9744094acf5f9409ae1a147f367207cbcf847ffecc9506b1e3,166ad95c58f0c06dd2685ab4d5020f880563f9a5058e35aa36901da12704efa6,aswmf,,34.74943333037646,0.9669314790463538,65.72129061750593,,,,,0.01386925601400435,8,8,NLM_fast_cuda_global,,,,,
set12,low,08.png,4,0.01,"[512, 512]",2c394996c73fe787fca843f9f42014d5330dda4ad3053466b934f2c52d1c1f84,66926c0920534e26b939a5d9f0556865f11d7abe2870967adce74daa613116e0,aswmf,,32.01207756614293,0.9414415531267191,63.078116439407424,,,,,0.013829593008267693,8,8,NLM_fast_cuda_global,,,,,
set12,low,01.png,4,0.01,"[512, 512]",0a372ced9fd4d1f9633532a58073e3974b41da8cfc87f04ec8e9a8dc6a89bba1,44e11976558cb007c81a668559ae9107fdef12040d6bf3409d86e01b32bb629b,aswmf,,33.10105894856652,0.9543880618811437,64.26993256834044,,,,,0.015025462009361945,8,8,NLM_fast_cuda_global,,,,,
set12,low,04.png,4,0.01,"[512, 512]",7f6baec8e072815d469acd5d149f5da86b89ef26df1895c4edde2d5758900fd0,ecca96323697cb95c9b9c67fa33692a63a0bcc03cbf07eb1f49bfa5e122f8d4d,aswmf,,34.70011896036766,0.971119623225673,65.90604064146748,,,,,0.014457083001616411,8,8,NLM_fast_cuda_global,,,,,
set12,low,06.png,4,0.01,"[512, 512]",aa1ae42753ac532294aa25320a62b1fb9aa4b54ad1627f3551d0532393b63c6e,17094acf9de65d3df3665b52428f406b7e9029614715969875e5da956e308411,aswmf,,32.627858847708985,0.958802470821174,64.25405296491319,,,,,0.013996623005368747,8,8,NLM_fast_cuda_global,,,,,
set12,low,03.png,4,0.01,"[512, 512]",ecaf4e62d02b750095b71c0828247049848c285190975276e63ef6d951b37cf4,2d3e27d6769c28d88fcabbfa79deb4e13ee1277e06787f8cfec414322f383aed,aswmf,,30.48563936663941,0.9644203437008031,63.46383686835986,,,,,0.015384698999696411,8,8,NLM_fast_cuda_global,,,,,
set12,low,11.png,4,0.01,"[512, 512]",17b452cc44e876adc0d3fd3607e8c9ab9e04406fa1702d436005e99db30c6108,4d79c36b74d775043c078b1a3b12fac535b38d23f700cf6d0a06dba47d86941f,aswmf,,27.85352505349188,0.8757709581688005,57.71531043518596,,,,,0.016761539998697117,8,8,NLM_fast_cuda_global,,,,,
set50,high,19.gif,0,0.1,"[512, 512]",d17c7663feb48c0fe318904421cb04ec7e850a109d952f66a49ac464a4176a1e,b36a0e2777a4778ee716a1dfe989dd541a6b3d7c5af5fd33a1b733957ca06fd4,nlmedians,1.395,26.236683465133343,0.8403066459820832,55.13367403167083,,scaled_current_nlm,,,0.864635386998998,8,8,NLM_fast_cuda_global,,,,,
set50,high,22.gif,0,0.1,"[512, 512]",dfe4f6c6370dbe0651bccc46e98ac3b787e8c63a3a37fb138fe6c81f3e32edd4,455a61e743daec9940c17a770102e9f6d8150016e197a7b40ba5ed8b526bdc6d,nlmedians,1.2750000000000001,24.306800468860622,0.7438682884942391,49.34681465914227,,scaled_current_nlm,,,0.8530623349943198,8,8,NLM_fast_cuda_global,,,,,
set50,high,10.gif,0,0.1,"[512, 512]",e233b9bc584bbcbbdcbcbf3674e9c18c92aff37cf54afeec01dc2e7dc1811878,40725b43529bab17a6c41cf7934a73bda5b434a8803e87e4fc1465424cfe2303,nlmedians,1.815,26.221215676405247,0.6739462899856242,46.80792233748384,,scaled_current_nlm,,,0.856005299006938,8,8,NLM_fast_cuda_global,,,,,
set50,high,14.gif,0,0.1,"[512, 512]",83fe92c5398701971c09c467a97dc4bfdb94eb4b3ded548d26e5e7fcf62e4d2a,6b7ebb5297b454e99889eaa9e3c4e7c51d253902665731705f49dc1a7a3fe113,nlmedians,1.145,22.598167343805237,0.8160407132348174,52.101119333643496,,scaled_current_nlm,,,0.8359355389984557,8,8,NLM_fast_cuda_global,,,,,
set50,high,5.gif,0,0.1,"[512, 512]",49db903e1a87a0044a734fb77708aad9985011bc9ee9fb379099de1b4e946109,e06f2bc488a0ff103329561f1b985093b78f631466c577b7e6aeacf6ec8eefe8,nlmedians,1.58,26.790457725049592,0.7864201753775241,52.716237631401,,scaled_current_nlm,,,0.7974128859932534,8,8,NLM_fast_cuda_global,,,,,
set50,high,44.gif,0,0.1,"[512, 512]",f968969e97bf6f8f47fd5940af0bd7481b61f2df6d5d553882b8938123b37289,ec7bcd577aab4cb2bedb2657569a7b495db193526b6667e04b6672396e29b078,nlmedians,1.145,20.107388427836383,0.8397827319253057,52.042830810183474,,scaled_current_nlm,,,0.8709982430009404,8,8,NLM_fast_cuda_global,,,,,
set50,high,42.gif,0,0.1,"[512, 512]",f9b953242d46fc204da43e46262ac3754e9428050546213f592efb0fb7398f12,d0610cf35e287c81eb1f642f3b1f542f30070d26d13b0067e7baf4d73663ef18,nlmedians,1.2650000000000001,25.387067004917835,0.8141269317854255,53.399880091730196,,scaled_current_nlm,,,0.8618205660022795,8,8,NLM_fast_cuda_global,,,,,
set50,high,38.gif,0,0.1,"[512, 512]",e39779dc60dbc76330293a5fdb44dfabe4d22433c36132e18afcf31a515217b4,b024231c1c516936430ae7117c8c77dd3ee6a417718598f0b9968ffc86f3b5f5,nlmedians,1.44,26.22447738884542,0.7591591978590175,51.07019858737358,,scaled_current_nlm,,,0.8384114479995333,8,8,NLM_fast_cuda_global,,,,,
set50,high,48.gif,0,0.1,"[512, 512]",9b261d731fc3d639b0cc3dac391980b0c49dd558b24b95a14bb3f3eb9f3569d0,f7e02ffabb7c26975ac77d2ba941fa8dfff992fc0d3c3a52904286975a396ab4,nlmedians,1.49,25.36903567872094,0.7070418448220992,48.03661008046544,,scaled_current_nlm,,,0.8398092550050933,8,8,NLM_fast_cuda_global,,,,,
set50,high,17.gif,0,0.1,"[512, 512]",6f8a02e1689062bed722742a554760dd74359b35fc8b969bab8beed8e59421a0,e7c516b92404f02e0645aab2369f6d006b10771e2148c9e3305e1e93828f5d9b,nlmedians,1.145,23.824670619181568,0.8648904591204678,55.156858265614176,,scaled_current_nlm,,,0.8907043310027802,8,8,NLM_fast_cuda_global,,,,,
set50,high,0.png,0,0.1,"[512, 512]",0a372ced9fd4d1f9633532a58073e3974b41da8cfc87f04ec8e9a8dc6a89bba1,5c64fdfe33f4ceb5a47428c2edc3ca4f989b1078a7da5d038a7aac327de869fd,nlmedians,1.675,26.55634808185939,0.753117535200418,50.9340508009506,,scaled_current_nlm,,,0.8267570269963471,8,8,NLM_fast_cuda_global,,,,,
set50,high,16.gif,0,0.1,"[512, 512]",2d68b31ae4d4c10bc0e60742ba3064c10d62113ffb3ca9a7c14b80e40b0e6170,6ca2d5d1195f31115e9e15bd7978d65bde8735913f5134a99256e529c86a3d8a,nlmedians,1.145,24.322617001790473,0.8296481641221491,53.643716707002696,,scaled_current_nlm,,,0.839601287007099,8,8,NLM_fast_cuda_global,,,,,
set50,high,32.gif,0,0.1,"[512, 512]",c3cc3fb5da093d47d6808c6219ed907c3e69ab01954b1b929a8739cbbcc26493,810d3fc722ad3d6be42c77a540abbe450d08f86c4c996feebc699bf3e2187fb0,nlmedians,1.185,25.385060243902906,0.849906900192772,55.18787513159006,,scaled_current_nlm,,,0.8117453099985141,8,8,NLM_fast_cuda_global,,,,,
set50,high,30.gif,0,0.1,"[512, 512]",b1cccc0e8d64bae511f9cd0c5596628364bd1e09c90c5e793604a1f7a55f642f,8f3d6ba7eafb9220ec09f0fc23d98c4362582f25fe465748fde08df029299774,nlmedians,1.455,26.106756103238496,0.8017039157790408,53.13857384057128,,scaled_current_nlm,,,0.8985438119998435,8,8,NLM_fast_cuda_global,,,,,
set50,high,43.gif,0,0.1,"[512, 512]",443801cafadb33c7829b313f4efd834e70cc313567a260dd2b5554dc7ee6be98,f9f8d19328bf1d7475a95984514a389b0136e60eba80c85712e9c05f9a967619,nlmedians,1.61,25.731683246607208,0.7225449876461463,48.993091005610914,,scaled_current_nlm,,,0.8318028590001632,8,8,NLM_fast_cuda_global,,,,,
set50,high,47.gif,0,0.1,"[512, 512]",9005ddf994846f88305becd36c72a046818a094c026c69a8106c34b34a31a8fe,5e23fe352e87a835d6f7372654af688603bdc568b1d6edc31757a6b71ff6f072,nlmedians,1.145,23.306633731936763,0.8048625709130499,51.896445411620874,,scaled_current_nlm,,,0.834249056992121,8,8,NLM_fast_cuda_global,,,,,
set50,high,25.gif,0,0.1,"[512, 512]",30838b6c4e963b60da10cc6158a119a7052a4ffa1ebdcc87bcf0054f681427c6,2539e5cf1bcc6130b9238ebc011a1069fdfddd7401c69aa83c14b2efb244dee4,nlmedians,1.8,26.244146698571097,0.6363148947148988,44.937818085030486,,scaled_current_nlm,,,0.8289415890030796,8,8,NLM_fast_cuda_global,,,,,
set50,high,7.gif,0,0.1,"[512, 512]",5e3769e24988284e1036ce844ee8e0f11dbe28fe111f6a962e37864dc34b60dc,bfb32fd0573f98e26541bf24de61f68beccaeb66008181d1d775350c1789035f,nlmedians,1.145,21.849087119249457,0.8086812805652472,51.35860758788709,,scaled_current_nlm,,,0.8609332670021104,8,8,NLM_fast_cuda_global,,,,,
set50,high,15.gif,0,0.1,"[512, 512]",51e2066df33af18b47bcd356b17c6cdf04f2a5fd219ace410fcabb06698c6c71,bf8b02c350afda2a086d62f94ecfc2be823c619bb2256328323737766f031044,nlmedians,1.155,24.28700447144729,0.7439724477703622,49.342124624241755,,scaled_current_nlm,,,0.8464300189953065,8,8,NLM_fast_cuda_global,,,,,
set50,high,41.gif,0,0.1,"[512, 512]",1569598ab7f33ee44bcf70502565ffcd7528912a2c13cd1977fe64573770f1e6,70ff830e123ba0b8a56a22fa8d8361dd52e6efc94cce0dc0117077a8d211d455,nlmedians,1.23,25.895925618847766,0.8111436153903965,53.50514357894371,,scaled_current_nlm,,,0.8750873800017871,8,8,NLM_fast_cuda_global,,,,,
set50,high,6.gif,0,0.1,"[512, 512]",ca956c8aa0ec2de8bd2e4d7545c7f969215d4f7f65cb72ee9d31cb17df0033b6,91c0d484c15597d9172a55a9609dcaaab6020d9ca89b915718e7c130aa54ed16,nlmedians,1.35,25.29530180516311,0.7266868561638297,48.98199371077304,,scaled_current_nlm,,,0.8198571459943196,8,8,NLM_fast_cuda_global,,,,,
set50,high,21.gif,0,0.1,"[512, 512]",74d2fa3fc2447fd331660c09f2f468f3cce983dc347509d32564e992fdebaf9a,93925f5a9a6755a73923c2bef7adff8c2bdab08e8e089892c36ace4313afb948,nlmedians,1.5350000000000001,26.592089630684224,0.7543890720649536,51.01549841858979,,scaled_current_nlm,,,0.8668967410048936,8,8,NLM_fast_cuda_global,,,,,
set50,high,27.gif,0,0.1,"[512, 512]",bc7a1c1300b1b1bda264e18fbde62fa845194fac5839cb705a788c6ac331f517,144439eafed501fe7aa53d4e6967a995d40da47c2ef83b7b5e02b718dafccd80,nlmedians,1.8900000000000001,26.854628934133856,0.6846645091828979,47.660539926211825,,scaled_current_nlm,,,0.8222147399937967,8,8,NLM_fast_cuda_global,,,,,
set50,high,46.gif,0,0.1,"[512, 512]",14cdebcd7b2b9e534cc9717933df6ccb4861289237cde90700810e2e6e2e245f,f9ffe1409fcf91d55fa900020b1f0f613dd8b50d40a2f9d090f6f53caa03f076,nlmedians,1.145,24.628215962918528,0.8103926484283203,52.83374040287528,,scaled_current_nlm,,,0.8259415729989996,8,8,NLM_fast_cuda_global,,,,,
set50,high,20.gif,0,0.1,"[512, 512]",c3a4da195ffc62103521cd979723e50840fe46cfd989b567c826985f8b23dcf4,bd08cc1fb18acc1d47463e9c075d7d5d446aa4ae53b1672824ff6a737dc1f69d,nlmedians,1.21,25.89835851893964,0.8283267598265798,54.36551725079881,,scaled_current_nlm,,,0.8559020679967944,8,8,NLM_fast_cuda_global,,,,,
set50,high,2.gif,0,0.1,"[512, 512]",b101b795e2638a1e9dbdaa513bdc8be6090aed4d6ac294b155e5f3a2c7c0bb80,13d3b6b9e05ddc640a63ea227d1f32df0b4e453f33794f15001a41ae53644828,nlmedians,1.5350000000000001,26.412489842755697,0.7703251730383204,51.722503573293864,,scaled_current_nlm,,,0.8342053719970863,8,8,NLM_fast_cuda_global,,,,,
set50,high,40.gif,0,0.1,"[512, 512]",911cad3f1d559f196f94ed9e80a9602969b74319acb1d70da238efdb48af38e2,d5f4e4babce2a4896b57ee8a524799a4a612a77617adc6237c295f1b8268313a,nlmedians,1.595,27.163134309561535,0.7934747996127861,53.25530713542007,,scaled_current_nlm,,,0.8685567259963136,8,8,NLM_fast_cuda_global,,,,,
set50,high,31.gif,0,0.1,"[512, 512]",33781418a1e6e85521011be7d450b002a8f8a8f1ba68a79c1219f3b3ba59b160,85c7dd0dbdad648e1bc43c9d6bbf15a1baffa81644e4a28e665df8f4296b38c0,nlmedians,1.145,22.118698204680932,0.8150199403726136,51.81034612097115,,scaled_current_nlm,,,0.8465303430130007,8,8,NLM_fast_cuda_global,,,,,
set50,high,29.gif,0,0.1,"[512, 512]",1eeb76c0386fbcd563a08eb25bbeffde427bdc62658e4bcc02c8aafbf733f219,a7c813ed42caac8cc5e59ba0b313601fb3411f9081c2c98c849a0f386c717927,nlmedians,1.145,25.076018704535365,0.850974783330583,55.086748518796824,,scaled_current_nlm,,,0.9081826270121383,8,8,NLM_fast_cuda_global,,,,,
set50,high,33.gif,0,0.1,"[512, 512]",7a10c4eca50167d8d459c2505f2b0f21cfb399e7b01adccaa0422695496c2e72,0b9b79cc55914de4df60ffdc521344bb95f073f3bbae4f345c20bb3d16868469,nlmedians,1.3800000000000001,25.29196717545787,0.7464646303487975,49.96921510516881,,scaled_current_nlm,,,0.8232386820018291,8,8,NLM_fast_cuda_global,,,,,
set50,high,24.gif,0,0.1,"[512, 512]",b8f6ebed7641854cd23e807c2f78d350f1373b2fe7f96e6ea18f8531797fbc3a,933931a3c3cf3e69d505146c4f660b276aa0eb49b9bdfff9b8e7b90470c69978,nlmedians,1.635,26.257041413898854,0.7133501255052941,48.79602698221413,,scaled_current_nlm,,,0.8487244619900594,8,8,NLM_fast_cuda_global,,,,,
set50,high,3.gif,0,0.1,"[512, 512]",e3e2313cc250162bd613776c7b0063891d9d56b3576c9808ac5c8c0e7e8fcb8d,735ba2525df2e7b6a619ada7a3ef29d9102198e0392841695017c0dd0b5ee365,nlmedians,1.575,26.015097824622508,0.7018584087314312,48.10046934888281,,scaled_current_nlm,,,0.8393148680042941,8,8,NLM_fast_cuda_global,,,,,
set50,high,1.gif,0,0.1,"[512, 512]",95f21dff4cd5a318a519cb05a1e35fb41f49c007ca46345fd6917258be8d9d73,3c777b4aafc995f531dbb45a128a3eae2ac912519ef53a690559aa448818fa5c,nlmedians,1.345,24.6339951928963,0.7719855056718011,50.91627288003821,,scaled_current_nlm,,,0.8744089399988297,8,8,NLM_fast_cuda_global,,,,,
set50,high,23.gif,0,0.1,"[512, 512]",05918015ae96873f255fec3e75ace895a76214abbeffdbfff55b5cf6214224c6,5f89d28e00ddcbb3c400744e705cf34f0576d46a30918f8130ebe8b81f0dbd6b,nlmedians,1.85,26.253802906705882,0.6129402210947846,43.773912508092174,,scaled_current_nlm,,,0.7996131050022086,8,8,NLM_fast_cuda_global,,,,,
set50,high,35.gif,0,0.1,"[512, 512]",353590d221e21b53b97858fbc575a2320a10336f21bbed5dd461fa942bab100f,7fd0001b7f292822b216f02c457dbcecd3cc83fe14deb66f3451f8f3ef72671e,nlmedians,1.42,25.62075657318716,0.7568969818393871,50.65522737856294,,scaled_current_nlm,,,0.8109407390002161,8,8,NLM_fast_cuda_global,,,,,
set50,high,36.gif,0,0.1,"[512, 512]",99a41bcc709d43204ca0f73a6593656300237e5367043081c5065ca77d5e3628,ff4228673bf5f8b1cc0996ca7aebcbc4b4745a91c7d8bae3aa2dd541df188359,nlmedians,1.215,25.589475224654432,0.8357642087591556,54.582948050285,,scaled_current_nlm,,,0.8761734050058294,8,8,NLM_fast_cuda_global,,,,,
set50,high,26.gif,0,0.1,"[512, 512]",3efcc155fe7f35f9428c0536c9c1dc2b826188d5f0a5b0a90ecbf681233221e2,82c2e5bf1fd025c58e0731a894ed6f185e49d9f6da055c0ddcccab37d1acaf68,nlmedians,1.655,26.167143704427396,0.7016442340296029,48.16578355369384,,scaled_current_nlm,,,0.8416559390025213,8,8,NLM_fast_cuda_global,,,,,
set50,high,37.gif,0,0.1,"[512, 512]",74881a36c4896c931da56c784ac35afb478dc71ae7af27894deeb074f83e518a,6711e4fc698c6f6b88662c31c7011be6475f79e420b41957137edbe48c02cc84,nlmedians,1.31,25.751541792968418,0.7305204531620925,49.401793554588835,,scaled_current_nlm,,,0.8474447629996575,8,8,NLM_fast_cuda_global,,,,,
set50,high,13.gif,0,0.1,"[512, 512]",c34b796bde09761f5bc3c358f20b72f49e020580ed0a76d5456c61f0da4499eb,b23b2328bee24b6db72c9714ba291238b97ab3df260f49344564758f266b6c76,nlmedians,1.5150000000000001,25.42345875538805,0.7249260213781935,48.9580304466037,,scaled_current_nlm,,,0.8199160810036119,8,8,NLM_fast_cuda_global,,,,,
set50,high,28.gif,0,0.1,"[512, 512]",f509179793e6551fbec77f8fdd91e45d53d2dd6e0a87394377c4bb4c52eb9a43,d1611978754e5fc4a32fa267275458c29f71665a67a3d6e772e5a8d97a888b76,nlmedians,1.625,27.039003621612206,0.7796991430471566,52.504458963163934,,scaled_current_nlm,,,0.8052959399938118,8,8,NLM_fast_cuda_global,,,,,
set50,high,9.gif,0,0.1,"[512, 512]",8b76cd61996084e7d23b9f638b4d32839d9f6ac7965ef9b585f78bdbdaff16b3,bf30a7802fc17f31bf72e321b90d3ed5f0390b5768e85c9c5499096eb9fcde3e,nlmedians,1.375,24.995091637214873,0.7298533825102866,48.99021494412177,,scaled_current_nlm,,,0.8649126590025844,8,8,NLM_fast_cuda_global,,,,,
set50,high,18.gif,0,0.1,"[512, 512]",539caf0cced15a86b729848a1a182b75776a621cf01b5e9a62085f53b86f3407,57502a7add237e5d5309882c717ca9c474cb1f376e21798057c8e0f71c0150ec,nlmedians,1.145,22.545826682912015,0.8075801914248644,51.65192291269922,,scaled_current_nlm,,,0.8306649250007467,8,8,NLM_fast_cuda_global,,,,,
set50,high,49.gif,0,0.1,"[512, 512]",8311e02cd6238d6e74f6a9bf6fa5c250d748ceec5882a86242e2452c587cdf2b,16522de1ffa2356a43b6b1339c41f1a31b67ef45f92c4bb401a90a78555d2b30,nlmedians,1.1500000000000001,19.670427241510303,0.8377501769141334,51.72272246646182,,scaled_current_nlm,,,0.7577724589937134,8,8,NLM_fast_cuda_global,,,,,
set50,high,4.gif,0,0.1,"[512, 512]",fd89b9bfe327e11c7cfbc851fff026261f2c33ef17edc9373682def6616fdc4f,3c0d019d5056b98dbdd01251831763caa26e55b8875f2444b402a81535401593,nlmedians,1.5050000000000001,25.907427948899368,0.7096897377270476,48.43820086080206,,scaled_current_nlm,,,0.8531568479957059,8,8,NLM_fast_cuda_global,,,,,
set50,high,8.gif,0,0.1,"[512, 512]",fd53a01b9f6a3a02a5408efee91cfa235b1325372804d49874a677719089b14e,22ebb86ce1395a6ea03d541a188eef6e92c3804779678fd6b9d986ea4a3704f1,nlmedians,1.85,28.522615649868612,0.8533483378622536,56.928724718046986,,scaled_current_nlm,,,0.8167348160059191,8,8,NLM_fast_cuda_global,,,,,
set50,high,39.gif,0,0.1,"[512, 512]",e43557540646572e4a7b69124c49ff2c37c4d1695507c5d64a44d09a5043958e,2cd48e49bed02f86e876dc092a5fe09f97580929bf9971223e5d235b9fc21e5d,nlmedians,1.86,26.498534100212552,0.6717680104824328,46.837667574227915,,scaled_current_nlm,,,0.8018258910014993,8,8,NLM_fast_cuda_global,,,,,
set50,high,12.gif,0,0.1,"[512, 512]",3c3ec23125fea9974f2e94c0d93a534edf2ec60d33b6af79f9a60fef58295de4,c499ec126eb1d4bd4772ea5064bf8c5aec9aedea33c962227fa457abfe5821f2,nlmedians,1.425,26.459891177141,0.8462097591328995,55.54043354521548,,scaled_current_nlm,,,0.864796487003332,8,8,NLM_fast_cuda_global,,,,,
set50,high,45.gif,0,0.1,"[512, 512]",72644242bceb1596c04ab4ddde11989c7aa206ee2094402fadeac9f9c500d55a,1c77a0ba17abe22ce790d8efab4ac203a1f91fa751c993883c8b6bb7b35b8ec7,nlmedians,1.545,25.247759165448592,0.7101418305305038,48.13097110924949,,scaled_current_nlm,,,0.8808675729960669,8,8,NLM_fast_cuda_global,,,,,
set50,high,11.gif,0,0.1,"[512, 512]",b12e0216f269d1ad8f5dfe769baf0fb60142ab5235a6d1d62707dc52ca591071,9cf4a3983f4c78b315b6e3696a2902c630e21959314e7d5ba80f4b5e3a698a9f,nlmedians,1.2650000000000001,21.498971272618196,0.8374560098284128,52.62228612772974,,scaled_current_nlm,,,0.830127725013881,8,8,NLM_fast_cuda_global,,,,,
set50,high,34.gif,0,0.1,"[512, 512]",42a4b02f48b536770f4d42c1c4884a5b2a4a662af62778249a90a16c1d9f5398,aeee58b67027a3d070fc355f6fa808729e4818e31921fdad3e72e016da9f0e59,nlmedians,1.34,25.94410893797623,0.8297768323536449,54.46089608667036,,scaled_current_nlm,,,0.8698541949997889,8,8,NLM_fast_cuda_global,,,,,
set50,medium,19.gif,0,0.05,"[512, 512]",d17c7663feb48c0fe318904421cb04ec7e850a109d952f66a49ac464a4176a1e,ab0f62ff71690b1f079d2442492232894b3d5cb0bd28f2a635a0154933a3ad9c,nlmedians,1.095,30.379857992400296,0.9302229077497216,61.70107438368623,,scaled_current_nlm,,,0.8297040979960002,8,8,NLM_fast_cuda_global,,,,,
set50,medium,22.gif,0,0.05,"[512, 512]",dfe4f6c6370dbe0651bccc46e98ac3b787e8c63a3a37fb138fe6c81f3e32edd4,620f2e4a57fed79f61ab777b3e184c38652054c24847572fdb76c0001885adc8,nlmedians,0.915,28.549425373449427,0.9087374149375719,59.71158343360331,,scaled_current_nlm,,,0.8504176860005828,8,8,NLM_fast_cuda_global,,,,,
set50,medium,10.gif,0,0.05,"[512, 512]",e233b9bc584bbcbbdcbcbf3674e9c18c92aff37cf54afeec01dc2e7dc1811878,bf39e4c2af1601555be9f4f79c87f5f72e4d70b0d0c6fbe349afddc726c4b64a,nlmedians,1.3,31.188326546255233,0.8644656222973449,58.81744438799487,,scaled_current_nlm,,,0.8246513429912739,8,8,NLM_fast_cuda_global,,,,,
set50,medium,14.gif,0,0.05,"[512, 512]",83fe92c5398701971c09c467a97dc4bfdb94eb4b3ded548d26e5e7fcf62e4d2a,15c8aaec04915b3a2e6edfedfb300a609784bb53adf334bf8a8dfad53fca7e0e,nlmedians,0.845,25.25259186474054,0.8999420954858258,57.62340070666156,,scaled_current_nlm,,,0.8936095690005459,8,8,NLM_fast_cuda_global,,,,,
set50,medium,5.gif,0,0.05,"[512, 512]",49db903e1a87a0044a734fb77708aad9985011bc9ee9fb379099de1b4e946109,c2224edd221ea21c84e5117528a8db3adfc3696f14b7d240e12cc2d0730553af,nlmedians,1.155,33.30296902477772,0.9318576586218686,63.24436744348229,,scaled_current_nlm,,,0.798191873007454,8,8,NLM_fast_cuda_global,,,,,
set50,medium,44.gif,0,0.05,"[512, 512]",f968969e97bf6f8f47fd5940af0bd7481b61f2df6d5d553882b8938123b37289,b3d71aafdd8875b49cb64bc4e793cabad947e6ab2f446605040bc133a31cd1d0,nlmedians,0.845,23.07049150714866,0.9079915477536168,56.93482314125517,,scaled_current_nlm,,,0.8927198599994881,8,8,NLM_fast_cuda_global,,,,,
set50,medium,42.gif,0,0.05,"[512, 512]",f9b953242d46fc204da43e46262ac3754e9428050546213f592efb0fb7398f12,6e3b11e5a5fc79d6e322f09ce90be37d3ffe0078940e736dc490e04f24ae9a34,nlmedians,0.9550000000000001,30.76385997589197,0.9429250355510511,62.528181765498545,,scaled_current_nlm,,,0.8551542869972764,8,8,NLM_fast_cuda_global,,,,,
set50,medium,38.gif,0,0.05,"[512, 512]",e39779dc60dbc76330293a5fdb44dfabe4d22433c36132e18afcf31a515217b4,2e0bec2731efda949bbf711f73c2cbc227dfc6737900f9055cfc90cf3cdf2fde,nlmedians,1.02,32.630028172075136,0.9259190499177834,62.61096658192673,,scaled_current_nlm,,,0.8407337839889806,8,8,NLM_fast_cuda_global,,,,,
set50,medium,48.gif,0,0.05,"[512, 512]",9b261d731fc3d639b0cc3dac391980b0c49dd558b24b95a14bb3f3eb9f3569d0,a747073b330968ee1aae040e4dc878fcf916f0a11f16fe05636a80b9fc875feb,nlmedians,1.095,31.112379769717812,0.9048531709401392,60.79884843186586,,scaled_current_nlm,,,0.8423292329971446,8,8,NLM_fast_cuda_global,,,,,
set50,medium,17.gif,0,0.05,"[512, 512]",6f8a02e1689062bed722742a554760dd74359b35fc8b969bab8beed8e59421a0,6af0ecd76919ca281da513ca27a3a90b46d370abb3eb6578013f06f4b900ca86,nlmedians,0.91,27.50990530928585,0.9338946421444939,60.449684761867616,,scaled_current_nlm,,,0.856294279001304,8,8,NLM_fast_cuda_global,,,,,
set50,medium,0.png,0,0.05,"[512, 512]",0a372ced9fd4d1f9633532a58073e3974b41da8cfc87f04ec8e9a8dc6a89bba1,95660ff47115848bd895ed7581195e91c2ab4a1746122ef36b82c4d90108493b,nlmedians,1.25,32.608945639156936,0.9258941008003196,62.59917785959445,,scaled_current_nlm,,,0.8611020550015382,8,8,NLM_fast_cuda_global,,,,,
set50,medium,16.gif,0,0.05,"[512, 512]",2d68b31ae4d4c10bc0e60742ba3064c10d62113ffb3ca9a7c14b80e40b0e6170,7455aaabfc63093d044293a592276a820637f19bca9681cbe7c6ff4252ab18b7,nlmedians,0.845,27.29683974323969,0.9016678412873338,58.731811935986535,,scaled_current_nlm,,,0.8851582539937226,8,8,NLM_fast_cuda_global,,,,,
set50,medium,32.gif,0,0.05,"[512, 512]",c3cc3fb5da093d47d6808c6219ed907c3e69ab01954b1b929a8739cbbcc26493,d2e3e8ae3b57d5960df96ffa19753233b3b3181989f99a93fa4b43c98c09e669,nlmedians,0.9400000000000001,29.671457589086213,0.9364608861664941,61.65877310286781,,scaled_current_nlm,,,0.8158345060073771,8,8,NLM_fast_cuda_global,,,,,
set50,medium,30.gif,0,0.05,"[512, 512]",b1cccc0e8d64bae511f9cd0c5596628364bd1e09c90c5e793604a1f7a55f642f,50942175cdb95f83dc200d5959fee5536d4754b54986e42ca9e7c656cbeb2d35,nlmedians,1.11,30.712471749098444,0.9162355810121805,61.168014925158246,,scaled_current_nlm,,,0.8325649229955161,8,8,NLM_fast_cuda_global,,,,,
set50,medium,43.gif,0,0.05,"[512, 512]",443801cafadb33c7829b313f4efd834e70cc313567a260dd2b5554dc7ee6be98,0f28e2bbe65b808a1ad16efa6f1a2414cb8e1679bad1f815c763acec68cff608,nlmedians,1.205,30.69030548168518,0.8883658947849151,59.763447480088345,,scaled_current_nlm,,,0.8313739969889866,8,8,NLM_fast_cuda_global,,,,,
set50,medium,47.gif,0,0.05,"[512, 512]",9005ddf994846f88305becd36c72a046818a094c026c69a8106c34b34a31a8fe,f0b3f05cda30a32f8298ccca20c4e29bcc50c140242aed6be8d436ed2cbce168,nlmedians,0.845,27.7404578467735,0.920765068789086,59.90848236284105,,scaled_current_nlm,,,0.8669161389989313,8,8,NLM_fast_cuda_global,,,,,
set50,medium,25.gif,0,0.05,"[512, 512]",30838b6c4e963b60da10cc6158a119a7052a4ffa1ebdcc87bcf0054f681427c6,c89a7c0b0f09eb3263a9d11fe8efddbb4c1176dcd1ec6708e3bfd021c89ed096,nlmedians,1.31,32.42132110100358,0.880120059208684,60.21666351093599,,scaled_current_nlm,,,0.8254864960035775,8,8,NLM_fast_cuda_global,,,,,
set50,medium,7.gif,0,0.05,"[512, 512]",5e3769e24988284e1036ce844ee8e0f11dbe28fe111f6a962e37864dc34b60dc,0b7b6c2421211e0fc8eb9beafb206d75c70b2b199d5853ec2da992719afaceeb,nlmedians,0.935,23.35823266788063,0.8913238755644772,56.24531011216418,,scaled_current_nlm,,,0.9417722859943751,8,8,NLM_fast_cuda_global,,,,,
set50,medium,15.gif,0,0.05,"[512, 512]",51e2066df33af18b47bcd356b17c6cdf04f2a5fd219ace410fcabb06698c6c71,39199cb66df82a184e9e3590d2a8fb0d07979479d1aa4b27f16430a55727c97d,nlmedians,0.87,27.898074873768763,0.8794621630173538,57.92214558775207,,scaled_current_nlm,,,0.8943275649944553,8,8,NLM_fast_cuda_global,,,,,
set50,medium,41.gif,0,0.05,"[512, 512]",1569598ab7f33ee44bcf70502565ffcd7528912a2c13cd1977fe64573770f1e6,639175861e9da8475bf7aae7e80671d5d0dab0e21f7e6410bb02e7d02ad6a8fb,nlmedians,0.9,31.66025332576026,0.9397691435555888,62.81858384065957,,scaled_current_nlm,,,0.8948503389983671,8,8,NLM_fast_cuda_global,,,,,
set50,medium,6.gif,0,0.05,"[512, 512]",ca956c8aa0ec2de8bd2e4d7545c7f969215d4f7f65cb72ee9d31cb17df0033b6,55397b364b569ec357ea88a4f227d75702d9c46065e68167ce5415a085e5c604,nlmedians,1.0050000000000001,29.732985887336213,0.8927157027787053,59.50227808260337,,scaled_current_nlm,,,0.8785340049944352,8,8,NLM_fast_cuda_global,,,,,
set50,medium,21.gif,0,0.05,"[512, 512]",74d2fa3fc2447fd331660c09f2f468f3cce983dc347509d32564e992fdebaf9a,b6c46b122a5935b040c7876069901e8fa2e88d65c0dccd7d3eab28bd325feb1d,nlmedians,1.09,31.371868202884517,0.8982073768543524,60.59630294415987,,scaled_current_nlm,,,0.8385032910009613,8,8,NLM_fast_cuda_global,,,,,
set50,medium,27.gif,0,0.05,"[512, 512]",bc7a1c1300b1b1bda264e18fbde62fa845194fac5839cb705a788c6ac331f517,bc5c0abc5cb89f2602601bed2e468d7abc51acd7e1e351256ff9700481db427e,nlmedians,1.4000000000000001,32.48654462913283,0.8872106674670484,60.603805687918836,,scaled_current_nlm,,,0.8024912120017689,8,8,NLM_fast_cuda_global,,,,,
set50,medium,46.gif,0,0.05,"[512, 512]",14cdebcd7b2b9e534cc9717933df6ccb4861289237cde90700810e2e6e2e245f,d878c43c275cd0166300fe04d75a53c09d3d75d67cb3d908e5882e20a295ecc9,nlmedians,0.845,29.15910151403193,0.922152210942347,60.68716130413332,,scaled_current_nlm,,,0.9632414110092213,8,8,NLM_fast_cuda_global,,,,,
set50,medium,20.gif,0,0.05,"[512, 512]",c3a4da195ffc62103521cd979723e50840fe46cfd989b567c826985f8b23dcf4,5bfaaf6ce3c548fbb6ee19f84702519c6eb63441cab262540222464802072c15,nlmedians,0.9,29.948572922169625,0.9260006547456475,61.274319198367195,,scaled_current_nlm,,,0.8742322230100399,8,8,NLM_fast_cuda_global,,,,,
set50,medium,2.gif,0,0.05,"[512, 512]",b101b795e2638a1e9dbdaa513bdc8be6090aed4d6ac294b155e5f3a2c7c0bb80,47bd00b70c71b3de67094cd318e7fb07d41c4b8231d7032dbe43d4a7fd0afd84,nlmedians,1.1,32.49883379605596,0.9212627120563908,62.31255250084752,,scaled_current_nlm,,,0.9008128170098644,8,8,NLM_fast_cuda_global,,,,,
set50,medium,40.gif,0,0.05,"[512, 512]",911cad3f1d559f196f94ed9e80a9602969b74319acb1d70da238efdb48af38e2,dc1d71ab921c00086086b6fde9eb97f5acf18f1ed049f18da885c811f2618fe2,nlmedians,1.075,35.74550942171485,0.9562250322273751,65.68400632222618,,scaled_current_nlm,,,0.8638288179936353,8,8,NLM_fast_cuda_global,,,,,
set50,medium,31.gif,0,0.05,"[512, 512]",33781418a1e6e85521011be7d450b002a8f8a8f1ba68a79c1219f3b3ba59b160,a83f1584e818989261cb11cf48877cb0c510282d8114787afbbd003206284810,nlmedians,0.845,24.36758123333493,0.8880175013309779,56.58466568321636,,scaled_current_nlm,,,0.9635511880042031,8,8,NLM_fast_cuda_global,,,,,
set50,medium,29.gif,0,0.05,"[512, 512]",1eeb76c0386fbcd563a08eb25bbeffde427bdc62658e4bcc02c8aafbf733f219,83a2de1c8dcf51614771b01920c82a7c23337d67875efe46d6c405c5127135c7,nlmedians,0.845,28.903424292953215,0.919728500093324,60.438137151142804,,scaled_current_nlm,,,0.8169306920026429,8,8,NLM_fast_cuda_global,,,,,
set50,medium,33.gif,0,0.05,"[512, 512]",7a10c4eca50167d8d459c2505f2b0f21cfb399e7b01adccaa0422695496c2e72,08d26c934a289bb92e048127732aeadfa9b78a9f4b5882efb73995bdf3cd72d1,nlmedians,1.055,30.29518889019593,0.9030364723573117,60.29941806296355,,scaled_current_nlm,,,0.836159216996748,8,8,NLM_fast_cuda_global,,,,,
set50,medium,24.gif,0,0.05,"[512, 512]",b8f6ebed7641854cd23e807c2f78d350f1373b2fe7f96e6ea18f8531797fbc3a,7df6a26996b27055fbd6fade2729c1bef1483650ee3f0c3831c8b73955e45a96,nlmedians,1.18,32.50765846352702,0.912437674058419,61.875712934684465,,scaled_current_nlm,,,0.8532017169927713,8,8,NLM_fast_cuda_global,,,,,
set50,medium,3.gif,0,0.05,"[512, 512]",e3e2313cc250162bd613776c7b0063891d9d56b3576c9808ac5c8c0e7e8fcb8d,796ec59771c5391e193cc91c432e0a5596e1920f3a4db227d9eb10f6a3d518d5,nlmedians,1.195,30.40304272756228,0.8710818507226934,58.75561389991581,,scaled_current_nlm,,,0.8095283570000902,8,8,NLM_fast_cuda_global,,,,,
set50,medium,1.gif,0,0.05,"[512, 512]",95f21dff4cd5a318a519cb05a1e35fb41f49c007ca46345fd6917258be8d9d73,e24ed88e7f0eb2dddfa6a9612b63b2c33becdf037cb98dd934bdb9f01a47ea78,nlmedians,0.9400000000000001,29.93597752730438,0.9249742851728486,61.216703022294624,,scaled_current_nlm,,,0.8954662939941045,8,8,NLM_fast_cuda_global,,,,,
set50,medium,23.gif,0,0.05,"[512, 512]",05918015ae96873f255fec3e75ace895a76214abbeffdbfff55b5cf6214224c6,655503e7d7fab0b5c67c003c7369ebf5019a3bde7ab7b4ded0a31511df31d745,nlmedians,1.335,31.795945680556006,0.8439128570664625,58.09361569360112,,scaled_current_nlm,,,0.831726770993555,8,8,NLM_fast_cuda_global,,,,,
set50,medium,35.gif,0,0.05,"[512, 512]",353590d221e21b53b97858fbc575a2320a10336f21bbed5dd461fa942bab100f,d8405f20d92cf2c558f2ca882734d0a50ace70c0b016ae8d28e3ae1f7bf374d8,nlmedians,1.0150000000000001,31.559440377014422,0.9218545825589126,61.872449316452844,,scaled_current_nlm,,,0.8450254419876728,8,8,NLM_fast_cuda_global,,,,,
set50,medium,36.gif,0,0.05,"[512, 512]",99a41bcc709d43204ca0f73a6593656300237e5367043081c5065ca77d5e3628,57e4e3e6cfe9d42cb759240f0c415ccaf8f59eecb6632db03e3d83df22720313,nlmedians,0.915,29.350065090492983,0.9233595573338619,60.84301041193959,,scaled_current_nlm,,,0.857651744998293,8,8,NLM_fast_cuda_global,,,,,
set50,medium,26.gif,0,0.05,"[512, 512]",3efcc155fe7f35f9428c0536c9c1dc2b826188d5f0a5b0a90ecbf681233221e2,854fb7772003d6ba3ae6e98b9a7fb849cc21ff8676ba7f04a3260e753a54d7cd,nlmedians,1.205,32.5861594350017,0.9087299144078002,61.72957543789086,,scaled_current_nlm,,,0.8343149119900772,8,8,NLM_fast_cuda_global,,,,,
set50,medium,37.gif,0,0.05,"[512, 512]",74881a36c4896c931da56c784ac35afb478dc71ae7af27894deeb074f83e518a,036505e5dfbec15ce66a6908c05abf048cc47a82646c9b6094a5edfac7c701dc,nlmedians,0.995,30.87469773424243,0.8885535301984137,59.865025377041896,,scaled_current_nlm,,,0.8533724209992215,8,8,NLM_fast_cuda_global,,,,,
set50,medium,13.gif,0,0.05,"[512, 512]",c34b796bde09761f5bc3c358f20b72f49e020580ed0a76d5456c61f0da4499eb,e2de224a77a3db31067ae6e062087f6bfac38a8df3f2a2d549c5cef396b3bc18,nlmedians,1.135,30.891715589462034,0.8964320671465119,60.26746115205661,,scaled_current_nlm,,,0.8798319369961973,8,8,NLM_fast_cuda_global,,,,,
set50,medium,28.gif,0,0.05,"[512, 512]",f509179793e6551fbec77f8fdd91e45d53d2dd6e0a87394377c4bb4c52eb9a43,58a9abd4838209bd106b4a74ece0597005b07fe99a36d69bd1aa86ba516bad88,nlmedians,1.16,32.79158455457527,0.9288796747272375,62.83977601364951,,scaled_current_nlm,,,0.8482357729953947,8,8,NLM_fast_cuda_global,,,,,
set50,medium,9.gif,0,0.05,"[512, 512]",8b76cd61996084e7d23b9f638b4d32839d9f6ac7965ef9b585f78bdbdaff16b3,e0f43ad256990bfaa3242b836c5dd9d4cf4e80021e09d929388010da18ae0559,nlmedians,0.99,30.047968443695886,0.9071059597313699,60.37928220841644,,scaled_current_nlm,,,0.8617166960029863,8,8,NLM_fast_cuda_global,,,,,
set50,medium,18.gif,0,0.05,"[512, 512]",539caf0cced15a86b729848a1a182b75776a621cf01b5e9a62085f53b86f3407,4a90c942e2032c8804b9ebb9792d42187fe4daeee7ef4378cd6b6eb20be33093,nlmedians,0.845,24.631268471819414,0.8786719467761245,56.24923157471593,,scaled_current_nlm,,,0.8712909979949472,8,8,NLM_fast_cuda_global,,,,,
set50,medium,49.gif,0,0.05,"[512, 512]",8311e02cd6238d6e74f6a9bf6fa5c250d748ceec5882a86242e2452c587cdf2b,5a601ed1dcc9698d64a9477467d78dda4fff8dd35cfeaf9d23934a7ad5017559,nlmedians,0.89,22.63546833469534,0.9374671055262479,58.19108944366006,,scaled_current_nlm,,,0.7759191779914545,8,8,NLM_fast_cuda_global,,,,,
set50,medium,4.gif,0,0.05,"[512, 512]",fd89b9bfe327e11c7cfbc851fff026261f2c33ef17edc9373682def6616fdc4f,1bddc85da101df43df7bb7612200d6defe6021e2962e858d3d0572298eb96ac2,nlmedians,1.095,31.66287472873841,0.8934967341968543,60.506274074211916,,scaled_current_nlm,,,0.8370436029945267,8,8,NLM_fast_cuda_global,,,,,
set50,medium,8.gif,0,0.05,"[512, 512]",fd53a01b9f6a3a02a5408efee91cfa235b1325372804d49874a677719089b14e,e2dea4fbc7e21862ca9af16abc32c18c40a4dd5dd02696d500714675394acfb8,nlmedians,1.48,34.049450133538,0.9449330254339916,64.27137633846857,,scaled_current_nlm,,,0.7861086680059088,8,8,NLM_fast_cuda_global,,,,,
set50,medium,39.gif,0,0.05,"[512, 512]",e43557540646572e4a7b69124c49ff2c37c4d1695507c5d64a44d09a5043958e,3302c586943fdd9db0f9ba7e02a73af0dce174011bc328f077b07b2e455337b4,nlmedians,1.315,31.948659072546786,0.8702694604677249,59.48780255965964,,scaled_current_nlm,,,0.8520927569916239,8,8,NLM_fast_cuda_global,,,,,
set50,medium,12.gif,0,0.05,"[512, 512]",3c3ec23125fea9974f2e94c0d93a534edf2ec60d33b6af79f9a60fef58295de4,59d963dcd00180e7f3f72547745489e101cd7eff2175e5f3bb993ec828ffbb2f,nlmedians,1.115,30.985601605357665,0.9359120720188385,62.28840440362076,,scaled_current_nlm,,,0.9458577159966808,8,8,NLM_fast_cuda_global,,,,,
set50,medium,45.gif,0,0.05,"[512, 512]",72644242bceb1596c04ab4ddde11989c7aa206ee2094402fadeac9f9c500d55a,81ad42bbcf0b5e8f33c2ad489cebceb574e8a1035bc12ec2a3d57de309ae0f6a,nlmedians,1.135,30.07001431572202,0.8783103567736958,58.9505249965458,,scaled_current_nlm,,,0.859001408010954,8,8,NLM_fast_cuda_global,,,,,
set50,medium,11.gif,0,0.05,"[512, 512]",b12e0216f269d1ad8f5dfe769baf0fb60142ab5235a6d1d62707dc52ca591071,901e5232f1e9d4af8b7e7854cd94540c565ee392f1959e992aa40cca5ec504b7,nlmedians,1.035,22.756418881430168,0.8935918570423275,56.057802292831454,,scaled_current_nlm,,,0.8455330160068115,8,8,NLM_fast_cuda_global,,,,,
set50,medium,34.gif,0,0.05,"[512, 512]",42a4b02f48b536770f4d42c1c4884a5b2a4a662af62778249a90a16c1d9f5398,f88df87e1cc3de2cabfeea22db517da9ce53ffbe36b4b8fcb3fda6b33e5bcef7,nlmedians,1.02,31.17665104500935,0.9377383030753488,62.475240676272115,,scaled_current_nlm,,,0.832210799009772,8,8,NLM_fast_cuda_global,,,,,
set50,extreme,10.gif,0,0.2,"[512, 512]",e233b9bc584bbcbbdcbcbf3674e9c18c92aff37cf54afeec01dc2e7dc1811878,c2298b7f30afbb2db5aebc17d7f29055d6f3492e431507d9548fbcca879a142f,nlmedians,3.0300000000000002,19.89273513248521,0.38738676226453617,29.315705679469417,,scaled_current_nlm,,,0.8803892550058663,8,8,NLM_fast_cuda_global,,,,,
set50,extreme,0.png,0,0.2,"[512, 512]",0a372ced9fd4d1f9633532a58073e3974b41da8cfc87f04ec8e9a8dc6a89bba1,bb82ddd95a6a25e95485a996c31e0375130595fb41bbf773b1bd5b01c13959c1,nlmedians,2.695,18.811392562778305,0.3994945453331746,29.38042354804788,,scaled_current_nlm,,,0.8525450580054894,8,8,NLM_fast_cuda_global,,,,,
set50,extreme,1.gif,0,0.2,"[512, 512]",95f21dff4cd5a318a519cb05a1e35fb41f49c007ca46345fd6917258be8d9d73,54e822cbce4710b252fbe64e0411a8ba078cc0c39f84b7119227543ee0ff4185,nlmedians,2.2,18.020725536330453,0.4368949298155882,30.855109258944637,,scaled_current_nlm,,,0.885384424997028,8,8,NLM_fast_cuda_global,,,,,
set50,moderate,19.gif,0,0.03,"[512, 512]",d17c7663feb48c0fe318904421cb04ec7e850a109d952f66a49ac464a4176a1e,4a77cc7feb68ac2e5a85825f247e8e4c3c9679a7c0426f5bfdcd4072c19d4627,nlmedians,0.935,32.35123671138396,0.9558864913043831,63.96994292091114,,scaled_current_nlm,,,0.8699823810020462,8,8,NLM_fast_cuda_global,,,,,
set50,moderate,22.gif,0,0.03,"[512, 512]",dfe4f6c6370dbe0651bccc46e98ac3b787e8c63a3a37fb138fe6c81f3e32edd4,2e45a4290be99d09ad7c8b15ab628d656e317851811cf62a814d56799172c143,nlmedians,0.765,29.945882730340415,0.9361486283737637,61.78037278385839,,scaled_current_nlm,,,0.8336518860014621,8,8,NLM_fast_cuda_global,,,,,
set50,moderate,10.gif,0,0.03,"[512, 512]",e233b9bc584bbcbbdcbcbf3674e9c18c92aff37cf54afeec01dc2e7dc1811878,bf021845440d96f05ab8d1c21303bf9963fdc05185458026279984bb6cf67882,nlmedians,1.07,34.04166356443549,0.9347716522330866,63.75941439387208,,scaled_current_nlm,,,0.8634576240001479,8,8,NLM_fast_cuda_global,,,,,
set50,moderate,14.gif,0,0.03,"[512, 512]",83fe92c5398701971c09c467a97dc4bfdb94eb4b3ded548d26e5e7fcf62e4d2a,abe42801e069a3aebf3f39389e875a54b88a4e1f606a29719e6111251e33d91b,nlmedians,0.6950000000000001,25.952213507222215,0.9107531609207277,58.51376479964749,,scaled_current_nlm,,,0.9196364509989507,8,8,NLM_fast_cuda_global,,,,,
set50,moderate,5.gif,0,0.03,"[512, 512]",49db903e1a87a0044a734fb77708aad9985011bc9ee9fb379099de1b4e946109,af29f9154f09d34b94284c16eae6366125c9201801f5961f397ede4007ff8d2a,nlmedians,0.99,37.34304367470229,0.9678248437717627,67.06276402593929,,scaled_current_nlm,,,0.8858119329961482,8,8,NLM_fast_cuda_global,,,,,
set50,moderate,44.gif,0,0.03,"[512, 512]",f968969e97bf6f8f47fd5940af0bd7481b61f2df6d5d553882b8938123b37289,bb1a9080a734e4376c0068ee09317d2e77d45ff3bc06189f526414812d722522,nlmedians,0.6950000000000001,24.056044314930197,0.9189989765951662,57.9779709872234,,scaled_current_nlm,,,0.8989447700005258,8,8,NLM_fast_cuda_global,,,,,
set50,moderate,42.gif,0,0.03,"[512, 512]",f9b953242d46fc204da43e46262ac3754e9428050546213f592efb0fb7398f12,5a97f335dd14d16fa2a26568a61dbdd1f0cd96c034e1d93323385c6c8ee1278b,nlmedians,0.8,33.54671225740284,0.9702758183808513,65.28714704774399,,scaled_current_nlm,,,0.8800810590037145,8,8,NLM_fast_cuda_global,,,,,
set50,moderate,38.gif,0,0.03,"[512, 512]",e39779dc60dbc76330293a5fdb44dfabe4d22433c36132e18afcf31a515217b4,7b05a5462bc68e44134575d6e71c54256811d7816777d48e15b8ebff29020534,nlmedians,0.8250000000000001,35.931304268384764,0.9598423672178289,65.95777049508382,,scaled_current_nlm,,,0.8199008439987665,8,8,NLM_fast_cuda_global,,,,,
set50,moderate,48.gif,0,0.03,"[512, 512]",9b261d731fc3d639b0cc3dac391980b0c49dd558b24b95a14bb3f3eb9f3569d0,be699cc3e412bf91ef9e26d4f7be8e45cc78cbc1049db067c20cc8e0fdefa309,nlmedians,0.905,34.26202689409469,0.9555606900305459,64.90904794857464,,scaled_current_nlm,,,0.9085511570010567,8,8,NLM_fast_cuda_global,,,,,
set50,moderate,17.gif,0,0.03,"[512, 512]",6f8a02e1689062bed722742a554760dd74359b35fc8b969bab8beed8e59421a0,29b950eb5447df2cee11f6d9ed1e4ef64d57aa95f3d5eddc1297ed8706b401b4,nlmedians,0.775,29.12807747444342,0.9518074390452456,62.15441068948399,,scaled_current_nlm,,,0.8602958739938913,8,8,NLM_fast_cuda_global,,,,,
set50,moderate,0.png,0,0.03,"[512, 512]",0a372ced9fd4d1f9633532a58073e3974b41da8cfc87f04ec8e9a8dc6a89bba1,1890871d8ac6fdf241ae77566f9a0eb175baed8033bd8ffbdecf5475a45749fe,nlmedians,1.09,36.30058060972561,0.972659626702171,66.78327163997135,,scaled_current_nlm,,,0.8574587470066035,8,8,NLM_fast_cuda_global,,,,,
set50,moderate,16.gif,0,0.03,"[512, 512]",2d68b31ae4d4c10bc0e60742ba3064c10d62113ffb3ca9a7c14b80e40b0e6170,108534efa550eb43c28b1af1689dc7e2b4ce02a2879364bb26dfe0bda7ea36a0,nlmedians,0.6950000000000001,28.11481277609439,0.9121142226518756,59.66311752064098,,scaled_current_nlm,,,0.8475671479973244,8,8,NLM_fast_cuda_global,,,,,
set50,moderate,32.gif,0,0.03,"[512, 512]",c3cc3fb5da093d47d6808c6219ed907c3e69ab01954b1b929a8739cbbcc26493,d278879439261ffe9ed28694e5eea47639c1b8f5a8a94bace3543395b60dd533,nlmedians,0.91,31.665374715394808,0.9553812009879531,63.601747407095054,,scaled_current_nlm,,,0.8727912299946183,8,8,NLM_fast_cuda_global,,,,,
set50,moderate,30.gif,0,0.03,"[512, 512]",b1cccc0e8d64bae511f9cd0c5596628364bd1e09c90c5e793604a1f7a55f642f,d28020be6943581ea586663a46ffe8f3a0fb5dabd1de0042b989c19d113e461f,nlmedians,0.935,32.4582084395046,0.9377562440026693,63.11691641988577,,scaled_current_nlm,,,0.8296131350070937,8,8,NLM_fast_cuda_global,,,,,
set50,moderate,43.gif,0,0.03,"[512, 512]",443801cafadb33c7829b313f4efd834e70cc313567a260dd2b5554dc7ee6be98,1f8784755ea55d81ac618ccaca204d47bf177db66bd5c7daaede569bb788a981,nlmedians,1.0,33.984417956987265,0.947485486946887,64.36648332583798,,scaled_current_nlm,,,0.8463635530060856,8,8,NLM_fast_cuda_global,,,,,
set50,moderate,47.gif,0,0.03,"[512, 512]",9005ddf994846f88305becd36c72a046818a094c026c69a8106c34b34a31a8fe,4d80ef3a631443edbca7f0f765de5e35a2502b2f168084e29548ba4f32211a34,nlmedians,0.6950000000000001,29.219271259730185,0.9437341028035638,61.79634077004329,,scaled_current_nlm,,,0.9690311320009641,8,8,NLM_fast_cuda_global,,,,,
set50,moderate,25.gif,0,0.03,"[512, 512]",30838b6c4e963b60da10cc6158a119a7052a4ffa1ebdcc87bcf0054f681427c6,8e83987dd80258df03bc1d39081bd12f3e414e2a92e3b00b5454514001fa330e,nlmedians,1.085,36.01816836961281,0.9420015411122556,65.10916124041918,,scaled_current_nlm,,,0.7866923639958259,8,8,NLM_fast_cuda_global,,,,,
set50,moderate,7.gif,0,0.03,"[512, 512]",5e3769e24988284e1036ce844ee8e0f11dbe28fe111f6a962e37864dc34b60dc,43f856b2e4729aee32854ee85f842476fc982f3d9d390db1fb2b7253e4e7e89c,nlmedians,0.8300000000000001,23.558200796679756,0.9068701261016361,57.12260670342168,,scaled_current_nlm,,,0.8130714309954783,8,8,NLM_fast_cuda_global,,,,,
set50,moderate,15.gif,0,0.03,"[512, 512]",51e2066df33af18b47bcd356b17c6cdf04f2a5fd219ace410fcabb06698c6c71,2d9093eb41be84ce7ed0d978b9b19c485cbf154d47e52c2dd0fd828853447d0c,nlmedians,0.71,29.137842184933227,0.9169784756347077,60.417844874202004,,scaled_current_nlm,,,0.8567293359956238,8,8,NLM_fast_cuda_global,,,,,
set50,moderate,41.gif,0,0.03,"[512, 512]",1569598ab7f33ee44bcf70502565ffcd7528912a2c13cd1977fe64573770f1e6,ff0263a6707841b84077f68687f1b5681a02f5a5751a9c11140365b8582c92b3,nlmedians,0.74,34.21960119744715,0.9646042299141651,65.34001209443183,,scaled_current_nlm,,,0.900288720993558,8,8,NLM_fast_cuda_global,,,,,
set50,moderate,6.gif,0,0.03,"[512, 512]",ca956c8aa0ec2de8bd2e4d7545c7f969215d4f7f65cb72ee9d31cb17df0033b6,84221910b6b9a6acdbb5afef9fc1ca7d246990555c43db357055a2f7fb1696d9,nlmedians,0.8250000000000001,31.739275211962237,0.9361842554209688,62.67885037702956,,scaled_current_nlm,,,0.8261928709980566,8,8,NLM_fast_cuda_global,,,,,
set50,moderate,21.gif,0,0.03,"[512, 512]",74d2fa3fc2447fd331660c09f2f468f3cce983dc347509d32564e992fdebaf9a,d5ccfab06b048653f8250b070ca0b04342317d22a38961fa45c8b80e0d09c15a,nlmedians,0.915,33.37635274244719,0.9351999430280296,63.44817352262507,,scaled_current_nlm,,,0.8038720089971321,8,8,NLM_fast_cuda_global,,,,,
set50,moderate,27.gif,0,0.03,"[512, 512]",bc7a1c1300b1b1bda264e18fbde62fa845194fac5839cb705a788c6ac331f517,aab60ccc545edf9dca9fa48d80e67ab5ad51f1057b062d7157c1f27cece394a7,nlmedians,1.2,35.82704632903047,0.9467479176763518,65.25091904833283,,scaled_current_nlm,,,0.8517018999991706,8,8,NLM_fast_cuda_global,,,,,
set50,moderate,46.gif,0,0.03,"[512, 512]",14cdebcd7b2b9e534cc9717933df6ccb4861289237cde90700810e2e6e2e245f,f68a978e6ae4cceafd52796314ca1bd61710126b4514f19d2cf2a1dbf543f9eb,nlmedians,0.6950000000000001,31.041275475894942,0.9480944499883966,62.9253602373673,,scaled_current_nlm,,,0.8844553009985248,8,8,NLM_fast_cuda_global,,,,,
set50,moderate,20.gif,0,0.03,"[512, 512]",c3a4da195ffc62103521cd979723e50840fe46cfd989b567c826985f8b23dcf4,00025b7fcbcf353bccb34525bf06153c13450094f9fb05eda8e25b4b3cf81775,nlmedians,0.735,31.347864691198197,0.9422709001541592,62.787477353307054,,scaled_current_nlm,,,0.8829087509948295,8,8,NLM_fast_cuda_global,,,,,
set50,moderate,2.gif,0,0.03,"[512, 512]",b101b795e2638a1e9dbdaa513bdc8be6090aed4d6ac294b155e5f3a2c7c0bb80,7815db9fcaba45ca1fe9659edc8745c582da03a285a37be6aefbfc147089a99b,nlmedians,0.92,35.48287533168278,0.9573330603685817,65.60809068427048,,scaled_current_nlm,,,0.9532045800006017,8,8,NLM_fast_cuda_global,,,,,
set50,moderate,40.gif,0,0.03,"[512, 512]",911cad3f1d559f196f94ed9e80a9602969b74319acb1d70da238efdb48af38e2,4ed4227588674f3dfbd060c06df4a2a8737dae851b4ce97b19d6d26acd29cd88,nlmedians,0.87,40.28404845456486,0.9790572028772359,69.09488437114422,,scaled_current_nlm,,,0.8793736119987443,8,8,NLM_fast_cuda_global,,,,,
set50,moderate,31.gif,0,0.03,"[512, 512]",33781418a1e6e85521011be7d450b002a8f8a8f1ba68a79c1219f3b3ba59b160,6c04ab1e187ca58f545f9b32e49810d14cc9f4baabf6e8b2e3ab576507435c08,nlmedians,0.6950000000000001,25.076317243831635,0.9004333700023096,57.5598271220313,,scaled_current_nlm,,,0.9471271119982703,8,8,NLM_fast_cuda_global,,,,,
set50,moderate,29.gif,0,0.03,"[512, 512]",1eeb76c0386fbcd563a08eb25bbeffde427bdc62658e4bcc02c8aafbf733f219,7e36de98996efc03518db23d8b2790304e843bc1b59fa6dbd37c32ded4a6902b,nlmedians,0.6950000000000001,30.09928758890307,0.9302491436885738,61.562100978880224,,scaled_current_nlm,,,0.8349243439879501,8,8,NLM_fast_cuda_global,,,,,
set50,moderate,33.gif,0,0.03,"[512, 512]",7a10c4eca50167d8d459c2505f2b0f21cfb399e7b01adccaa0422695496c2e72,ba09b5b2b00094264b93b15dfe764f5f155d14fd8012fef6795bbb30e2e02af9,nlmedians,0.895,32.52590320705863,0.9425184095044905,63.38887207875384,,scaled_current_nlm,,,0.8066750500001945,8,8,NLM_fast_cuda_global,,,,,
set50,moderate,24.gif,0,0.03,"[512, 512]",b8f6ebed7641854cd23e807c2f78d350f1373b2fe7f96e6ea18f8531797fbc3a,00361d9d18adafe8f56c1222f7c494507b310d4a76d7b0c8a82b2c1609574b41,nlmedians,0.97,35.67719496073315,0.9571720591499241,65.69720043786278,,scaled_current_nlm,,,0.8279743780003628,8,8,NLM_fast_cuda_global,,,,,
set50,moderate,3.gif,0,0.03,"[512, 512]",e3e2313cc250162bd613776c7b0063891d9d56b3576c9808ac5c8c0e7e8fcb8d,dd14e890ca3c05f9cb0de1181aa5a5db0779077468bd4909ced1783680752557,nlmedians,1.0150000000000001,32.872656970763146,0.9291105353157044,62.891855251166795,,scaled_current_nlm,,,0.7997461640043184,8,8,NLM_fast_cuda_global,,,,,
set50,moderate,1.gif,0,0.03,"[512, 512]",95f21dff4cd5a318a519cb05a1e35fb41f49c007ca46345fd6917258be8d9d73,b046c3ca53ac27d398655bff7451b2b566c0b17466b8819f428a346cbe1fb919,nlmedians,0.78,32.63734455854219,0.9626102920016518,64.44918687935369,,scaled_current_nlm,,,0.8495493170048576,8,8,NLM_fast_cuda_global,,,,,
set50,moderate,23.gif,0,0.03,"[512, 512]",05918015ae96873f255fec3e75ace895a76214abbeffdbfff55b5cf6214224c6,2daf28aacbb63227de565cd84c202daafbc0a84772d4320a0d4213b8214207da,nlmedians,1.11,35.44025246095546,0.9252000864822374,63.9801305545896,,scaled_current_nlm,,,0.8815491519926582,8,8,NLM_fast_cuda_global,,,,,
set50,moderate,35.gif,0,0.03,"[512, 512]",353590d221e21b53b97858fbc575a2320a10336f21bbed5dd461fa942bab100f,0fb08c5de87a5a41e52590493adbddf82a33f95b9154da10a9801c12a103de9f,nlmedians,0.85,34.84649752670669,0.9616225363670903,65.50437558170786,,scaled_current_nlm,,,0.8459069170057774,8,8,NLM_fast_cuda_global,,,,,
set50,moderate,36.gif,0,0.03,"[512, 512]",99a41bcc709d43204ca0f73a6593656300237e5367043081c5065ca77d5e3628,ac5122e3551e0bbc5ce45212b3e5a5b0036fdaec4bb1859d21d61fc5d6d185a9,nlmedians,0.75,30.815275466798543,0.9434081829473504,62.57804688076679,,scaled_current_nlm,,,0.8728372369951103,8,8,NLM_fast_cuda_global,,,,,
set50,moderate,26.gif,0,0.03,"[512, 512]",3efcc155fe7f35f9428c0536c9c1dc2b826188d5f0a5b0a90ecbf681233221e2,80df9d16ce4f4c986faf28bb5b520724b7cc3964f0373fd572fa16b065e88889,nlmedians,0.97,36.39835567008758,0.9580794602014788,66.10315084511774,,scaled_current_nlm,,,0.829034000998945,8,8,NLM_fast_cuda_global,,,,,
set50,moderate,37.gif,0,0.03,"[512, 512]",74881a36c4896c931da56c784ac35afb478dc71ae7af27894deeb074f83e518a,7173cba5345fcfbe9557abb697d95042a919f4d6122da8ce612d77d8fb82cf11,nlmedians,0.8,33.09064528582529,0.9272589934643497,62.90827231613013,,scaled_current_nlm,,,0.8558167970040813,8,8,NLM_fast_cuda_global,,,,,
set50,moderate,13.gif,0,0.03,"[512, 512]",c34b796bde09761f5bc3c358f20b72f49e020580ed0a76d5456c61f0da4499eb,a2f2a757fc1c83f9bed8ee3c789083b32351ef8857a1a102fba848a3fe7d0f2a,nlmedians,0.915,33.420301924726566,0.9484753513854296,64.13391853163476,,scaled_current_nlm,,,0.8855038239998976,8,8,NLM_fast_cuda_global,,,,,
set50,moderate,28.gif,0,0.03,"[512, 512]",f509179793e6551fbec77f8fdd91e45d53d2dd6e0a87394377c4bb4c52eb9a43,0ec572cf93ac546cce976f078eeb44740a3e46ee9a4fce5909a4ee51526b79a3,nlmedians,0.925,34.73556091438679,0.953791362314674,65.0573485729271,,scaled_current_nlm,,,0.8332984220032813,8,8,NLM_fast_cuda_global,,,,,
set50,moderate,9.gif,0,0.03,"[512, 512]",8b76cd61996084e7d23b9f638b4d32839d9f6ac7965ef9b585f78bdbdaff16b3,08ebebac1d0c3f7ebfafdfa8e93fa92ed980cc02966803336351778a3d0128df,nlmedians,0.8150000000000001,32.394576733550934,0.9528509796947862,63.839837351514774,,scaled_current_nlm,,,0.8261811569973361,8,8,NLM_fast_cuda_global,,,,,
set50,moderate,18.gif,0,0.03,"[512, 512]",539caf0cced15a86b729848a1a182b75776a621cf01b5e9a62085f53b86f3407,762e6943b9437065f73e4f6277554701b84063ead3f21c15cf1e7188d5fc83c8,nlmedians,0.705,25.382161856592653,0.8963414726938758,57.508154562990114,,scaled_current_nlm,,,0.8340594959881855,8,8,NLM_fast_cuda_global,,,,,
set50,moderate,49.gif,0,0.03,"[512, 512]",8311e02cd6238d6e74f6a9bf6fa5c250d748ceec5882a86242e2452c587cdf2b,51d6c89faaff83ef0b7b15a14c8357cccf0aa1dd8a38cf19b3dc5e7488c4f352,nlmedians,0.79,24.134074974405344,0.9610498751463663,60.119531244520985,,scaled_current_nlm,,,0.8702077430061763,8,8,NLM_fast_cuda_global,,,,,
set50,moderate,4.gif,0,0.03,"[512, 512]",fd89b9bfe327e11c7cfbc851fff026261f2c33ef17edc9373682def6616fdc4f,90c0c67bdd6ea5e7262ae4a17200e7f45a845bcba4d8cd17bc0c12abd43e6ccf,nlmedians,0.875,34.79314870195762,0.9435578998805425,64.57446934500594,,scaled_current_nlm,,,0.8146772570034955,8,8,NLM_fast_cuda_global,,,,,
set50,moderate,8.gif,0,0.03,"[512, 512]",fd53a01b9f6a3a02a5408efee91cfa235b1325372804d49874a677719089b14e,eb3e181f36ac425d497e384772f1bc27cbb99aaccac73affe890e3b538d1fec8,nlmedians,1.305,36.421360389036856,0.966017677640795,66.51156407655819,,scaled_current_nlm,,,0.8385376840014942,8,8,NLM_fast_cuda_global,,,,,
set50,moderate,39.gif,0,0.03,"[512, 512]",e43557540646572e4a7b69124c49ff2c37c4d1695507c5d64a44d09a5043958e,b18d17a3f4769d559d7b4a3cbb523afee8371b8e3419c1884514b2f407e9a4ac,nlmedians,1.125,34.7681296918771,0.9258868334871379,63.67840652029544,,scaled_current_nlm,,,0.8193068800028414,8,8,NLM_fast_cuda_global,,,,,
set50,moderate,12.gif,0,0.03,"[512, 512]",3c3ec23125fea9974f2e94c0d93a534edf2ec60d33b6af79f9a60fef58295de4,a88e463713c8906dc55b4636147c4434d127d68a71e2e4d94601b4da5b09fa9e,nlmedians,0.97,32.8444569537583,0.9542209371704011,64.1332753353992,,scaled_current_nlm,,,0.8762220610078657,8,8,NLM_fast_cuda_global,,,,,
set50,moderate,45.gif,0,0.03,"[512, 512]",72644242bceb1596c04ab4ddde11989c7aa206ee2094402fadeac9f9c500d55a,8f542b8722cb2b0dabbae2e6f726b67333642ec2c57fc7ddbf447d23110afc60,nlmedians,0.975,32.84619208183451,0.9359959746090815,63.22289477137133,,scaled_current_nlm,,,0.8675353779981378,8,8,NLM_fast_cuda_global,,,,,
set50,moderate,11.gif,0,0.03,"[512, 512]",b12e0216f269d1ad8f5dfe769baf0fb60142ab5235a6d1d62707dc52ca591071,2b4a035721bdad7497c2bbf55e4f48957b4abd07b77f288442c504b9a2e5e739,nlmedians,0.935,23.042759833650365,0.906270595701069,56.83490970187864,,scaled_current_nlm,,,0.8015340249985456,8,8,NLM_fast_cuda_global,,,,,
set50,moderate,34.gif,0,0.03,"[512, 512]",42a4b02f48b536770f4d42c1c4884a5b2a4a662af62778249a90a16c1d9f5398,55a28dcc5b7916918ef13b18a26e0b258b3c954f785ec8c1ee8d6498ea3b939b,nlmedians,0.845,33.7316526009612,0.9638429750767962,65.05797505432041,,scaled_current_nlm,,,0.8751711600052658,8,8,NLM_fast_cuda_global,,,,,
set50,low,19.gif,0,0.01,"[512, 512]",d17c7663feb48c0fe318904421cb04ec7e850a109d952f66a49ac464a4176a1e,4d9fcea700a23bddd85518f70e1f1a21427252e043050cf82bbd584a784dcdf2,nlmedians,0.005,34.17229500090945,0.966978900514595,65.43509252618448,,scaled_current_nlm,,,0.8358515790023375,8,8,NLM_fast_cuda_global,,,,,
set50,low,22.gif,0,0.01,"[512, 512]",dfe4f6c6370dbe0651bccc46e98ac3b787e8c63a3a37fb138fe6c81f3e32edd4,b2c86302dd35784935b349103eea4994bac78882b1f66fe05cbd0eff3c4f3692,nlmedians,0.02,30.434936646143612,0.9392866059526136,62.18179862070249,,scaled_current_nlm,,,0.8787262179976096,8,8,NLM_fast_cuda_global,,,,,
set50,low,10.gif,0,0.01,"[512, 512]",e233b9bc584bbcbbdcbcbf3674e9c18c92aff37cf54afeec01dc2e7dc1811878,ed18cdba5c14f3575b15c3dbd6cb7821e1672460cf265af262fa809b2dcc9878,nlmedians,0.8250000000000001,38.17240319043965,0.9810323175322382,68.13781747183174,,scaled_current_nlm,,,0.9121369019994745,8,8,NLM_fast_cuda_global,,,,,
set50,low,14.gif,0,0.01,"[512, 512]",83fe92c5398701971c09c467a97dc4bfdb94eb4b3ded548d26e5e7fcf62e4d2a,64abc2d905aabb38864450f0af1ad424bb1689ea0666689a0a39ea98c8e6c64e,nlmedians,0.045,26.180295472691185,0.9060528088741485,58.39278818005302,,scaled_current_nlm,,,0.8640328729961766,8,8,NLM_fast_cuda_global,,,,,
set50,low,5.gif,0,0.01,"[512, 512]",49db903e1a87a0044a734fb77708aad9985011bc9ee9fb379099de1b4e946109,dbd952e46b4726c976e4c86376e9410d20bfc6334f5e9e484a536a9f0337370b,nlmedians,0.6950000000000001,42.124599417692075,0.9860581961605586,70.36520951687396,,scaled_current_nlm,,,0.8881572100071935,8,8,NLM_fast_cuda_global,,,,,
set50,low,44.gif,0,0.01,"[512, 512]",f968969e97bf6f8f47fd5940af0bd7481b61f2df6d5d553882b8938123b37289,42e3c08cf2b0cec0c123c4090e6a3f4b8b8ee6df540c5eec04ad9484bc032028,nlmedians,0.045,24.5620977278236,0.9176306136785012,58.162579547836856,,scaled_current_nlm,,,0.8917177540133707,8,8,NLM_fast_cuda_global,,,,,
set50,low,42.gif,0,0.01,"[512, 512]",f9b953242d46fc204da43e46262ac3754e9428050546213f592efb0fb7398f12,fca820cfcfd19eacbd368d0e7c81d4bf941a17e29fe10943058be3157ad7ecdd,nlmedians,0.03,36.82295344918021,0.983716008019951,67.59727712558765,,scaled_current_nlm,,,0.8666026340069948,8,8,NLM_fast_cuda_global,,,,,
set50,low,38.gif,0,0.01,"[512, 512]",e39779dc60dbc76330293a5fdb44dfabe4d22433c36132e18afcf31a515217b4,8a4f622d145ab8ed04f447bd3e6fea77afa39ceaa5e438fdaefe8a638cb76d4d,nlmedians,0.005,37.730143084020945,0.9685253383824728,67.29133846113412,,scaled_current_nlm,,,0.8364062970067607,8,8,NLM_fast_cuda_global,,,,,
set50,low,48.gif,0,0.01,"[512, 512]",9b261d731fc3d639b0cc3dac391980b0c49dd558b24b95a14bb3f3eb9f3569d0,de7039382b2c716bf8b8bd9ef90136c7a8e43e3e8bdee5fa3447bde9a6becb68,nlmedians,0.665,37.26565316809933,0.979598994916181,67.61277632985872,,scaled_current_nlm,,,0.8548061170004075,8,8,NLM_fast_cuda_global,,,,,
set50,low,17.gif,0,0.01,"[512, 512]",6f8a02e1689062bed722742a554760dd74359b35fc8b969bab8beed8e59421a0,da214e6323ceeebbcc7aa2be59f5915388fdb98dd02a39f8ca94705bae09da2a,nlmedians,0.03,30.53783516530511,0.9599153697875823,63.26468607203167,,scaled_current_nlm,,,0.8788084949919721,8,8,NLM_fast_cuda_global,,,,,
set50,low,0.png,0,0.01,"[512, 512]",0a372ced9fd4d1f9633532a58073e3974b41da8cfc87f04ec8e9a8dc6a89bba1,580fbc14af471717cfc09261d71b2bee527d3960eb5a144e296d4af84219023d,nlmedians,0.85,41.47226339604893,0.9911050216974684,70.29138278289788,,scaled_current_nlm,,,0.8521025559894042,8,8,NLM_fast_cuda_global,,,,,
set50,low,16.gif,0,0.01,"[512, 512]",2d68b31ae4d4c10bc0e60742ba3064c10d62113ffb3ca9a7c14b80e40b0e6170,5a34727aa846ef18673a8ed97ce9030df3297566700329ed4d9163d22c8c0e23,nlmedians,0.045,28.53096672722879,0.9081908451134918,59.67502561928898,,scaled_current_nlm,,,0.889098435989581,8,8,NLM_fast_cuda_global,,,,,
set50,low,32.gif,0,0.01,"[512, 512]",c3cc3fb5da093d47d6808c6219ed907c3e69ab01954b1b929a8739cbbcc26493,ee0b605cf5805cee95dec190b897d374b300762268a951bc2923c750885eb553,nlmedians,0.04,33.08256098368568,0.9588642548608877,64.48449323488722,,scaled_current_nlm,,,1.0691240770102013,8,8,NLM_fast_cuda_global,,,,,
set50,low,30.gif,0,0.01,"[512, 512]",b1cccc0e8d64bae511f9cd0c5596628364bd1e09c90c5e793604a1f7a55f642f,8ca3d59b856fd4291a18000f1171df98f2ccda8b342a7686d3fe46cb7cbe5e9a,nlmedians,0.01,33.359879889463755,0.9423561050852344,63.797745198993596,,scaled_current_nlm,,,0.928574903999106,8,8,NLM_fast_cuda_global,,,,,
set50,low,43.gif,0,0.01,"[512, 512]",443801cafadb33c7829b313f4efd834e70cc313567a260dd2b5554dc7ee6be98,0367df72489ecd2f6c17785be16d482c8ad0f56c301ac5135b7c597d340c320a,nlmedians,0.75,38.25288443390353,0.983464193277685,68.29965188083602,,scaled_current_nlm,,,0.8590370049932972,8,8,NLM_fast_cuda_global,,,,,
set50,low,47.gif,0,0.01,"[512, 512]",9005ddf994846f88305becd36c72a046818a094c026c69a8106c34b34a31a8fe,b58103ccb1517d653cbc447db4dc4d1bbfe39e12b76ae800a60c523302295055,nlmedians,0.045,29.677235028063844,0.9472298769252421,62.20011136029403,,scaled_current_nlm,,,0.933419930996024,8,8,NLM_fast_cuda_global,,,,,
set50,low,25.gif,0,0.01,"[512, 512]",30838b6c4e963b60da10cc6158a119a7052a4ffa1ebdcc87bcf0054f681427c6,54d84616da890c632d6a16057e9dc62f9b7d564bf73fa85bad96d32d0b8e37f3,nlmedians,0.785,39.145630447069514,0.9711411885788409,68.1298746524768,,scaled_current_nlm,,,0.7733234279876342,8,8,NLM_fast_cuda_global,,,,,
set50,low,7.gif,0,0.01,"[512, 512]",5e3769e24988284e1036ce844ee8e0f11dbe28fe111f6a962e37864dc34b60dc,64adbe011994dd5254c8b1aa9d24094637976f4c9b2c0e6b111ad13c8fd77d7f,nlmedians,0.04,23.522053284583034,0.911998470142991,57.36095014944107,,scaled_current_nlm,,,0.9508316040009959,8,8,NLM_fast_cuda_global,,,,,
set50,low,15.gif,0,0.01,"[512, 512]",51e2066df33af18b47bcd356b17c6cdf04f2a5fd219ace410fcabb06698c6c71,8c7914d337e62afbc812f7fa21b64172783d92b5a5d191250b56d3acae35dbbe,nlmedians,0.03,29.813098194881967,0.9337596548930721,61.59453184209458,,scaled_current_nlm,,,0.9880207069945754,8,8,NLM_fast_cuda_global,,,,,
set50,low,41.gif,0,0.01,"[512, 512]",1569598ab7f33ee44bcf70502565ffcd7528912a2c13cd1977fe64573770f1e6,5ca718b9bf3bcbf2d15f3cbfb1bb2ef9abb4b101ff07a87ae2357f80b38f995c,nlmedians,0.005,35.474610919069406,0.9694948834000162,66.21204962953551,,scaled_current_nlm,,,0.9234922890027519,8,8,NLM_fast_cuda_global,,,,,
set50,low,6.gif,0,0.01,"[512, 512]",ca956c8aa0ec2de8bd2e4d7545c7f969215d4f7f65cb72ee9d31cb17df0033b6,c6a47fae86a982cf63f74e711953f9f9a442abe14bf023e0693cfabf476f7cb5,nlmedians,0.005,33.22846848791286,0.9599563216310106,64.61205032550697,,scaled_current_nlm,,,0.8535751689923927,8,8,NLM_fast_cuda_global,,,,,
set50,low,21.gif,0,0.01,"[512, 512]",74d2fa3fc2447fd331660c09f2f468f3cce983dc347509d32564e992fdebaf9a,d6fd972bca83abb88fbd0d7db771bbd0375fc9aad445e30f544c635990c9c919,nlmedians,0.005,34.25771720513723,0.9504069994892431,64.64920857703078,,scaled_current_nlm,,,0.8804276870068861,8,8,NLM_fast_cuda_global,,,,,
set50,low,27.gif,0,0.01,"[512, 512]",bc7a1c1300b1b1bda264e18fbde62fa845194fac5839cb705a788c6ac331f517,34bf2bcdfa12b56d970deac4f2646885f4df8f2a6be51ff1c842febb5cfa07bb,nlmedians,0.885,40.52198627155353,0.9780901314583562,69.16549970869457,,scaled_current_nlm,,,0.895599117007805,8,8,NLM_fast_cuda_global,,,,,
set50,low,46.gif,0,0.01,"[512, 512]",14cdebcd7b2b9e534cc9717933df6ccb4861289237cde90700810e2e6e2e245f,78f82fbfe7bfe1bd10a0ec830f660de577a7abe9ec75464d1c9180c2515cc412,nlmedians,0.025,32.327847529012445,0.9587344904593207,64.10064828747225,,scaled_current_nlm,,,0.8657361039950047,8,8,NLM_fast_cuda_global,,,,,
set50,low,20.gif,0,0.01,"[512, 512]",c3a4da195ffc62103521cd979723e50840fe46cfd989b567c826985f8b23dcf4,926c8ffad204b1af9489027ea8e92efcf84f2315c100ce06303e326031b86775,nlmedians,0.025,32.11389722591284,0.9457294904675182,63.343423136332326,,scaled_current_nlm,,,0.879247997989296,8,8,NLM_fast_cuda_global,,,,,
set50,low,2.gif,0,0.01,"[512, 512]",b101b795e2638a1e9dbdaa513bdc8be6090aed4d6ac294b155e5f3a2c7c0bb80,7195960aa368bfaccac8b97b6cd55bb61f7a81ada3a5c613dad979b7e2a88ecd,nlmedians,0.005,37.78061006764274,0.9737995169325667,67.5802808804497,,scaled_current_nlm,,,0.8919050699914806,8,8,NLM_fast_cuda_global,,,,,
set50,low,40.gif,0,0.01,"[512, 512]",911cad3f1d559f196f94ed9e80a9602969b74319acb1d70da238efdb48af38e2,bb2b2ab1d2fb46491c3104537a7862d16c6540386d39c2d42b4dc0416f5fb0f1,nlmedians,0.635,42.498591929081655,0.9832395730438173,70.41127461673169,,scaled_current_nlm,,,0.8901684650045354,8,8,NLM_fast_cuda_global,,,,,
set50,low,31.gif,0,0.01,"[512, 512]",33781418a1e6e85521011be7d450b002a8f8a8f1ba68a79c1219f3b3ba59b160,d6d7419dbd47cf4100df960a94ea3e33a9de9181970199e822813a042cca89e3,nlmedians,0.045,25.343510792370378,0.8969676938420307,57.52014008828672,,scaled_current_nlm,,,0.9671811150037684,8,8,NLM_fast_cuda_global,,,,,
set50,low,29.gif,0,0.01,"[512, 512]",1eeb76c0386fbcd563a08eb25bbeffde427bdc62658e4bcc02c8aafbf733f219,344bd3e7159aeb387f857c93bd519dbbefe06fcd40fc9b623eb0f0cfe1416ba9,nlmedians,0.045,30.443879559296867,0.9272213485478055,61.583007207038705,,scaled_current_nlm,,,0.8347808679973241,8,8,NLM_fast_cuda_global,,,,,
set50,low,33.gif,0,0.01,"[512, 512]",7a10c4eca50167d8d459c2505f2b0f21cfb399e7b01adccaa0422695496c2e72,c217786b989c52b18af02ac4eccfe62dd596f977dca2d7b6dc1bd0986f48da81,nlmedians,0.01,34.24334064453254,0.9571268489518564,64.97801276985909,,scaled_current_nlm,,,0.9142695999908028,8,8,NLM_fast_cuda_global,,,,,
set50,low,24.gif,0,0.01,"[512, 512]",b8f6ebed7641854cd23e807c2f78d350f1373b2fe7f96e6ea18f8531797fbc3a,23816520001755e583487cbe7dcd417d2e11a1ad056ec210acef626b034fdf36,nlmedians,0.715,37.43469498737117,0.9671908293155576,67.07688895946346,,scaled_current_nlm,,,0.8188608240016038,8,8,NLM_fast_cuda_global,,,,,
set50,low,3.gif,0,0.01,"[512, 512]",e3e2313cc250162bd613776c7b0063891d9d56b3576c9808ac5c8c0e7e8fcb8d,cc396bbe23c5212ba6baa086bf53a40beef07fa4020fe5ace7fbfa32416f23fa,nlmedians,0.005,35.02792769457666,0.9587437415555251,65.45115092506458,,scaled_current_nlm,,,0.8108983670099406,8,8,NLM_fast_cuda_global,,,,,
set50,low,1.gif,0,0.01,"[512, 512]",95f21dff4cd5a318a519cb05a1e35fb41f49c007ca46345fd6917258be8d9d73,be092100aa91ae017a208b593f7b1c88fc347faaded98e1691b9fbdb9bbdb3ae,nlmedians,0.005,35.8389675984793,0.9837541840992099,67.10719300420016,,scaled_current_nlm,,,0.9272675230022287,8,8,NLM_fast_cuda_global,,,,,
set50,low,23.gif,0,0.01,"[512, 512]",05918015ae96873f255fec3e75ace895a76214abbeffdbfff55b5cf6214224c6,8825f87136cb87cb87b7ee7b3bb71b82eaa68700864d5cc6e83af9fae3f56555,nlmedians,0.84,40.1100572610971,0.9720364488114509,68.6568510711211,,scaled_current_nlm,,,0.8976085840113228,8,8,NLM_fast_cuda_global,,,,,
set50,low,35.gif,0,0.01,"[512, 512]",353590d221e21b53b97858fbc575a2320a10336f21bbed5dd461fa942bab100f,470525874460bc637beb1f22c12cf7d95266c96ae72a58df1b8b8a45d7421dd5,nlmedians,0.625,37.30453076903497,0.975060003694774,67.40526556925619,,scaled_current_nlm,,,0.8426361739984713,8,8,NLM_fast_cuda_global,,,,,
set50,low,36.gif,0,0.01,"[512, 512]",99a41bcc709d43204ca0f73a6593656300237e5367043081c5065ca77d5e3628,4c9fb2ffd6c3cd4191de57133e1f175dccaa7d659a83f2db7fb68f86bfb5eab5,nlmedians,0.02,31.77240944633921,0.9510941385488703,63.44091165061312,,scaled_current_nlm,,,1.0116718240024056,8,8,NLM_fast_cuda_global,,,,,
set50,low,26.gif,0,0.01,"[512, 512]",3efcc155fe7f35f9428c0536c9c1dc2b826188d5f0a5b0a90ecbf681233221e2,fd6e5b6bb21f31fce84588fbf0def61aa7799be96bceaf1f8f821ce91540ca55,nlmedians,0.72,40.432228342569196,0.9817143055738,69.3018294499746,,scaled_current_nlm,,,1.0292821710027056,8,8,NLM_fast_cuda_global,,,,,
set50,low,37.gif,0,0.01,"[512, 512]",74881a36c4896c931da56c784ac35afb478dc71ae7af27894deeb074f83e518a,d34dc52c2c08a14e007ecacf562579826f45b0b1707e067dff6b3df9968dbbaf,nlmedians,0.02,34.15006047568783,0.9399947241991745,64.07476644780265,,scaled_current_nlm,,,0.8606357690005098,8,8,NLM_fast_cuda_global,,,,,
set50,low,13.gif,0,0.01,"[512, 512]",c34b796bde09761f5bc3c358f20b72f49e020580ed0a76d5456c61f0da4499eb,21d5f13f0aba8a02886ff598d918384e41d968bbb44abcae71af497143790552,nlmedians,0.005,36.97555955451498,0.9785872867983664,67.41714411717581,,scaled_current_nlm,,,0.866013238002779,8,8,NLM_fast_cuda_global,,,,,
set50,low,28.gif,0,0.01,"[512, 512]",f509179793e6551fbec77f8fdd91e45d53d2dd6e0a87394377c4bb4c52eb9a43,dd3ba862107b756742d3029f750c4d7be7c1283c6fb9ff3273684e5e05640984,nlmedians,0.005,35.50604575211342,0.9606247114985743,65.78425845098542,,scaled_current_nlm,,,0.8649613770103315,8,8,NLM_fast_cuda_global,,,,,
set50,low,9.gif,0,0.01,"[512, 512]",8b76cd61996084e7d23b9f638b4d32839d9f6ac7965ef9b585f78bdbdaff16b3,4cd76b34e1053d8ac22d03bda2ce6fe4218266806e9f352d164ab9cdb6ad5b7d,nlmedians,0.005,34.04959383765202,0.9717097641041016,65.6102851240311,,scaled_current_nlm,,,0.8425067809876055,8,8,NLM_fast_cuda_global,,,,,
set50,low,18.gif,0,0.01,"[512, 512]",539caf0cced15a86b729848a1a182b75776a621cf01b5e9a62085f53b86f3407,5873c891357876f2dbe9c9d0e5fc2da0fd371a9cf25f1268ae8f5893ee21f411,nlmedians,0.045,25.987115691903075,0.903117029049253,58.149409298414184,,scaled_current_nlm,,,0.9510076169972308,8,8,NLM_fast_cuda_global,,,,,
set50,low,49.gif,0,0.01,"[512, 512]",8311e02cd6238d6e74f6a9bf6fa5c250d748ceec5882a86242e2452c587cdf2b,8125d7f83fc4d3be014d6ec00247ddfe409213305964ff8d8abbcaaaf07d5131,nlmedians,0.5650000000000001,25.941474550963143,0.9783186523904698,61.886669895005056,,scaled_current_nlm,,,0.7472359510138631,8,8,NLM_fast_cuda_global,,,,,
set50,low,4.gif,0,0.01,"[512, 512]",fd89b9bfe327e11c7cfbc851fff026261f2c33ef17edc9373682def6616fdc4f,cb585c5a840cc56bfa16227eca05f3d968ee47e4d8a6d4f6a8098f24c92e5ebe,nlmedians,0.005,36.99897973615128,0.9642142391532166,66.71020182573646,,scaled_current_nlm,,,0.9679561069933698,8,8,NLM_fast_cuda_global,,,,,
set50,low,8.gif,0,0.01,"[512, 512]",fd53a01b9f6a3a02a5408efee91cfa235b1325372804d49874a677719089b14e,959d9223c31d5d17f16e71514f09e97be2737ed240f0e73975f0bb5c91651a10,nlmedians,0.05,38.49559993155039,0.9766017940920652,68.07788967037845,,scaled_current_nlm,,,0.8492997560097137,8,8,NLM_fast_cuda_global,,,,,
set50,low,39.gif,0,0.01,"[512, 512]",e43557540646572e4a7b69124c49ff2c37c4d1695507c5d64a44d09a5043958e,44e6529e24cceca1d712601d81f8499b0bc9587c6093ab99c831d09ccf79016a,nlmedians,0.8200000000000001,37.117777253341224,0.9591233004072429,66.51505364703276,,scaled_current_nlm,,,0.7887935399921844,8,8,NLM_fast_cuda_global,,,,,
set50,low,12.gif,0,0.01,"[512, 512]",3c3ec23125fea9974f2e94c0d93a534edf2ec60d33b6af79f9a60fef58295de4,fa9482fa551439d9f17531d42a955c1c9fb456df7a7ea0c45be4ad6a23db1c47,nlmedians,0.005,34.43394905427688,0.9628252365322763,65.35823635375226,,scaled_current_nlm,,,0.9611116480082273,8,8,NLM_fast_cuda_global,,,,,
set50,low,45.gif,0,0.01,"[512, 512]",72644242bceb1596c04ab4ddde11989c7aa206ee2094402fadeac9f9c500d55a,c3ab35a48c81121c8b48794984160850baf0a8f64d9009ea6eeefb548e11df68,nlmedians,0.02,35.74801251974932,0.9676241857581885,66.25521554778409,,scaled_current_nlm,,,0.8881421010009944,8,8,NLM_fast_cuda_global,,,,,
set50,low,11.gif,0,0.01,"[512, 512]",b12e0216f269d1ad8f5dfe769baf0fb60142ab5235a6d1d62707dc52ca591071,8948decfdbaad42c41f6d0264883a357a35557ce680c55d8a78313aad39151af,nlmedians,0.03,23.12045275674293,0.9076147694345336,56.94096485009815,,scaled_current_nlm,,,0.8891414810059359,8,8,NLM_fast_cuda_global,,,,,
set50,low,34.gif,0,0.01,"[512, 512]",42a4b02f48b536770f4d42c1c4884a5b2a4a662af62778249a90a16c1d9f5398,dd73eaa5ded2fd68bedf81c188a0c44f01c7edbdcbf0abdf70e7d6c10a63bf63,nlmedians,0.035,36.35315527268161,0.976817496537428,67.01745246321221,,scaled_current_nlm,,,0.8663228020013776,8,8,NLM_fast_cuda_global,,,,,
set12,high,02.png,0,0.1,"[512, 512]",9a0925d4efea52b4b8355baab41b735118c594bada85c1650a8c929d4bedd645,e416650380e12917a3a2eeeb4269219a30b3b8cc16efb4db753ec8cb052bd8c8,nlmedians,1.935,27.15994640463353,0.68904182604083,48.03206450435826,,scaled_current_nlm,,,0.8927615499997046,8,8,NLM_fast_cuda_global,,,,,
set12,high,10.png,0,0.1,"[512, 512]",fa9370ee1649c3bf2aa161f01d3d2575a2dedca729f26b78bd75d618679b9889,7164aae5d6477ab64a9b20611d6b33f74569a62d739a897485e7d12dad80435d,nlmedians,1.5150000000000001,25.275325028897683,0.7083605206608492,48.0556885474913,,scaled_current_nlm,,,0.9096949550003046,8,8,NLM_fast_cuda_global,,,,,
set12,high,09.png,0,0.1,"[512, 512]",4b3ddbef5883a30e02120d9280c878727f5282bb054525cf3a5b0fcffb889d5c,3e0d74d912d9f117e2941f19693e873a800672ebfc0237c1409a0ea272ec7872,nlmedians,1.33,24.578501497775235,0.7822632467516221,51.40241308646872,,scaled_current_nlm,,,0.9046377569902688,8,8,NLM_fast_cuda_global,,,,,
set12,high,07.png,0,0.1,"[512, 512]",154769fc48745384ec8816fc554051b0dd5f1c55071de2669c9058bf3a96574e,2ba0d75dafd4a58439379072ed0bc3d150f40e4390b9b33d20349e9f1b29b718,nlmedians,1.735,26.506846721888234,0.7968869516031034,53.09777094109929,,scaled_current_nlm,,,0.8991635919956025,8,8,NLM_fast_cuda_global,,,,,
set12,high,05.png,0,0.1,"[512, 512]",0a48bd94dc684e9744094acf5f9409ae1a147f367207cbcf847ffecc9506b1e3,99ebf5f91f8d5011c136e3657c039f5f484f7a9ad07790541df20dd03bf9c836,nlmedians,1.715,25.949930133424775,0.7078681791718057,48.36837402530267,,scaled_current_nlm,,,0.859842555000796,8,8,NLM_fast_cuda_global,,,,,
set12,high,08.png,0,0.1,"[512, 512]",2c394996c73fe787fca843f9f42014d5330dda4ad3053466b934f2c52d1c1f84,df4e8481f6afd5a29944a9cd59f15e3ba5659986829732fd430d6985cd4b7fc9,nlmedians,1.235,25.90616913034821,0.8126295873352557,53.584563931936884,,scaled_current_nlm,,,0.8539191180025227,8,8,NLM_fast_cuda_global,,,,,
set12,high,01.png,0,0.1,"[512, 512]",0a372ced9fd4d1f9633532a58073e3974b41da8cfc87f04ec8e9a8dc6a89bba1,5c64fdfe33f4ceb5a47428c2edc3ca4f989b1078a7da5d038a7aac327de869fd,nlmedians,1.675,26.55634808185939,0.753117535200418,50.9340508009506,,scaled_current_nlm,,,0.9001454259996535,8,8,NLM_fast_cuda_global,,,,,
set12,high,04.png,0,0.1,"[512, 512]",7f6baec8e072815d469acd5d149f5da86b89ef26df1895c4edde2d5758900fd0,0a9fd41a69964cdee98a13387f66a0e0afec3986fcdb81bfef6cf0b952ec854c,nlmedians,1.845,27.09610065000165,0.7832436100758636,52.710230828794,,scaled_current_nlm,,,0.8572249580029165,8,8,NLM_fast_cuda_global,,,,,
set12,high,06.png,0,0.1,"[512, 512]",aa1ae42753ac532294aa25320a62b1fb9aa4b54ad1627f3551d0532393b63c6e,d64e7d6cff0dd1480f8ba1a2df2cb1a7e53c3656ab86e3b1aaaf93b31a9edfbf,nlmedians,1.81,26.246613677521175,0.6791132124720274,47.07896746236196,,scaled_current_nlm,,,0.8991686219960684,8,8,NLM_fast_cuda_global,,,,,
set12,high,03.png,0,0.1,"[512, 512]",ecaf4e62d02b750095b71c0828247049848c285190975276e63ef6d951b37cf4,4b3536cd26cb2a06a9257208afef360b062fd3e9ee7285ba6d4c75c0e03474d9,nlmedians,1.75,26.294408226559543,0.7034190272984546,48.3181554782025,,scaled_current_nlm,,,0.8931760450068396,8,8,NLM_fast_cuda_global,,,,,
set12,high,11.png,0,0.1,"[512, 512]",17b452cc44e876adc0d3fd3607e8c9ab9e04406fa1702d436005e99db30c6108,efb327d0e9507fdf30c7e6389581d470feab9b99fac8c2659863071b5babac8d,nlmedians,1.35,26.394212225866767,0.8538491257929607,55.88956240258142,,scaled_current_nlm,,,0.9256133930030046,8,8,NLM_fast_cuda_global,,,,,
set12,medium,02.png,0,0.05,"[512, 512]",9a0925d4efea52b4b8355baab41b735118c594bada85c1650a8c929d4bedd645,c3f9d39a11e3011c40ec0ba98de83291f1b1fcd783cfca19fa39be37ecb6240b,nlmedians,1.335,33.16425770197643,0.8803810706975561,60.601182385866025,,scaled_current_nlm,,,0.7946077090018662,8,8,NLM_fast_cuda_global,,,,,
set12,medium,10.png,0,0.05,"[512, 512]",fa9370ee1649c3bf2aa161f01d3d2575a2dedca729f26b78bd75d618679b9889,87d8a8c260cdb8c52551132cb0dfe95ee2f14d151af9ff4d6168d5800396b42c,nlmedians,1.11,30.885049191060084,0.9036637995565165,60.625714573355864,,scaled_current_nlm,,,0.9199698870070279,8,8,NLM_fast_cuda_global,,,,,
set12,medium,09.png,0,0.05,"[512, 512]",4b3ddbef5883a30e02120d9280c878727f5282bb054525cf3a5b0fcffb889d5c,7c56fc735c741056497fe6ad8b491244bf2746021f23f9e3f3b7401a4df3be52,nlmedians,0.9400000000000001,29.695693792410125,0.9277064701787349,61.233170405141806,,scaled_current_nlm,,,0.8781508079991909,8,8,NLM_fast_cuda_global,,,,,
set12,medium,07.png,0,0.05,"[512, 512]",154769fc48745384ec8816fc554051b0dd5f1c55071de2669c9058bf3a96574e,50403390a446b8878af128c5b5eb24f750286ab630615b3caace33849ff6c560,nlmedians,1.33,32.24380175125601,0.9436970171454245,63.30675173289923,,scaled_current_nlm,,,0.8926997310045408,8,8,NLM_fast_cuda_global,,,,,
set12,medium,05.png,0,0.05,"[512, 512]",0a48bd94dc684e9744094acf5f9409ae1a147f367207cbcf847ffecc9506b1e3,adb057f232e03a2f58a65b65c32bd3ae831f109d80147c92d9e62f40775bc731,nlmedians,1.235,31.79254435987447,0.9037172338159709,61.08213387073578,,scaled_current_nlm,,,0.8666626460035332,8,8,NLM_fast_cuda_global,,,,,
set12,medium,08.png,0,0.05,"[512, 512]",2c394996c73fe787fca843f9f42014d5330dda4ad3053466b934f2c52d1c1f84,8e3d7b1e875d19f22c64e3044a9d0c41b820f9cfa02088458ff600eaf223eb5f,nlmedians,0.895,31.697324457635307,0.9401696462506881,62.857144541352056,,scaled_current_nlm,,,0.9396201909985393,8,8,NLM_fast_cuda_global,,,,,
set12,medium,01.png,0,0.05,"[512, 512]",0a372ced9fd4d1f9633532a58073e3974b41da8cfc87f04ec8e9a8dc6a89bba1,95660ff47115848bd895ed7581195e91c2ab4a1746122ef36b82c4d90108493b,nlmedians,1.25,32.608945639156936,0.9258941008003196,62.59917785959445,,scaled_current_nlm,,,0.8592129629978444,8,8,NLM_fast_cuda_global,,,,,
set12,medium,04.png,0,0.05,"[512, 512]",7f6baec8e072815d469acd5d149f5da86b89ef26df1895c4edde2d5758900fd0,1c72f71d2f5910501fba30fd6269d5a73022d2e2701365d87f47014e5f50f8e5,nlmedians,1.345,33.63440652998906,0.9357410714027189,63.60425683513047,,scaled_current_nlm,,,0.879220520000672,8,8,NLM_fast_cuda_global,,,,,
set12,medium,06.png,0,0.05,"[512, 512]",aa1ae42753ac532294aa25320a62b1fb9aa4b54ad1627f3551d0532393b63c6e,418ae6ffd6be74f226d8da4b414080f6be346245802a6e9c0b97dc4ff2a94400,nlmedians,1.305,31.157023129839523,0.8667240671325612,58.91471492154783,,scaled_current_nlm,,,0.895768708011019,8,8,NLM_fast_cuda_global,,,,,
set12,medium,03.png,0,0.05,"[512, 512]",ecaf4e62d02b750095b71c0828247049848c285190975276e63ef6d951b37cf4,0a2b74a80e9ef7c6edfd254d6abd4f21d8fc939cbcfe8e477f4c4a919f7d715d,nlmedians,1.27,32.7865333396928,0.9111323806746279,61.94988570357779,,scaled_current_nlm,,,0.8678971619956428,8,8,NLM_fast_cuda_global,,,,,
set12,medium,11.png,0,0.05,"[512, 512]",17b452cc44e876adc0d3fd3607e8c9ab9e04406fa1702d436005e99db30c6108,599e46ff8f73bb0bcb238e7a5776355ab3a55274a6828355adfafd7ae4d55c02,nlmedians,1.09,30.689264435718083,0.9350486853789323,62.09706648680566,,scaled_current_nlm,,,0.8950237760000164,8,8,NLM_fast_cuda_global,,,,,
set12,extreme,02.png,0,0.2,"[512, 512]",9a0925d4efea52b4b8355baab41b735118c594bada85c1650a8c929d4bedd645,49df52a59b6c929c5f31dd1d9dcd3a8cc145517e504d2433ddbe093f2ea75a04,nlmedians,3.5100000000000002,18.97245592523937,0.28904452598110725,23.938454261675048,,scaled_current_nlm,,,0.8646984549995977,8,8,NLM_fast_cuda_global,,,,,
set12,extreme,10.png,0,0.2,"[512, 512]",fa9370ee1649c3bf2aa161f01d3d2575a2dedca729f26b78bd75d618679b9889,54206e07e2533ce3cdc4f253b01d2bcf15986e6aa5edcfa3142c91d69412c383,nlmedians,2.45,18.52302434544759,0.3860148378956117,28.56225406750438,,scaled_current_nlm,,,0.8875166700017871,8,8,NLM_fast_cuda_global,,,,,
set12,extreme,09.png,0,0.2,"[512, 512]",4b3ddbef5883a30e02120d9280c878727f5282bb054525cf3a5b0fcffb889d5c,0b3ebc1adeda4f915d78dc938f4f6754e061d4488a42511b466d50496ed3c90d,nlmedians,2.18,18.026494830286413,0.45519368843440966,31.77293183686369,,scaled_current_nlm,,,0.920900602999609,8,8,NLM_fast_cuda_global,,,,,
set12,extreme,07.png,0,0.2,"[512, 512]",154769fc48745384ec8816fc554051b0dd5f1c55071de2669c9058bf3a96574e,a555b68256523f4ea9a6a3a1d63d525af0a21767eb731194aeaa7d0237229d14,nlmedians,2.845,19.05408354850181,0.45078180225248043,32.06613188687493,,scaled_current_nlm,,,0.9585521109984256,8,8,NLM_fast_cuda_global,,,,,
set12,extreme,05.png,0,0.2,"[512, 512]",0a48bd94dc684e9744094acf5f9409ae1a147f367207cbcf847ffecc9506b1e3,47e001521556c7ceb0d8f2d01af9cf5e6eedb001280a9b295e77fef79fb60244,nlmedians,2.965,19.073183979095468,0.3760621625978418,28.339700119439826,,scaled_current_nlm,,,0.9871611580019817,8,8,NLM_fast_cuda_global,,,,,
set12,extreme,08.png,0,0.2,"[512, 512]",2c394996c73fe787fca843f9f42014d5330dda4ad3053466b934f2c52d1c1f84,b513454383e7814ea07019014f0d151fde15b5a47f3e20c6d9f3194be9c69f56,nlmedians,2.02,17.954926925534092,0.41313413265441606,29.634170095487846,,scaled_current_nlm,,,0.874146563000977,8,8,NLM_fast_cuda_global,,,,,
set12,extreme,01.png,0,0.2,"[512, 512]",0a372ced9fd4d1f9633532a58073e3974b41da8cfc87f04ec8e9a8dc6a89bba1,bb82ddd95a6a25e95485a996c31e0375130595fb41bbf773b1bd5b01c13959c1,nlmedians,2.695,18.811392562778305,0.3994945453331746,29.38042354804788,,scaled_current_nlm,,,0.8703537389956182,8,8,NLM_fast_cuda_global,,,,,
set12,extreme,04.png,0,0.2,"[512, 512]",7f6baec8e072815d469acd5d149f5da86b89ef26df1895c4edde2d5758900fd0,bed36c52da9f24d3ca3fb49a29cd8e86158fb485d9e63c07e1c4acb7624e204a,nlmedians,3.085,19.32735381865223,0.4490321011693761,32.11528196779492,,scaled_current_nlm,,,0.8751268019987037,8,8,NLM_fast_cuda_global,,,,,
set12,extreme,06.png,0,0.2,"[512, 512]",aa1ae42753ac532294aa25320a62b1fb9aa4b54ad1627f3551d0532393b63c6e,99762f4e36329a2a9ca8ae0af403f0994ac05cc0f2d8cfc948e27d609ae70bab,nlmedians,2.97,19.921200158259314,0.39424422090378064,29.67281112431869,,scaled_current_nlm,,,0.9270313550077844,8,8,NLM_fast_cuda_global,,,,,
set12,extreme,03.png,0,0.2,"[512, 512]",ecaf4e62d02b750095b71c0828247049848c285190975276e63ef6d951b37cf4,5d873642d5904df0268ba3e2ab75f110ac16583462f4036e07f029c689362f0c,nlmedians,3.025,19.029926151703343,0.3355633438324169,26.293130267472517,,scaled_current_nlm,,,0.9761132310086396,8,8,NLM_fast_cuda_global,,,,,
set12,extreme,11.png,0,0.2,"[512, 512]",17b452cc44e876adc0d3fd3607e8c9ab9e04406fa1702d436005e99db30c6108,9a04391c3b1256307bf621b3151ddf799518fb0a981f8949a152baac9237f5bf,nlmedians,1.96,19.197650883212567,0.588131762770056,39.00541358010908,,scaled_current_nlm,,,0.9215722119988641,8,8,NLM_fast_cuda_global,,,,,
set12,moderate,02.png,0,0.03,"[512, 512]",9a0925d4efea52b4b8355baab41b735118c594bada85c1650a8c929d4bedd645,ee7bfd453ba8d6e6718aaf8a97d81f5f2238214fca6f66b9cd8f2e44d4e6969a,nlmedians,1.135,37.461064021748,0.9459066341122849,66.02586371648825,,scaled_current_nlm,,,1.0004474429879338,8,8,NLM_fast_cuda_global,,,,,
set12,moderate,10.png,0,0.03,"[512, 512]",fa9370ee1649c3bf2aa161f01d3d2575a2dedca729f26b78bd75d618679b9889,5d887063ebde1fcfbf95f8deca1ac10049d03f7db0a73c069699f665d6977104,nlmedians,0.91,33.940857559951354,0.95370982734066,64.65592014700869,,scaled_current_nlm,,,0.8675964419962838,8,8,NLM_fast_cuda_global,,,,,
set12,moderate,09.png,0,0.03,"[512, 512]",4b3ddbef5883a30e02120d9280c878727f5282bb054525cf3a5b0fcffb889d5c,de0042a9b572069c4805997a988a6eb7d29426746f4b470c08ec69dfefe9b523,nlmedians,0.785,32.36020008656983,0.9633359771534117,64.3468989009555,,scaled_current_nlm,,,0.8765507470088778,8,8,NLM_fast_cuda_global,,,,,
set12,moderate,07.png,0,0.03,"[512, 512]",154769fc48745384ec8816fc554051b0dd5f1c55071de2669c9058bf3a96574e,41c6793af84e33ba2ceb749b4738b40b1b3737129d2d2babeb1dd4ec40eb3ac5,nlmedians,1.135,35.78573701231381,0.9764592083790206,66.71582892510793,,scaled_current_nlm,,,0.8349719499965431,8,8,NLM_fast_cuda_global,,,,,
set12,moderate,05.png,0,0.03,"[512, 512]",0a48bd94dc684e9744094acf5f9409ae1a147f367207cbcf847ffecc9506b1e3,9f3476abacfd546a3608bc4be56078d043e749803d48ceb9c514386cce77c211,nlmedians,1.06,35.78087281487667,0.960900660259218,65.93546942039924,,scaled_current_nlm,,,0.8702730689983582,8,8,NLM_fast_cuda_global,,,,,
set12,moderate,08.png,0,0.03,"[512, 512]",2c394996c73fe787fca843f9f42014d5330dda4ad3053466b934f2c52d1c1f84,b0b958f06122f7dfd86e575b45174a19c43c39d05a9f75e6d37f0d1b885e83d9,nlmedians,0.735,34.254654172112154,0.9648900035595854,65.37182726403535,,scaled_current_nlm,,,0.8737733919988386,8,8,NLM_fast_cuda_global,,,,,
set12,moderate,01.png,0,0.03,"[512, 512]",0a372ced9fd4d1f9633532a58073e3974b41da8cfc87f04ec8e9a8dc6a89bba1,1890871d8ac6fdf241ae77566f9a0eb175baed8033bd8ffbdecf5475a45749fe,nlmedians,1.09,36.30058060972561,0.972659626702171,66.78327163997135,,scaled_current_nlm,,,0.8908039999951143,8,8,NLM_fast_cuda_global,,,,,
set12,moderate,04.png,0,0.03,"[512, 512]",7f6baec8e072815d469acd5d149f5da86b89ef26df1895c4edde2d5758900fd0,5aab2f4c90265de03c4286a1026b54930c9f1174f15bd4788a5cea6ddc26c27a,nlmedians,1.1300000000000001,38.04724832687718,0.973861866587354,67.71671749280628,,scaled_current_nlm,,,0.8951282880007057,8,8,NLM_fast_cuda_global,,,,,
set12,moderate,06.png,0,0.03,"[512, 512]",aa1ae42753ac532294aa25320a62b1fb9aa4b54ad1627f3551d0532393b63c6e,f6c87c3541133224f0d0b09d3ddb74251b7ff019191b5f7b5cf5f3356ce374c4,nlmedians,1.08,33.962502564992384,0.9354514625248307,63.75382440873773,,scaled_current_nlm,,,0.9021171140047954,8,8,NLM_fast_cuda_global,,,,,
set12,moderate,03.png,0,0.03,"[512, 512]",ecaf4e62d02b750095b71c0828247049848c285190975276e63ef6d951b37cf4,231f53176f51c4b24bdc12fd9f1b4c16454140fdfe7631cec75f8301deab3824,nlmedians,1.08,37.22887132753103,0.9655521694615651,66.89204413684377,,scaled_current_nlm,,,0.8478918850014452,8,8,NLM_fast_cuda_global,,,,,
set12,moderate,11.png,0,0.03,"[512, 512]",17b452cc44e876adc0d3fd3607e8c9ab9e04406fa1702d436005e99db30c6108,fc459f467923651b85169e1d453047db01071c2115000fa34e05ff50a6c59429,nlmedians,0.97,32.42682264047488,0.950487191904039,63.73777091543939,,scaled_current_nlm,,,0.8722987689980073,8,8,NLM_fast_cuda_global,,,,,
set12,low,02.png,0,0.01,"[512, 512]",9a0925d4efea52b4b8355baab41b735118c594bada85c1650a8c929d4bedd645,7d03f7624fa0aaaef532f6ccb5b007c11ecfba46dc0bf970948880603d265edc,nlmedians,0.86,44.92468988791852,0.9895425965898219,71.93947477345036,,scaled_current_nlm,,,0.9124365460011177,8,8,NLM_fast_cuda_global,,,,,
set12,low,10.png,0,0.01,"[512, 512]",fa9370ee1649c3bf2aa161f01d3d2575a2dedca729f26b78bd75d618679b9889,d06c846ad219995869474be865acb70b5ec7d01068ecd7580cc3fde6a2889b07,nlmedians,0.675,36.85433096632637,0.9784460396545125,67.34946746588881,,scaled_current_nlm,,,0.9679005780053558,8,8,NLM_fast_cuda_global,,,,,
set12,low,09.png,0,0.01,"[512, 512]",4b3ddbef5883a30e02120d9280c878727f5282bb054525cf3a5b0fcffb889d5c,f57c1e0803358fa46cb3fcadacd603e0bc8a9a1500621f0dea3a800d055c6fe6,nlmedians,0.005,35.41210121795204,0.9830618975847808,66.85914548821506,,scaled_current_nlm,,,1.075844128994504,8,8,NLM_fast_cuda_global,,,,,
set12,low,07.png,0,0.01,"[512, 512]",154769fc48745384ec8816fc554051b0dd5f1c55071de2669c9058bf3a96574e,584ba7517a59730143877939055ad6e1e59eec8663870de1e2f41b823592272b,nlmedians,0.875,39.40322266334273,0.9915335183942159,69.27828725138215,,scaled_current_nlm,,,0.9398412340087816,8,8,NLM_fast_cuda_global,,,,,
set12,low,05.png,0,0.01,"[512, 512]",0a48bd94dc684e9744094acf5f9409ae1a147f367207cbcf847ffecc9506b1e3,d9a99fe9c66291c5480b648f63457e4e7868b0267787c7b85908acc020420910,nlmedians,0.8250000000000001,41.37663064626095,0.9912859107849906,70.25261086238001,,scaled_current_nlm,,,0.8319439019978745,8,8,NLM_fast_cuda_global,,,,,
set12,low,08.png,0,0.01,"[512, 512]",2c394996c73fe787fca843f9f42014d5330dda4ad3053466b934f2c52d1c1f84,e160bea8a7b841fbbcb9a08d2452bc47be4e0b6c86d87d1b0bea001f91693d97,nlmedians,0.005,35.465708327838435,0.9694986690314278,66.2077876154906,,scaled_current_nlm,,,0.9495450660033384,8,8,NLM_fast_cuda_global,,,,,
set12,low,01.png,0,0.01,"[512, 512]",0a372ced9fd4d1f9633532a58073e3974b41da8cfc87f04ec8e9a8dc6a89bba1,580fbc14af471717cfc09261d71b2bee527d3960eb5a144e296d4af84219023d,nlmedians,0.85,41.47226339604893,0.9911050216974684,70.29138278289788,,scaled_current_nlm,,,3.21464470900537,8,8,NLM_fast_cuda_global,,,,,
set12,low,04.png,0,0.01,"[512, 512]",7f6baec8e072815d469acd5d149f5da86b89ef26df1895c4edde2d5758900fd0,e8a6fc5f208fe29f03f5cbd984d49640d58559cd6c5aa49284f500b1f7ee7903,nlmedians,0.85,45.765548771139606,0.995027491242507,72.63414894769515,,scaled_current_nlm,,,0.9093787000019802,8,8,NLM_fast_cuda_global,,,,,
set12,low,06.png,0,0.01,"[512, 512]",aa1ae42753ac532294aa25320a62b1fb9aa4b54ad1627f3551d0532393b63c6e,e340e8d85915e482eb2fcd7c112e25b58f52ae82986a937d947c38437b40d732,nlmedians,0.8250000000000001,37.97689717700648,0.9810594731819295,68.04142224759971,,scaled_current_nlm,,,0.9022344650002196,8,8,NLM_fast_cuda_global,,,,,
set12,low,03.png,0,0.01,"[512, 512]",ecaf4e62d02b750095b71c0828247049848c285190975276e63ef6d951b37cf4,18313c5d887bba3759a18d07833b66fb952544043545ed839a5d493c1c132871,nlmedians,0.845,43.907479458478164,0.9937731385160623,71.6423966550422,,scaled_current_nlm,,,0.8531762089987751,8,8,NLM_fast_cuda_global,,,,,
set12,low,11.png,0,0.01,"[512, 512]",17b452cc44e876adc0d3fd3607e8c9ab9e04406fa1702d436005e99db30c6108,030fd588168a45176d9b0eca993f8007814b0503964557c1914c2fbae448d11f,nlmedians,0.005,33.838333053568405,0.9585708944013013,64.84771124684926,,scaled_current_nlm,,,0.8996635429939488,8,8,NLM_fast_cuda_global,,,,,
set12,high,02.png,4,0.1,"[512, 512]",9a0925d4efea52b4b8355baab41b735118c594bada85c1650a8c929d4bedd645,fb5756b2f1977a53d6af3dcead4efb66402b9d5e985cdbdec56b32e00ffd97a7,nlmedians,1.915,27.325786481317262,0.6920211535826134,48.2639509197893,,scaled_current_nlm,,,0.874527660998865,8,8,NLM_fast_cuda_global,,,,,
set12,high,10.png,4,0.1,"[512, 512]",fa9370ee1649c3bf2aa161f01d3d2575a2dedca729f26b78bd75d618679b9889,20cbcff47f8f1652d0beb4647260b220d5985351324e73ce58f91790a1b40bdd,nlmedians,1.465,25.38515021964711,0.7103414948534661,48.20964985249685,,scaled_current_nlm,,,0.8960514359932858,8,8,NLM_fast_cuda_global,,,,,
set12,high,09.png,4,0.1,"[512, 512]",4b3ddbef5883a30e02120d9280c878727f5282bb054525cf3a5b0fcffb889d5c,6580f7427fae38e6900e311bc3d882abd5bbd2d3ee833d3f15f08e971f1badd3,nlmedians,1.3,24.670556045656685,0.786538705191159,51.66221328238629,,scaled_current_nlm,,,0.8729475699947216,8,8,NLM_fast_cuda_global,,,,,
set12,high,07.png,4,0.1,"[512, 512]",154769fc48745384ec8816fc554051b0dd5f1c55071de2669c9058bf3a96574e,6b2b7a6b103aa4415de2661efe3e7b16f3e8a8d91d505c35019889f45be2ccdf,nlmedians,1.735,26.628790659369372,0.8018046764862099,53.40462915399518,,scaled_current_nlm,,,0.8740798180078855,8,8,NLM_fast_cuda_global,,,,,
set12,high,05.png,4,0.1,"[512, 512]",0a48bd94dc684e9744094acf5f9409ae1a147f367207cbcf847ffecc9506b1e3,0d5e8010bb26a850d7bcc7fe1db68e0f0c6af22b17fa9bc70b31b059f1079a92,nlmedians,1.685,26.087510939979403,0.7114057008741986,48.614040513699635,,scaled_current_nlm,,,0.9335834740049904,8,8,NLM_fast_cuda_global,,,,,
set12,high,08.png,4,0.1,"[512, 512]",2c394996c73fe787fca843f9f42014d5330dda4ad3053466b934f2c52d1c1f84,0c9b60e4d12da52284c5eb24f1ad2f1c68d32c53c03585a9c05992f6df84ca1f,nlmedians,1.24,26.0011107015318,0.8135459466252781,53.67785268202981,,scaled_current_nlm,,,0.9112862850015517,8,8,NLM_fast_cuda_global,,,,,
set12,high,01.png,4,0.1,"[512, 512]",0a372ced9fd4d1f9633532a58073e3974b41da8cfc87f04ec8e9a8dc6a89bba1,9ea25905277eaa2c13405c16af5a2bd159339f43e0d8dbc939852ca029957356,nlmedians,1.665,26.66038338456857,0.7549966615191883,51.0800247682437,,scaled_current_nlm,,,0.8549612849892583,8,8,NLM_fast_cuda_global,,,,,
set12,high,04.png,4,0.1,"[512, 512]",7f6baec8e072815d469acd5d149f5da86b89ef26df1895c4edde2d5758900fd0,fdc436c0c8446ba46cfc24590bb554f37546781412b4b4564d6407e3391d198a,nlmedians,1.83,27.240416792998246,0.7889798219244255,53.0691994927204,,scaled_current_nlm,,,0.8627435249945847,8,8,NLM_fast_cuda_global,,,,,
set12,high,06.png,4,0.1,"[512, 512]",aa1ae42753ac532294aa25320a62b1fb9aa4b54ad1627f3551d0532393b63c6e,a363dcecce4b7295d8e22162211f906c57f7427694cc70216f5f5b9f9c8ae75e,nlmedians,1.78,26.413212318104044,0.689004757649115,47.65684404150777,,scaled_current_nlm,,,0.8669004530092934,8,8,NLM_fast_cuda_global,,,,,
set12,high,03.png,4,0.1,"[512, 512]",ecaf4e62d02b750095b71c0828247049848c285190975276e63ef6d951b37cf4,85f7066b7aa1244baa2f27667095e1ea8355fef86e40ccd8d4b2514ec34fd63d,nlmedians,1.72,26.411291559427355,0.7042607597726903,48.418683768348195,,scaled_current_nlm,,,0.8988440410030307,8,8,NLM_fast_cuda_global,,,,,
set12,high,11.png,4,0.1,"[512, 512]",17b452cc44e876adc0d3fd3607e8c9ab9e04406fa1702d436005e99db30c6108,d985d535d00b2df1afd30e645e35cfc28961b28fa786c9d6216e5ca98bb90604,nlmedians,1.34,26.48851321488682,0.8557618981137459,56.032351513130706,,scaled_current_nlm,,,0.9202247789944522,8,8,NLM_fast_cuda_global,,,,,
set12,medium,02.png,4,0.05,"[512, 512]",9a0925d4efea52b4b8355baab41b735118c594bada85c1650a8c929d4bedd645,4e69b9926757359b28d2ba0ddea539b9b5734c1c9927cbb52997eed2c2c65a57,nlmedians,1.335,33.361863546566376,0.882664386821466,60.81415111435649,,scaled_current_nlm,,,0.8181144739937736,8,8,NLM_fast_cuda_global,,,,,
set12,medium,10.png,4,0.05,"[512, 512]",fa9370ee1649c3bf2aa161f01d3d2575a2dedca729f26b78bd75d618679b9889,461dc699c7e6039d3c7fbc9e361c8477afcdd41db684ad67d9d1dd1715aba45a,nlmedians,1.095,30.917333603059873,0.9026550489853873,60.5914192507993,,scaled_current_nlm,,,0.8599818710063118,8,8,NLM_fast_cuda_global,,,,,
set12,medium,09.png,4,0.05,"[512, 512]",4b3ddbef5883a30e02120d9280c878727f5282bb054525cf3a5b0fcffb889d5c,5780430f9e94feaf25364471128f02e7454678af26c718534cb418901e5bbe6c,nlmedians,0.925,29.734925534769342,0.9291114719191969,61.323036363344514,,scaled_current_nlm,,,0.8665502099902369,8,8,NLM_fast_cuda_global,,,,,
set12,medium,07.png,4,0.05,"[512, 512]",154769fc48745384ec8816fc554051b0dd5f1c55071de2669c9058bf3a96574e,57067cdfaec1e7cbd302b6992dd6d10ca47b25065f31c44a1bfe1573c39a6480,nlmedians,1.315,32.30325671579398,0.9452179053514591,63.412523625469944,,scaled_current_nlm,,,0.9560535329947015,8,8,NLM_fast_cuda_global,,,,,
set12,medium,05.png,4,0.05,"[512, 512]",0a48bd94dc684e9744094acf5f9409ae1a147f367207cbcf847ffecc9506b1e3,e0fa916e823acf6effc4f3b42e72ab8a62ce26e6958e64dcd7833e8e36a12729,nlmedians,1.21,31.896338888144275,0.9051995456070147,61.20814672442287,,scaled_current_nlm,,,0.8019208009936847,8,8,NLM_fast_cuda_global,,,,,
set12,medium,08.png,4,0.05,"[512, 512]",2c394996c73fe787fca843f9f42014d5330dda4ad3053466b934f2c52d1c1f84,e1b0f210137124047cfa6d6db5eb311ebf1bd872e71c7f34ecbce8d731865d47,nlmedians,0.875,31.726088490584154,0.940204898691091,62.87328917984662,,scaled_current_nlm,,,1.0612689510016935,8,8,NLM_fast_cuda_global,,,,,
set12,medium,01.png,4,0.05,"[512, 512]",0a372ced9fd4d1f9633532a58073e3974b41da8cfc87f04ec8e9a8dc6a89bba1,9379e76152d6d388d723e1eaa08d1618611906ad05b452f66e45fc46f2920222,nlmedians,1.235,32.65002917777399,0.9258646269849959,62.61824593813679,,scaled_current_nlm,,,0.9366614410100738,8,8,NLM_fast_cuda_global,,,,,
set12,medium,04.png,4,0.05,"[512, 512]",7f6baec8e072815d469acd5d149f5da86b89ef26df1895c4edde2d5758900fd0,96b121cc217c410a07c6e8b75d018b9c2d013f47489b90382de26ad622a43a5a,nlmedians,1.335,33.785412297632035,0.9379556855596514,63.790490426798584,,scaled_current_nlm,,,0.8183278530050302,8,8,NLM_fast_cuda_global,,,,,
set12,medium,06.png,4,0.05,"[512, 512]",aa1ae42753ac532294aa25320a62b1fb9aa4b54ad1627f3551d0532393b63c6e,5d3d90db8b69e62a740e7e86ea6a5df988b44fac6affdc46ef302b5c6eb8dce4,nlmedians,1.285,31.28167558890514,0.8718021834787667,59.23094696839091,,scaled_current_nlm,,,0.89969456900144,8,8,NLM_fast_cuda_global,,,,,
set12,medium,03.png,4,0.05,"[512, 512]",ecaf4e62d02b750095b71c0828247049848c285190975276e63ef6d951b37cf4,76e43ccb10d0fd50514c324d9319b070e705fa6c949ead13598cc60431e1acd1,nlmedians,1.2650000000000001,32.9025014309945,0.9118755997110385,62.04503070104917,,scaled_current_nlm,,,0.8471339050011011,8,8,NLM_fast_cuda_global,,,,,
set12,medium,11.png,4,0.05,"[512, 512]",17b452cc44e876adc0d3fd3607e8c9ab9e04406fa1702d436005e99db30c6108,d061e894c51d566e883b22e0983bc6c1f82e2c15c660fea833b8da2c916beea5,nlmedians,1.07,30.70656242463059,0.9356677317376465,62.13666779919762,,scaled_current_nlm,,,0.8441269540053327,8,8,NLM_fast_cuda_global,,,,,
set12,extreme,02.png,4,0.2,"[512, 512]",9a0925d4efea52b4b8355baab41b735118c594bada85c1650a8c929d4bedd645,c78625d61f7341c9115095ca61bc56d13277a60903cbda9e7817dcbf3fad2403,nlmedians,3.54,19.130094160445445,0.2931803266193718,24.224063411191313,,scaled_current_nlm,,,0.8450080129987327,8,8,NLM_fast_cuda_global,,,,,
set12,extreme,10.png,4,0.2,"[512, 512]",fa9370ee1649c3bf2aa161f01d3d2575a2dedca729f26b78bd75d618679b9889,55df1265f85a4f395abe6fdb9f8d6ced6f37fabb2f2efbdcd9ad51de31f0f358,nlmedians,2.435,18.680275420350938,0.3938314277501525,29.031709097683095,,scaled_current_nlm,,,0.9322293080040254,8,8,NLM_fast_cuda_global,,,,,
set12,extreme,09.png,4,0.2,"[512, 512]",4b3ddbef5883a30e02120d9280c878727f5282bb054525cf3a5b0fcffb889d5c,d5200db9a81ea1ad2851337034ec180dcba65337806d6f544c91105b701dd5a8,nlmedians,2.1,18.154677822303583,0.4631190341960528,32.233290620954435,,scaled_current_nlm,,,0.9238194609933998,8,8,NLM_fast_cuda_global,,,,,
set12,extreme,07.png,4,0.2,"[512, 512]",154769fc48745384ec8816fc554051b0dd5f1c55071de2669c9058bf3a96574e,d658efe3236f7ef4462769d23a0c6a782ae9c9bb794297f469fb22a6a114781d,nlmedians,2.75,19.181658741817355,0.46073578738166077,32.62761873999172,,scaled_current_nlm,,,0.8925776740070432,8,8,NLM_fast_cuda_global,,,,,
set12,extreme,05.png,4,0.2,"[512, 512]",0a48bd94dc684e9744094acf5f9409ae1a147f367207cbcf847ffecc9506b1e3,f14c438201f32887ca2958073a99c9c4367ca05aa3996a24e4a516345d4ee79d,nlmedians,2.92,19.23208714455776,0.3829042488408506,28.76125601432141,,scaled_current_nlm,,,0.9248744929936947,8,8,NLM_fast_cuda_global,,,,,
set12,extreme,08.png,4,0.2,"[512, 512]",2c394996c73fe787fca843f9f42014d5330dda4ad3053466b934f2c52d1c1f84,a8484a10dd4d38b8a5ac055a083f83a730aeb890ecb2fff33eb9cc1791e5eb5b,nlmedians,1.97,18.091542969246873,0.41827151225550974,29.959347097398922,,scaled_current_nlm,,,0.8883417379984166,8,8,NLM_fast_cuda_global,,,,,
set12,extreme,01.png,4,0.2,"[512, 512]",0a372ced9fd4d1f9633532a58073e3974b41da8cfc87f04ec8e9a8dc6a89bba1,65177135c7481be235c048926973169e2e8bf506e1b0926ab33339f39e25d3b0,nlmedians,2.715,18.954444281574553,0.4084177924499189,29.89811176328322,,scaled_current_nlm,,,0.8616983450046973,8,8,NLM_fast_cuda_global,,,,,
set12,extreme,04.png,4,0.2,"[512, 512]",7f6baec8e072815d469acd5d149f5da86b89ef26df1895c4edde2d5758900fd0,9bdf88a0f1a278417dd2a591efa55b88d04dfe89bd8aaa8ad24e1443228a0a94,nlmedians,3.045,19.48839086904216,0.45992693783577204,32.74054232630968,,scaled_current_nlm,,,0.8876435510028386,8,8,NLM_fast_cuda_global,,,,,
set12,extreme,06.png,4,0.2,"[512, 512]",aa1ae42753ac532294aa25320a62b1fb9aa4b54ad1627f3551d0532393b63c6e,3d987315aa538246f5a208b6d41f81eab45d6f505e0a6f7243927c5ad7a0fe40,nlmedians,2.935,20.09842097022778,0.40634035067615226,30.366228018921504,,scaled_current_nlm,,,0.9101153539959341,8,8,NLM_fast_cuda_global,,,,,
set12,extreme,03.png,4,0.2,"[512, 512]",ecaf4e62d02b750095b71c0828247049848c285190975276e63ef6d951b37cf4,aad7e4eba1d0a55ac4a983788b73e9e5a66f24a767e26e93e98c74ddff8dd54a,nlmedians,3.0,19.19142226547859,0.3424036743296868,26.715894849223638,,scaled_current_nlm,,,0.9376533049944555,8,8,NLM_fast_cuda_global,,,,,
set12,extreme,11.png,4,0.2,"[512, 512]",17b452cc44e876adc0d3fd3607e8c9ab9e04406fa1702d436005e99db30c6108,76b80ddc8c4f96ba7c3331b18a0331e1aa705a7e327f7bf24342319ad0898b04,nlmedians,1.945,19.33476982436291,0.5939590795130302,39.36533888783296,,scaled_current_nlm,,,0.8962232460035011,8,8,NLM_fast_cuda_global,,,,,
set12,moderate,02.png,4,0.03,"[512, 512]",9a0925d4efea52b4b8355baab41b735118c594bada85c1650a8c929d4bedd645,d879986baaf42190982449d59dd5553d540eb63dbc7567ea488c75632114b5ac,nlmedians,1.105,37.63606778373181,0.9469041326977335,66.16324052675259,,scaled_current_nlm,,,0.8289804780069971,8,8,NLM_fast_cuda_global,,,,,
set12,moderate,10.png,4,0.03,"[512, 512]",fa9370ee1649c3bf2aa161f01d3d2575a2dedca729f26b78bd75d618679b9889,434ac8f246e81cbe180927267d40fe66e3454116170de134fb46d837087c066b,nlmedians,0.905,33.92194907058353,0.9534458552907615,64.63326729982984,,scaled_current_nlm,,,0.8744192419981118,8,8,NLM_fast_cuda_global,,,,,
set12,moderate,09.png,4,0.03,"[512, 512]",4b3ddbef5883a30e02120d9280c878727f5282bb054525cf3a5b0fcffb889d5c,197f65e812b0eeb2cf91510c2b107e0d658adcb343eaa673a6289fbe2bc4596e,nlmedians,0.775,32.40209538292588,0.9640505743303619,64.40357640798103,,scaled_current_nlm,,,0.9044414590025553,8,8,NLM_fast_cuda_global,,,,,
set12,moderate,07.png,4,0.03,"[512, 512]",154769fc48745384ec8816fc554051b0dd5f1c55071de2669c9058bf3a96574e,b36e158819d385dc062ac7799786f1c8f4d46446b333738c6e5fa3718cffe970,nlmedians,1.135,35.858146869068776,0.9768997389311417,66.77406038109147,,scaled_current_nlm,,,0.8505131750134751,8,8,NLM_fast_cuda_global,,,,,
set12,moderate,05.png,4,0.03,"[512, 512]",0a48bd94dc684e9744094acf5f9409ae1a147f367207cbcf847ffecc9506b1e3,114a2e420e0ad99810e3e866c2b4386ab515991bfd7c5db3c2eb96d637d19c5b,nlmedians,1.045,35.83931653501993,0.9617035203016143,66.00483428259068,,scaled_current_nlm,,,0.8849804689962184,8,8,NLM_fast_cuda_global,,,,,
set12,moderate,08.png,4,0.03,"[512, 512]",2c394996c73fe787fca843f9f42014d5330dda4ad3053466b934f2c52d1c1f84,f41575c24a908e64f17f53ab3e3de05a585eca0546392a462de5fb0793ed1ce6,nlmedians,0.73,34.238013649664055,0.9645877513925727,65.34839439446066,,scaled_current_nlm,,,0.9366040040040389,8,8,NLM_fast_cuda_global,,,,,
set12,moderate,01.png,4,0.03,"[512, 512]",0a372ced9fd4d1f9633532a58073e3974b41da8cfc87f04ec8e9a8dc6a89bba1,8022eb92cc13c07829c548cf238b714175cd922f1b59a9ef093b7a962ea44eae,nlmedians,1.08,36.34741481929605,0.9719130207130481,66.76935844530043,,scaled_current_nlm,,,0.859668809993309,8,8,NLM_fast_cuda_global,,,,,
set12,moderate,04.png,4,0.03,"[512, 512]",7f6baec8e072815d469acd5d149f5da86b89ef26df1895c4edde2d5758900fd0,558b3a110914cdad728ad09d50eba68d5001d3cabe99f29756fe4a3478144a26,nlmedians,1.11,38.11936425016733,0.974522187798548,67.78579151501107,,scaled_current_nlm,,,0.9096807509922655,8,8,NLM_fast_cuda_global,,,,,
set12,moderate,06.png,4,0.03,"[512, 512]",aa1ae42753ac532294aa25320a62b1fb9aa4b54ad1627f3551d0532393b63c6e,0e78536a56147ba906c487c61e6164992aafc64d24893e1e756d7777e6184f16,nlmedians,1.075,34.05381710679031,0.9376924414126074,63.91153062402553,,scaled_current_nlm,,,0.8688536789995851,8,8,NLM_fast_cuda_global,,,,,
set12,moderate,03.png,4,0.03,"[512, 512]",ecaf4e62d02b750095b71c0828247049848c285190975276e63ef6d951b37cf4,d9a7aa26403306264e3dab31bb083178514a9ce2d7e31938922d1ea09f35d416,nlmedians,1.065,37.238064938701285,0.9653097364785002,66.88451929327564,,scaled_current_nlm,,,0.8711372559919255,8,8,NLM_fast_cuda_global,,,,,
set12,moderate,11.png,4,0.03,"[512, 512]",17b452cc44e876adc0d3fd3607e8c9ab9e04406fa1702d436005e99db30c6108,4f6af6012acab1aca32e1626772dece3f447b16d814b44a65374637178964709,nlmedians,0.9550000000000001,32.476268271102256,0.9512543142558155,63.800849848341905,,scaled_current_nlm,,,0.865766299990355,8,8,NLM_fast_cuda_global,,,,,
set12,low,02.png,4,0.01,"[512, 512]",9a0925d4efea52b4b8355baab41b735118c594bada85c1650a8c929d4bedd645,5a06d5c62acf1b36874d17fbb7c8fbcf1bfa1a90a72f48c16e827f3f6067b418,nlmedians,0.84,45.10920309263692,0.9897406971846395,72.04163640555043,,scaled_current_nlm,,,0.7731049230060307,8,8,NLM_fast_cuda_global,,,,,
set12,low,10.png,4,0.01,"[512, 512]",fa9370ee1649c3bf2aa161f01d3d2575a2dedca729f26b78bd75d618679b9889,fe06adf3c895b40fb6b5a15eaf684dfca16946f6169b38d893ed18d3aef8cf92,nlmedians,0.67,36.85701007682204,0.9781283609519358,67.3349230860078,,scaled_current_nlm,,,0.9984458230028395,8,8,NLM_fast_cuda_global,,,,,
set12,low,09.png,4,0.01,"[512, 512]",4b3ddbef5883a30e02120d9280c878727f5282bb054525cf3a5b0fcffb889d5c,bf4e02197794a0e21fbe08f301c6e1a7f1d9ff3ad8f7a4b371f0e200d7cb39b1,nlmedians,0.005,35.42409661737806,0.9831223997605381,66.86816829671594,,scaled_current_nlm,,,0.8843492500018328,8,8,NLM_fast_cuda_global,,,,,
set12,low,07.png,4,0.01,"[512, 512]",154769fc48745384ec8816fc554051b0dd5f1c55071de2669c9058bf3a96574e,bebd5b94e7c8cd5e3c45a4c02eeb5c2f8901ef456e75534811f5ac6a29a3fac0,nlmedians,0.865,39.428813544457064,0.9915795922770013,69.2933863860786,,scaled_current_nlm,,,0.8555794440035243,8,8,NLM_fast_cuda_global,,,,,
set12,low,05.png,4,0.01,"[512, 512]",0a48bd94dc684e9744094acf5f9409ae1a147f367207cbcf847ffecc9506b1e3,166ad95c58f0c06dd2685ab4d5020f880563f9a5058e35aa36901da12704efa6,nlmedians,0.8200000000000001,41.542469261744586,0.9914705020699043,70.3447597343675,,scaled_current_nlm,,,0.8065718989964807,8,8,NLM_fast_cuda_global,,,,,
set12,low,08.png,4,0.01,"[512, 512]",2c394996c73fe787fca843f9f42014d5330dda4ad3053466b934f2c52d1c1f84,66926c0920534e26b939a5d9f0556865f11d7abe2870967adce74daa613116e0,nlmedians,0.005,35.45904154915079,0.9695272578501052,66.20588366708066,,scaled_current_nlm,,,0.850353322995943,8,8,NLM_fast_cuda_global,,,,,
set12,low,01.png,4,0.01,"[512, 512]",0a372ced9fd4d1f9633532a58073e3974b41da8cfc87f04ec8e9a8dc6a89bba1,44e11976558cb007c81a668559ae9107fdef12040d6bf3409d86e01b32bb629b,nlmedians,0.84,41.530293544581205,0.99130782895869,70.3305382202251,,scaled_current_nlm,,,0.8764714220014866,8,8,NLM_fast_cuda_global,,,,,
set12,low,04.png,4,0.01,"[512, 512]",7f6baec8e072815d469acd5d149f5da86b89ef26df1895c4edde2d5758900fd0,ecca96323697cb95c9b9c67fa33692a63a0bcc03cbf07eb1f49bfa5e122f8d4d,nlmedians,0.845,45.95585974536803,0.9951991440212312,72.73788707374558,,scaled_current_nlm,,,0.8751526980049675,8,8,NLM_fast_cuda_global,,,,,
set12,low,06.png,4,0.01,"[512, 512]",aa1ae42753ac532294aa25320a62b1fb9aa4b54ad1627f3551d0532393b63c6e,17094acf9de65d3df3665b52428f406b7e9029614715969875e5da956e308411,nlmedians,0.8150000000000001,38.01614926476999,0.9813065493161163,68.07340209819081,,scaled_current_nlm,,,0.8444084439979633,8,8,NLM_fast_cuda_global,,,,,
set12,low,03.png,4,0.01,"[512, 512]",ecaf4e62d02b750095b71c0828247049848c285190975276e63ef6d951b37cf4,2d3e27d6769c28d88fcabbfa79deb4e13ee1277e06787f8cfec414322f383aed,nlmedians,0.8250000000000001,44.02644767621156,0.993898846192844,71.70816614774799,,scaled_current_nlm,,,0.8865346370002953,8,8,NLM_fast_cuda_global,,,,,
set12,low,11.png,4,0.01,"[512, 512]",17b452cc44e876adc0d3fd3607e8c9ab9e04406fa1702d436005e99db30c6108,4d79c36b74d775043c078b1a3b12fac535b38d23f700cf6d0a06dba47d86941f,nlmedians,0.005,33.8223496278485,0.9585640448096906,64.83937705440879,,scaled_current_nlm,,,0.8799657729978207,8,8,NLM_fast_cuda_global,,,,,
set50,high,19.gif,0,0.1,"[512, 512]",d17c7663feb48c0fe318904421cb04ec7e850a109d952f66a49ac464a4176a1e,b36a0e2777a4778ee716a1dfe989dd541a6b3d7c5af5fd33a1b733957ca06fd4,ghnlm,1.0,38.55146254802946,0.9880503251825495,68.67824753314221,,fixed_independent,,,13.906011706989375,8,8,NLM_fast_cuda_global,,,,,
set50,high,22.gif,0,0.1,"[512, 512]",dfe4f6c6370dbe0651bccc46e98ac3b787e8c63a3a37fb138fe6c81f3e32edd4,455a61e743daec9940c17a770102e9f6d8150016e197a7b40ba5ed8b526bdc6d,ghnlm,1.0,34.884456969693105,0.9781465125027968,66.3495541099864,,fixed_independent,,,13.999705747002736,8,8,NLM_fast_cuda_global,,,,,
set50,high,10.gif,0,0.1,"[512, 512]",e233b9bc584bbcbbdcbcbf3674e9c18c92aff37cf54afeec01dc2e7dc1811878,40725b43529bab17a6c41cf7934a73bda5b434a8803e87e4fc1465424cfe2303,ghnlm,1.0,42.183173899912504,0.9945087910271055,70.81702650131153,,fixed_independent,,,13.871513922989834,8,8,NLM_fast_cuda_global,,,,,
set50,high,14.gif,0,0.1,"[512, 512]",83fe92c5398701971c09c467a97dc4bfdb94eb4b3ded548d26e5e7fcf62e4d2a,6b7ebb5297b454e99889eaa9e3c4e7c51d253902665731705f49dc1a7a3fe113,ghnlm,1.0,30.928196791346355,0.9723376639744519,64.08098159439577,,fixed_independent,,,14.598281972997938,8,8,NLM_fast_cuda_global,,,,,
set50,high,5.gif,0,0.1,"[512, 512]",49db903e1a87a0044a734fb77708aad9985011bc9ee9fb379099de1b4e946109,e06f2bc488a0ff103329561f1b985093b78f631466c577b7e6aeacf6ec8eefe8,ghnlm,1.0,43.75939432532837,0.9914033645769742,71.4498653915129,,fixed_independent,,,14.077733521000482,8,8,NLM_fast_cuda_global,,,,,
set50,high,44.gif,0,0.1,"[512, 512]",f968969e97bf6f8f47fd5940af0bd7481b61f2df6d5d553882b8938123b37289,ec7bcd577aab4cb2bedb2657569a7b495db193526b6667e04b6672396e29b078,ghnlm,1.0,22.591711378357285,0.9208207523749538,57.33689330792633,,fixed_independent,,,19.700679041008698,8,8,NLM_fast_cuda_global,,,,,
set50,high,42.gif,0,0.1,"[512, 512]",f9b953242d46fc204da43e46262ac3754e9428050546213f592efb0fb7398f12,d0610cf35e287c81eb1f642f3b1f542f30070d26d13b0067e7baf4d73663ef18,ghnlm,1.0,30.159415122647996,0.974799511006156,63.819683111631804,,fixed_independent,,,15.11031802999787,8,8,NLM_fast_cuda_global,,,,,
set50,high,38.gif,0,0.1,"[512, 512]",e39779dc60dbc76330293a5fdb44dfabe4d22433c36132e18afcf31a515217b4,b024231c1c516936430ae7117c8c77dd3ee6a417718598f0b9968ffc86f3b5f5,ghnlm,1.0,42.21918316712974,0.9904941173880606,70.6342974529679,,fixed_independent,,,14.15730184300628,8,8,NLM_fast_cuda_global,,,,,
set50,high,48.gif,0,0.1,"[512, 512]",9b261d731fc3d639b0cc3dac391980b0c49dd558b24b95a14bb3f3eb9f3569d0,f7e02ffabb7c26975ac77d2ba941fa8dfff992fc0d3c3a52904286975a396ab4,ghnlm,1.0,41.17624818301577,0.9912845783312317,70.15235300806947,,fixed_independent,,,13.860632265990716,8,8,NLM_fast_cuda_global,,,,,
set50,high,17.gif,0,0.1,"[512, 512]",6f8a02e1689062bed722742a554760dd74359b35fc8b969bab8beed8e59421a0,e7c516b92404f02e0645aab2369f6d006b10771e2148c9e3305e1e93828f5d9b,ghnlm,1.0,30.343421236605735,0.9173110251897447,61.0372618777901,,fixed_independent,,,24.13672233300167,8,8,NLM_fast_cuda_global,,,,,
set50,high,0.png,0,0.1,"[512, 512]",0a372ced9fd4d1f9633532a58073e3974b41da8cfc87f04ec8e9a8dc6a89bba1,5c64fdfe33f4ceb5a47428c2edc3ca4f989b1078a7da5d038a7aac327de869fd,ghnlm,1.0,45.49208932847364,0.9973947196884277,72.61578064865822,,fixed_independent,,,13.864419233999797,8,8,NLM_fast_cuda_global,,,,,
set50,high,16.gif,0,0.1,"[512, 512]",2d68b31ae4d4c10bc0e60742ba3064c10d62113ffb3ca9a7c14b80e40b0e6170,6ca2d5d1195f31115e9e15bd7978d65bde8735913f5134a99256e529c86a3d8a,ghnlm,1.0,29.557318039283757,0.9276524598249459,61.161282010889174,,fixed_independent,,,18.086787132007885,8,8,NLM_fast_cuda_global,,,,,
set50,high,32.gif,0,0.1,"[512, 512]",c3cc3fb5da093d47d6808c6219ed907c3e69ab01954b1b929a8739cbbcc26493,810d3fc722ad3d6be42c77a540abbe450d08f86c4c996feebc699bf3e2187fb0,ghnlm,1.0,27.15538729191512,0.8222889654886122,54.69214192038817,,fixed_independent,,,38.76608082500752,8,8,NLM_fast_cuda_global,,,,,
set50,high,30.gif,0,0.1,"[512, 512]",b1cccc0e8d64bae511f9cd0c5596628364bd1e09c90c5e793604a1f7a55f642f,8f3d6ba7eafb9220ec09f0fc23d98c4362582f25fe465748fde08df029299774,ghnlm,1.0,38.37745125152988,0.9837045284092963,68.37395204622976,,fixed_independent,,,13.796319520988618,8,8,NLM_fast_cuda_global,,,,,
set50,high,43.gif,0,0.1,"[512, 512]",443801cafadb33c7829b313f4efd834e70cc313567a260dd2b5554dc7ee6be98,f9f8d19328bf1d7475a95984514a389b0136e60eba80c85712e9c05f9a967619,ghnlm,1.0,38.71929146779919,0.9896984086259557,68.84456616519738,,fixed_independent,,,15.182243943985668,8,8,NLM_fast_cuda_global,,,,,
set50,high,47.gif,0,0.1,"[512, 512]",9005ddf994846f88305becd36c72a046818a094c026c69a8106c34b34a31a8fe,5e23fe352e87a835d6f7372654af688603bdc568b1d6edc31757a6b71ff6f072,ghnlm,1.0,32.83741661556737,0.9776800502669755,65.30271082113246,,fixed_independent,,,13.720535794011084,8,8,NLM_fast_cuda_global,,,,,
set50,high,25.gif,0,0.1,"[512, 512]",30838b6c4e963b60da10cc6158a119a7052a4ffa1ebdcc87bcf0054f681427c6,2539e5cf1bcc6130b9238ebc011a1069fdfddd7401c69aa83c14b2efb244dee4,ghnlm,1.0,41.763696589138924,0.9870418657410662,70.23394158162277,,fixed_independent,,,15.913337460006005,8,8,NLM_fast_cuda_global,,,,,
set50,high,7.gif,0,0.1,"[512, 512]",5e3769e24988284e1036ce844ee8e0f11dbe28fe111f6a962e37864dc34b60dc,bfb32fd0573f98e26541bf24de61f68beccaeb66008181d1d775350c1789035f,ghnlm,1.0,31.18601424323873,0.975095574204809,64.34778583185982,,fixed_independent,,,14.23736525500135,8,8,NLM_fast_cuda_global,,,,,
set50,high,15.gif,0,0.1,"[512, 512]",51e2066df33af18b47bcd356b17c6cdf04f2a5fd219ace410fcabb06698c6c71,bf8b02c350afda2a086d62f94ecfc2be823c619bb2256328323737766f031044,ghnlm,1.0,34.596685441912896,0.9751915425373875,66.05791984782581,,fixed_independent,,,15.207888731005369,8,8,NLM_fast_cuda_global,,,,,
set50,high,41.gif,0,0.1,"[512, 512]",1569598ab7f33ee44bcf70502565ffcd7528912a2c13cd1977fe64573770f1e6,70ff830e123ba0b8a56a22fa8d8361dd52e6efc94cce0dc0117077a8d211d455,ghnlm,1.0,39.750807640008716,0.988687183694363,69.30976300472251,,fixed_independent,,,13.887069953998434,8,8,NLM_fast_cuda_global,,,,,
set50,high,6.gif,0,0.1,"[512, 512]",ca956c8aa0ec2de8bd2e4d7545c7f969215d4f7f65cb72ee9d31cb17df0033b6,91c0d484c15597d9172a55a9609dcaaab6020d9ca89b915718e7c130aa54ed16,ghnlm,1.0,35.77370177109331,0.9732815225471472,66.55092701290401,,fixed_independent,,,17.36546770700079,8,8,NLM_fast_cuda_global,,,,,
set50,high,21.gif,0,0.1,"[512, 512]",74d2fa3fc2447fd331660c09f2f468f3cce983dc347509d32564e992fdebaf9a,93925f5a9a6755a73923c2bef7adff8c2bdab08e8e089892c36ace4313afb948,ghnlm,1.0,39.598653115770674,0.9866323214611509,69.13094263094288,,fixed_independent,,,13.898565409996081,8,8,NLM_fast_cuda_global,,,,,
set50,high,27.gif,0,0.1,"[512, 512]",bc7a1c1300b1b1bda264e18fbde62fa845194fac5839cb705a788c6ac331f517,144439eafed501fe7aa53d4e6967a995d40da47c2ef83b7b5e02b718dafccd80,ghnlm,1.0,35.403935784101186,0.9827187157100808,66.83790367755464,,fixed_independent,,,15.814146814009291,8,8,NLM_fast_cuda_global,,,,,
set50,high,46.gif,0,0.1,"[512, 512]",14cdebcd7b2b9e534cc9717933df6ccb4861289237cde90700810e2e6e2e245f,f9ffe1409fcf91d55fa900020b1f0f613dd8b50d40a2f9d090f6f53caa03f076,ghnlm,1.0,34.69726182426147,0.981220586062904,66.40966021527593,,fixed_independent,,,14.573295829002745,8,8,NLM_fast_cuda_global,,,,,
set50,high,20.gif,0,0.1,"[512, 512]",c3a4da195ffc62103521cd979723e50840fe46cfd989b567c826985f8b23dcf4,bd08cc1fb18acc1d47463e9c075d7d5d446aa4ae53b1672824ff6a737dc1f69d,ghnlm,1.0,37.1646971766194,0.9822969137599937,67.69719427630939,,fixed_independent,,,13.956692368010408,8,8,NLM_fast_cuda_global,,,,,
set50,high,2.gif,0,0.1,"[512, 512]",b101b795e2638a1e9dbdaa513bdc8be6090aed4d6ac294b155e5f3a2c7c0bb80,13d3b6b9e05ddc640a63ea227d1f32df0b4e453f33794f15001a41ae53644828,ghnlm,1.0,41.1977260551933,0.9880940124122576,70.00356364820954,,fixed_independent,,,13.96462397898722,8,8,NLM_fast_cuda_global,,,,,
set50,high,40.gif,0,0.1,"[512, 512]",911cad3f1d559f196f94ed9e80a9602969b74319acb1d70da238efdb48af38e2,d5f4e4babce2a4896b57ee8a524799a4a612a77617adc6237c295f1b8268313a,ghnlm,1.0,46.418225436449355,0.9935212382311782,72.88517462978359,,fixed_independent,,,14.134093885004404,8,8,NLM_fast_cuda_global,,,,,
set50,high,31.gif,0,0.1,"[512, 512]",33781418a1e6e85521011be7d450b002a8f8a8f1ba68a79c1219f3b3ba59b160,85c7dd0dbdad648e1bc43c9d6bbf15a1baffa81644e4a28e665df8f4296b38c0,ghnlm,1.0,28.04373491116265,0.9286787768185537,60.45580629650901,,fixed_independent,,,18.570431683998322,8,8,NLM_fast_cuda_global,,,,,
set50,high,29.gif,0,0.1,"[512, 512]",1eeb76c0386fbcd563a08eb25bbeffde427bdc62658e4bcc02c8aafbf733f219,a7c813ed42caac8cc5e59ba0b313601fb3411f9081c2c98c849a0f386c717927,ghnlm,1.0,30.455250593576988,0.9128383401898762,60.869542306282305,,fixed_independent,,,20.58133360699867,8,8,NLM_fast_cuda_global,,,,,
set50,high,33.gif,0,0.1,"[512, 512]",7a10c4eca50167d8d459c2505f2b0f21cfb399e7b01adccaa0422695496c2e72,0b9b79cc55914de4df60ffdc521344bb95f073f3bbae4f345c20bb3d16868469,ghnlm,1.0,37.08512854853916,0.9761089480270492,67.34801167562205,,fixed_independent,,,15.542670430993894,8,8,NLM_fast_cuda_global,,,,,
set50,high,24.gif,0,0.1,"[512, 512]",b8f6ebed7641854cd23e807c2f78d350f1373b2fe7f96e6ea18f8531797fbc3a,933931a3c3cf3e69d505146c4f660b276aa0eb49b9bdfff9b8e7b90470c69978,ghnlm,1.0,41.15298842542224,0.9884397154945459,69.99847998743842,,fixed_independent,,,14.21101328000077,8,8,NLM_fast_cuda_global,,,,,
set50,high,3.gif,0,0.1,"[512, 512]",e3e2313cc250162bd613776c7b0063891d9d56b3576c9808ac5c8c0e7e8fcb8d,735ba2525df2e7b6a619ada7a3ef29d9102198e0392841695017c0dd0b5ee365,ghnlm,1.0,38.73124073154117,0.9860912796893834,68.67018435023975,,fixed_independent,,,14.838365389005048,8,8,NLM_fast_cuda_global,,,,,
set50,high,1.gif,0,0.1,"[512, 512]",95f21dff4cd5a318a519cb05a1e35fb41f49c007ca46345fd6917258be8d9d73,3c777b4aafc995f531dbb45a128a3eae2ac912519ef53a690559aa448818fa5c,ghnlm,1.0,35.213840744273625,0.9853241640489915,66.87312857458639,,fixed_independent,,,13.935538933001226,8,8,NLM_fast_cuda_global,,,,,
set50,high,23.gif,0,0.1,"[512, 512]",05918015ae96873f255fec3e75ace895a76214abbeffdbfff55b5cf6214224c6,5f89d28e00ddcbb3c400744e705cf34f0576d46a30918f8130ebe8b81f0dbd6b,ghnlm,1.0,45.00846886870914,0.9934237869305808,72.1754237808836,,fixed_independent,,,14.093275914012338,8,8,NLM_fast_cuda_global,,,,,
set50,high,35.gif,0,0.1,"[512, 512]",353590d221e21b53b97858fbc575a2320a10336f21bbed5dd461fa942bab100f,7fd0001b7f292822b216f02c457dbcecd3cc83fe14deb66f3451f8f3ef72671e,ghnlm,1.0,39.85861666707238,0.9842892040494248,69.14376853600743,,fixed_independent,,,14.227167236007517,8,8,NLM_fast_cuda_global,,,,,
set50,high,36.gif,0,0.1,"[512, 512]",99a41bcc709d43204ca0f73a6593656300237e5367043081c5065ca77d5e3628,ff4228673bf5f8b1cc0996ca7aebcbc4b4745a91c7d8bae3aa2dd541df188359,ghnlm,1.0,37.083377445871676,0.9846299505643179,67.77318625115174,,fixed_independent,,,14.285797546006506,8,8,NLM_fast_cuda_global,,,,,
set50,high,26.gif,0,0.1,"[512, 512]",3efcc155fe7f35f9428c0536c9c1dc2b826188d5f0a5b0a90ecbf681233221e2,82c2e5bf1fd025c58e0731a894ed6f185e49d9f6da055c0ddcccab37d1acaf68,ghnlm,1.0,43.13210366545394,0.9908004440163892,71.10607403354643,,fixed_independent,,,14.104585734996363,8,8,NLM_fast_cuda_global,,,,,
set50,high,37.gif,0,0.1,"[512, 512]",74881a36c4896c931da56c784ac35afb478dc71ae7af27894deeb074f83e518a,6711e4fc698c6f6b88662c31c7011be6475f79e420b41957137edbe48c02cc84,ghnlm,1.0,39.131358029539484,0.981740139453771,68.65268598745828,,fixed_independent,,,13.896394511990366,8,8,NLM_fast_cuda_global,,,,,
set50,high,13.gif,0,0.1,"[512, 512]",c34b796bde09761f5bc3c358f20b72f49e020580ed0a76d5456c61f0da4499eb,b23b2328bee24b6db72c9714ba291238b97ab3df260f49344564758f266b6c76,ghnlm,1.0,39.943991180428505,0.9928811728957163,69.61605423500006,,fixed_independent,,,14.28230639800313,8,8,NLM_fast_cuda_global,,,,,
set50,high,28.gif,0,0.1,"[512, 512]",f509179793e6551fbec77f8fdd91e45d53d2dd6e0a87394377c4bb4c52eb9a43,d1611978754e5fc4a32fa267275458c29f71665a67a3d6e772e5a8d97a888b76,ghnlm,1.0,40.12764032798973,0.9825891577634394,69.19327805216683,,fixed_independent,,,14.063669434006442,8,8,NLM_fast_cuda_global,,,,,
set50,high,9.gif,0,0.1,"[512, 512]",8b76cd61996084e7d23b9f638b4d32839d9f6ac7965ef9b585f78bdbdaff16b3,bf30a7802fc17f31bf72e321b90d3ed5f0390b5768e85c9c5499096eb9fcde3e,ghnlm,1.0,33.54628102112374,0.975537703265423,65.55002567383302,,fixed_independent,,,16.482472604999202,8,8,NLM_fast_cuda_global,,,,,
set50,high,18.gif,0,0.1,"[512, 512]",539caf0cced15a86b729848a1a182b75776a621cf01b5e9a62085f53b86f3407,57502a7add237e5d5309882c717ca9c474cb1f376e21798057c8e0f71c0150ec,ghnlm,1.0,28.636888650552383,0.9636891697254435,62.50290281154837,,fixed_independent,,,15.265556807993562,8,8,NLM_fast_cuda_global,,,,,
set50,high,49.gif,0,0.1,"[512, 512]",8311e02cd6238d6e74f6a9bf6fa5c250d748ceec5882a86242e2452c587cdf2b,16522de1ffa2356a43b6b1339c41f1a31b67ef45f92c4bb401a90a78555d2b30,ghnlm,1.0,20.5115748684914,0.8320545131020867,51.85851308935004,,fixed_independent,,,43.779355806997046,8,8,NLM_fast_cuda_global,,,,,
set50,high,4.gif,0,0.1,"[512, 512]",fd89b9bfe327e11c7cfbc851fff026261f2c33ef17edc9373682def6616fdc4f,3c0d019d5056b98dbdd01251831763caa26e55b8875f2444b402a81535401593,ghnlm,1.0,41.56595518531979,0.9888138437337798,70.22366977934888,,fixed_independent,,,13.961304445998394,8,8,NLM_fast_cuda_global,,,,,
set50,high,8.gif,0,0.1,"[512, 512]",fd53a01b9f6a3a02a5408efee91cfa235b1325372804d49874a677719089b14e,22ebb86ce1395a6ea03d541a188eef6e92c3804779678fd6b9d986ea4a3704f1,ghnlm,1.0,41.47292857204815,0.9910172300319636,70.28732578762225,,fixed_independent,,,13.931406178002362,8,8,NLM_fast_cuda_global,,,,,
set50,high,39.gif,0,0.1,"[512, 512]",e43557540646572e4a7b69124c49ff2c37c4d1695507c5d64a44d09a5043958e,2cd48e49bed02f86e876dc092a5fe09f97580929bf9971223e5d235b9fc21e5d,ghnlm,1.0,43.032239184234406,0.9914286475775346,71.08755197099393,,fixed_independent,,,14.026178696003626,8,8,NLM_fast_cuda_global,,,,,
set50,high,12.gif,0,0.1,"[512, 512]",3c3ec23125fea9974f2e94c0d93a534edf2ec60d33b6af79f9a60fef58295de4,c499ec126eb1d4bd4772ea5064bf8c5aec9aedea33c962227fa457abfe5821f2,ghnlm,1.0,36.871072526313526,0.9731469854504495,67.09288553567924,,fixed_independent,,,18.62868216399511,8,8,NLM_fast_cuda_global,,,,,
set50,high,45.gif,0,0.1,"[512, 512]",72644242bceb1596c04ab4ddde11989c7aa206ee2094402fadeac9f9c500d55a,1c77a0ba17abe22ce790d8efab4ac203a1f91fa751c993883c8b6bb7b35b8ec7,ghnlm,1.0,39.50278016970175,0.9850927479994297,69.00602748482237,,fixed_independent,,,13.910735159006435,8,8,NLM_fast_cuda_global,,,,,
set50,high,11.gif,0,0.1,"[512, 512]",b12e0216f269d1ad8f5dfe769baf0fb60142ab5235a6d1d62707dc52ca591071,9cf4a3983f4c78b315b6e3696a2902c630e21959314e7d5ba80f4b5e3a698a9f,ghnlm,1.0,29.787908111346546,0.9744578956345484,63.616848837400696,,fixed_independent,,,13.931928926002001,8,8,NLM_fast_cuda_global,,,,,
set50,high,34.gif,0,0.1,"[512, 512]",42a4b02f48b536770f4d42c1c4884a5b2a4a662af62778249a90a16c1d9f5398,aeee58b67027a3d070fc355f6fa808729e4818e31921fdad3e72e016da9f0e59,ghnlm,1.0,38.036346005514865,0.9844454717770295,68.2404465916089,,fixed_independent,,,14.125194239008124,8,8,NLM_fast_cuda_global,,,,,
set50,medium,19.gif,0,0.05,"[512, 512]",d17c7663feb48c0fe318904421cb04ec7e850a109d952f66a49ac464a4176a1e,ab0f62ff71690b1f079d2442492232894b3d5cb0bd28f2a635a0154933a3ad9c,ghnlm,1.0,41.805376391503444,0.9942575883582208,70.61556761366276,,fixed_independent,,,7.3050118739920435,8,8,NLM_fast_cuda_global,,,,,
set50,medium,22.gif,0,0.05,"[512, 512]",dfe4f6c6370dbe0651bccc46e98ac3b787e8c63a3a37fb138fe6c81f3e32edd4,620f2e4a57fed79f61ab777b3e184c38652054c24847572fdb76c0001885adc8,ghnlm,1.0,38.084670136163645,0.9894159125877958,68.51313069747161,,fixed_independent,,,7.331475033992319,8,8,NLM_fast_cuda_global,,,,,
set50,medium,10.gif,0,0.05,"[512, 512]",e233b9bc584bbcbbdcbcbf3674e9c18c92aff37cf54afeec01dc2e7dc1811878,bf39e4c2af1601555be9f4f79c87f5f72e4d70b0d0c6fbe349afddc726c4b64a,ghnlm,1.0,45.37781697639644,0.9973108118972543,72.55444908306093,,fixed_independent,,,7.197321396000916,8,8,NLM_fast_cuda_global,,,,,
set50,medium,14.gif,0,0.05,"[512, 512]",83fe92c5398701971c09c467a97dc4bfdb94eb4b3ded548d26e5e7fcf62e4d2a,15c8aaec04915b3a2e6edfedfb300a609784bb53adf334bf8a8dfad53fca7e0e,ghnlm,1.0,32.85583252423426,0.9841976535341102,65.63779893882264,,fixed_independent,,,8.13947872701101,8,8,NLM_fast_cuda_global,,,,,
set50,medium,5.gif,0,0.05,"[512, 512]",49db903e1a87a0044a734fb77708aad9985011bc9ee9fb379099de1b4e946109,c2224edd221ea21c84e5117528a8db3adfc3696f14b7d240e12cc2d0730553af,ghnlm,1.0,47.084632439599005,0.9959027840124083,73.33745542041991,,fixed_independent,,,7.110318270002608,8,8,NLM_fast_cuda_global,,,,,
set50,medium,44.gif,0,0.05,"[512, 512]",f968969e97bf6f8f47fd5940af0bd7481b61f2df6d5d553882b8938123b37289,b3d71aafdd8875b49cb64bc4e793cabad947e6ab2f446605040bc133a31cd1d0,ghnlm,1.0,23.215517035732624,0.9378866358005549,58.50209030789405,,fixed_independent,,,13.469116911990568,8,8,NLM_fast_cuda_global,,,,,
set50,medium,42.gif,0,0.05,"[512, 512]",f9b953242d46fc204da43e46262ac3754e9428050546213f592efb0fb7398f12,6e3b11e5a5fc79d6e322f09ce90be37d3ffe0078940e736dc490e04f24ae9a34,ghnlm,1.0,30.686741994509134,0.98462311140615,64.57452656756206,,fixed_independent,,,8.458906349012977,8,8,NLM_fast_cuda_global,,,,,
set50,medium,38.gif,0,0.05,"[512, 512]",e39779dc60dbc76330293a5fdb44dfabe4d22433c36132e18afcf31a515217b4,2e0bec2731efda949bbf711f73c2cbc227dfc6737900f9055cfc90cf3cdf2fde,ghnlm,1.0,45.4571739266267,0.9953908079381935,72.49812736022302,,fixed_independent,,,7.360634785000002,8,8,NLM_fast_cuda_global,,,,,
set50,medium,48.gif,0,0.05,"[512, 512]",9b261d731fc3d639b0cc3dac391980b0c49dd558b24b95a14bb3f3eb9f3569d0,a747073b330968ee1aae040e4dc878fcf916f0a11f16fe05636a80b9fc875feb,ghnlm,1.0,44.37471857542861,0.9958114883875269,71.97793370709064,,fixed_independent,,,7.303135037000175,8,8,NLM_fast_cuda_global,,,,,
set50,medium,17.gif,0,0.05,"[512, 512]",6f8a02e1689062bed722742a554760dd74359b35fc8b969bab8beed8e59421a0,6af0ecd76919ca281da513ca27a3a90b46d370abb3eb6578013f06f4b900ca86,ghnlm,1.0,32.82669965653292,0.9376525416885108,63.295976912692,,fixed_independent,,,18.288317477999954,8,8,NLM_fast_cuda_global,,,,,
set50,medium,0.png,0,0.05,"[512, 512]",0a372ced9fd4d1f9633532a58073e3974b41da8cfc87f04ec8e9a8dc6a89bba1,95660ff47115848bd895ed7581195e91c2ab4a1746122ef36b82c4d90108493b,ghnlm,1.0,48.91938339032858,0.9987507722984851,74.39723031008855,,fixed_independent,,,7.498475298998528,8,8,NLM_fast_cuda_global,,,,,
set50,medium,16.gif,0,0.05,"[512, 512]",2d68b31ae4d4c10bc0e60742ba3064c10d62113ffb3ca9a7c14b80e40b0e6170,7455aaabfc63093d044293a592276a820637f19bca9681cbe7c6ff4252ab18b7,ghnlm,1.0,30.867565486879368,0.948667272856014,62.867146386240385,,fixed_independent,,,11.643151586002205,8,8,NLM_fast_cuda_global,,,,,
set50,medium,32.gif,0,0.05,"[512, 512]",c3cc3fb5da093d47d6808c6219ed907c3e69ab01954b1b929a8739cbbcc26493,d2e3e8ae3b57d5960df96ffa19753233b3b3181989f99a93fa4b43c98c09e669,ghnlm,1.0,29.908682364192476,0.8623090207926067,58.06979222172657,,fixed_independent,,,33.735749972009216,8,8,NLM_fast_cuda_global,,,,,
set50,medium,30.gif,0,0.05,"[512, 512]",b1cccc0e8d64bae511f9cd0c5596628364bd1e09c90c5e793604a1f7a55f642f,50942175cdb95f83dc200d5959fee5536d4754b54986e42ca9e7c656cbeb2d35,ghnlm,1.0,41.48067499857197,0.9920399247544882,70.34233373701039,,fixed_independent,,,7.199790818005567,8,8,NLM_fast_cuda_global,,,,,
set50,medium,43.gif,0,0.05,"[512, 512]",443801cafadb33c7829b313f4efd834e70cc313567a260dd2b5554dc7ee6be98,0f28e2bbe65b808a1ad16efa6f1a2414cb8e1679bad1f815c763acec68cff608,ghnlm,1.0,41.274760990481454,0.9932597296686585,70.30036697867365,,fixed_independent,,,8.69211514799099,8,8,NLM_fast_cuda_global,,,,,
set50,medium,47.gif,0,0.05,"[512, 512]",9005ddf994846f88305becd36c72a046818a094c026c69a8106c34b34a31a8fe,f0b3f05cda30a32f8298ccca20c4e29bcc50c140242aed6be8d436ed2cbce168,ghnlm,1.0,35.57882966082073,0.9891468321756934,67.24675643919504,,fixed_independent,,,7.677951649995521,8,8,NLM_fast_cuda_global,,,,,
set50,medium,25.gif,0,0.05,"[512, 512]",30838b6c4e963b60da10cc6158a119a7052a4ffa1ebdcc87bcf0054f681427c6,c89a7c0b0f09eb3263a9d11fe8efddbb4c1176dcd1ec6708e3bfd021c89ed096,ghnlm,1.0,43.95918299359312,0.9922340292058162,71.59129295708738,,fixed_independent,,,9.51521378599864,8,8,NLM_fast_cuda_global,,,,,
set50,medium,7.gif,0,0.05,"[512, 512]",5e3769e24988284e1036ce844ee8e0f11dbe28fe111f6a962e37864dc34b60dc,0b7b6c2421211e0fc8eb9beafb206d75c70b2b199d5853ec2da992719afaceeb,ghnlm,1.0,34.17692597493607,0.9876638754484975,66.47165675989291,,fixed_independent,,,7.282590028000413,8,8,NLM_fast_cuda_global,,,,,
set50,medium,15.gif,0,0.05,"[512, 512]",51e2066df33af18b47bcd356b17c6cdf04f2a5fd219ace410fcabb06698c6c71,39199cb66df82a184e9e3590d2a8fb0d07979479d1aa4b27f16430a55727c97d,ghnlm,1.0,37.158986012365375,0.9848128299247935,67.82013450242236,,fixed_independent,,,8.872482999009662,8,8,NLM_fast_cuda_global,,,,,
set50,medium,41.gif,0,0.05,"[512, 512]",1569598ab7f33ee44bcf70502565ffcd7528912a2c13cd1977fe64573770f1e6,639175861e9da8475bf7aae7e80671d5d0dab0e21f7e6410bb02e7d02ad6a8fb,ghnlm,1.0,42.72866288074651,0.9944127573556628,71.08496930815639,,fixed_independent,,,7.381671666997136,8,8,NLM_fast_cuda_global,,,,,
set50,medium,6.gif,0,0.05,"[512, 512]",ca956c8aa0ec2de8bd2e4d7545c7f969215d4f7f65cb72ee9d31cb17df0033b6,55397b364b569ec357ea88a4f227d75702d9c46065e68167ce5415a085e5c604,ghnlm,1.0,38.33691392228583,0.9823552556592883,68.28621974410733,,fixed_independent,,,10.896961140999338,8,8,NLM_fast_cuda_global,,,,,
set50,medium,21.gif,0,0.05,"[512, 512]",74d2fa3fc2447fd331660c09f2f468f3cce983dc347509d32564e992fdebaf9a,b6c46b122a5935b040c7876069901e8fa2e88d65c0dccd7d3eab28bd325feb1d,ghnlm,1.0,42.769591223303266,0.993589563392964,71.06427378129983,,fixed_independent,,,7.276631836997694,8,8,NLM_fast_cuda_global,,,,,
set50,medium,27.gif,0,0.05,"[512, 512]",bc7a1c1300b1b1bda264e18fbde62fa845194fac5839cb705a788c6ac331f517,bc5c0abc5cb89f2602601bed2e468d7abc51acd7e1e351256ff9700481db427e,ghnlm,1.0,36.74614553373683,0.9886041509505706,67.80328031439694,,fixed_independent,,,9.064170658995863,8,8,NLM_fast_cuda_global,,,,,
set50,medium,46.gif,0,0.05,"[512, 512]",14cdebcd7b2b9e534cc9717933df6ccb4861289237cde90700810e2e6e2e245f,d878c43c275cd0166300fe04d75a53c09d3d75d67cb3d908e5882e20a295ecc9,ghnlm,1.0,37.350627106028085,0.9900803184340723,68.17932947471766,,fixed_independent,,,8.247489618006512,8,8,NLM_fast_cuda_global,,,,,
set50,medium,20.gif,0,0.05,"[512, 512]",c3a4da195ffc62103521cd979723e50840fe46cfd989b567c826985f8b23dcf4,5bfaaf6ce3c548fbb6ee19f84702519c6eb63441cab262540222464802072c15,ghnlm,1.0,39.96847205349979,0.9909374620815011,69.53110913082494,,fixed_independent,,,7.564258774000336,8,8,NLM_fast_cuda_global,,,,,
set50,medium,2.gif,0,0.05,"[512, 512]",b101b795e2638a1e9dbdaa513bdc8be6090aed4d6ac294b155e5f3a2c7c0bb80,47bd00b70c71b3de67094cd318e7fb07d41c4b8231d7032dbe43d4a7fd0afd84,ghnlm,1.0,44.34687423122243,0.994253369654729,71.88610559834765,,fixed_independent,,,7.386205833012355,8,8,NLM_fast_cuda_global,,,,,
set50,medium,40.gif,0,0.05,"[512, 512]",911cad3f1d559f196f94ed9e80a9602969b74319acb1d70da238efdb48af38e2,dc1d71ab921c00086086b6fde9eb97f5acf18f1ed049f18da885c811f2618fe2,ghnlm,1.0,49.59312118474527,0.9968196268621498,74.63754193548013,,fixed_independent,,,7.362708489003126,8,8,NLM_fast_cuda_global,,,,,
set50,medium,31.gif,0,0.05,"[512, 512]",33781418a1e6e85521011be7d450b002a8f8a8f1ba68a79c1219f3b3ba59b160,a83f1584e818989261cb11cf48877cb0c510282d8114787afbbd003206284810,ghnlm,1.0,29.617703307892377,0.9467259016777722,62.14514673783479,,fixed_independent,,,12.235988341009943,8,8,NLM_fast_cuda_global,,,,,
set50,medium,29.gif,0,0.05,"[512, 512]",1eeb76c0386fbcd563a08eb25bbeffde427bdc62658e4bcc02c8aafbf733f219,83a2de1c8dcf51614771b01920c82a7c23337d67875efe46d6c405c5127135c7,ghnlm,1.0,31.731540576134087,0.9288173208327055,62.306636329702314,,fixed_independent,,,14.263221569010057,8,8,NLM_fast_cuda_global,,,,,
set50,medium,33.gif,0,0.05,"[512, 512]",7a10c4eca50167d8d459c2505f2b0f21cfb399e7b01adccaa0422695496c2e72,08d26c934a289bb92e048127732aeadfa9b78a9f4b5882efb73995bdf3cd72d1,ghnlm,1.0,39.08694490274664,0.9843919304500492,68.76306897387579,,fixed_independent,,,8.714104469006998,8,8,NLM_fast_cuda_global,,,,,
set50,medium,24.gif,0,0.05,"[512, 512]",b8f6ebed7641854cd23e807c2f78d350f1373b2fe7f96e6ea18f8531797fbc3a,7df6a26996b27055fbd6fade2729c1bef1483650ee3f0c3831c8b73955e45a96,ghnlm,1.0,43.4203176049785,0.9934891438071145,71.38461599284497,,fixed_independent,,,7.616747612002655,8,8,NLM_fast_cuda_global,,,,,
set50,medium,3.gif,0,0.05,"[512, 512]",e3e2313cc250162bd613776c7b0063891d9d56b3576c9808ac5c8c0e7e8fcb8d,796ec59771c5391e193cc91c432e0a5596e1920f3a4db227d9eb10f6a3d518d5,ghnlm,1.0,41.03721193064708,0.9917417919785418,70.10569556425064,,fixed_independent,,,8.214051974995527,8,8,NLM_fast_cuda_global,,,,,
set50,medium,1.gif,0,0.05,"[512, 512]",95f21dff4cd5a318a519cb05a1e35fb41f49c007ca46345fd6917258be8d9d73,e24ed88e7f0eb2dddfa6a9612b63b2c33becdf037cb98dd934bdb9f01a47ea78,ghnlm,1.0,38.353874492475846,0.9930148413263529,68.82767931255556,,fixed_independent,,,7.402644527988741,8,8,NLM_fast_cuda_global,,,,,
set50,medium,23.gif,0,0.05,"[512, 512]",05918015ae96873f255fec3e75ace895a76214abbeffdbfff55b5cf6214224c6,655503e7d7fab0b5c67c003c7369ebf5019a3bde7ab7b4ded0a31511df31d745,ghnlm,1.0,48.24273574948038,0.996856976329402,73.96421669121028,,fixed_independent,,,7.322285215996089,8,8,NLM_fast_cuda_global,,,,,
set50,medium,35.gif,0,0.05,"[512, 512]",353590d221e21b53b97858fbc575a2320a10336f21bbed5dd461fa942bab100f,d8405f20d92cf2c558f2ca882734d0a50ace70c0b016ae8d28e3ae1f7bf374d8,ghnlm,1.0,43.1004720680679,0.9924206066091398,71.17126636449095,,fixed_independent,,,7.482018552997033,8,8,NLM_fast_cuda_global,,,,,
set50,medium,36.gif,0,0.05,"[512, 512]",99a41bcc709d43204ca0f73a6593656300237e5367043081c5065ca77d5e3628,57e4e3e6cfe9d42cb759240f0c415ccaf8f59eecb6632db03e3d83df22720313,ghnlm,1.0,40.176400559469954,0.9924992750580311,69.71316403263654,,fixed_independent,,,7.410618103996967,8,8,NLM_fast_cuda_global,,,,,
set50,medium,26.gif,0,0.05,"[512, 512]",3efcc155fe7f35f9428c0536c9c1dc2b826188d5f0a5b0a90ecbf681233221e2,854fb7772003d6ba3ae6e98b9a7fb849cc21ff8676ba7f04a3260e753a54d7cd,ghnlm,1.0,46.23837249895536,0.9954851602668522,72.89344426282028,,fixed_independent,,,7.511544307999429,8,8,NLM_fast_cuda_global,,,,,
set50,medium,37.gif,0,0.05,"[512, 512]",74881a36c4896c931da56c784ac35afb478dc71ae7af27894deeb074f83e518a,036505e5dfbec15ce66a6908c05abf048cc47a82646c9b6094a5edfac7c701dc,ghnlm,1.0,42.204335579537016,0.9910641328244162,70.65537443098933,,fixed_independent,,,7.277299740002491,8,8,NLM_fast_cuda_global,,,,,
set50,medium,13.gif,0,0.05,"[512, 512]",c34b796bde09761f5bc3c358f20b72f49e020580ed0a76d5456c61f0da4499eb,e2de224a77a3db31067ae6e062087f6bfac38a8df3f2a2d549c5cef396b3bc18,ghnlm,1.0,42.97395624383956,0.996519625293818,71.31295938661069,,fixed_independent,,,7.622002296993742,8,8,NLM_fast_cuda_global,,,,,
set50,medium,28.gif,0,0.05,"[512, 512]",f509179793e6551fbec77f8fdd91e45d53d2dd6e0a87394377c4bb4c52eb9a43,58a9abd4838209bd106b4a74ece0597005b07fe99a36d69bd1aa86ba516bad88,ghnlm,1.0,43.36212102993002,0.9914896266825838,71.2555418490942,,fixed_independent,,,7.151830326998606,8,8,NLM_fast_cuda_global,,,,,
set50,medium,9.gif,0,0.05,"[512, 512]",8b76cd61996084e7d23b9f638b4d32839d9f6ac7965ef9b585f78bdbdaff16b3,e0f43ad256990bfaa3242b836c5dd9d4cf4e80021e09d929388010da18ae0559,ghnlm,1.0,35.246325368556924,0.9833360939280301,66.78996738067997,,fixed_independent,,,9.867092475004029,8,8,NLM_fast_cuda_global,,,,,
set50,medium,18.gif,0,0.05,"[512, 512]",539caf0cced15a86b729848a1a182b75776a621cf01b5e9a62085f53b86f3407,4a90c942e2032c8804b9ebb9792d42187fe4daeee7ef4378cd6b6eb20be33093,ghnlm,1.0,29.981822297098123,0.9766157730634835,63.821699801723234,,fixed_independent,,,8.956012359005399,8,8,NLM_fast_cuda_global,,,,,
set50,medium,49.gif,0,0.05,"[512, 512]",8311e02cd6238d6e74f6a9bf6fa5c250d748ceec5882a86242e2452c587cdf2b,5a601ed1dcc9698d64a9477467d78dda4fff8dd35cfeaf9d23934a7ad5017559,ghnlm,1.0,21.451214147341084,0.8656277315396845,54.00699365065476,,fixed_independent,,,38.819039567999425,8,8,NLM_fast_cuda_global,,,,,
set50,medium,4.gif,0,0.05,"[512, 512]",fd89b9bfe327e11c7cfbc851fff026261f2c33ef17edc9373682def6616fdc4f,1bddc85da101df43df7bb7612200d6defe6021e2962e858d3d0572298eb96ac2,ghnlm,1.0,44.53236023582426,0.9945339447368574,71.992877354755,,fixed_independent,,,7.375789794998127,8,8,NLM_fast_cuda_global,,,,,
set50,medium,8.gif,0,0.05,"[512, 512]",fd53a01b9f6a3a02a5408efee91cfa235b1325372804d49874a677719089b14e,e2dea4fbc7e21862ca9af16abc32c18c40a4dd5dd02696d500714675394acfb8,ghnlm,1.0,44.701397425145515,0.9956461166682848,72.133004545987,,fixed_independent,,,7.232997611004976,8,8,NLM_fast_cuda_global,,,,,
set50,medium,39.gif,0,0.05,"[512, 512]",e43557540646572e4a7b69124c49ff2c37c4d1695507c5d64a44d09a5043958e,3302c586943fdd9db0f9ba7e02a73af0dce174011bc328f077b07b2e455337b4,ghnlm,1.0,46.253249251321414,0.9959528298235792,72.92426611683968,,fixed_independent,,,7.296417828008998,8,8,NLM_fast_cuda_global,,,,,
set50,medium,12.gif,0,0.05,"[512, 512]",3c3ec23125fea9974f2e94c0d93a534edf2ec60d33b6af79f9a60fef58295de4,59d963dcd00180e7f3f72547745489e101cd7eff2175e5f3bb993ec828ffbb2f,ghnlm,1.0,39.4374625111551,0.9854609634029986,68.99177942572747,,fixed_independent,,,12.532763518000138,8,8,NLM_fast_cuda_global,,,,,
set50,medium,45.gif,0,0.05,"[512, 512]",72644242bceb1596c04ab4ddde11989c7aa206ee2094402fadeac9f9c500d55a,81ad42bbcf0b5e8f33c2ad489cebceb574e8a1035bc12ec2a3d57de309ae0f6a,ghnlm,1.0,42.80221073327978,0.992821295202216,71.04217012675069,,fixed_independent,,,7.1713383449969115,8,8,NLM_fast_cuda_global,,,,,
set50,medium,11.gif,0,0.05,"[512, 512]",b12e0216f269d1ad8f5dfe769baf0fb60142ab5235a6d1d62707dc52ca591071,901e5232f1e9d4af8b7e7854cd94540c565ee392f1959e992aa40cca5ec504b7,ghnlm,1.0,32.21147618198481,0.9868698530417346,65.44923074307914,,fixed_independent,,,7.307784763004747,8,8,NLM_fast_cuda_global,,,,,
set50,medium,34.gif,0,0.05,"[512, 512]",42a4b02f48b536770f4d42c1c4884a5b2a4a662af62778249a90a16c1d9f5398,f88df87e1cc3de2cabfeea22db517da9ce53ffbe36b4b8fcb3fda6b33e5bcef7,ghnlm,1.0,41.15776213478679,0.99241395968815,70.1995790518009,,fixed_independent,,,7.184910594995017,8,8,NLM_fast_cuda_global,,,,,
set50,extreme,10.gif,0,0.2,"[512, 512]",e233b9bc584bbcbbdcbcbf3674e9c18c92aff37cf54afeec01dc2e7dc1811878,c2298b7f30afbb2db5aebc17d7f29055d6f3492e431507d9548fbcca879a142f,ghnlm,1.0,38.53967499571196,0.9879926001592473,68.66946750581835,,fixed_independent,,,27.082745652005542,8,8,NLM_fast_cuda_global,,,,,
set50,extreme,0.png,0,0.2,"[512, 512]",0a372ced9fd4d1f9633532a58073e3974b41da8cfc87f04ec8e9a8dc6a89bba1,bb82ddd95a6a25e95485a996c31e0375130595fb41bbf773b1bd5b01c13959c1,ghnlm,1.0,41.35757312069363,0.9939466128254741,70.37611720162053,,fixed_independent,,,27.604217349988176,8,8,NLM_fast_cuda_global,,,,,
set50,extreme,1.gif,0,0.2,"[512, 512]",95f21dff4cd5a318a519cb05a1e35fb41f49c007ca46345fd6917258be8d9d73,54e822cbce4710b252fbe64e0411a8ba078cc0c39f84b7119227543ee0ff4185,ghnlm,1.0,31.862504731800247,0.9676600716964812,64.31425595072419,,fixed_independent,,,27.090518363009323,8,8,NLM_fast_cuda_global,,,,,
set50,moderate,19.gif,0,0.03,"[512, 512]",d17c7663feb48c0fe318904421cb04ec7e850a109d952f66a49ac464a4176a1e,4a77cc7feb68ac2e5a85825f247e8e4c3c9679a7c0426f5bfdcd4072c19d4627,ghnlm,1.0,44.01043161260866,0.9965923417938017,71.83483289599442,,fixed_independent,,,4.51792685399414,8,8,NLM_fast_cuda_global,,,,,
set50,moderate,22.gif,0,0.03,"[512, 512]",dfe4f6c6370dbe0651bccc46e98ac3b787e8c63a3a37fb138fe6c81f3e32edd4,2e45a4290be99d09ad7c8b15ab628d656e317851811cf62a814d56799172c143,ghnlm,1.0,40.36172033265614,0.9936490967481754,69.86331500373684,,fixed_independent,,,4.52622169800452,8,8,NLM_fast_cuda_global,,,,,
set50,moderate,10.gif,0,0.03,"[512, 512]",e233b9bc584bbcbbdcbcbf3674e9c18c92aff37cf54afeec01dc2e7dc1811878,bf021845440d96f05ab8d1c21303bf9963fdc05185458026279984bb6cf67882,ghnlm,1.0,47.36130062014634,0.9983965452706689,73.60047757360661,,fixed_independent,,,4.566869132002466,8,8,NLM_fast_cuda_global,,,,,
set50,moderate,14.gif,0,0.03,"[512, 512]",83fe92c5398701971c09c467a97dc4bfdb94eb4b3ded548d26e5e7fcf62e4d2a,abe42801e069a3aebf3f39389e875a54b88a4e1f606a29719e6111251e33d91b,ghnlm,1.0,33.90965829979712,0.9887877611294341,66.39421720637027,,fixed_independent,,,5.218696677009575,8,8,NLM_fast_cuda_global,,,,,
set50,moderate,5.gif,0,0.03,"[512, 512]",49db903e1a87a0044a734fb77708aad9985011bc9ee9fb379099de1b4e946109,af29f9154f09d34b94284c16eae6366125c9201801f5961f397ede4007ff8d2a,ghnlm,1.0,49.38538507907822,0.9975797169473107,74.57167838690464,,fixed_independent,,,4.859023708006134,8,8,NLM_fast_cuda_global,,,,,
set50,moderate,44.gif,0,0.03,"[512, 512]",f968969e97bf6f8f47fd5940af0bd7481b61f2df6d5d553882b8938123b37289,bb1a9080a734e4376c0068ee09317d2e77d45ff3bc06189f526414812d722522,ghnlm,1.0,23.503166714771652,0.9448905023084974,58.9961084728107,,fixed_independent,,,11.114727593012503,8,8,NLM_fast_cuda_global,,,,,
set50,moderate,42.gif,0,0.03,"[512, 512]",f9b953242d46fc204da43e46262ac3754e9428050546213f592efb0fb7398f12,5a97f335dd14d16fa2a26568a61dbdd1f0cd96c034e1d93323385c6c8ee1278b,ghnlm,1.0,30.891781288372457,0.9884242269688782,64.86710199263014,,fixed_independent,,,5.91552322699863,8,8,NLM_fast_cuda_global,,,,,
set50,moderate,38.gif,0,0.03,"[512, 512]",e39779dc60dbc76330293a5fdb44dfabe4d22433c36132e18afcf31a515217b4,7b05a5462bc68e44134575d6e71c54256811d7816777d48e15b8ebff29020534,ghnlm,1.0,47.741789568455715,0.9972991744764333,73.73585350804953,,fixed_independent,,,4.6048516260052565,8,8,NLM_fast_cuda_global,,,,,
set50,moderate,48.gif,0,0.03,"[512, 512]",9b261d731fc3d639b0cc3dac391980b0c49dd558b24b95a14bb3f3eb9f3569d0,be699cc3e412bf91ef9e26d4f7be8e45cc78cbc1049db067c20cc8e0fdefa309,ghnlm,1.0,46.6468219686854,0.9974971430580023,73.19826813724282,,fixed_independent,,,5.268162731998018,8,8,NLM_fast_cuda_global,,,,,
set50,moderate,17.gif,0,0.03,"[512, 512]",6f8a02e1689062bed722742a554760dd74359b35fc8b969bab8beed8e59421a0,29b950eb5447df2cee11f6d9ed1e4ef64d57aa95f3d5eddc1297ed8706b401b4,ghnlm,1.0,34.165646656731724,0.9517066692861843,64.66815679267508,,fixed_independent,,,15.809661727995262,8,8,NLM_fast_cuda_global,,,,,
set50,moderate,0.png,0,0.03,"[512, 512]",0a372ced9fd4d1f9633532a58073e3974b41da8cfc87f04ec8e9a8dc6a89bba1,1890871d8ac6fdf241ae77566f9a0eb175baed8033bd8ffbdecf5475a45749fe,ghnlm,1.0,51.10063721293622,0.9992587617008634,75.51325669151129,,fixed_independent,,,4.7210162179981126,8,8,NLM_fast_cuda_global,,,,,
set50,moderate,16.gif,0,0.03,"[512, 512]",2d68b31ae4d4c10bc0e60742ba3064c10d62113ffb3ca9a7c14b80e40b0e6170,108534efa550eb43c28b1af1689dc7e2b4ce02a2879364bb26dfe0bda7ea36a0,ghnlm,1.0,31.521025527420083,0.9566290925577124,63.59196739159566,,fixed_independent,,,9.12210489800782,8,8,NLM_fast_cuda_global,,,,,
set50,moderate,32.gif,0,0.03,"[512, 512]",c3cc3fb5da093d47d6808c6219ed907c3e69ab01954b1b929a8739cbbcc26493,d278879439261ffe9ed28694e5eea47639c1b8f5a8a94bace3543395b60dd533,ghnlm,1.0,31.2591622458562,0.8881092675290367,60.035044499379936,,fixed_independent,,,31.359795612006565,8,8,NLM_fast_cuda_global,,,,,
set50,moderate,30.gif,0,0.03,"[512, 512]",b1cccc0e8d64bae511f9cd0c5596628364bd1e09c90c5e793604a1f7a55f642f,d28020be6943581ea586663a46ffe8f3a0fb5dabd1de0042b989c19d113e461f,ghnlm,1.0,43.72260990076042,0.9952758019307072,71.62509504691556,,fixed_independent,,,4.5123288329923525,8,8,NLM_fast_cuda_global,,,,,
set50,moderate,43.gif,0,0.03,"[512, 512]",443801cafadb33c7829b313f4efd834e70cc313567a260dd2b5554dc7ee6be98,1f8784755ea55d81ac618ccaca204d47bf177db66bd5c7daaede569bb788a981,ghnlm,1.0,43.08668656255654,0.9952006887184904,71.30337771720279,,fixed_independent,,,6.156507928011706,8,8,NLM_fast_cuda_global,,,,,
set50,moderate,47.gif,0,0.03,"[512, 512]",9005ddf994846f88305becd36c72a046818a094c026c69a8106c34b34a31a8fe,4d80ef3a631443edbca7f0f765de5e35a2502b2f168084e29548ba4f32211a34,ghnlm,1.0,37.4552844477306,0.9936505232734157,68.41016838753609,,fixed_independent,,,4.979212057005498,8,8,NLM_fast_cuda_global,,,,,
set50,moderate,25.gif,0,0.03,"[512, 512]",30838b6c4e963b60da10cc6158a119a7052a4ffa1ebdcc87bcf0054f681427c6,8e83987dd80258df03bc1d39081bd12f3e414e2a92e3b00b5454514001fa330e,ghnlm,1.0,44.973086089385404,0.993927216067186,72.182903848052,,fixed_independent,,,6.344097602006514,8,8,NLM_fast_cuda_global,,,,,
set50,moderate,7.gif,0,0.03,"[512, 512]",5e3769e24988284e1036ce844ee8e0f11dbe28fe111f6a962e37864dc34b60dc,43f856b2e4729aee32854ee85f842476fc982f3d9d390db1fb2b7253e4e7e89c,ghnlm,1.0,36.13968988069078,0.992500309707761,67.69486042573345,,fixed_independent,,,4.728732524992665,8,8,NLM_fast_cuda_global,,,,,
set50,moderate,15.gif,0,0.03,"[512, 512]",51e2066df33af18b47bcd356b17c6cdf04f2a5fd219ace410fcabb06698c6c71,2d9093eb41be84ce7ed0d978b9b19c485cbf154d47e52c2dd0fd828853447d0c,ghnlm,1.0,38.55465051572026,0.9886980549640353,68.71222800606189,,fixed_independent,,,6.1685877650015755,8,8,NLM_fast_cuda_global,,,,,
set50,moderate,41.gif,0,0.03,"[512, 512]",1569598ab7f33ee44bcf70502565ffcd7528912a2c13cd1977fe64573770f1e6,ff0263a6707841b84077f68687f1b5681a02f5a5751a9c11140365b8582c92b3,ghnlm,1.0,44.83791472805012,0.9965895790776937,72.24843631790975,,fixed_independent,,,5.1488956560060615,8,8,NLM_fast_cuda_global,,,,,
set50,moderate,6.gif,0,0.03,"[512, 512]",ca956c8aa0ec2de8bd2e4d7545c7f969215d4f7f65cb72ee9d31cb17df0033b6,84221910b6b9a6acdbb5afef9fc1ca7d246990555c43db357055a2f7fb1696d9,ghnlm,1.0,39.619324885532706,0.9864848289703799,69.13390389128534,,fixed_independent,,,8.209180306002963,8,8,NLM_fast_cuda_global,,,,,
set50,moderate,21.gif,0,0.03,"[512, 512]",74d2fa3fc2447fd331660c09f2f468f3cce983dc347509d32564e992fdebaf9a,d5ccfab06b048653f8250b070ca0b04342317d22a38961fa45c8b80e0d09c15a,ghnlm,1.0,45.07953672072819,0.996228196875665,72.35117820414735,,fixed_independent,,,4.619722673000069,8,8,NLM_fast_cuda_global,,,,,
set50,moderate,27.gif,0,0.03,"[512, 512]",bc7a1c1300b1b1bda264e18fbde62fa845194fac5839cb705a788c6ac331f517,aab60ccc545edf9dca9fa48d80e67ab5ad51f1057b062d7157c1f27cece394a7,ghnlm,1.0,37.18268285410443,0.9909468874435647,68.13868579923044,,fixed_independent,,,6.548967783004628,8,8,NLM_fast_cuda_global,,,,,
set50,moderate,46.gif,0,0.03,"[512, 512]",14cdebcd7b2b9e534cc9717933df6ccb4861289237cde90700810e2e6e2e245f,f68a978e6ae4cceafd52796314ca1bd61710126b4514f19d2cf2a1dbf543f9eb,ghnlm,1.0,38.770731588478625,0.9933568289460806,69.05320724154333,,fixed_independent,,,5.467624832002912,8,8,NLM_fast_cuda_global,,,,,
set50,moderate,20.gif,0,0.03,"[512, 512]",c3a4da195ffc62103521cd979723e50840fe46cfd989b567c826985f8b23dcf4,00025b7fcbcf353bccb34525bf06153c13450094f9fb05eda8e25b4b3cf81775,ghnlm,1.0,41.71903166260357,0.9942184368335418,70.57043767297887,,fixed_independent,,,4.940105011002743,8,8,NLM_fast_cuda_global,,,,,
set50,moderate,2.gif,0,0.03,"[512, 512]",b101b795e2638a1e9dbdaa513bdc8be6090aed4d6ac294b155e5f3a2c7c0bb80,7815db9fcaba45ca1fe9659edc8745c582da03a285a37be6aefbfc147089a99b,ghnlm,1.0,46.660203659758594,0.9966394754170473,73.16207560073167,,fixed_independent,,,4.8441236869985005,8,8,NLM_fast_cuda_global,,,,,
set50,moderate,40.gif,0,0.03,"[512, 512]",911cad3f1d559f196f94ed9e80a9602969b74319acb1d70da238efdb48af38e2,4ed4227588674f3dfbd060c06df4a2a8737dae851b4ce97b19d6d26acd29cd88,ghnlm,1.0,51.96246586248354,0.9981526079857697,75.88886333053026,,fixed_independent,,,4.653064141006325,8,8,NLM_fast_cuda_global,,,,,
set50,moderate,31.gif,0,0.03,"[512, 512]",33781418a1e6e85521011be7d450b002a8f8a8f1ba68a79c1219f3b3ba59b160,6c04ab1e187ca58f545f9b32e49810d14cc9f4baabf6e8b2e3ab576507435c08,ghnlm,1.0,30.41789124188292,0.9534752381814073,62.88270753001183,,fixed_independent,,,9.238847995002288,8,8,NLM_fast_cuda_global,,,,,
set50,moderate,29.gif,0,0.03,"[512, 512]",1eeb76c0386fbcd563a08eb25bbeffde427bdc62658e4bcc02c8aafbf733f219,7e36de98996efc03518db23d8b2790304e843bc1b59fa6dbd37c32ded4a6902b,ghnlm,1.0,32.36521048659953,0.935504065490335,62.95780851781652,,fixed_independent,,,12.627673071998288,8,8,NLM_fast_cuda_global,,,,,
set50,moderate,33.gif,0,0.03,"[512, 512]",7a10c4eca50167d8d459c2505f2b0f21cfb399e7b01adccaa0422695496c2e72,ba09b5b2b00094264b93b15dfe764f5f155d14fd8012fef6795bbb30e2e02af9,ghnlm,1.0,40.365404776247374,0.988186437457032,69.59202426097528,,fixed_independent,,,6.143639572997927,8,8,NLM_fast_cuda_global,,,,,
set50,moderate,24.gif,0,0.03,"[512, 512]",b8f6ebed7641854cd23e807c2f78d350f1373b2fe7f96e6ea18f8531797fbc3a,00361d9d18adafe8f56c1222f7c494507b310d4a76d7b0c8a82b2c1609574b41,ghnlm,1.0,44.81980573742268,0.9954546218037894,72.18263395890081,,fixed_independent,,,4.840749832990696,8,8,NLM_fast_cuda_global,,,,,
set50,moderate,3.gif,0,0.03,"[512, 512]",e3e2313cc250162bd613776c7b0063891d9d56b3576c9808ac5c8c0e7e8fcb8d,dd14e890ca3c05f9cb0de1181aa5a5db0779077468bd4909ced1783680752557,ghnlm,1.0,42.24649212371547,0.9938976569550619,70.81812890961083,,fixed_independent,,,5.670434286992531,8,8,NLM_fast_cuda_global,,,,,
set50,moderate,1.gif,0,0.03,"[512, 512]",95f21dff4cd5a318a519cb05a1e35fb41f49c007ca46345fd6917258be8d9d73,b046c3ca53ac27d398655bff7451b2b566c0b17466b8819f428a346cbe1fb919,ghnlm,1.0,40.84813417291102,0.9959797853702577,70.22305635496839,,fixed_independent,,,4.841818200002308,8,8,NLM_fast_cuda_global,,,,,
set50,moderate,23.gif,0,0.03,"[512, 512]",05918015ae96873f255fec3e75ace895a76214abbeffdbfff55b5cf6214224c6,2daf28aacbb63227de565cd84c202daafbc0a84772d4320a0d4213b8214207da,ghnlm,1.0,50.46775598639716,0.9981179477529917,75.13977538084816,,fixed_independent,,,4.841732436994789,8,8,NLM_fast_cuda_global,,,,,
set50,moderate,35.gif,0,0.03,"[512, 512]",353590d221e21b53b97858fbc575a2320a10336f21bbed5dd461fa942bab100f,0fb08c5de87a5a41e52590493adbddf82a33f95b9154da10a9801c12a103de9f,ghnlm,1.0,45.54604043689327,0.9955303777635723,72.54953910662525,,fixed_independent,,,4.733666801999789,8,8,NLM_fast_cuda_global,,,,,
set50,moderate,36.gif,0,0.03,"[512, 512]",99a41bcc709d43204ca0f73a6593656300237e5367043081c5065ca77d5e3628,ac5122e3551e0bbc5ce45212b3e5a5b0036fdaec4bb1859d21d61fc5d6d185a9,ghnlm,1.0,42.54923740305492,0.995583651341705,71.05380126861272,,fixed_independent,,,4.6812235029938165,8,8,NLM_fast_cuda_global,,,,,
set50,moderate,26.gif,0,0.03,"[512, 512]",3efcc155fe7f35f9428c0536c9c1dc2b826188d5f0a5b0a90ecbf681233221e2,80df9d16ce4f4c986faf28bb5b520724b7cc3964f0373fd572fa16b065e88889,ghnlm,1.0,48.44123675884008,0.9973096679851423,74.08610177867715,,fixed_independent,,,4.650929508003173,8,8,NLM_fast_cuda_global,,,,,
set50,moderate,37.gif,0,0.03,"[512, 512]",74881a36c4896c931da56c784ac35afb478dc71ae7af27894deeb074f83e518a,7173cba5345fcfbe9557abb697d95042a919f4d6122da8ce612d77d8fb82cf11,ghnlm,1.0,44.641571785754984,0.9948312558373292,72.06234868474395,,fixed_independent,,,4.534447311001713,8,8,NLM_fast_cuda_global,,,,,
set50,moderate,13.gif,0,0.03,"[512, 512]",c34b796bde09761f5bc3c358f20b72f49e020580ed0a76d5456c61f0da4499eb,a2f2a757fc1c83f9bed8ee3c789083b32351ef8857a1a102fba848a3fe7d0f2a,ghnlm,1.0,44.99399470972067,0.9978806065047887,72.39102768009977,,fixed_independent,,,4.625576828999328,8,8,NLM_fast_cuda_global,,,,,
set50,moderate,28.gif,0,0.03,"[512, 512]",f509179793e6551fbec77f8fdd91e45d53d2dd6e0a87394377c4bb4c52eb9a43,0ec572cf93ac546cce976f078eeb44740a3e46ee9a4fce5909a4ee51526b79a3,ghnlm,1.0,45.775159688679196,0.994911414481596,72.63315056841941,,fixed_independent,,,4.905088885003352,8,8,NLM_fast_cuda_global,,,,,
set50,moderate,9.gif,0,0.03,"[512, 512]",8b76cd61996084e7d23b9f638b4d32839d9f6ac7965ef9b585f78bdbdaff16b3,08ebebac1d0c3f7ebfafdfa8e93fa92ed980cc02966803336351778a3d0128df,ghnlm,1.0,35.996720917274,0.986719584622342,67.3343396897541,,fixed_independent,,,7.58665742399171,8,8,NLM_fast_cuda_global,,,,,
set50,moderate,18.gif,0,0.03,"[512, 512]",539caf0cced15a86b729848a1a182b75776a621cf01b5e9a62085f53b86f3407,762e6943b9437065f73e4f6277554701b84063ead3f21c15cf1e7188d5fc83c8,ghnlm,1.0,30.616518445461985,0.9814701260036545,64.38176552291371,,fixed_independent,,,6.246124445999158,8,8,NLM_fast_cuda_global,,,,,
set50,moderate,49.gif,0,0.03,"[512, 512]",8311e02cd6238d6e74f6a9bf6fa5c250d748ceec5882a86242e2452c587cdf2b,51d6c89faaff83ef0b7b15a14c8357cccf0aa1dd8a38cf19b3dc5e7488c4f352,ghnlm,1.0,21.845902434537333,0.8907337520112357,55.45963881783045,,fixed_independent,,,43.9100769200013,8,8,NLM_fast_cuda_global,,,,,
set50,moderate,4.gif,0,0.03,"[512, 512]",fd89b9bfe327e11c7cfbc851fff026261f2c33ef17edc9373682def6616fdc4f,90c0c67bdd6ea5e7262ae4a17200e7f45a845bcba4d8cd17bc0c12abd43e6ccf,ghnlm,1.0,46.452513053732176,0.9966249644413421,73.05750474893318,,fixed_independent,,,4.652736162999645,8,8,NLM_fast_cuda_global,,,,,
set50,moderate,8.gif,0,0.03,"[512, 512]",fd53a01b9f6a3a02a5408efee91cfa235b1325372804d49874a677719089b14e,eb3e181f36ac425d497e384772f1bc27cbb99aaccac73affe890e3b538d1fec8,ghnlm,1.0,47.021822282640784,0.9974384242050618,73.38283235157348,,fixed_independent,,,4.73851340499823,8,8,NLM_fast_cuda_global,,,,,
set50,moderate,39.gif,0,0.03,"[512, 512]",e43557540646572e4a7b69124c49ff2c37c4d1695507c5d64a44d09a5043958e,b18d17a3f4769d559d7b4a3cbb523afee8371b8e3419c1884514b2f407e9a4ac,ghnlm,1.0,48.38483982550355,0.9975830821710892,74.07157402130623,,fixed_independent,,,4.830556100001559,8,8,NLM_fast_cuda_global,,,,,
set50,moderate,12.gif,0,0.03,"[512, 512]",3c3ec23125fea9974f2e94c0d93a534edf2ec60d33b6af79f9a60fef58295de4,a88e463713c8906dc55b4636147c4434d127d68a71e2e4d94601b4da5b09fa9e,ghnlm,1.0,40.95200656010619,0.9892085032605835,69.93642844308228,,fixed_independent,,,10.080727043008665,8,8,NLM_fast_cuda_global,,,,,
set50,moderate,45.gif,0,0.03,"[512, 512]",72644242bceb1596c04ab4ddde11989c7aa206ee2094402fadeac9f9c500d55a,8f542b8722cb2b0dabbae2e6f726b67333642ec2c57fc7ddbf447d23110afc60,ghnlm,1.0,45.04406089704542,0.9957796149497588,72.31101119601065,,fixed_independent,,,4.672075542999664,8,8,NLM_fast_cuda_global,,,,,
set50,moderate,11.gif,0,0.03,"[512, 512]",b12e0216f269d1ad8f5dfe769baf0fb60142ab5235a6d1d62707dc52ca591071,2b4a035721bdad7497c2bbf55e4f48957b4abd07b77f288442c504b9a2e5e739,ghnlm,1.0,33.635424421935426,0.9919146859249156,66.4134465072135,,fixed_independent,,,4.758422912011156,8,8,NLM_fast_cuda_global,,,,,
set50,moderate,34.gif,0,0.03,"[512, 512]",42a4b02f48b536770f4d42c1c4884a5b2a4a662af62778249a90a16c1d9f5398,55a28dcc5b7916918ef13b18a26e0b258b3c954f785ec8c1ee8d6498ea3b939b,ghnlm,1.0,43.427469217810184,0.9955546686354019,71.49146804067519,,fixed_independent,,,4.602426594006829,8,8,NLM_fast_cuda_global,,,,,
set50,low,19.gif,0,0.01,"[512, 512]",d17c7663feb48c0fe318904421cb04ec7e850a109d952f66a49ac464a4176a1e,4d9fcea700a23bddd85518f70e1f1a21427252e043050cf82bbd584a784dcdf2,ghnlm,1.0,48.692697752247234,0.9988233684078056,74.2875172965139,,fixed_independent,,,2.052037980000023,8,8,NLM_fast_cuda_global,,,,,
set50,low,22.gif,0,0.01,"[512, 512]",dfe4f6c6370dbe0651bccc46e98ac3b787e8c63a3a37fb138fe6c81f3e32edd4,b2c86302dd35784935b349103eea4994bac78882b1f66fe05cbd0eff3c4f3692,ghnlm,1.0,45.37286273579086,0.9978522040105621,72.57904156842353,,fixed_independent,,,2.053800075998879,8,8,NLM_fast_cuda_global,,,,,
set50,low,10.gif,0,0.01,"[512, 512]",e233b9bc584bbcbbdcbcbf3674e9c18c92aff37cf54afeec01dc2e7dc1811878,ed18cdba5c14f3575b15c3dbd6cb7821e1672460cf265af262fa809b2dcc9878,ghnlm,1.0,52.64549918667888,0.9994571507770194,76.29560713219041,,fixed_independent,,,2.02322360900871,8,8,NLM_fast_cuda_global,,,,,
set50,low,14.gif,0,0.01,"[512, 512]",83fe92c5398701971c09c467a97dc4bfdb94eb4b3ded548d26e5e7fcf62e4d2a,64abc2d905aabb38864450f0af1ad424bb1689ea0666689a0a39ea98c8e6c64e,ghnlm,1.0,35.38339198058849,0.9932147380064223,67.35243289061536,,fixed_independent,,,2.4525461360026384,8,8,NLM_fast_cuda_global,,,,,
set50,low,5.gif,0,0.01,"[512, 512]",49db903e1a87a0044a734fb77708aad9985011bc9ee9fb379099de1b4e946109,dbd952e46b4726c976e4c86376e9410d20bfc6334f5e9e484a536a9f0337370b,ghnlm,1.0,54.187871110214346,0.999167957996374,77.05233345492587,,fixed_independent,,,2.141294217988616,8,8,NLM_fast_cuda_global,,,,,
set50,low,44.gif,0,0.01,"[512, 512]",f968969e97bf6f8f47fd5940af0bd7481b61f2df6d5d553882b8938123b37289,42e3c08cf2b0cec0c123c4090e6a3f4b8b8ee6df540c5eec04ad9484bc032028,ghnlm,1.0,23.787619042098015,0.9513402290887611,59.46082097548707,,fixed_independent,,,8.729588978007087,8,8,NLM_fast_cuda_global,,,,,
set50,low,42.gif,0,0.01,"[512, 512]",f9b953242d46fc204da43e46262ac3754e9428050546213f592efb0fb7398f12,fca820cfcfd19eacbd368d0e7c81d4bf941a17e29fe10943058be3157ad7ecdd,ghnlm,1.0,31.19573386447245,0.9921586408633114,65.20579897540179,,fixed_independent,,,3.2830073980003363,8,8,NLM_fast_cuda_global,,,,,
set50,low,38.gif,0,0.01,"[512, 512]",e39779dc60dbc76330293a5fdb44dfabe4d22433c36132e18afcf31a515217b4,8a4f622d145ab8ed04f447bd3e6fea77afa39ceaa5e438fdaefe8a638cb76d4d,ghnlm,1.0,52.54523427917551,0.9991343167065178,76.22933297491365,,fixed_independent,,,2.001238564000232,8,8,NLM_fast_cuda_global,,,,,
set50,low,48.gif,0,0.01,"[512, 512]",9b261d731fc3d639b0cc3dac391980b0c49dd558b24b95a14bb3f3eb9f3569d0,de7039382b2c716bf8b8bd9ef90136c7a8e43e3e8bdee5fa3447bde9a6becb68,ghnlm,1.0,51.39096132426601,0.9991923604675021,75.65509868550811,,fixed_independent,,,1.9882651539955987,8,8,NLM_fast_cuda_global,,,,,
set50,low,17.gif,0,0.01,"[512, 512]",6f8a02e1689062bed722742a554760dd74359b35fc8b969bab8beed8e59421a0,da214e6323ceeebbcc7aa2be59f5915388fdb98dd02a39f8ca94705bae09da2a,ghnlm,1.0,35.912800890568214,0.971337021613313,66.52325152594976,,fixed_independent,,,13.732345451004221,8,8,NLM_fast_cuda_global,,,,,
set50,low,0.png,0,0.01,"[512, 512]",0a372ced9fd4d1f9633532a58073e3974b41da8cfc87f04ec8e9a8dc6a89bba1,580fbc14af471717cfc09261d71b2bee527d3960eb5a144e296d4af84219023d,ghnlm,1.0,55.13018958464863,0.999719612906961,77.55107543767237,,fixed_independent,,,2.1401191479963018,8,8,NLM_fast_cuda_global,,,,,
set50,low,16.gif,0,0.01,"[512, 512]",2d68b31ae4d4c10bc0e60742ba3064c10d62113ffb3ca9a7c14b80e40b0e6170,5a34727aa846ef18673a8ed97ce9030df3297566700329ed4d9163d22c8c0e23,ghnlm,1.0,32.246216900320974,0.9641253548009889,64.32937619020993,,fixed_independent,,,6.678578787003062,8,8,NLM_fast_cuda_global,,,,,
set50,low,32.gif,0,0.01,"[512, 512]",c3cc3fb5da093d47d6808c6219ed907c3e69ab01954b1b929a8739cbbcc26493,ee0b605cf5805cee95dec190b897d374b300762268a951bc2923c750885eb553,ghnlm,1.0,33.07921995575252,0.9381896080633304,63.44909038104278,,fixed_independent,,,31.806974263003212,8,8,NLM_fast_cuda_global,,,,,
set50,low,30.gif,0,0.01,"[512, 512]",b1cccc0e8d64bae511f9cd0c5596628364bd1e09c90c5e793604a1f7a55f642f,8ca3d59b856fd4291a18000f1171df98f2ccda8b342a7686d3fe46cb7cbe5e9a,ghnlm,1.0,48.94087147831418,0.9984750105604294,74.39418626717855,,fixed_independent,,,1.975821028012433,8,8,NLM_fast_cuda_global,,,,,
set50,low,43.gif,0,0.01,"[512, 512]",443801cafadb33c7829b313f4efd834e70cc313567a260dd2b5554dc7ee6be98,0367df72489ecd2f6c17785be16d482c8ad0f56c301ac5135b7c597d340c320a,ghnlm,1.0,44.93708388952186,0.9972689369217006,72.33198879084597,,fixed_independent,,,3.534590224007843,8,8,NLM_fast_cuda_global,,,,,
set50,low,47.gif,0,0.01,"[512, 512]",9005ddf994846f88305becd36c72a046818a094c026c69a8106c34b34a31a8fe,b58103ccb1517d653cbc447db4dc4d1bbfe39e12b76ae800a60c523302295055,ghnlm,1.0,40.563155189772395,0.9977515944400576,70.16915731688907,,fixed_independent,,,2.146901694999542,8,8,NLM_fast_cuda_global,,,,,
set50,low,25.gif,0,0.01,"[512, 512]",30838b6c4e963b60da10cc6158a119a7052a4ffa1ebdcc87bcf0054f681427c6,54d84616da890c632d6a16057e9dc62f9b7d564bf73fa85bad96d32d0b8e37f3,ghnlm,1.0,46.362354045619234,0.9957603943869865,72.96919674215894,,fixed_independent,,,3.971812554009375,8,8,NLM_fast_cuda_global,,,,,
set50,low,7.gif,0,0.01,"[512, 512]",5e3769e24988284e1036ce844ee8e0f11dbe28fe111f6a962e37864dc34b60dc,64adbe011994dd5254c8b1aa9d24094637976f4c9b2c0e6b111ad13c8fd77d7f,ghnlm,1.0,39.98878728343114,0.9973954550922906,69.86416639633009,,fixed_independent,,,2.0690068990079453,8,8,NLM_fast_cuda_global,,,,,
set50,low,15.gif,0,0.01,"[512, 512]",51e2066df33af18b47bcd356b17c6cdf04f2a5fd219ace410fcabb06698c6c71,8c7914d337e62afbc812f7fa21b64172783d92b5a5d191250b56d3acae35dbbe,ghnlm,1.0,40.84812178389491,0.9927463398883841,70.06137788636667,,fixed_independent,,,3.709840074996464,8,8,NLM_fast_cuda_global,,,,,
set50,low,41.gif,0,0.01,"[512, 512]",1569598ab7f33ee44bcf70502565ffcd7528912a2c13cd1977fe64573770f1e6,5ca718b9bf3bcbf2d15f3cbfb1bb2ef9abb4b101ff07a87ae2357f80b38f995c,ghnlm,1.0,48.74194315535686,0.9987687893776048,74.30941104655867,,fixed_independent,,,2.1374915649939794,8,8,NLM_fast_cuda_global,,,,,
set50,low,6.gif,0,0.01,"[512, 512]",ca956c8aa0ec2de8bd2e4d7545c7f969215d4f7f65cb72ee9d31cb17df0033b6,c6a47fae86a982cf63f74e711953f9f9a442abe14bf023e0693cfabf476f7cb5,ghnlm,1.0,41.33548263964478,0.9908128628632853,70.20838446298666,,fixed_independent,,,5.700193566008238,8,8,NLM_fast_cuda_global,,,,,
set50,low,21.gif,0,0.01,"[512, 512]",74d2fa3fc2447fd331660c09f2f468f3cce983dc347509d32564e992fdebaf9a,d6fd972bca83abb88fbd0d7db771bbd0375fc9aad445e30f544c635990c9c919,ghnlm,1.0,50.06960342925048,0.9987402599549761,74.97181471237404,,fixed_independent,,,2.1218078160018194,8,8,NLM_fast_cuda_global,,,,,
set50,low,27.gif,0,0.01,"[512, 512]",bc7a1c1300b1b1bda264e18fbde62fa845194fac5839cb705a788c6ac331f517,34bf2bcdfa12b56d970deac4f2646885f4df8f2a6be51ff1c842febb5cfa07bb,ghnlm,1.0,37.853744516942676,0.9947603924364565,68.66489188029416,,fixed_independent,,,4.243142828010605,8,8,NLM_fast_cuda_global,,,,,
set50,low,46.gif,0,0.01,"[512, 512]",14cdebcd7b2b9e534cc9717933df6ccb4861289237cde90700810e2e6e2e245f,78f82fbfe7bfe1bd10a0ec830f660de577a7abe9ec75464d1c9180c2515cc412,ghnlm,1.0,41.082309379610706,0.9966877981399802,70.37554459680436,,fixed_independent,,,2.9194558710005367,8,8,NLM_fast_cuda_global,,,,,
set50,low,20.gif,0,0.01,"[512, 512]",c3a4da195ffc62103521cd979723e50840fe46cfd989b567c826985f8b23dcf4,926c8ffad204b1af9489027ea8e92efcf84f2315c100ce06303e326031b86775,ghnlm,1.0,44.7251701011482,0.997513755616969,72.23827283142255,,fixed_independent,,,2.2534237670042785,8,8,NLM_fast_cuda_global,,,,,
set50,low,2.gif,0,0.01,"[512, 512]",b101b795e2638a1e9dbdaa513bdc8be6090aed4d6ac294b155e5f3a2c7c0bb80,7195960aa368bfaccac8b97b6cd55bb61f7a81ada3a5c613dad979b7e2a88ecd,ghnlm,1.0,51.50694509991957,0.9989211781253219,75.69953145622588,,fixed_independent,,,2.051285535999341,8,8,NLM_fast_cuda_global,,,,,
set50,low,40.gif,0,0.01,"[512, 512]",911cad3f1d559f196f94ed9e80a9602969b74319acb1d70da238efdb48af38e2,bb2b2ab1d2fb46491c3104537a7862d16c6540386d39c2d42b4dc0416f5fb0f1,ghnlm,1.0,56.469611994255445,0.9993766530322254,78.203638648739,,fixed_independent,,,2.0669317330030026,8,8,NLM_fast_cuda_global,,,,,
set50,low,31.gif,0,0.01,"[512, 512]",33781418a1e6e85521011be7d450b002a8f8a8f1ba68a79c1219f3b3ba59b160,d6d7419dbd47cf4100df960a94ea3e33a9de9181970199e822813a042cca89e3,ghnlm,1.0,31.306206389040536,0.9603179343360474,63.668999911322636,,fixed_independent,,,6.95487326500006,8,8,NLM_fast_cuda_global,,,,,
set50,low,29.gif,0,0.01,"[512, 512]",1eeb76c0386fbcd563a08eb25bbeffde427bdc62658e4bcc02c8aafbf733f219,344bd3e7159aeb387f857c93bd519dbbefe06fcd40fc9b623eb0f0cfe1416ba9,ghnlm,1.0,33.07114705575144,0.9414937305811546,63.61026005693345,,fixed_independent,,,9.52668879101111,8,8,NLM_fast_cuda_global,,,,,
set50,low,33.gif,0,0.01,"[512, 512]",7a10c4eca50167d8d459c2505f2b0f21cfb399e7b01adccaa0422695496c2e72,c217786b989c52b18af02ac4eccfe62dd596f977dca2d7b6dc1bd0986f48da81,ghnlm,1.0,41.82452672256085,0.9918181737319137,70.50317204787612,,fixed_independent,,,4.321381230009138,8,8,NLM_fast_cuda_global,,,,,
set50,low,24.gif,0,0.01,"[512, 512]",b8f6ebed7641854cd23e807c2f78d350f1373b2fe7f96e6ea18f8531797fbc3a,23816520001755e583487cbe7dcd417d2e11a1ad056ec210acef626b034fdf36,ghnlm,1.0,46.491932653068346,0.9973176707353527,73.11184986330181,,fixed_independent,,,2.3242158749926602,8,8,NLM_fast_cuda_global,,,,,
set50,low,3.gif,0,0.01,"[512, 512]",e3e2313cc250162bd613776c7b0063891d9d56b3576c9808ac5c8c0e7e8fcb8d,cc396bbe23c5212ba6baa086bf53a40beef07fa4020fe5ace7fbfa32416f23fa,ghnlm,1.0,43.88991700063719,0.9960388140836824,71.74689920450271,,fixed_independent,,,3.063020132991369,8,8,NLM_fast_cuda_global,,,,,
set50,low,1.gif,0,0.01,"[512, 512]",95f21dff4cd5a318a519cb05a1e35fb41f49c007ca46345fd6917258be8d9d73,be092100aa91ae017a208b593f7b1c88fc347faaded98e1691b9fbdb9bbdb3ae,ghnlm,1.0,45.29001937391207,0.9985727118076342,72.57364527733775,,fixed_independent,,,2.0796798749943264,8,8,NLM_fast_cuda_global,,,,,
set50,low,23.gif,0,0.01,"[512, 512]",05918015ae96873f255fec3e75ace895a76214abbeffdbfff55b5cf6214224c6,8825f87136cb87cb87b7ee7b3bb71b82eaa68700864d5cc6e83af9fae3f56555,ghnlm,1.0,55.014681103047366,0.9992544259624061,77.470061849644,,fixed_independent,,,2.321044844997232,8,8,NLM_fast_cuda_global,,,,,
set50,low,35.gif,0,0.01,"[512, 512]",353590d221e21b53b97858fbc575a2320a10336f21bbed5dd461fa942bab100f,470525874460bc637beb1f22c12cf7d95266c96ae72a58df1b8b8a45d7421dd5,ghnlm,1.0,50.3051825120891,0.9985075291788258,75.07796771498583,,fixed_independent,,,2.0545301739912247,8,8,NLM_fast_cuda_global,,,,,
set50,low,36.gif,0,0.01,"[512, 512]",99a41bcc709d43204ca0f73a6593656300237e5367043081c5065ca77d5e3628,4c9fb2ffd6c3cd4191de57133e1f175dccaa7d659a83f2db7fb68f86bfb5eab5,ghnlm,1.0,47.36211943750759,0.9985359452519974,73.60785698135366,,fixed_independent,,,2.2405437370034633,8,8,NLM_fast_cuda_global,,,,,
set50,low,26.gif,0,0.01,"[512, 512]",3efcc155fe7f35f9428c0536c9c1dc2b826188d5f0a5b0a90ecbf681233221e2,fd6e5b6bb21f31fce84588fbf0def61aa7799be96bceaf1f8f821ce91540ca55,ghnlm,1.0,53.33141929586767,0.9991246964276748,76.62194446931757,,fixed_independent,,,2.215015164008946,8,8,NLM_fast_cuda_global,,,,,
set50,low,37.gif,0,0.01,"[512, 512]",74881a36c4896c931da56c784ac35afb478dc71ae7af27894deeb074f83e518a,d34dc52c2c08a14e007ecacf562579826f45b0b1707e067dff6b3df9968dbbaf,ghnlm,1.0,49.733302872043545,0.9984311371830709,74.78820829517531,,fixed_independent,,,2.1339285200083395,8,8,NLM_fast_cuda_global,,,,,
set50,low,13.gif,0,0.01,"[512, 512]",c34b796bde09761f5bc3c358f20b72f49e020580ed0a76d5456c61f0da4499eb,21d5f13f0aba8a02886ff598d918384e41d968bbb44abcae71af497143790552,ghnlm,1.0,50.45857212409996,0.9993272551097144,75.1956488175357,,fixed_independent,,,2.021769986997242,8,8,NLM_fast_cuda_global,,,,,
set50,low,28.gif,0,0.01,"[512, 512]",f509179793e6551fbec77f8fdd91e45d53d2dd6e0a87394377c4bb4c52eb9a43,dd3ba862107b756742d3029f750c4d7be7c1283c6fb9ff3273684e5e05640984,ghnlm,1.0,50.52444928409005,0.9983072669884488,75.17758799146748,,fixed_independent,,,2.0727514020109084,8,8,NLM_fast_cuda_global,,,,,
set50,low,9.gif,0,0.01,"[512, 512]",8b76cd61996084e7d23b9f638b4d32839d9f6ac7965ef9b585f78bdbdaff16b3,4cd76b34e1053d8ac22d03bda2ce6fe4218266806e9f352d164ab9cdb6ad5b7d,ghnlm,1.0,36.96294003384903,0.9902482114442908,67.99388058913905,,fixed_independent,,,4.768640908994712,8,8,NLM_fast_cuda_global,,,,,
set50,low,18.gif,0,0.01,"[512, 512]",539caf0cced15a86b729848a1a182b75776a621cf01b5e9a62085f53b86f3407,5873c891357876f2dbe9c9d0e5fc2da0fd371a9cf25f1268ae8f5893ee21f411,ghnlm,1.0,31.314324210760674,0.9862412734025497,64.96922577550782,,fixed_independent,,,3.790250673002447,8,8,NLM_fast_cuda_global,,,,,
set50,low,49.gif,0,0.01,"[512, 512]",8311e02cd6238d6e74f6a9bf6fa5c250d748ceec5882a86242e2452c587cdf2b,8125d7f83fc4d3be014d6ec00247ddfe409213305964ff8d8abbcaaaf07d5131,ghnlm,1.0,22.224564689479067,0.9286895604066234,57.5467603650707,,fixed_independent,,,35.23749070400663,8,8,NLM_fast_cuda_global,,,,,
set50,low,4.gif,0,0.01,"[512, 512]",fd89b9bfe327e11c7cfbc851fff026261f2c33ef17edc9373682def6616fdc4f,cb585c5a840cc56bfa16227eca05f3d968ee47e4d8a6d4f6a8098f24c92e5ebe,ghnlm,1.0,50.15766022709578,0.9987704152810608,75.01735087760093,,fixed_independent,,,2.168858099001227,8,8,NLM_fast_cuda_global,,,,,
set50,low,8.gif,0,0.01,"[512, 512]",fd53a01b9f6a3a02a5408efee91cfa235b1325372804d49874a677719089b14e,959d9223c31d5d17f16e71514f09e97be2737ed240f0e73975f0bb5c91651a10,ghnlm,1.0,51.93942843149988,0.9991917760700685,75.92930301925335,,fixed_independent,,,2.0267283339926507,8,8,NLM_fast_cuda_global,,,,,
set50,low,39.gif,0,0.01,"[512, 512]",e43557540646572e4a7b69124c49ff2c37c4d1695507c5d64a44d09a5043958e,44e6529e24cceca1d712601d81f8499b0bc9587c6093ab99c831d09ccf79016a,ghnlm,1.0,52.96874455186852,0.9991354326536177,76.44114390861515,,fixed_independent,,,2.056629751008586,8,8,NLM_fast_cuda_global,,,,,
set50,low,12.gif,0,0.01,"[512, 512]",3c3ec23125fea9974f2e94c0d93a534edf2ec60d33b6af79f9a60fef58295de4,fa9482fa551439d9f17531d42a955c1c9fb456df7a7ea0c45be4ad6a23db1c47,ghnlm,1.0,43.435076518013645,0.9939437062211933,71.41472357006649,,fixed_independent,,,7.624891212006332,8,8,NLM_fast_cuda_global,,,,,
set50,low,45.gif,0,0.01,"[512, 512]",72644242bceb1596c04ab4ddde11989c7aa206ee2094402fadeac9f9c500d55a,c3ab35a48c81121c8b48794984160850baf0a8f64d9009ea6eeefb548e11df68,ghnlm,1.0,49.80383696710039,0.9986125659825198,74.83254678267619,,fixed_independent,,,2.102368154999567,8,8,NLM_fast_cuda_global,,,,,
set50,low,11.gif,0,0.01,"[512, 512]",b12e0216f269d1ad8f5dfe769baf0fb60142ab5235a6d1d62707dc52ca591071,8948decfdbaad42c41f6d0264883a357a35557ce680c55d8a78313aad39151af,ghnlm,1.0,35.91562514398347,0.9969113933558732,67.80338223978539,,fixed_independent,,,2.2713177429977804,8,8,NLM_fast_cuda_global,,,,,
set50,low,34.gif,0,0.01,"[512, 512]",42a4b02f48b536770f4d42c1c4884a5b2a4a662af62778249a90a16c1d9f5398,dd73eaa5ded2fd68bedf81c188a0c44f01c7edbdcbf0abdf70e7d6c10a63bf63,ghnlm,1.0,48.462267405047626,0.9985326555611826,74.15776648058295,,fixed_independent,,,2.0206452980055474,8,8,NLM_fast_cuda_global,,,,,
set12,high,02.png,0,0.1,"[512, 512]",9a0925d4efea52b4b8355baab41b735118c594bada85c1650a8c929d4bedd645,e416650380e12917a3a2eeeb4269219a30b3b8cc16efb4db753ec8cb052bd8c8,ghnlm,1.0,53.39787449268094,0.9986329024741964,76.63058237005029,,fixed_independent,,,14.153222155000549,8,8,NLM_fast_cuda_global,,,,,
set12,high,10.png,0,0.1,"[512, 512]",fa9370ee1649c3bf2aa161f01d3d2575a2dedca729f26b78bd75d618679b9889,7164aae5d6477ab64a9b20611d6b33f74569a62d739a897485e7d12dad80435d,ghnlm,1.0,40.95984586725716,0.9911242169684953,70.03613378205334,,fixed_independent,,,14.247663763002492,8,8,NLM_fast_cuda_global,,,,,
set12,high,09.png,0,0.1,"[512, 512]",4b3ddbef5883a30e02120d9280c878727f5282bb054525cf3a5b0fcffb889d5c,3e0d74d912d9f117e2941f19693e873a800672ebfc0237c1409a0ea272ec7872,ghnlm,1.0,34.99400597370658,0.985020379829896,66.74802197834809,,fixed_independent,,,14.042165315986495,8,8,NLM_fast_cuda_global,,,,,
set12,high,07.png,0,0.1,"[512, 512]",154769fc48745384ec8816fc554051b0dd5f1c55071de2669c9058bf3a96574e,2ba0d75dafd4a58439379072ed0bc3d150f40e4390b9b33d20349e9f1b29b718,ghnlm,1.0,35.15368627149317,0.9949737835502954,67.32553231326136,,fixed_independent,,,14.31979473400861,8,8,NLM_fast_cuda_global,,,,,
set12,high,05.png,0,0.1,"[512, 512]",0a48bd94dc684e9744094acf5f9409ae1a147f367207cbcf847ffecc9506b1e3,99ebf5f91f8d5011c136e3657c039f5f484f7a9ad07790541df20dd03bf9c836,ghnlm,1.0,49.13598708949386,0.9987850596989244,74.50724652969315,,fixed_independent,,,14.095930909999879,8,8,NLM_fast_cuda_global,,,,,
set12,high,08.png,0,0.1,"[512, 512]",2c394996c73fe787fca843f9f42014d5330dda4ad3053466b934f2c52d1c1f84,df4e8481f6afd5a29944a9cd59f15e3ba5659986829732fd430d6985cd4b7fc9,ghnlm,1.0,39.7169185374285,0.9886278562316106,69.28985208029478,,fixed_independent,,,14.231214637999074,8,8,NLM_fast_cuda_global,,,,,
set12,high,01.png,0,0.1,"[512, 512]",0a372ced9fd4d1f9633532a58073e3974b41da8cfc87f04ec8e9a8dc6a89bba1,5c64fdfe33f4ceb5a47428c2edc3ca4f989b1078a7da5d038a7aac327de869fd,ghnlm,1.0,45.49208932847364,0.9973947196884277,72.61578064865822,,fixed_independent,,,14.09886984199693,8,8,NLM_fast_cuda_global,,,,,
set12,high,04.png,0,0.1,"[512, 512]",7f6baec8e072815d469acd5d149f5da86b89ef26df1895c4edde2d5758900fd0,0a9fd41a69964cdee98a13387f66a0e0afec3986fcdb81bfef6cf0b952ec854c,ghnlm,1.0,50.090780845391684,0.9987576151947691,74.9832711824343,,fixed_independent,,,14.669972086005146,8,8,NLM_fast_cuda_global,,,,,
set12,high,06.png,0,0.1,"[512, 512]",aa1ae42753ac532294aa25320a62b1fb9aa4b54ad1627f3551d0532393b63c6e,d64e7d6cff0dd1480f8ba1a2df2cb1a7e53c3656ab86e3b1aaaf93b31a9edfbf,ghnlm,1.0,42.06961424448798,0.9944792619755205,70.75877022102001,,fixed_independent,,,14.150089967995882,8,8,NLM_fast_cuda_global,,,,,
set12,high,03.png,0,0.1,"[512, 512]",ecaf4e62d02b750095b71c0828247049848c285190975276e63ef6d951b37cf4,4b3536cd26cb2a06a9257208afef360b062fd3e9ee7285ba6d4c75c0e03474d9,ghnlm,1.0,40.13584477367364,0.9985507616355012,69.99546046861187,,fixed_independent,,,14.61374159999832,8,8,NLM_fast_cuda_global,,,,,
set12,high,11.png,0,0.1,"[512, 512]",17b452cc44e876adc0d3fd3607e8c9ab9e04406fa1702d436005e99db30c6108,efb327d0e9507fdf30c7e6389581d470feab9b99fac8c2659863071b5babac8d,ghnlm,1.0,34.13330701751727,0.9471919613510034,64.4262515763088,,fixed_independent,,,23.57178230799036,8,8,NLM_fast_cuda_global,,,,,
set12,medium,02.png,0,0.05,"[512, 512]",9a0925d4efea52b4b8355baab41b735118c594bada85c1650a8c929d4bedd645,c3f9d39a11e3011c40ec0ba98de83291f1b1fcd783cfca19fa39be37ecb6240b,ghnlm,1.0,57.034623329586964,0.9993621900280469,78.48542116619583,,fixed_independent,,,7.167146627994953,8,8,NLM_fast_cuda_global,,,,,
set12,medium,10.png,0,0.05,"[512, 512]",fa9370ee1649c3bf2aa161f01d3d2575a2dedca729f26b78bd75d618679b9889,87d8a8c260cdb8c52551132cb0dfe95ee2f14d151af9ff4d6168d5800396b42c,ghnlm,1.0,44.15863275608716,0.9957378787273482,71.86621031441099,,fixed_independent,,,7.490707849996397,8,8,NLM_fast_cuda_global,,,,,
set12,medium,09.png,0,0.05,"[512, 512]",4b3ddbef5883a30e02120d9280c878727f5282bb054525cf3a5b0fcffb889d5c,7c56fc735c741056497fe6ad8b491244bf2746021f23f9e3f3b7401a4df3be52,ghnlm,1.0,38.1316055264657,0.9928696249866884,68.70928401256727,,fixed_independent,,,7.42203092300042,8,8,NLM_fast_cuda_global,,,,,
set12,medium,07.png,0,0.05,"[512, 512]",154769fc48745384ec8816fc554051b0dd5f1c55071de2669c9058bf3a96574e,50403390a446b8878af128c5b5eb24f750286ab630615b3caace33849ff6c560,ghnlm,1.0,35.61713738826526,0.9967757763485834,67.64735751156181,,fixed_independent,,,7.637537431000965,8,8,NLM_fast_cuda_global,,,,,
set12,medium,05.png,0,0.05,"[512, 512]",0a48bd94dc684e9744094acf5f9409ae1a147f367207cbcf847ffecc9506b1e3,adb057f232e03a2f58a65b65c32bd3ae831f109d80147c92d9e62f40775bc731,ghnlm,1.0,52.91851507366222,0.9994554529636989,76.43203018501606,,fixed_independent,,,7.6697693259920925,8,8,NLM_fast_cuda_global,,,,,
set12,medium,08.png,0,0.05,"[512, 512]",2c394996c73fe787fca843f9f42014d5330dda4ad3053466b934f2c52d1c1f84,8e3d7b1e875d19f22c64e3044a9d0c41b820f9cfa02088458ff600eaf223eb5f,ghnlm,1.0,42.67304542194006,0.9943537426934629,71.05420984564317,,fixed_independent,,,7.626202327999636,8,8,NLM_fast_cuda_global,,,,,
set12,medium,01.png,0,0.05,"[512, 512]",0a372ced9fd4d1f9633532a58073e3974b41da8cfc87f04ec8e9a8dc6a89bba1,95660ff47115848bd895ed7581195e91c2ab4a1746122ef36b82c4d90108493b,ghnlm,1.0,48.91938339032858,0.9987507722984851,74.39723031008855,,fixed_independent,,,7.426254431004054,8,8,NLM_fast_cuda_global,,,,,
set12,medium,04.png,0,0.05,"[512, 512]",7f6baec8e072815d469acd5d149f5da86b89ef26df1895c4edde2d5758900fd0,1c72f71d2f5910501fba30fd6269d5a73022d2e2701365d87f47014e5f50f8e5,ghnlm,1.0,53.972313734557005,0.999450090146082,76.9586613745826,,fixed_independent,,,7.58320234301209,8,8,NLM_fast_cuda_global,,,,,
set12,medium,06.png,0,0.05,"[512, 512]",aa1ae42753ac532294aa25320a62b1fb9aa4b54ad1627f3551d0532393b63c6e,418ae6ffd6be74f226d8da4b414080f6be346245802a6e9c0b97dc4ff2a94400,ghnlm,1.0,45.26088402509234,0.9972946264461813,72.49517333485522,,fixed_independent,,,7.576157707997481,8,8,NLM_fast_cuda_global,,,,,
set12,medium,03.png,0,0.05,"[512, 512]",ecaf4e62d02b750095b71c0828247049848c285190975276e63ef6d951b37cf4,0a2b74a80e9ef7c6edfd254d6abd4f21d8fc939cbcfe8e477f4c4a919f7d715d,ghnlm,1.0,40.54409986938155,0.9992630174070849,70.23520080504503,,fixed_independent,,,7.408925123003428,8,8,NLM_fast_cuda_global,,,,,
set12,medium,11.png,0,0.05,"[512, 512]",17b452cc44e876adc0d3fd3607e8c9ab9e04406fa1702d436005e99db30c6108,599e46ff8f73bb0bcb238e7a5776355ab3a55274a6828355adfafd7ae4d55c02,ghnlm,1.0,36.833232619123905,0.9681296724714079,66.82309993313234,,fixed_independent,,,18.267838883999502,8,8,NLM_fast_cuda_global,,,,,
set12,extreme,02.png,0,0.2,"[512, 512]",9a0925d4efea52b4b8355baab41b735118c594bada85c1650a8c929d4bedd645,49df52a59b6c929c5f31dd1d9dcd3a8cc145517e504d2433ddbe093f2ea75a04,ghnlm,1.0,49.03448701198269,0.9967276113699894,74.35362407449082,,fixed_independent,,,27.497498718992574,8,8,NLM_fast_cuda_global,,,,,
set12,extreme,10.png,0,0.2,"[512, 512]",fa9370ee1649c3bf2aa161f01d3d2575a2dedca729f26b78bd75d618679b9889,54206e07e2533ce3cdc4f253b01d2bcf15986e6aa5edcfa3142c91d69412c383,ghnlm,1.0,37.52230706714411,0.9808406293997635,67.80318500356023,,fixed_independent,,,27.44551859999774,8,8,NLM_fast_cuda_global,,,,,
set12,extreme,09.png,0,0.2,"[512, 512]",4b3ddbef5883a30e02120d9280c878727f5282bb054525cf3a5b0fcffb889d5c,0b3ebc1adeda4f915d78dc938f4f6754e061d4488a42511b466d50496ed3c90d,ghnlm,1.0,31.640940099736838,0.9669800885406592,64.16947447690137,,fixed_independent,,,27.690126177010825,8,8,NLM_fast_cuda_global,,,,,
set12,extreme,07.png,0,0.2,"[512, 512]",154769fc48745384ec8816fc554051b0dd5f1c55071de2669c9058bf3a96574e,a555b68256523f4ea9a6a3a1d63d525af0a21767eb731194aeaa7d0237229d14,ghnlm,1.0,34.17328527179256,0.9904243562144768,66.60786044662012,,fixed_independent,,,27.207117849000497,8,8,NLM_fast_cuda_global,,,,,
set12,extreme,05.png,0,0.2,"[512, 512]",0a48bd94dc684e9744094acf5f9409ae1a147f367207cbcf847ffecc9506b1e3,47e001521556c7ceb0d8f2d01af9cf5e6eedb001280a9b295e77fef79fb60244,ghnlm,1.0,44.25970607451496,0.99675016667903,71.96736137120898,,fixed_independent,,,28.97557715300354,8,8,NLM_fast_cuda_global,,,,,
set12,extreme,08.png,0,0.2,"[512, 512]",2c394996c73fe787fca843f9f42014d5330dda4ad3053466b934f2c52d1c1f84,b513454383e7814ea07019014f0d151fde15b5a47f3e20c6d9f3194be9c69f56,ghnlm,1.0,36.30747319013746,0.975011503809292,66.90431178553334,,fixed_independent,,,27.572940734011354,8,8,NLM_fast_cuda_global,,,,,
set12,extreme,01.png,0,0.2,"[512, 512]",0a372ced9fd4d1f9633532a58073e3974b41da8cfc87f04ec8e9a8dc6a89bba1,bb82ddd95a6a25e95485a996c31e0375130595fb41bbf773b1bd5b01c13959c1,ghnlm,1.0,41.35757312069363,0.9939466128254741,70.37611720162053,,fixed_independent,,,27.319512041998678,8,8,NLM_fast_cuda_global,,,,,
set12,extreme,04.png,0,0.2,"[512, 512]",7f6baec8e072815d469acd5d149f5da86b89ef26df1895c4edde2d5758900fd0,bed36c52da9f24d3ca3fb49a29cd8e86158fb485d9e63c07e1c4acb7624e204a,ghnlm,1.0,45.59044040494885,0.9967989805019758,72.63516922757321,,fixed_independent,,,27.275895466998918,8,8,NLM_fast_cuda_global,,,,,
set12,extreme,06.png,0,0.2,"[512, 512]",aa1ae42753ac532294aa25320a62b1fb9aa4b54ad1627f3551d0532393b63c6e,99762f4e36329a2a9ca8ae0af403f0994ac05cc0f2d8cfc948e27d609ae70bab,ghnlm,1.0,38.420959203843935,0.9879248699772268,68.60672310078331,,fixed_independent,,,27.958209207994514,8,8,NLM_fast_cuda_global,,,,,
set12,extreme,03.png,0,0.2,"[512, 512]",ecaf4e62d02b750095b71c0828247049848c285190975276e63ef6d951b37cf4,5d873642d5904df0268ba3e2ab75f110ac16583462f4036e07f029c689362f0c,ghnlm,1.0,39.12477773464233,0.9966109641204782,69.39293707334508,,fixed_independent,,,27.262506585990195,8,8,NLM_fast_cuda_global,,,,,
set12,extreme,11.png,0,0.2,"[512, 512]",17b452cc44e876adc0d3fd3607e8c9ab9e04406fa1702d436005e99db30c6108,9a04391c3b1256307bf621b3151ddf799518fb0a981f8949a152baac9237f5bf,ghnlm,1.0,30.68766662002031,0.9142060190565074,61.054134262835525,,fixed_independent,,,36.353518992007594,8,8,NLM_fast_cuda_global,,,,,
set12,moderate,02.png,0,0.03,"[512, 512]",9a0925d4efea52b4b8355baab41b735118c594bada85c1650a8c929d4bedd645,ee7bfd453ba8d6e6718aaf8a97d81f5f2238214fca6f66b9cd8f2e44d4e6969a,ghnlm,1.0,59.67936882262379,0.9996324046645836,79.82130464454107,,fixed_independent,,,5.261181394002051,8,8,NLM_fast_cuda_global,,,,,
set12,moderate,10.png,0,0.03,"[512, 512]",fa9370ee1649c3bf2aa161f01d3d2575a2dedca729f26b78bd75d618679b9889,5d887063ebde1fcfbf95f8deca1ac10049d03f7db0a73c069699f665d6977104,ghnlm,1.0,46.446787113800205,0.9974551778511683,73.09615244945851,,fixed_independent,,,4.714337868994335,8,8,NLM_fast_cuda_global,,,,,
set12,moderate,09.png,0,0.03,"[512, 512]",4b3ddbef5883a30e02120d9280c878727f5282bb054525cf3a5b0fcffb889d5c,de0042a9b572069c4805997a988a6eb7d29426746f4b470c08ec69dfefe9b523,ghnlm,1.0,40.63014681090304,0.9959004069637392,70.11009375363848,,fixed_independent,,,4.776928020000923,8,8,NLM_fast_cuda_global,,,,,
set12,moderate,07.png,0,0.03,"[512, 512]",154769fc48745384ec8816fc554051b0dd5f1c55071de2669c9058bf3a96574e,41c6793af84e33ba2ceb749b4738b40b1b3737129d2d2babeb1dd4ec40eb3ac5,ghnlm,1.0,35.8238855694764,0.9974878815625886,67.78633686286763,,fixed_independent,,,4.909967604005942,8,8,NLM_fast_cuda_global,,,,,
set12,moderate,05.png,0,0.03,"[512, 512]",0a48bd94dc684e9744094acf5f9409ae1a147f367207cbcf847ffecc9506b1e3,9f3476abacfd546a3608bc4be56078d043e749803d48ceb9c514386cce77c211,ghnlm,1.0,55.52828848453328,0.9996885084444969,77.74856966449148,,fixed_independent,,,5.314739945999463,8,8,NLM_fast_cuda_global,,,,,
set12,moderate,08.png,0,0.03,"[512, 512]",2c394996c73fe787fca843f9f42014d5330dda4ad3053466b934f2c52d1c1f84,b0b958f06122f7dfd86e575b45174a19c43c39d05a9f75e6d37f0d1b885e83d9,ghnlm,1.0,44.73212585638396,0.9965267037813101,72.19239811725748,,fixed_independent,,,4.794572448998224,8,8,NLM_fast_cuda_global,,,,,
set12,moderate,01.png,0,0.03,"[512, 512]",0a372ced9fd4d1f9633532a58073e3974b41da8cfc87f04ec8e9a8dc6a89bba1,1890871d8ac6fdf241ae77566f9a0eb175baed8033bd8ffbdecf5475a45749fe,ghnlm,1.0,51.10063721293622,0.9992587617008634,75.51325669151129,,fixed_independent,,,4.903965446006623,8,8,NLM_fast_cuda_global,,,,,
set12,moderate,04.png,0,0.03,"[512, 512]",7f6baec8e072815d469acd5d149f5da86b89ef26df1895c4edde2d5758900fd0,5aab2f4c90265de03c4286a1026b54930c9f1174f15bd4788a5cea6ddc26c27a,ghnlm,1.0,56.5282067707194,0.9996866068921479,78.2484337299671,,fixed_independent,,,4.76653971199994,8,8,NLM_fast_cuda_global,,,,,
set12,moderate,06.png,0,0.03,"[512, 512]",aa1ae42753ac532294aa25320a62b1fb9aa4b54ad1627f3551d0532393b63c6e,f6c87c3541133224f0d0b09d3ddb74251b7ff019191b5f7b5cf5f3356ce374c4,ghnlm,1.0,47.247474059309305,0.9983873293699831,73.54310349815381,,fixed_independent,,,5.15010504599195,8,8,NLM_fast_cuda_global,,,,,
set12,moderate,03.png,0,0.03,"[512, 512]",ecaf4e62d02b750095b71c0828247049848c285190975276e63ef6d951b37cf4,231f53176f51c4b24bdc12fd9f1b4c16454140fdfe7631cec75f8301deab3824,ghnlm,1.0,40.68390905514387,0.9995269016842534,70.3182996117846,,fixed_independent,,,5.037610348008457,8,8,NLM_fast_cuda_global,,,,,
set12,moderate,11.png,0,0.03,"[512, 512]",17b452cc44e876adc0d3fd3607e8c9ab9e04406fa1702d436005e99db30c6108,fc459f467923651b85169e1d453047db01071c2115000fa34e05ff50a6c59429,ghnlm,1.0,38.1189429228992,0.976021897441427,67.86056633352095,,fixed_independent,,,15.541138093001791,8,8,NLM_fast_cuda_global,,,,,
set12,low,02.png,0,0.01,"[512, 512]",9a0925d4efea52b4b8355baab41b735118c594bada85c1650a8c929d4bedd645,7d03f7624fa0aaaef532f6ccb5b007c11ecfba46dc0bf970948880603d265edc,ghnlm,1.0,65.25243926979881,0.9998820854746414,82.62032390863148,,fixed_independent,,,2.0959696320060175,8,8,NLM_fast_cuda_global,,,,,
set12,low,10.png,0,0.01,"[512, 512]",fa9370ee1649c3bf2aa161f01d3d2575a2dedca729f26b78bd75d618679b9889,d06c846ad219995869474be865acb70b5ec7d01068ecd7580cc3fde6a2889b07,ghnlm,1.0,51.225988809331014,0.9991844714232999,75.57221797583051,,fixed_independent,,,2.71847922699817,8,8,NLM_fast_cuda_global,,,,,
set12,low,09.png,0,0.01,"[512, 512]",4b3ddbef5883a30e02120d9280c878727f5282bb054525cf3a5b0fcffb889d5c,f57c1e0803358fa46cb3fcadacd603e0bc8a9a1500621f0dea3a800d055c6fe6,ghnlm,1.0,45.04256358239718,0.9985450267631512,72.44853312935615,,fixed_independent,,,2.3146178089955356,8,8,NLM_fast_cuda_global,,,,,
set12,low,07.png,0,0.01,"[512, 512]",154769fc48745384ec8816fc554051b0dd5f1c55071de2669c9058bf3a96574e,584ba7517a59730143877939055ad6e1e59eec8663870de1e2f41b823592272b,ghnlm,1.0,36.01802068287987,0.9981578950527445,67.91690509407717,,fixed_independent,,,2.4102039100107504,8,8,NLM_fast_cuda_global,,,,,
set12,low,05.png,0,0.01,"[512, 512]",0a48bd94dc684e9744094acf5f9409ae1a147f367207cbcf847ffecc9506b1e3,d9a99fe9c66291c5480b648f63457e4e7868b0267787c7b85908acc020420910,ghnlm,1.0,60.017593341645814,0.9998956512475577,80.0035792332008,,fixed_independent,,,2.0487383180006873,8,8,NLM_fast_cuda_global,,,,,
set12,low,08.png,0,0.01,"[512, 512]",2c394996c73fe787fca843f9f42014d5330dda4ad3053466b934f2c52d1c1f84,e160bea8a7b841fbbcb9a08d2452bc47be4e0b6c86d87d1b0bea001f91693d97,ghnlm,1.0,48.40932405534061,0.9986994163821921,74.1396328467799,,fixed_independent,,,2.388236462997156,8,8,NLM_fast_cuda_global,,,,,
set12,low,01.png,0,0.01,"[512, 512]",0a372ced9fd4d1f9633532a58073e3974b41da8cfc87f04ec8e9a8dc6a89bba1,580fbc14af471717cfc09261d71b2bee527d3960eb5a144e296d4af84219023d,ghnlm,1.0,55.13018958464863,0.999719612906961,77.55107543767237,,fixed_independent,,,3.0054737140017096,8,8,NLM_fast_cuda_global,,,,,
set12,low,04.png,0,0.01,"[512, 512]",7f6baec8e072815d469acd5d149f5da86b89ef26df1895c4edde2d5758900fd0,e8a6fc5f208fe29f03f5cbd984d49640d58559cd6c5aa49284f500b1f7ee7903,ghnlm,1.0,61.49086229946859,0.9999010344213147,80.74048287080004,,fixed_independent,,,2.163296361002722,8,8,NLM_fast_cuda_global,,,,,
set12,low,06.png,0,0.01,"[512, 512]",aa1ae42753ac532294aa25320a62b1fb9aa4b54ad1627f3551d0532393b63c6e,e340e8d85915e482eb2fcd7c112e25b58f52ae82986a937d947c38437b40d732,ghnlm,1.0,52.56078191302631,0.9994553626850101,76.25315909076366,,fixed_independent,,,2.0396389439993072,8,8,NLM_fast_cuda_global,,,,,
set12,low,03.png,0,0.01,"[512, 512]",ecaf4e62d02b750095b71c0828247049848c285190975276e63ef6d951b37cf4,18313c5d887bba3759a18d07833b66fb952544043545ed839a5d493c1c132871,ghnlm,1.0,40.82904134059386,0.9997564478497255,70.4023430627832,,fixed_independent,,,2.422859462996712,8,8,NLM_fast_cuda_global,,,,,
set12,low,11.png,0,0.01,"[512, 512]",17b452cc44e876adc0d3fd3607e8c9ab9e04406fa1702d436005e99db30c6108,030fd588168a45176d9b0eca993f8007814b0503964557c1914c2fbae448d11f,ghnlm,1.0,40.18650587225001,0.98835876780125,69.51119132618751,,fixed_independent,,,13.654805423997459,8,8,NLM_fast_cuda_global,,,,,
set12,high,02.png,4,0.1,"[512, 512]",9a0925d4efea52b4b8355baab41b735118c594bada85c1650a8c929d4bedd645,fb5756b2f1977a53d6af3dcead4efb66402b9d5e985cdbdec56b32e00ffd97a7,ghnlm,1.0,53.39787449268094,0.9986329024741964,76.63058237005029,,fixed_independent,,,14.157764760006103,8,8,NLM_fast_cuda_global,,,,,
set12,high,10.png,4,0.1,"[512, 512]",fa9370ee1649c3bf2aa161f01d3d2575a2dedca729f26b78bd75d618679b9889,20cbcff47f8f1652d0beb4647260b220d5985351324e73ce58f91790a1b40bdd,ghnlm,1.0,40.94986900313394,0.9911103026827246,70.0304496357032,,fixed_independent,,,14.685596498005907,8,8,NLM_fast_cuda_global,,,,,
set12,high,09.png,4,0.1,"[512, 512]",4b3ddbef5883a30e02120d9280c878727f5282bb054525cf3a5b0fcffb889d5c,6580f7427fae38e6900e311bc3d882abd5bbd2d3ee833d3f15f08e971f1badd3,ghnlm,1.0,34.99400597370658,0.985020379829896,66.74802197834809,,fixed_independent,,,14.511404742996092,8,8,NLM_fast_cuda_global,,,,,
set12,high,07.png,4,0.1,"[512, 512]",154769fc48745384ec8816fc554051b0dd5f1c55071de2669c9058bf3a96574e,6b2b7a6b103aa4415de2661efe3e7b16f3e8a8d91d505c35019889f45be2ccdf,ghnlm,1.0,33.867699853928826,0.9936893381353441,66.61831683373163,,fixed_independent,,,14.785744528999203,8,8,NLM_fast_cuda_global,,,,,
set12,high,05.png,4,0.1,"[512, 512]",0a48bd94dc684e9744094acf5f9409ae1a147f367207cbcf847ffecc9506b1e3,0d5e8010bb26a850d7bcc7fe1db68e0f0c6af22b17fa9bc70b31b059f1079a92,ghnlm,1.0,49.13598708949386,0.9987850596989244,74.50724652969315,,fixed_independent,,,14.100414001004538,8,8,NLM_fast_cuda_global,,,,,
set12,high,08.png,4,0.1,"[512, 512]",2c394996c73fe787fca843f9f42014d5330dda4ad3053466b934f2c52d1c1f84,0c9b60e4d12da52284c5eb24f1ad2f1c68d32c53c03585a9c05992f6df84ca1f,ghnlm,1.0,39.14156395440444,0.9877288864430431,68.95722629935437,,fixed_independent,,,14.325659477995941,8,8,NLM_fast_cuda_global,,,,,
set12,high,01.png,4,0.1,"[512, 512]",0a372ced9fd4d1f9633532a58073e3974b41da8cfc87f04ec8e9a8dc6a89bba1,9ea25905277eaa2c13405c16af5a2bd159339f43e0d8dbc939852ca029957356,ghnlm,1.0,44.8906560431399,0.9970953141776072,72.3000937304503,,fixed_independent,,,14.561926351991133,8,8,NLM_fast_cuda_global,,,,,
set12,high,04.png,4,0.1,"[512, 512]",7f6baec8e072815d469acd5d149f5da86b89ef26df1895c4edde2d5758900fd0,fdc436c0c8446ba46cfc24590bb554f37546781412b4b4564d6407e3391d198a,ghnlm,1.0,50.08963628803705,0.9987551250103078,74.98257439453391,,fixed_independent,,,14.330802616008441,8,8,NLM_fast_cuda_global,,,,,
set12,high,06.png,4,0.1,"[512, 512]",aa1ae42753ac532294aa25320a62b1fb9aa4b54ad1627f3551d0532393b63c6e,a363dcecce4b7295d8e22162211f906c57f7427694cc70216f5f5b9f9c8ae75e,ghnlm,1.0,42.06961424448798,0.9944792619755205,70.75877022102001,,fixed_independent,,,14.357175240002107,8,8,NLM_fast_cuda_global,,,,,
set12,high,03.png,4,0.1,"[512, 512]",ecaf4e62d02b750095b71c0828247049848c285190975276e63ef6d951b37cf4,85f7066b7aa1244baa2f27667095e1ea8355fef86e40ccd8d4b2514ec34fd63d,ghnlm,1.0,39.33592713513849,0.9956160299245651,69.44876506379751,,fixed_independent,,,15.175507539999671,8,8,NLM_fast_cuda_global,,,,,
set12,high,11.png,4,0.1,"[512, 512]",17b452cc44e876adc0d3fd3607e8c9ab9e04406fa1702d436005e99db30c6108,d985d535d00b2df1afd30e645e35cfc28961b28fa786c9d6216e5ca98bb90604,ghnlm,1.0,27.942282718667023,0.8288637530495079,55.4143290118089,,fixed_independent,,,38.2408063000039,8,8,NLM_fast_cuda_global,,,,,
set12,medium,02.png,4,0.05,"[512, 512]",9a0925d4efea52b4b8355baab41b735118c594bada85c1650a8c929d4bedd645,4e69b9926757359b28d2ba0ddea539b9b5734c1c9927cbb52997eed2c2c65a57,ghnlm,1.0,57.034623329586964,0.9993621900280469,78.48542116619583,,fixed_independent,,,7.547072913002921,8,8,NLM_fast_cuda_global,,,,,
set12,medium,10.png,4,0.05,"[512, 512]",fa9370ee1649c3bf2aa161f01d3d2575a2dedca729f26b78bd75d618679b9889,461dc699c7e6039d3c7fbc9e361c8477afcdd41db684ad67d9d1dd1715aba45a,ghnlm,1.0,44.137086733728495,0.995723451754775,71.854715954603,,fixed_independent,,,7.522041910007829,8,8,NLM_fast_cuda_global,,,,,
set12,medium,09.png,4,0.05,"[512, 512]",4b3ddbef5883a30e02120d9280c878727f5282bb054525cf3a5b0fcffb889d5c,5780430f9e94feaf25364471128f02e7454678af26c718534cb418901e5bbe6c,ghnlm,1.0,38.13161049749227,0.9928697111011767,68.70929080380498,,fixed_independent,,,7.541359107999597,8,8,NLM_fast_cuda_global,,,,,
set12,medium,07.png,4,0.05,"[512, 512]",154769fc48745384ec8816fc554051b0dd5f1c55071de2669c9058bf3a96574e,57067cdfaec1e7cbd302b6992dd6d10ca47b25065f31c44a1bfe1573c39a6480,ghnlm,1.0,34.175433743771265,0.9954681623848601,66.86112499112863,,fixed_independent,,,8.14052780099155,8,8,NLM_fast_cuda_global,,,,,
set12,medium,05.png,4,0.05,"[512, 512]",0a48bd94dc684e9744094acf5f9409ae1a147f367207cbcf847ffecc9506b1e3,e0fa916e823acf6effc4f3b42e72ab8a62ce26e6958e64dcd7833e8e36a12729,ghnlm,1.0,52.91851507366222,0.9994554529636989,76.43203018501606,,fixed_independent,,,7.1397238110075705,8,8,NLM_fast_cuda_global,,,,,
set12,medium,08.png,4,0.05,"[512, 512]",2c394996c73fe787fca843f9f42014d5330dda4ad3053466b934f2c52d1c1f84,e1b0f210137124047cfa6d6db5eb311ebf1bd872e71c7f34ecbce8d731865d47,ghnlm,1.0,41.75676513504486,0.9936006482766423,70.55841498135455,,fixed_independent,,,8.36851707099413,8,8,NLM_fast_cuda_global,,,,,
set12,medium,01.png,4,0.05,"[512, 512]",0a372ced9fd4d1f9633532a58073e3974b41da8cfc87f04ec8e9a8dc6a89bba1,9379e76152d6d388d723e1eaa08d1618611906ad05b452f66e45fc46f2920222,ghnlm,1.0,47.89615832354112,0.9984920850614002,73.87268341484057,,fixed_independent,,,7.6354861879954115,8,8,NLM_fast_cuda_global,,,,,
set12,medium,04.png,4,0.05,"[512, 512]",7f6baec8e072815d469acd5d149f5da86b89ef26df1895c4edde2d5758900fd0,96b121cc217c410a07c6e8b75d018b9c2d013f47489b90382de26ad622a43a5a,ghnlm,1.0,53.97148713070764,0.9994497029972615,76.95822871521689,,fixed_independent,,,7.13884593299008,8,8,NLM_fast_cuda_global,,,,,
set12,medium,06.png,4,0.05,"[512, 512]",aa1ae42753ac532294aa25320a62b1fb9aa4b54ad1627f3551d0532393b63c6e,5d3d90db8b69e62a740e7e86ea6a5df988b44fac6affdc46ef302b5c6eb8dce4,ghnlm,1.0,45.26088402509234,0.9972946264461813,72.49517333485522,,fixed_independent,,,7.136748179997085,8,8,NLM_fast_cuda_global,,,,,
set12,medium,03.png,4,0.05,"[512, 512]",ecaf4e62d02b750095b71c0828247049848c285190975276e63ef6d951b37cf4,76e43ccb10d0fd50514c324d9319b070e705fa6c949ead13598cc60431e1acd1,ghnlm,1.0,40.390461395040234,0.9982937324577177,70.109917320406,,fixed_independent,,,8.368337437990704,8,8,NLM_fast_cuda_global,,,,,
set12,medium,11.png,4,0.05,"[512, 512]",17b452cc44e876adc0d3fd3607e8c9ab9e04406fa1702d436005e99db30c6108,d061e894c51d566e883b22e0983bc6c1f82e2c15c660fea833b8da2c916beea5,ghnlm,1.0,30.274760889211628,0.8680561157395027,58.54018623158095,,fixed_independent,,,33.04718286500429,8,8,NLM_fast_cuda_global,,,,,
set12,extreme,02.png,4,0.2,"[512, 512]",9a0925d4efea52b4b8355baab41b735118c594bada85c1650a8c929d4bedd645,c78625d61f7341c9115095ca61bc56d13277a60903cbda9e7817dcbf3fad2403,ghnlm,1.0,49.03291655903212,0.9967257261409301,74.35274458656257,,fixed_independent,,,27.995441203005612,8,8,NLM_fast_cuda_global,,,,,
set12,extreme,10.png,4,0.2,"[512, 512]",fa9370ee1649c3bf2aa161f01d3d2575a2dedca729f26b78bd75d618679b9889,55df1265f85a4f395abe6fdb9f8d6ced6f37fabb2f2efbdcd9ad51de31f0f358,ghnlm,1.0,37.52037343408466,0.9808291376809095,67.8016436010878,,fixed_independent,,,28.02676304700435,8,8,NLM_fast_cuda_global,,,,,
set12,extreme,09.png,4,0.2,"[512, 512]",4b3ddbef5883a30e02120d9280c878727f5282bb054525cf3a5b0fcffb889d5c,d5200db9a81ea1ad2851337034ec180dcba65337806d6f544c91105b701dd5a8,ghnlm,1.0,31.640969468563643,0.9669812608755353,64.16954777805859,,fixed_independent,,,28.154092469994794,8,8,NLM_fast_cuda_global,,,,,
set12,extreme,07.png,4,0.2,"[512, 512]",154769fc48745384ec8816fc554051b0dd5f1c55071de2669c9058bf3a96574e,d658efe3236f7ef4462769d23a0c6a782ae9c9bb794297f469fb22a6a114781d,ghnlm,1.0,33.12790646548605,0.9890041938252887,66.01416292400745,,fixed_independent,,,33.525817094006925,8,8,NLM_fast_cuda_global,,,,,
set12,extreme,05.png,4,0.2,"[512, 512]",0a48bd94dc684e9744094acf5f9409ae1a147f367207cbcf847ffecc9506b1e3,f14c438201f32887ca2958073a99c9c4367ca05aa3996a24e4a516345d4ee79d,ghnlm,1.0,44.25881613306747,0.996748924936501,71.9668543133588,,fixed_independent,,,28.14462915099284,8,8,NLM_fast_cuda_global,,,,,
set12,extreme,08.png,4,0.2,"[512, 512]",2c394996c73fe787fca843f9f42014d5330dda4ad3053466b934f2c52d1c1f84,a8484a10dd4d38b8a5ac055a083f83a730aeb890ecb2fff33eb9cc1791e5eb5b,ghnlm,1.0,36.057057943838444,0.9741472960983923,66.73589377683885,,fixed_independent,,,30.889261866002926,8,8,NLM_fast_cuda_global,,,,,
set12,extreme,01.png,4,0.2,"[512, 512]",0a372ced9fd4d1f9633532a58073e3974b41da8cfc87f04ec8e9a8dc6a89bba1,65177135c7481be235c048926973169e2e8bf506e1b0926ab33339f39e25d3b0,ghnlm,1.0,41.053193486496525,0.9936226358281541,70.20772853465597,,fixed_independent,,,28.32197737500246,8,8,NLM_fast_cuda_global,,,,,
set12,extreme,04.png,4,0.2,"[512, 512]",7f6baec8e072815d469acd5d149f5da86b89ef26df1895c4edde2d5758900fd0,9bdf88a0f1a278417dd2a591efa55b88d04dfe89bd8aaa8ad24e1443228a0a94,ghnlm,1.0,45.58981280109591,0.9967964482421326,72.63472881265459,,fixed_independent,,,27.962650625006063,8,8,NLM_fast_cuda_global,,,,,
set12,extreme,06.png,4,0.2,"[512, 512]",aa1ae42753ac532294aa25320a62b1fb9aa4b54ad1627f3551d0532393b63c6e,3d987315aa538246f5a208b6d41f81eab45d6f505e0a6f7243927c5ad7a0fe40,ghnlm,1.0,38.42129751025763,0.9879257168102334,68.6069345956405,,fixed_independent,,,27.836679917003494,8,8,NLM_fast_cuda_global,,,,,
set12,extreme,03.png,4,0.2,"[512, 512]",ecaf4e62d02b750095b71c0828247049848c285190975276e63ef6d951b37cf4,aad7e4eba1d0a55ac4a983788b73e9e5a66f24a767e26e93e98c74ddff8dd54a,ghnlm,1.0,37.99063206372637,0.9930481478918446,68.64772342645541,,fixed_independent,,,28.79802950899466,8,8,NLM_fast_cuda_global,,,,,
set12,extreme,11.png,4,0.2,"[512, 512]",17b452cc44e876adc0d3fd3607e8c9ab9e04406fa1702d436005e99db30c6108,76b80ddc8c4f96ba7c3331b18a0331e1aa705a7e327f7bf24342319ad0898b04,ghnlm,1.0,24.67080818155162,0.7882768649577061,51.749247338661114,,fixed_independent,,,50.13053875100741,8,8,NLM_fast_cuda_global,,,,,
set12,moderate,02.png,4,0.03,"[512, 512]",9a0925d4efea52b4b8355baab41b735118c594bada85c1650a8c929d4bedd645,d879986baaf42190982449d59dd5553d540eb63dbc7567ea488c75632114b5ac,ghnlm,1.0,59.67936882262379,0.9996324046645836,79.82130464454107,,fixed_independent,,,4.494072706002044,8,8,NLM_fast_cuda_global,,,,,
set12,moderate,10.png,4,0.03,"[512, 512]",fa9370ee1649c3bf2aa161f01d3d2575a2dedca729f26b78bd75d618679b9889,434ac8f246e81cbe180927267d40fe66e3454116170de134fb46d837087c066b,ghnlm,1.0,46.410927511831346,0.9974396715144203,73.07744733163668,,fixed_independent,,,4.692662171000848,8,8,NLM_fast_cuda_global,,,,,
set12,moderate,09.png,4,0.03,"[512, 512]",4b3ddbef5883a30e02120d9280c878727f5282bb054525cf3a5b0fcffb889d5c,197f65e812b0eeb2cf91510c2b107e0d658adcb343eaa673a6289fbe2bc4596e,ghnlm,1.0,40.63014681090304,0.9959004069637392,70.11009375363848,,fixed_independent,,,4.883591258010711,8,8,NLM_fast_cuda_global,,,,,
set12,moderate,07.png,4,0.03,"[512, 512]",154769fc48745384ec8816fc554051b0dd5f1c55071de2669c9058bf3a96574e,b36e158819d385dc062ac7799786f1c8f4d46446b333738c6e5fa3718cffe970,ghnlm,1.0,34.30669696604779,0.9961841798806914,66.96255747705847,,fixed_independent,,,5.3073538489989005,8,8,NLM_fast_cuda_global,,,,,
set12,moderate,05.png,4,0.03,"[512, 512]",0a48bd94dc684e9744094acf5f9409ae1a147f367207cbcf847ffecc9506b1e3,114a2e420e0ad99810e3e866c2b4386ab515991bfd7c5db3c2eb96d637d19c5b,ghnlm,1.0,55.52828848453328,0.9996885084444969,77.74856966449148,,fixed_independent,,,4.736370406011702,8,8,NLM_fast_cuda_global,,,,,
set12,moderate,08.png,4,0.03,"[512, 512]",2c394996c73fe787fca843f9f42014d5330dda4ad3053466b934f2c52d1c1f84,f41575c24a908e64f17f53ab3e3de05a585eca0546392a462de5fb0793ed1ce6,ghnlm,1.0,43.28973502272902,0.9957428984166735,71.43201243219818,,fixed_independent,,,5.241086100999382,8,8,NLM_fast_cuda_global,,,,,
set12,moderate,01.png,4,0.03,"[512, 512]",0a372ced9fd4d1f9633532a58073e3974b41da8cfc87f04ec8e9a8dc6a89bba1,8022eb92cc13c07829c548cf238b714175cd922f1b59a9ef093b7a962ea44eae,ghnlm,1.0,49.66474502512095,0.9990417146080445,74.7844582429627,,fixed_independent,,,4.884368094004458,8,8,NLM_fast_cuda_global,,,,,
set12,moderate,04.png,4,0.03,"[512, 512]",7f6baec8e072815d469acd5d149f5da86b89ef26df1895c4edde2d5758900fd0,558b3a110914cdad728ad09d50eba68d5001d3cabe99f29756fe4a3478144a26,ghnlm,1.0,56.5282067707194,0.9996866749003303,78.24843713037622,,fixed_independent,,,4.7792876820021775,8,8,NLM_fast_cuda_global,,,,,
set12,moderate,06.png,4,0.03,"[512, 512]",aa1ae42753ac532294aa25320a62b1fb9aa4b54ad1627f3551d0532393b63c6e,0e78536a56147ba906c487c61e6164992aafc64d24893e1e756d7777e6184f16,ghnlm,1.0,47.247474059309305,0.9983873293699831,73.54310349815381,,fixed_independent,,,4.757754135003779,8,8,NLM_fast_cuda_global,,,,,
set12,moderate,03.png,4,0.03,"[512, 512]",ecaf4e62d02b750095b71c0828247049848c285190975276e63ef6d951b37cf4,d9a7aa26403306264e3dab31bb083178514a9ce2d7e31938922d1ea09f35d416,ghnlm,1.0,40.50364246852492,0.9984992107205304,70.17678177028898,,fixed_independent,,,5.880329955005436,8,8,NLM_fast_cuda_global,,,,,
set12,moderate,11.png,4,0.03,"[512, 512]",17b452cc44e876adc0d3fd3607e8c9ab9e04406fa1702d436005e99db30c6108,4f6af6012acab1aca32e1626772dece3f447b16d814b44a65374637178964709,ghnlm,1.0,31.32318830977349,0.8936371852119994,60.343453415486714,,fixed_independent,,,30.20202620899363,8,8,NLM_fast_cuda_global,,,,,
set12,low,02.png,4,0.01,"[512, 512]",9a0925d4efea52b4b8355baab41b735118c594bada85c1650a8c929d4bedd645,5a06d5c62acf1b36874d17fbb7c8fbcf1bfa1a90a72f48c16e827f3f6067b418,ghnlm,1.0,65.25243926979881,0.9998820854746414,82.62032390863148,,fixed_independent,,,1.9403328699991107,8,8,NLM_fast_cuda_global,,,,,
set12,low,10.png,4,0.01,"[512, 512]",fa9370ee1649c3bf2aa161f01d3d2575a2dedca729f26b78bd75d618679b9889,fe06adf3c895b40fb6b5a15eaf684dfca16946f6169b38d893ed18d3aef8cf92,ghnlm,1.0,51.11388657889347,0.9991657637028823,75.51523147459085,,fixed_independent,,,2.1139550999942003,8,8,NLM_fast_cuda_global,,,,,
set12,low,09.png,4,0.01,"[512, 512]",4b3ddbef5883a30e02120d9280c878727f5282bb054525cf3a5b0fcffb889d5c,bf4e02197794a0e21fbe08f301c6e1a7f1d9ff3ad8f7a4b371f0e200d7cb39b1,ghnlm,1.0,45.04256358239718,0.9985450267631512,72.44853312935615,,fixed_independent,,,1.9774994119943585,8,8,NLM_fast_cuda_global,,,,,
set12,low,07.png,4,0.01,"[512, 512]",154769fc48745384ec8816fc554051b0dd5f1c55071de2669c9058bf3a96574e,bebd5b94e7c8cd5e3c45a4c02eeb5c2f8901ef456e75534811f5ac6a29a3fac0,ghnlm,1.0,34.42720734253277,0.9968597430140029,67.05659082196652,,fixed_independent,,,2.8802586770034395,8,8,NLM_fast_cuda_global,,,,,
set12,low,05.png,4,0.01,"[512, 512]",0a48bd94dc684e9744094acf5f9409ae1a147f367207cbcf847ffecc9506b1e3,166ad95c58f0c06dd2685ab4d5020f880563f9a5058e35aa36901da12704efa6,ghnlm,1.0,60.017593341645814,0.9998956512475577,80.0035792332008,,fixed_independent,,,1.9505762230110122,8,8,NLM_fast_cuda_global,,,,,
set12,low,08.png,4,0.01,"[512, 512]",2c394996c73fe787fca843f9f42014d5330dda4ad3053466b934f2c52d1c1f84,66926c0920534e26b939a5d9f0556865f11d7abe2870967adce74daa613116e0,ghnlm,1.0,45.55339220258767,0.9979256282657448,72.67297751458108,,fixed_independent,,,2.4196173019881826,8,8,NLM_fast_cuda_global,,,,,
set12,low,01.png,4,0.01,"[512, 512]",0a372ced9fd4d1f9633532a58073e3974b41da8cfc87f04ec8e9a8dc6a89bba1,44e11976558cb007c81a668559ae9107fdef12040d6bf3409d86e01b32bb629b,ghnlm,1.0,52.492269216304344,0.9995375704683134,76.22301313156784,,fixed_independent,,,2.3426409120002063,8,8,NLM_fast_cuda_global,,,,,
set12,low,04.png,4,0.01,"[512, 512]",7f6baec8e072815d469acd5d149f5da86b89ef26df1895c4edde2d5758900fd0,ecca96323697cb95c9b9c67fa33692a63a0bcc03cbf07eb1f49bfa5e122f8d4d,ghnlm,1.0,61.48834912503122,0.9999007948506083,80.73921430504603,,fixed_independent,,,2.0453456770046614,8,8,NLM_fast_cuda_global,,,,,
set12,low,06.png,4,0.01,"[512, 512]",aa1ae42753ac532294aa25320a62b1fb9aa4b54ad1627f3551d0532393b63c6e,17094acf9de65d3df3665b52428f406b7e9029614715969875e5da956e308411,ghnlm,1.0,52.56078191302631,0.9994553626850101,76.25315909076366,,fixed_independent,,,1.992814763012575,8,8,NLM_fast_cuda_global,,,,,
set12,low,03.png,4,0.01,"[512, 512]",ecaf4e62d02b750095b71c0828247049848c285190975276e63ef6d951b37cf4,2d3e27d6769c28d88fcabbfa79deb4e13ee1277e06787f8cfec414322f383aed,ghnlm,1.0,40.72179125454171,0.9991469292843571,70.31824209148871,,fixed_independent,,,3.0600743609975325,8,8,NLM_fast_cuda_global,,,,,
set12,low,11.png,4,0.01,"[512, 512]",17b452cc44e876adc0d3fd3607e8c9ab9e04406fa1702d436005e99db30c6108,4d79c36b74d775043c078b1a3b12fac535b38d23f700cf6d0a06dba47d86941f,ghnlm,1.0,32.520618475317434,0.9267979266080656,62.600205568061995,,fixed_independent,,,28.443736943008844,8,8,NLM_fast_cuda_global,,,,,
set50,high,19.gif,0,0.1,"[512, 512]",d17c7663feb48c0fe318904421cb04ec7e850a109d952f66a49ac464a4176a1e,b36a0e2777a4778ee716a1dfe989dd541a6b3d7c5af5fd33a1b733957ca06fd4,gnlm,432.45,23.065821875730336,0.5630310929330369,39.684465584517014,,scaled_current_nlm,,,46.76216133500566,8,8,NLM_fast_cuda_global,,,,,1.55
set50,high,22.gif,0,0.1,"[512, 512]",dfe4f6c6370dbe0651bccc46e98ac3b787e8c63a3a37fb138fe6c81f3e32edd4,455a61e743daec9940c17a770102e9f6d8150016e197a7b40ba5ed8b526bdc6d,gnlm,395.25,23.082262874691754,0.5202946089565529,37.55586188517352,,scaled_current_nlm,,,46.52227855900128,8,8,NLM_fast_cuda_global,,,,,1.55
set50,high,10.gif,0,0.1,"[512, 512]",e233b9bc584bbcbbdcbcbf3674e9c18c92aff37cf54afeec01dc2e7dc1811878,40725b43529bab17a6c41cf7934a73bda5b434a8803e87e4fc1465424cfe2303,gnlm,562.65,24.447915461073837,0.6450741290840529,44.47766418473956,,scaled_current_nlm,,,46.0649040020071,8,8,NLM_fast_cuda_global,,,,,1.55
set50,high,14.gif,0,0.1,"[512, 512]",83fe92c5398701971c09c467a97dc4bfdb94eb4b3ded548d26e5e7fcf62e4d2a,6b7ebb5297b454e99889eaa9e3c4e7c51d253902665731705f49dc1a7a3fe113,gnlm,354.95,20.11987609689417,0.41129702055351613,30.624789076122894,,scaled_current_nlm,,,46.77191020200553,8,8,NLM_fast_cuda_global,,,,,1.55
set50,high,5.gif,0,0.1,"[512, 512]",49db903e1a87a0044a734fb77708aad9985011bc9ee9fb379099de1b4e946109,e06f2bc488a0ff103329561f1b985093b78f631466c577b7e6aeacf6ec8eefe8,gnlm,489.8,26.437547162863915,0.6545203147903906,45.944789320951486,,scaled_current_nlm,,,46.574602268010494,8,8,NLM_fast_cuda_global,,,,,1.55
set50,high,44.gif,0,0.1,"[512, 512]",f968969e97bf6f8f47fd5940af0bd7481b61f2df6d5d553882b8938123b37289,ec7bcd577aab4cb2bedb2657569a7b495db193526b6667e04b6672396e29b078,gnlm,354.95,17.702539538454417,0.4194083309204838,29.821686315251398,,scaled_current_nlm,,,46.90615799400257,8,8,NLM_fast_cuda_global,,,,,1.55
set50,high,42.gif,0,0.1,"[512, 512]",f9b953242d46fc204da43e46262ac3754e9428050546213f592efb0fb7398f12,d0610cf35e287c81eb1f642f3b1f542f30070d26d13b0067e7baf4d73663ef18,gnlm,392.15000000000003,24.170371577222724,0.6257194576464034,43.37115867093153,,scaled_current_nlm,,,46.287576779999654,8,8,NLM_fast_cuda_global,,,,,1.55
set50,high,38.gif,0,0.1,"[512, 512]",e39779dc60dbc76330293a5fdb44dfabe4d22433c36132e18afcf31a515217b4,b024231c1c516936430ae7117c8c77dd3ee6a417718598f0b9968ffc86f3b5f5,gnlm,446.40000000000003,25.620751739897894,0.5775789349497815,41.68932261743802,,scaled_current_nlm,,,46.78003743199224,8,8,NLM_fast_cuda_global,,,,,1.55
set50,high,48.gif,0,0.1,"[512, 512]",9b261d731fc3d639b0cc3dac391980b0c49dd558b24b95a14bb3f3eb9f3569d0,f7e02ffabb7c26975ac77d2ba941fa8dfff992fc0d3c3a52904286975a396ab4,gnlm,461.90000000000003,24.764707862368102,0.6121274638096286,42.98872712166548,,scaled_current_nlm,,,46.52667725100764,8,8,NLM_fast_cuda_global,,,,,1.55
set50,high,17.gif,0,0.1,"[512, 512]",6f8a02e1689062bed722742a554760dd74359b35fc8b969bab8beed8e59421a0,e7c516b92404f02e0645aab2369f6d006b10771e2148c9e3305e1e93828f5d9b,gnlm,354.95,21.00951676927757,0.5170267826511633,36.35609751719695,,scaled_current_nlm,,,46.58831849099079,8,8,NLM_fast_cuda_global,,,,,1.55
set50,high,0.png,0,0.1,"[512, 512]",0a372ced9fd4d1f9633532a58073e3974b41da8cfc87f04ec8e9a8dc6a89bba1,5c64fdfe33f4ceb5a47428c2edc3ca4f989b1078a7da5d038a7aac327de869fd,gnlm,519.25,25.493764675930244,0.6426425487768807,44.879009776809156,,scaled_current_nlm,,,46.16385711300245,8,8,NLM_fast_cuda_global,,,,,1.55
set50,high,16.gif,0,0.1,"[512, 512]",2d68b31ae4d4c10bc0e60742ba3064c10d62113ffb3ca9a7c14b80e40b0e6170,6ca2d5d1195f31115e9e15bd7978d65bde8735913f5134a99256e529c86a3d8a,gnlm,354.95,21.125236530486433,0.3815281482463683,29.639025677561634,,scaled_current_nlm,,,46.5427953430044,8,8,NLM_fast_cuda_global,,,,,1.55
set50,high,32.gif,0,0.1,"[512, 512]",c3cc3fb5da093d47d6808c6219ed907c3e69ab01954b1b929a8739cbbcc26493,810d3fc722ad3d6be42c77a540abbe450d08f86c4c996feebc699bf3e2187fb0,gnlm,367.35,22.67756134925294,0.48638947396137555,35.65825437269525,,scaled_current_nlm,,,46.46587965299841,8,8,NLM_fast_cuda_global,,,,,1.55
set50,high,30.gif,0,0.1,"[512, 512]",b1cccc0e8d64bae511f9cd0c5596628364bd1e09c90c5e793604a1f7a55f642f,8f3d6ba7eafb9220ec09f0fc23d98c4362582f25fe465748fde08df029299774,gnlm,451.05,23.374517779157582,0.4733548762736749,35.355002703262535,,scaled_current_nlm,,,46.81833494899911,8,8,NLM_fast_cuda_global,,,,,1.55
set50,high,43.gif,0,0.1,"[512, 512]",443801cafadb33c7829b313f4efd834e70cc313567a260dd2b5554dc7ee6be98,f9f8d19328bf1d7475a95984514a389b0136e60eba80c85712e9c05f9a967619,gnlm,499.1,24.529863725154797,0.6643876052215553,45.484312123655165,,scaled_current_nlm,,,46.39223423998919,8,8,NLM_fast_cuda_global,,,,,1.55
set50,high,47.gif,0,0.1,"[512, 512]",9005ddf994846f88305becd36c72a046818a094c026c69a8106c34b34a31a8fe,5e23fe352e87a835d6f7372654af688603bdc568b1d6edc31757a6b71ff6f072,gnlm,354.95,21.27210781265837,0.46885028219520747,34.07856801608956,,scaled_current_nlm,,,46.5967290510016,8,8,NLM_fast_cuda_global,,,,,1.55
set50,high,25.gif,0,0.1,"[512, 512]",30838b6c4e963b60da10cc6158a119a7052a4ffa1ebdcc87bcf0054f681427c6,2539e5cf1bcc6130b9238ebc011a1069fdfddd7401c69aa83c14b2efb244dee4,gnlm,558.0,27.151082570111875,0.5929193582133774,43.221509195724806,,scaled_current_nlm,,,46.29952695099928,8,8,NLM_fast_cuda_global,,,,,1.55
set50,high,7.gif,0,0.1,"[512, 512]",5e3769e24988284e1036ce844ee8e0f11dbe28fe111f6a962e37864dc34b60dc,bfb32fd0573f98e26541bf24de61f68beccaeb66008181d1d775350c1789035f,gnlm,354.95,21.02080802404318,0.5936846485843323,40.19463644123821,,scaled_current_nlm,,,45.96666173799895,8,8,NLM_fast_cuda_global,,,,,1.55
set50,high,15.gif,0,0.1,"[512, 512]",51e2066df33af18b47bcd356b17c6cdf04f2a5fd219ace410fcabb06698c6c71,bf8b02c350afda2a086d62f94ecfc2be823c619bb2256328323737766f031044,gnlm,358.05,21.888348989731593,0.46517588174767865,34.20296858224973,,scaled_current_nlm,,,46.924700107992976,8,8,NLM_fast_cuda_global,,,,,1.55
set50,high,41.gif,0,0.1,"[512, 512]",1569598ab7f33ee44bcf70502565ffcd7528912a2c13cd1977fe64573770f1e6,70ff830e123ba0b8a56a22fa8d8361dd52e6efc94cce0dc0117077a8d211d455,gnlm,381.3,24.406025254638113,0.578890675812108,41.14754641792445,,scaled_current_nlm,,,46.530010963004315,8,8,NLM_fast_cuda_global,,,,,1.55
set50,high,6.gif,0,0.1,"[512, 512]",ca956c8aa0ec2de8bd2e4d7545c7f969215d4f7f65cb72ee9d31cb17df0033b6,91c0d484c15597d9172a55a9609dcaaab6020d9ca89b915718e7c130aa54ed16,gnlm,418.5,23.35558418869157,0.5349092898911079,38.423256588901175,,scaled_current_nlm,,,46.615492279001046,8,8,NLM_fast_cuda_global,,,,,1.55
set50,high,21.gif,0,0.1,"[512, 512]",74d2fa3fc2447fd331660c09f2f468f3cce983dc347509d32564e992fdebaf9a,93925f5a9a6755a73923c2bef7adff8c2bdab08e8e089892c36ace4313afb948,gnlm,475.85,24.72024325480718,0.5221453099087234,38.46738712283976,,scaled_current_nlm,,,46.67562066800019,8,8,NLM_fast_cuda_global,,,,,1.55
set50,high,27.gif,0,0.1,"[512, 512]",bc7a1c1300b1b1bda264e18fbde62fa845194fac5839cb705a788c6ac331f517,144439eafed501fe7aa53d4e6967a995d40da47c2ef83b7b5e02b718dafccd80,gnlm,585.9,26.068495145141593,0.6361547268952256,44.84198391733207,,scaled_current_nlm,,,46.52717227199173,8,8,NLM_fast_cuda_global,,,,,1.55
set50,high,46.gif,0,0.1,"[512, 512]",14cdebcd7b2b9e534cc9717933df6ccb4861289237cde90700810e2e6e2e245f,f9ffe1409fcf91d55fa900020b1f0f613dd8b50d40a2f9d090f6f53caa03f076,gnlm,354.95,22.608252079661973,0.5273857217777211,37.67341212871705,,scaled_current_nlm,,,46.57731496299675,8,8,NLM_fast_cuda_global,,,,,1.55
set50,high,20.gif,0,0.1,"[512, 512]",c3a4da195ffc62103521cd979723e50840fe46cfd989b567c826985f8b23dcf4,bd08cc1fb18acc1d47463e9c075d7d5d446aa4ae53b1672824ff6a737dc1f69d,gnlm,375.1,23.124473362370544,0.4813817477184767,35.631324067109105,,scaled_current_nlm,,,46.54912721499568,8,8,NLM_fast_cuda_global,,,,,1.55
set50,high,2.gif,0,0.1,"[512, 512]",b101b795e2638a1e9dbdaa513bdc8be6090aed4d6ac294b155e5f3a2c7c0bb80,13d3b6b9e05ddc640a63ea227d1f32df0b4e453f33794f15001a41ae53644828,gnlm,475.85,25.561455494537473,0.5853756426497407,42.049509879755774,,scaled_current_nlm,,,47.45782912899449,8,8,NLM_fast_cuda_global,,,,,1.55
set50,high,40.gif,0,0.1,"[512, 512]",911cad3f1d559f196f94ed9e80a9602969b74319acb1d70da238efdb48af38e2,d5f4e4babce2a4896b57ee8a524799a4a612a77617adc6237c295f1b8268313a,gnlm,494.45,28.087009407835744,0.6376286695715563,45.92493818249569,,scaled_current_nlm,,,47.40204764800728,8,8,NLM_fast_cuda_global,,,,,1.55
set50,high,31.gif,0,0.1,"[512, 512]",33781418a1e6e85521011be7d450b002a8f8a8f1ba68a79c1219f3b3ba59b160,85c7dd0dbdad648e1bc43c9d6bbf15a1baffa81644e4a28e665df8f4296b38c0,gnlm,354.95,19.550164094635186,0.43190769800136436,31.37046694738581,,scaled_current_nlm,,,46.4023757870018,8,8,NLM_fast_cuda_global,,,,,1.55
set50,high,29.gif,0,0.1,"[512, 512]",1eeb76c0386fbcd563a08eb25bbeffde427bdc62658e4bcc02c8aafbf733f219,a7c813ed42caac8cc5e59ba0b313601fb3411f9081c2c98c849a0f386c717927,gnlm,354.95,21.876137776086587,0.4548918922844885,33.682663502267715,,scaled_current_nlm,,,46.99453213599918,8,8,NLM_fast_cuda_global,,,,,1.55
set50,high,33.gif,0,0.1,"[512, 512]",7a10c4eca50167d8d459c2505f2b0f21cfb399e7b01adccaa0422695496c2e72,0b9b79cc55914de4df60ffdc521344bb95f073f3bbae4f345c20bb3d16868469,gnlm,427.8,24.06681451869644,0.5374232009879455,38.9045673087455,,scaled_current_nlm,,,46.252228722994914,8,8,NLM_fast_cuda_global,,,,,1.55
set50,high,24.gif,0,0.1,"[512, 512]",b8f6ebed7641854cd23e807c2f78d350f1373b2fe7f96e6ea18f8531797fbc3a,933931a3c3cf3e69d505146c4f660b276aa0eb49b9bdfff9b8e7b90470c69978,gnlm,506.85,25.801712118143378,0.5685892237740616,41.33031724777477,,scaled_current_nlm,,,46.876833301997976,8,8,NLM_fast_cuda_global,,,,,1.55
set50,high,3.gif,0,0.1,"[512, 512]",e3e2313cc250162bd613776c7b0063891d9d56b3576c9808ac5c8c0e7e8fcb8d,735ba2525df2e7b6a619ada7a3ef29d9102198e0392841695017c0dd0b5ee365,gnlm,488.25,24.415876883516727,0.5400546131376509,39.210669098640906,,scaled_current_nlm,,,47.06278097600443,8,8,NLM_fast_cuda_global,,,,,1.55
set50,high,1.gif,0,0.1,"[512, 512]",95f21dff4cd5a318a519cb05a1e35fb41f49c007ca46345fd6917258be8d9d73,3c777b4aafc995f531dbb45a128a3eae2ac912519ef53a690559aa448818fa5c,gnlm,416.95,23.096278857309795,0.5840347186148239,40.74987535939609,,scaled_current_nlm,,,46.3099394729943,8,8,NLM_fast_cuda_global,,,,,1.55
set50,high,23.gif,0,0.1,"[512, 512]",05918015ae96873f255fec3e75ace895a76214abbeffdbfff55b5cf6214224c6,5f89d28e00ddcbb3c400744e705cf34f0576d46a30918f8130ebe8b81f0dbd6b,gnlm,573.5,26.651382320573497,0.6289594763223627,44.77366497640489,,scaled_current_nlm,,,46.69809480299591,8,8,NLM_fast_cuda_global,,,,,1.55
set50,high,35.gif,0,0.1,"[512, 512]",353590d221e21b53b97858fbc575a2320a10336f21bbed5dd461fa942bab100f,7fd0001b7f292822b216f02c457dbcecd3cc83fe14deb66f3451f8f3ef72671e,gnlm,440.2,25.40771434940288,0.651455409183595,45.27662763388119,,scaled_current_nlm,,,46.8854896450066,8,8,NLM_fast_cuda_global,,,,,1.55
set50,high,36.gif,0,0.1,"[512, 512]",99a41bcc709d43204ca0f73a6593656300237e5367043081c5065ca77d5e3628,ff4228673bf5f8b1cc0996ca7aebcbc4b4745a91c7d8bae3aa2dd541df188359,gnlm,376.65000000000003,22.383246939135695,0.47785133230983845,35.084190085059774,,scaled_current_nlm,,,46.10604139098723,8,8,NLM_fast_cuda_global,,,,,1.55
set50,high,26.gif,0,0.1,"[512, 512]",3efcc155fe7f35f9428c0536c9c1dc2b826188d5f0a5b0a90ecbf681233221e2,82c2e5bf1fd025c58e0731a894ed6f185e49d9f6da055c0ddcccab37d1acaf68,gnlm,513.0500000000001,26.833119569410616,0.625677046366367,44.70041210302366,,scaled_current_nlm,,,46.513748773999396,8,8,NLM_fast_cuda_global,,,,,1.55
set50,high,37.gif,0,0.1,"[512, 512]",74881a36c4896c931da56c784ac35afb478dc71ae7af27894deeb074f83e518a,6711e4fc698c6f6b88662c31c7011be6475f79e420b41957137edbe48c02cc84,gnlm,406.1,24.800416112850385,0.4607486226926256,35.437639191056476,,scaled_current_nlm,,,46.516494038995006,8,8,NLM_fast_cuda_global,,,,,1.55
set50,high,13.gif,0,0.1,"[512, 512]",c34b796bde09761f5bc3c358f20b72f49e020580ed0a76d5456c61f0da4499eb,b23b2328bee24b6db72c9714ba291238b97ab3df260f49344564758f266b6c76,gnlm,469.65000000000003,23.98542446720434,0.6104370885680088,42.51456666200261,,scaled_current_nlm,,,46.56526391800435,8,8,NLM_fast_cuda_global,,,,,1.55
set50,high,28.gif,0,0.1,"[512, 512]",f509179793e6551fbec77f8fdd91e45d53d2dd6e0a87394377c4bb4c52eb9a43,d1611978754e5fc4a32fa267275458c29f71665a67a3d6e772e5a8d97a888b76,gnlm,503.75,25.90119480881249,0.569980757396228,41.44963527421764,,scaled_current_nlm,,,46.52478861800046,8,8,NLM_fast_cuda_global,,,,,1.55
set50,high,9.gif,0,0.1,"[512, 512]",8b76cd61996084e7d23b9f638b4d32839d9f6ac7965ef9b585f78bdbdaff16b3,bf30a7802fc17f31bf72e321b90d3ed5f0390b5768e85c9c5499096eb9fcde3e,gnlm,426.25,23.43972667311819,0.582965531119138,40.86813989251599,,scaled_current_nlm,,,46.07970572299382,8,8,NLM_fast_cuda_global,,,,,1.55
set50,high,18.gif,0,0.1,"[512, 512]",539caf0cced15a86b729848a1a182b75776a621cf01b5e9a62085f53b86f3407,57502a7add237e5d5309882c717ca9c474cb1f376e21798057c8e0f71c0150ec,gnlm,354.95,19.788070874476084,0.42341357395330925,31.064714134903504,,scaled_current_nlm,,,46.68731030001072,8,8,NLM_fast_cuda_global,,,,,1.55
set50,high,49.gif,0,0.1,"[512, 512]",8311e02cd6238d6e74f6a9bf6fa5c250d748ceec5882a86242e2452c587cdf2b,16522de1ffa2356a43b6b1339c41f1a31b67ef45f92c4bb401a90a78555d2b30,gnlm,356.5,18.172480417247442,0.589061510962554,38.53931575675142,,scaled_current_nlm,,,46.380419406996225,8,8,NLM_fast_cuda_global,,,,,1.55
set50,high,4.gif,0,0.1,"[512, 512]",fd89b9bfe327e11c7cfbc851fff026261f2c33ef17edc9373682def6616fdc4f,3c0d019d5056b98dbdd01251831763caa26e55b8875f2444b402a81535401593,gnlm,466.55,25.636029178859367,0.5566903679336376,40.65253298611157,,scaled_current_nlm,,,46.52246993301378,8,8,NLM_fast_cuda_global,,,,,1.55
set50,high,8.gif,0,0.1,"[512, 512]",fd53a01b9f6a3a02a5408efee91cfa235b1325372804d49874a677719089b14e,22ebb86ce1395a6ea03d541a188eef6e92c3804779678fd6b9d986ea4a3704f1,gnlm,573.5,24.835576299085083,0.540884462879787,39.46201129353189,,scaled_current_nlm,,,46.989639680992696,8,8,NLM_fast_cuda_global,,,,,1.55
set50,high,39.gif,0,0.1,"[512, 512]",e43557540646572e4a7b69124c49ff2c37c4d1695507c5d64a44d09a5043958e,2cd48e49bed02f86e876dc092a5fe09f97580929bf9971223e5d235b9fc21e5d,gnlm,576.6,26.819552261991007,0.6374430896468398,45.281930613337494,,scaled_current_nlm,,,46.6317472649971,8,8,NLM_fast_cuda_global,,,,,1.55
set50,high,12.gif,0,0.1,"[512, 512]",3c3ec23125fea9974f2e94c0d93a534edf2ec60d33b6af79f9a60fef58295de4,c499ec126eb1d4bd4772ea5064bf8c5aec9aedea33c962227fa457abfe5821f2,gnlm,441.75,23.680502783365185,0.5457173672030532,39.12611975183525,,scaled_current_nlm,,,46.26571464500739,8,8,NLM_fast_cuda_global,,,,,1.55
set50,high,45.gif,0,0.1,"[512, 512]",72644242bceb1596c04ab4ddde11989c7aa206ee2094402fadeac9f9c500d55a,1c77a0ba17abe22ce790d8efab4ac203a1f91fa751c993883c8b6bb7b35b8ec7,gnlm,478.95,24.00882504164558,0.6175103285946371,42.87992895055464,,scaled_current_nlm,,,46.968163572004414,8,8,NLM_fast_cuda_global,,,,,1.55
set50,high,11.gif,0,0.1,"[512, 512]",b12e0216f269d1ad8f5dfe769baf0fb60142ab5235a6d1d62707dc52ca591071,9cf4a3983f4c78b315b6e3696a2902c630e21959314e7d5ba80f4b5e3a698a9f,gnlm,392.15000000000003,20.566989603609596,0.5898624744705699,39.7766185253333,,scaled_current_nlm,,,46.23879450900131,8,8,NLM_fast_cuda_global,,,,,1.55
set50,high,34.gif,0,0.1,"[512, 512]",42a4b02f48b536770f4d42c1c4884a5b2a4a662af62778249a90a16c1d9f5398,aeee58b67027a3d070fc355f6fa808729e4818e31921fdad3e72e016da9f0e59,gnlm,415.40000000000003,23.73859752870529,0.5698993226426098,40.364264896483135,,scaled_current_nlm,,,46.51284065900836,8,8,NLM_fast_cuda_global,,,,,1.55
set50,medium,19.gif,0,0.05,"[512, 512]",d17c7663feb48c0fe318904421cb04ec7e850a109d952f66a49ac464a4176a1e,ab0f62ff71690b1f079d2442492232894b3d5cb0bd28f2a635a0154933a3ad9c,gnlm,306.59999999999997,24.737150766095667,0.6563197158592543,45.18456117601055,,scaled_current_nlm,,,46.54765787199722,8,8,NLM_fast_cuda_global,,,,,1.4
set50,medium,22.gif,0,0.05,"[512, 512]",dfe4f6c6370dbe0651bccc46e98ac3b787e8c63a3a37fb138fe6c81f3e32edd4,620f2e4a57fed79f61ab777b3e184c38652054c24847572fdb76c0001885adc8,gnlm,283.65000000000003,24.309341010157745,0.6078310678612249,42.54622389814011,,scaled_current_nlm,,,46.84386411399464,8,8,NLM_fast_cuda_global,,,,,1.55
set50,medium,10.gif,0,0.05,"[512, 512]",e233b9bc584bbcbbdcbcbf3674e9c18c92aff37cf54afeec01dc2e7dc1811878,bf39e4c2af1601555be9f4f79c87f5f72e4d70b0d0c6fbe349afddc726c4b64a,gnlm,364.0,26.70574967343743,0.7520057797294666,50.95316382319204,,scaled_current_nlm,,,46.65224029299861,8,8,NLM_fast_cuda_global,,,,,1.4
set50,medium,14.gif,0,0.05,"[512, 512]",83fe92c5398701971c09c467a97dc4bfdb94eb4b3ded548d26e5e7fcf62e4d2a,15c8aaec04915b3a2e6edfedfb300a609784bb53adf334bf8a8dfad53fca7e0e,gnlm,261.95,20.987899415806297,0.48476169727697865,34.73203457175208,,scaled_current_nlm,,,47.111064995013294,8,8,NLM_fast_cuda_global,,,,,1.55
set50,medium,5.gif,0,0.05,"[512, 512]",49db903e1a87a0044a734fb77708aad9985011bc9ee9fb379099de1b4e946109,c2224edd221ea21c84e5117528a8db3adfc3696f14b7d240e12cc2d0730553af,gnlm,323.4,28.033083068620822,0.7231024639787241,50.17166473324662,,scaled_current_nlm,,,47.18694695700833,8,8,NLM_fast_cuda_global,,,,,1.4
set50,medium,44.gif,0,0.05,"[512, 512]",f968969e97bf6f8f47fd5940af0bd7481b61f2df6d5d553882b8938123b37289,b3d71aafdd8875b49cb64bc4e793cabad947e6ab2f446605040bc133a31cd1d0,gnlm,261.95,18.65919165931174,0.5081841822285397,34.738804941082854,,scaled_current_nlm,,,46.217047700993135,8,8,NLM_fast_cuda_global,,,,,1.55
set50,medium,42.gif,0,0.05,"[512, 512]",f9b953242d46fc204da43e46262ac3754e9428050546213f592efb0fb7398f12,6e3b11e5a5fc79d6e322f09ce90be37d3ffe0078940e736dc490e04f24ae9a34,gnlm,296.05,25.704761587167408,0.7008471447570886,47.89473803143814,,scaled_current_nlm,,,46.87084619300731,8,8,NLM_fast_cuda_global,,,,,1.55
set50,medium,38.gif,0,0.05,"[512, 512]",e39779dc60dbc76330293a5fdb44dfabe4d22433c36132e18afcf31a515217b4,2e0bec2731efda949bbf711f73c2cbc227dfc6737900f9055cfc90cf3cdf2fde,gnlm,285.59999999999997,27.013515897999287,0.6608461245782644,46.54906417791286,,scaled_current_nlm,,,46.964359888006584,8,8,NLM_fast_cuda_global,,,,,1.4
set50,medium,48.gif,0,0.05,"[512, 512]",9b261d731fc3d639b0cc3dac391980b0c49dd558b24b95a14bb3f3eb9f3569d0,a747073b330968ee1aae040e4dc878fcf916f0a11f16fe05636a80b9fc875feb,gnlm,306.59999999999997,26.491919476126654,0.7034314106810784,48.41753027211725,,scaled_current_nlm,,,46.80360010098957,8,8,NLM_fast_cuda_global,,,,,1.4
set50,medium,17.gif,0,0.05,"[512, 512]",6f8a02e1689062bed722742a554760dd74359b35fc8b969bab8beed8e59421a0,6af0ecd76919ca281da513ca27a3a90b46d370abb3eb6578013f06f4b900ca86,gnlm,282.1,22.335611191739826,0.6084862917731486,41.592120184527346,,scaled_current_nlm,,,46.58291305800958,8,8,NLM_fast_cuda_global,,,,,1.55
set50,medium,0.png,0,0.05,"[512, 512]",0a372ced9fd4d1f9633532a58073e3974b41da8cfc87f04ec8e9a8dc6a89bba1,95660ff47115848bd895ed7581195e91c2ab4a1746122ef36b82c4d90108493b,gnlm,350.0,27.918475321629536,0.7586142591923261,51.889950620431065,,scaled_current_nlm,,,46.62091169500491,8,8,NLM_fast_cuda_global,,,,,1.4
set50,medium,16.gif,0,0.05,"[512, 512]",2d68b31ae4d4c10bc0e60742ba3064c10d62113ffb3ca9a7c14b80e40b0e6170,7455aaabfc63093d044293a592276a820637f19bca9681cbe7c6ff4252ab18b7,gnlm,261.95,22.080778030975555,0.44186860430967545,33.13381923097155,,scaled_current_nlm,,,46.500537514992175,8,8,NLM_fast_cuda_global,,,,,1.55
set50,medium,32.gif,0,0.05,"[512, 512]",c3cc3fb5da093d47d6808c6219ed907c3e69ab01954b1b929a8739cbbcc26493,d2e3e8ae3b57d5960df96ffa19753233b3b3181989f99a93fa4b43c98c09e669,gnlm,291.40000000000003,24.033569866818382,0.5824223705825667,41.13790346253753,,scaled_current_nlm,,,46.58091903499735,8,8,NLM_fast_cuda_global,,,,,1.55
set50,medium,30.gif,0,0.05,"[512, 512]",b1cccc0e8d64bae511f9cd0c5596628364bd1e09c90c5e793604a1f7a55f642f,50942175cdb95f83dc200d5959fee5536d4754b54986e42ca9e7c656cbeb2d35,gnlm,344.1,24.576138437185158,0.5493201950399281,39.754078970588985,,scaled_current_nlm,,,46.60553046200948,8,8,NLM_fast_cuda_global,,,,,1.55
set50,medium,43.gif,0,0.05,"[512, 512]",443801cafadb33c7829b313f4efd834e70cc313567a260dd2b5554dc7ee6be98,0f28e2bbe65b808a1ad16efa6f1a2414cb8e1679bad1f815c763acec68cff608,gnlm,337.4,26.341778508554512,0.7495407406910314,50.64792628882883,,scaled_current_nlm,,,46.565810872998554,8,8,NLM_fast_cuda_global,,,,,1.4
set50,medium,47.gif,0,0.05,"[512, 512]",9005ddf994846f88305becd36c72a046818a094c026c69a8106c34b34a31a8fe,f0b3f05cda30a32f8298ccca20c4e29bcc50c140242aed6be8d436ed2cbce168,gnlm,261.95,22.246307713565784,0.5493583002323601,38.591068868400896,,scaled_current_nlm,,,46.23526766200666,8,8,NLM_fast_cuda_global,,,,,1.55
set50,medium,25.gif,0,0.05,"[512, 512]",30838b6c4e963b60da10cc6158a119a7052a4ffa1ebdcc87bcf0054f681427c6,c89a7c0b0f09eb3263a9d11fe8efddbb4c1176dcd1ec6708e3bfd021c89ed096,gnlm,366.79999999999995,29.1722535699039,0.696919634875368,49.43210852872035,,scaled_current_nlm,,,46.871760940994136,8,8,NLM_fast_cuda_global,,,,,1.4
set50,medium,7.gif,0,0.05,"[512, 512]",5e3769e24988284e1036ce844ee8e0f11dbe28fe111f6a962e37864dc34b60dc,0b7b6c2421211e0fc8eb9beafb206d75c70b2b199d5853ec2da992719afaceeb,gnlm,289.85,22.83885071125261,0.6758234453306737,45.210597622159995,,scaled_current_nlm,,,46.02541791199474,8,8,NLM_fast_cuda_global,,,,,1.55
set50,medium,15.gif,0,0.05,"[512, 512]",51e2066df33af18b47bcd356b17c6cdf04f2a5fd219ace410fcabb06698c6c71,39199cb66df82a184e9e3590d2a8fb0d07979479d1aa4b27f16430a55727c97d,gnlm,269.7,22.872828077393713,0.5453350716832066,38.70316762285719,,scaled_current_nlm,,,46.18668879100005,8,8,NLM_fast_cuda_global,,,,,1.55
set50,medium,41.gif,0,0.05,"[512, 512]",1569598ab7f33ee44bcf70502565ffcd7528912a2c13cd1977fe64573770f1e6,639175861e9da8475bf7aae7e80671d5d0dab0e21f7e6410bb02e7d02ad6a8fb,gnlm,251.99999999999997,25.843562709076284,0.6616910062350421,46.006331666290244,,scaled_current_nlm,,,46.47280246501032,8,8,NLM_fast_cuda_global,,,,,1.4
set50,medium,6.gif,0,0.05,"[512, 512]",ca956c8aa0ec2de8bd2e4d7545c7f969215d4f7f65cb72ee9d31cb17df0033b6,55397b364b569ec357ea88a4f227d75702d9c46065e68167ce5415a085e5c604,gnlm,281.4,24.678760134309453,0.6277246834581267,43.72561424006106,,scaled_current_nlm,,,45.83270376001019,8,8,NLM_fast_cuda_global,,,,,1.4
set50,medium,21.gif,0,0.05,"[512, 512]",74d2fa3fc2447fd331660c09f2f468f3cce983dc347509d32564e992fdebaf9a,b6c46b122a5935b040c7876069901e8fa2e88d65c0dccd7d3eab28bd325feb1d,gnlm,305.2,26.114272421504783,0.6122295091059431,43.66861166604954,,scaled_current_nlm,,,46.538047765992815,8,8,NLM_fast_cuda_global,,,,,1.4
set50,medium,27.gif,0,0.05,"[512, 512]",bc7a1c1300b1b1bda264e18fbde62fa845194fac5839cb705a788c6ac331f517,bc5c0abc5cb89f2602601bed2e468d7abc51acd7e1e351256ff9700481db427e,gnlm,392.0,28.527318335702706,0.7460259958692389,51.564958961313295,,scaled_current_nlm,,,46.97976529499283,8,8,NLM_fast_cuda_global,,,,,1.4
set50,medium,46.gif,0,0.05,"[512, 512]",14cdebcd7b2b9e534cc9717933df6ccb4861289237cde90700810e2e6e2e245f,d878c43c275cd0166300fe04d75a53c09d3d75d67cb3d908e5882e20a295ecc9,gnlm,261.95,23.6920479009408,0.592670534722195,41.479550686580154,,scaled_current_nlm,,,45.91173610999249,8,8,NLM_fast_cuda_global,,,,,1.55
set50,medium,20.gif,0,0.05,"[512, 512]",c3a4da195ffc62103521cd979723e50840fe46cfd989b567c826985f8b23dcf4,5bfaaf6ce3c548fbb6ee19f84702519c6eb63441cab262540222464802072c15,gnlm,279.0,24.152411907838456,0.5524257242312707,39.69749216548276,,scaled_current_nlm,,,46.731419648989686,8,8,NLM_fast_cuda_global,,,,,1.55
set50,medium,2.gif,0,0.05,"[512, 512]",b101b795e2638a1e9dbdaa513bdc8be6090aed4d6ac294b155e5f3a2c7c0bb80,47bd00b70c71b3de67094cd318e7fb07d41c4b8231d7032dbe43d4a7fd0afd84,gnlm,308.0,27.01733453368043,0.6578108353433219,46.399209034006304,,scaled_current_nlm,,,46.32949870999437,8,8,NLM_fast_cuda_global,,,,,1.4
set50,medium,40.gif,0,0.05,"[512, 512]",911cad3f1d559f196f94ed9e80a9602969b74319acb1d70da238efdb48af38e2,dc1d71ab921c00086086b6fde9eb97f5acf18f1ed049f18da885c811f2618fe2,gnlm,301.0,29.820088693105223,0.7176958042402714,50.79483455856618,,scaled_current_nlm,,,46.76333531099954,8,8,NLM_fast_cuda_global,,,,,1.4
set50,medium,31.gif,0,0.05,"[512, 512]",33781418a1e6e85521011be7d450b002a8f8a8f1ba68a79c1219f3b3ba59b160,a83f1584e818989261cb11cf48877cb0c510282d8114787afbbd003206284810,gnlm,261.95,20.599623829158233,0.5116650882738335,35.88306632827079,,scaled_current_nlm,,,46.247014588007005,8,8,NLM_fast_cuda_global,,,,,1.55
set50,medium,29.gif,0,0.05,"[512, 512]",1eeb76c0386fbcd563a08eb25bbeffde427bdc62658e4bcc02c8aafbf733f219,83a2de1c8dcf51614771b01920c82a7c23337d67875efe46d6c405c5127135c7,gnlm,261.95,22.930052984916017,0.5228922828067899,37.60964063279751,,scaled_current_nlm,,,46.76944604500022,8,8,NLM_fast_cuda_global,,,,,1.55
set50,medium,33.gif,0,0.05,"[512, 512]",7a10c4eca50167d8d459c2505f2b0f21cfb399e7b01adccaa0422695496c2e72,08d26c934a289bb92e048127732aeadfa9b78a9f4b5882efb73995bdf3cd72d1,gnlm,327.05,25.433932751857764,0.6088040248688326,43.15716761937051,,scaled_current_nlm,,,47.40701889600314,8,8,NLM_fast_cuda_global,,,,,1.55
set50,medium,24.gif,0,0.05,"[512, 512]",b8f6ebed7641854cd23e807c2f78d350f1373b2fe7f96e6ea18f8531797fbc3a,7df6a26996b27055fbd6fade2729c1bef1483650ee3f0c3831c8b73955e45a96,gnlm,330.4,27.36227253184918,0.6590940925615503,46.6358408940021,,scaled_current_nlm,,,46.241478506999556,8,8,NLM_fast_cuda_global,,,,,1.4
set50,medium,3.gif,0,0.05,"[512, 512]",e3e2313cc250162bd613776c7b0063891d9d56b3576c9808ac5c8c0e7e8fcb8d,796ec59771c5391e193cc91c432e0a5596e1920f3a4db227d9eb10f6a3d518d5,gnlm,334.59999999999997,26.157100766178996,0.6378243719328188,44.96976897973044,,scaled_current_nlm,,,46.62941638499615,8,8,NLM_fast_cuda_global,,,,,1.4
set50,medium,1.gif,0,0.05,"[512, 512]",95f21dff4cd5a318a519cb05a1e35fb41f49c007ca46345fd6917258be8d9d73,e24ed88e7f0eb2dddfa6a9612b63b2c33becdf037cb98dd934bdb9f01a47ea78,gnlm,291.40000000000003,24.508733469497145,0.6760680062482227,46.05776704715971,,scaled_current_nlm,,,46.73076333699282,8,8,NLM_fast_cuda_global,,,,,1.55
set50,medium,23.gif,0,0.05,"[512, 512]",05918015ae96873f255fec3e75ace895a76214abbeffdbfff55b5cf6214224c6,655503e7d7fab0b5c67c003c7369ebf5019a3bde7ab7b4ded0a31511df31d745,gnlm,373.79999999999995,29.104987403733624,0.7378917360931756,51.447080506525595,,scaled_current_nlm,,,46.57428771199193,8,8,NLM_fast_cuda_global,,,,,1.4
set50,medium,35.gif,0,0.05,"[512, 512]",353590d221e21b53b97858fbc575a2320a10336f21bbed5dd461fa942bab100f,d8405f20d92cf2c558f2ca882734d0a50ace70c0b016ae8d28e3ae1f7bf374d8,gnlm,314.65000000000003,26.953475080514636,0.7281687219442985,49.88517363747224,,scaled_current_nlm,,,46.40518227900611,8,8,NLM_fast_cuda_global,,,,,1.55
set50,medium,36.gif,0,0.05,"[512, 512]",99a41bcc709d43204ca0f73a6593656300237e5367043081c5065ca77d5e3628,57e4e3e6cfe9d42cb759240f0c415ccaf8f59eecb6632db03e3d83df22720313,gnlm,283.65000000000003,23.640299959650818,0.5588122451833616,39.76076223899349,,scaled_current_nlm,,,46.430236765998416,8,8,NLM_fast_cuda_global,,,,,1.55
set50,medium,26.gif,0,0.05,"[512, 512]",3efcc155fe7f35f9428c0536c9c1dc2b826188d5f0a5b0a90ecbf681233221e2,854fb7772003d6ba3ae6e98b9a7fb849cc21ff8676ba7f04a3260e753a54d7cd,gnlm,337.4,28.63334272087085,0.706269348652396,49.630138793055224,,scaled_current_nlm,,,46.66544416900433,8,8,NLM_fast_cuda_global,,,,,1.4
set50,medium,37.gif,0,0.05,"[512, 512]",74881a36c4896c931da56c784ac35afb478dc71ae7af27894deeb074f83e518a,036505e5dfbec15ce66a6908c05abf048cc47a82646c9b6094a5edfac7c701dc,gnlm,308.45,25.834071272377916,0.5155597591377401,38.695023593075966,,scaled_current_nlm,,,46.64482245899853,8,8,NLM_fast_cuda_global,,,,,1.55
set50,medium,13.gif,0,0.05,"[512, 512]",c34b796bde09761f5bc3c358f20b72f49e020580ed0a76d5456c61f0da4499eb,e2de224a77a3db31067ae6e062087f6bfac38a8df3f2a2d549c5cef396b3bc18,gnlm,317.79999999999995,25.589300725086975,0.6973199887852941,47.66064980180819,,scaled_current_nlm,,,46.25434761198994,8,8,NLM_fast_cuda_global,,,,,1.4
set50,medium,28.gif,0,0.05,"[512, 512]",f509179793e6551fbec77f8fdd91e45d53d2dd6e0a87394377c4bb4c52eb9a43,58a9abd4838209bd106b4a74ece0597005b07fe99a36d69bd1aa86ba516bad88,gnlm,359.6,27.33866451408069,0.6514300332777518,46.24083392092794,,scaled_current_nlm,,,46.75307978500496,8,8,NLM_fast_cuda_global,,,,,1.55
set50,medium,9.gif,0,0.05,"[512, 512]",8b76cd61996084e7d23b9f638b4d32839d9f6ac7965ef9b585f78bdbdaff16b3,e0f43ad256990bfaa3242b836c5dd9d4cf4e80021e09d929388010da18ae0559,gnlm,306.90000000000003,24.64137868422267,0.6676819066486149,45.70478467454208,,scaled_current_nlm,,,46.21192629399593,8,8,NLM_fast_cuda_global,,,,,1.55
set50,medium,18.gif,0,0.05,"[512, 512]",539caf0cced15a86b729848a1a182b75776a621cf01b5e9a62085f53b86f3407,4a90c942e2032c8804b9ebb9792d42187fe4daeee7ef4378cd6b6eb20be33093,gnlm,261.95,21.065543133100526,0.5125197591979269,36.15875952644661,,scaled_current_nlm,,,46.66780453600222,8,8,NLM_fast_cuda_global,,,,,1.55
set50,medium,49.gif,0,0.05,"[512, 512]",8311e02cd6238d6e74f6a9bf6fa5c250d748ceec5882a86242e2452c587cdf2b,5a601ed1dcc9698d64a9477467d78dda4fff8dd35cfeaf9d23934a7ad5017559,gnlm,275.90000000000003,19.872100359017377,0.7094982490095121,45.4109626299843,,scaled_current_nlm,,,46.59539903100813,8,8,NLM_fast_cuda_global,,,,,1.55
set50,medium,4.gif,0,0.05,"[512, 512]",fd89b9bfe327e11c7cfbc851fff026261f2c33ef17edc9373682def6616fdc4f,1bddc85da101df43df7bb7612200d6defe6021e2962e858d3d0572298eb96ac2,gnlm,306.59999999999997,27.08561403493094,0.6340867306589082,45.24714355041088,,scaled_current_nlm,,,46.51602966499922,8,8,NLM_fast_cuda_global,,,,,1.4
set50,medium,8.gif,0,0.05,"[512, 512]",fd53a01b9f6a3a02a5408efee91cfa235b1325372804d49874a677719089b14e,e2dea4fbc7e21862ca9af16abc32c18c40a4dd5dd02696d500714675394acfb8,gnlm,414.4,26.673952335601328,0.6423015091132789,45.452051623464605,,scaled_current_nlm,,,46.1132666090125,8,8,NLM_fast_cuda_global,,,,,1.4
set50,medium,39.gif,0,0.05,"[512, 512]",e43557540646572e4a7b69124c49ff2c37c4d1695507c5d64a44d09a5043958e,3302c586943fdd9db0f9ba7e02a73af0dce174011bc328f077b07b2e455337b4,gnlm,368.2,28.867099946078913,0.7330614173776928,51.086620841924095,,scaled_current_nlm,,,46.42259380700125,8,8,NLM_fast_cuda_global,,,,,1.4
set50,medium,12.gif,0,0.05,"[512, 512]",3c3ec23125fea9974f2e94c0d93a534edf2ec60d33b6af79f9a60fef58295de4,59d963dcd00180e7f3f72547745489e101cd7eff2175e5f3bb993ec828ffbb2f,gnlm,312.2,25.284607524377662,0.6442105212280059,44.852829823589126,,scaled_current_nlm,,,46.588051614002325,8,8,NLM_fast_cuda_global,,,,,1.4
set50,medium,45.gif,0,0.05,"[512, 512]",72644242bceb1596c04ab4ddde11989c7aa206ee2094402fadeac9f9c500d55a,81ad42bbcf0b5e8f33c2ad489cebceb574e8a1035bc12ec2a3d57de309ae0f6a,gnlm,351.85,25.560886519910007,0.696648972229704,47.6128918714402,,scaled_current_nlm,,,46.163704949998646,8,8,NLM_fast_cuda_global,,,,,1.55
set50,medium,11.gif,0,0.05,"[512, 512]",b12e0216f269d1ad8f5dfe769baf0fb60142ab5235a6d1d62707dc52ca591071,901e5232f1e9d4af8b7e7854cd94540c565ee392f1959e992aa40cca5ec504b7,gnlm,320.85,22.48553242554734,0.6929331063875676,45.88942153215204,,scaled_current_nlm,,,46.29215935699176,8,8,NLM_fast_cuda_global,,,,,1.55
set50,medium,34.gif,0,0.05,"[512, 512]",42a4b02f48b536770f4d42c1c4884a5b2a4a662af62778249a90a16c1d9f5398,f88df87e1cc3de2cabfeea22db517da9ce53ffbe36b4b8fcb3fda6b33e5bcef7,gnlm,316.2,24.843898132521545,0.624744458744194,43.659172003470474,,scaled_current_nlm,,,46.487488079990726,8,8,NLM_fast_cuda_global,,,,,1.55
set50,extreme,10.gif,0,0.2,"[512, 512]",e233b9bc584bbcbbdcbcbf3674e9c18c92aff37cf54afeec01dc2e7dc1811878,c2298b7f30afbb2db5aebc17d7f29055d6f3492e431507d9548fbcca879a142f,gnlm,939.3000000000001,21.575713092065946,0.5186122174484207,36.71846741845401,,scaled_current_nlm,,,46.35657750700193,8,8,NLM_fast_cuda_global,,,,,1.55
set50,extreme,0.png,0,0.2,"[512, 512]",0a372ced9fd4d1f9633532a58073e3974b41da8cfc87f04ec8e9a8dc6a89bba1,bb82ddd95a6a25e95485a996c31e0375130595fb41bbf773b1bd5b01c13959c1,gnlm,835.45,22.398744373483005,0.49264952884189694,35.831848628836354,,scaled_current_nlm,,,46.285382663991186,8,8,NLM_fast_cuda_global,,,,,1.55
set50,extreme,1.gif,0,0.2,"[512, 512]",95f21dff4cd5a318a519cb05a1e35fb41f49c007ca46345fd6917258be8d9d73,54e822cbce4710b252fbe64e0411a8ba078cc0c39f84b7119227543ee0ff4185,gnlm,682.0,21.212180396606893,0.46620917833857745,33.91654911523232,,scaled_current_nlm,,,46.20884457300417,8,8,NLM_fast_cuda_global,,,,,1.55
set50,moderate,19.gif,0,0.03,"[512, 512]",d17c7663feb48c0fe318904421cb04ec7e850a109d952f66a49ac464a4176a1e,4a77cc7feb68ac2e5a85825f247e8e4c3c9679a7c0426f5bfdcd4072c19d4627,gnlm,261.8,25.570277256131174,0.6982715562489714,47.69871644051416,,scaled_current_nlm,,,45.91587619300117,8,8,NLM_fast_cuda_global,,,,,1.4
set50,moderate,22.gif,0,0.03,"[512, 512]",dfe4f6c6370dbe0651bccc46e98ac3b787e8c63a3a37fb138fe6c81f3e32edd4,2e45a4290be99d09ad7c8b15ab628d656e317851811cf62a814d56799172c143,gnlm,214.2,25.233347149708667,0.6548211759601877,45.357732372863715,,scaled_current_nlm,,,46.257674014996155,8,8,NLM_fast_cuda_global,,,,,1.4
set50,moderate,10.gif,0,0.03,"[512, 512]",e233b9bc584bbcbbdcbcbf3674e9c18c92aff37cf54afeec01dc2e7dc1811878,bf021845440d96f05ab8d1c21303bf9963fdc05185458026279984bb6cf67882,gnlm,299.59999999999997,27.84532225057264,0.8037032884262957,54.1078255466011,,scaled_current_nlm,,,46.599766621002345,8,8,NLM_fast_cuda_global,,,,,1.4
set50,moderate,14.gif,0,0.03,"[512, 512]",83fe92c5398701971c09c467a97dc4bfdb94eb4b3ded548d26e5e7fcf62e4d2a,abe42801e069a3aebf3f39389e875a54b88a4e1f606a29719e6111251e33d91b,gnlm,215.45000000000002,21.67163675100573,0.5405283237501423,37.86223456300998,,scaled_current_nlm,,,46.15966730900982,8,8,NLM_fast_cuda_global,,,,,1.55
set50,moderate,5.gif,0,0.03,"[512, 512]",49db903e1a87a0044a734fb77708aad9985011bc9ee9fb379099de1b4e946109,af29f9154f09d34b94284c16eae6366125c9201801f5961f397ede4007ff8d2a,gnlm,277.2,28.701671588394287,0.7526419025749098,51.982930922942636,,scaled_current_nlm,,,46.49655621299462,8,8,NLM_fast_cuda_global,,,,,1.4
set50,moderate,44.gif,0,0.03,"[512, 512]",f968969e97bf6f8f47fd5940af0bd7481b61f2df6d5d553882b8938123b37289,bb1a9080a734e4376c0068ee09317d2e77d45ff3bc06189f526414812d722522,gnlm,215.45000000000002,19.374116321761342,0.5723506157726617,38.30458894951376,,scaled_current_nlm,,,46.43585747999896,8,8,NLM_fast_cuda_global,,,,,1.55
set50,moderate,42.gif,0,0.03,"[512, 512]",f9b953242d46fc204da43e46262ac3754e9428050546213f592efb0fb7398f12,5a97f335dd14d16fa2a26568a61dbdd1f0cd96c034e1d93323385c6c8ee1278b,gnlm,224.0,26.87044113492866,0.7442260430602545,50.64652272047705,,scaled_current_nlm,,,46.86833727300109,8,8,NLM_fast_cuda_global,,,,,1.4
set50,moderate,38.gif,0,0.03,"[512, 512]",e39779dc60dbc76330293a5fdb44dfabe4d22433c36132e18afcf31a515217b4,7b05a5462bc68e44134575d6e71c54256811d7816777d48e15b8ebff29020534,gnlm,230.99999999999997,27.704664170456258,0.7014221799378952,48.92344108212289,,scaled_current_nlm,,,46.24032579100458,8,8,NLM_fast_cuda_global,,,,,1.4
set50,moderate,48.gif,0,0.03,"[512, 512]",9b261d731fc3d639b0cc3dac391980b0c49dd558b24b95a14bb3f3eb9f3569d0,be699cc3e412bf91ef9e26d4f7be8e45cc78cbc1049db067c20cc8e0fdefa309,gnlm,253.39999999999998,27.39544411862667,0.74819918425751,51.107681272188834,,scaled_current_nlm,,,50.06370552899898,8,8,NLM_fast_cuda_global,,,,,1.4
set50,moderate,17.gif,0,0.03,"[512, 512]",6f8a02e1689062bed722742a554760dd74359b35fc8b969bab8beed8e59421a0,29b950eb5447df2cee11f6d9ed1e4ef64d57aa95f3d5eddc1297ed8706b401b4,gnlm,217.0,23.3734786227592,0.6711872848568745,45.246103554223325,,scaled_current_nlm,,,46.53973705199314,8,8,NLM_fast_cuda_global,,,,,1.4
set50,moderate,0.png,0,0.03,"[512, 512]",0a372ced9fd4d1f9633532a58073e3974b41da8cfc87f04ec8e9a8dc6a89bba1,1890871d8ac6fdf241ae77566f9a0eb175baed8033bd8ffbdecf5475a45749fe,gnlm,305.2,28.99382068718131,0.8094855996217292,54.97119032467712,,scaled_current_nlm,,,46.02161419299955,8,8,NLM_fast_cuda_global,,,,,1.4
set50,moderate,16.gif,0,0.03,"[512, 512]",2d68b31ae4d4c10bc0e60742ba3064c10d62113ffb3ca9a7c14b80e40b0e6170,108534efa550eb43c28b1af1689dc7e2b4ce02a2879364bb26dfe0bda7ea36a0,gnlm,215.45000000000002,22.611020242845665,0.4781908614841616,35.215053195630915,,scaled_current_nlm,,,46.22045178400003,8,8,NLM_fast_cuda_global,,,,,1.55
set50,moderate,32.gif,0,0.03,"[512, 512]",c3cc3fb5da093d47d6808c6219ed907c3e69ab01954b1b929a8739cbbcc26493,d278879439261ffe9ed28694e5eea47639c1b8f5a8a94bace3543395b60dd533,gnlm,282.1,24.551629604522557,0.6213047714509731,43.34105337480993,,scaled_current_nlm,,,46.67434016500192,8,8,NLM_fast_cuda_global,,,,,1.55
set50,moderate,30.gif,0,0.03,"[512, 512]",b1cccc0e8d64bae511f9cd0c5596628364bd1e09c90c5e793604a1f7a55f642f,d28020be6943581ea586663a46ffe8f3a0fb5dabd1de0042b989c19d113e461f,gnlm,261.8,25.277609868106687,0.5921679802399245,42.24720394604957,,scaled_current_nlm,,,46.069111578995944,8,8,NLM_fast_cuda_global,,,,,1.4
set50,moderate,43.gif,0,0.03,"[512, 512]",443801cafadb33c7829b313f4efd834e70cc313567a260dd2b5554dc7ee6be98,1f8784755ea55d81ac618ccaca204d47bf177db66bd5c7daaede569bb788a981,gnlm,280.0,27.27640797586345,0.7915905815745471,53.21773306665908,,scaled_current_nlm,,,46.81831437899382,8,8,NLM_fast_cuda_global,,,,,1.4
set50,moderate,47.gif,0,0.03,"[512, 512]",9005ddf994846f88305becd36c72a046818a094c026c69a8106c34b34a31a8fe,4d80ef3a631443edbca7f0f765de5e35a2502b2f168084e29548ba4f32211a34,gnlm,215.45000000000002,22.928070227595676,0.5994974727911659,41.43890875335613,,scaled_current_nlm,,,49.414719618012896,8,8,NLM_fast_cuda_global,,,,,1.55
set50,moderate,25.gif,0,0.03,"[512, 512]",30838b6c4e963b60da10cc6158a119a7052a4ffa1ebdcc87bcf0054f681427c6,8e83987dd80258df03bc1d39081bd12f3e414e2a92e3b00b5454514001fa330e,gnlm,303.79999999999995,29.934299325279888,0.7419022607097879,52.062262698129345,,scaled_current_nlm,,,46.872067338990746,8,8,NLM_fast_cuda_global,,,,,1.4
set50,moderate,7.gif,0,0.03,"[512, 512]",5e3769e24988284e1036ce844ee8e0f11dbe28fe111f6a962e37864dc34b60dc,43f856b2e4729aee32854ee85f842476fc982f3d9d390db1fb2b7253e4e7e89c,gnlm,257.3,23.795218368282328,0.7115456113325918,47.47488975077076,,scaled_current_nlm,,,46.45409803999064,8,8,NLM_fast_cuda_global,,,,,1.55
set50,moderate,15.gif,0,0.03,"[512, 512]",51e2066df33af18b47bcd356b17c6cdf04f2a5fd219ace410fcabb06698c6c71,2d9093eb41be84ce7ed0d978b9b19c485cbf154d47e52c2dd0fd828853447d0c,gnlm,198.79999999999998,23.701635680399143,0.6075085627874673,42.22624597957294,,scaled_current_nlm,,,46.14327870300622,8,8,NLM_fast_cuda_global,,,,,1.4
set50,moderate,41.gif,0,0.03,"[512, 512]",1569598ab7f33ee44bcf70502565ffcd7528912a2c13cd1977fe64573770f1e6,ff0263a6707841b84077f68687f1b5681a02f5a5751a9c11140365b8582c92b3,gnlm,207.2,26.703119308149073,0.7023652089358843,48.46982010086875,,scaled_current_nlm,,,47.720127469001454,8,8,NLM_fast_cuda_global,,,,,1.4
set50,moderate,6.gif,0,0.03,"[512, 512]",ca956c8aa0ec2de8bd2e4d7545c7f969215d4f7f65cb72ee9d31cb17df0033b6,84221910b6b9a6acdbb5afef9fc1ca7d246990555c43db357055a2f7fb1696d9,gnlm,230.99999999999997,25.40254045261306,0.6776716568372608,46.584853068169565,,scaled_current_nlm,,,46.55317105000722,8,8,NLM_fast_cuda_global,,,,,1.4
set50,moderate,21.gif,0,0.03,"[512, 512]",74d2fa3fc2447fd331660c09f2f468f3cce983dc347509d32564e992fdebaf9a,d5ccfab06b048653f8250b070ca0b04342317d22a38961fa45c8b80e0d09c15a,gnlm,256.2,26.75975802144884,0.6549883970767846,46.12929886456365,,scaled_current_nlm,,,46.560833027004264,8,8,NLM_fast_cuda_global,,,,,1.4
set50,moderate,27.gif,0,0.03,"[512, 512]",bc7a1c1300b1b1bda264e18fbde62fa845194fac5839cb705a788c6ac331f517,aab60ccc545edf9dca9fa48d80e67ab5ad51f1057b062d7157c1f27cece394a7,gnlm,336.0,29.494016825698452,0.7932390766748393,54.40896224659119,,scaled_current_nlm,,,45.98184026600211,8,8,NLM_fast_cuda_global,,,,,1.4
set50,moderate,46.gif,0,0.03,"[512, 512]",14cdebcd7b2b9e534cc9717933df6ccb4861289237cde90700810e2e6e2e245f,f68a978e6ae4cceafd52796314ca1bd61710126b4514f19d2cf2a1dbf543f9eb,gnlm,194.6,24.38319614236117,0.6385415120933489,44.11867367584803,,scaled_current_nlm,,,48.54285006198916,8,8,NLM_fast_cuda_global,,,,,1.4
set50,moderate,20.gif,0,0.03,"[512, 512]",c3a4da195ffc62103521cd979723e50840fe46cfd989b567c826985f8b23dcf4,00025b7fcbcf353bccb34525bf06153c13450094f9fb05eda8e25b4b3cf81775,gnlm,205.79999999999998,24.795562852300733,0.5999959894191039,42.39758089710556,,scaled_current_nlm,,,46.258390160001,8,8,NLM_fast_cuda_global,,,,,1.4
set50,moderate,2.gif,0,0.03,"[512, 512]",b101b795e2638a1e9dbdaa513bdc8be6090aed4d6ac294b155e5f3a2c7c0bb80,7815db9fcaba45ca1fe9659edc8745c582da03a285a37be6aefbfc147089a99b,gnlm,257.59999999999997,27.72115224838278,0.6928197059974022,48.5015614240615,,scaled_current_nlm,,,46.06054290699831,8,8,NLM_fast_cuda_global,,,,,1.4
set50,moderate,40.gif,0,0.03,"[512, 512]",911cad3f1d559f196f94ed9e80a9602969b74319acb1d70da238efdb48af38e2,4ed4227588674f3dfbd060c06df4a2a8737dae851b4ce97b19d6d26acd29cd88,gnlm,243.6,30.623093919367154,0.7542874149716297,53.025917708265055,,scaled_current_nlm,,,46.98835214000428,8,8,NLM_fast_cuda_global,,,,,1.4
set50,moderate,31.gif,0,0.03,"[512, 512]",33781418a1e6e85521011be7d450b002a8f8a8f1ba68a79c1219f3b3ba59b160,6c04ab1e187ca58f545f9b32e49810d14cc9f4baabf6e8b2e3ab576507435c08,gnlm,215.45000000000002,21.30810254215262,0.5581732241233268,38.56271247724265,,scaled_current_nlm,,,46.154321074005566,8,8,NLM_fast_cuda_global,,,,,1.55
set50,moderate,29.gif,0,0.03,"[512, 512]",1eeb76c0386fbcd563a08eb25bbeffde427bdc62658e4bcc02c8aafbf733f219,7e36de98996efc03518db23d8b2790304e843bc1b59fa6dbd37c32ded4a6902b,gnlm,215.45000000000002,23.5091360299825,0.5613930471053039,39.82422037025644,,scaled_current_nlm,,,46.14066897999146,8,8,NLM_fast_cuda_global,,,,,1.55
set50,moderate,33.gif,0,0.03,"[512, 512]",7a10c4eca50167d8d459c2505f2b0f21cfb399e7b01adccaa0422695496c2e72,ba09b5b2b00094264b93b15dfe764f5f155d14fd8012fef6795bbb30e2e02af9,gnlm,250.6,26.280832840757355,0.6478546941077011,45.53315112576374,,scaled_current_nlm,,,46.687115575987264,8,8,NLM_fast_cuda_global,,,,,1.4
set50,moderate,24.gif,0,0.03,"[512, 512]",b8f6ebed7641854cd23e807c2f78d350f1373b2fe7f96e6ea18f8531797fbc3a,00361d9d18adafe8f56c1222f7c494507b310d4a76d7b0c8a82b2c1609574b41,gnlm,271.59999999999997,28.08656480497119,0.7037066771469599,49.228616259833586,,scaled_current_nlm,,,46.57546199100034,8,8,NLM_fast_cuda_global,,,,,1.4
set50,moderate,3.gif,0,0.03,"[512, 512]",e3e2313cc250162bd613776c7b0063891d9d56b3576c9808ac5c8c0e7e8fcb8d,dd14e890ca3c05f9cb0de1181aa5a5db0779077468bd4909ced1783680752557,gnlm,284.2,26.896001543234785,0.6811242895527554,47.50421524925516,,scaled_current_nlm,,,46.61766768699454,8,8,NLM_fast_cuda_global,,,,,1.4
set50,moderate,1.gif,0,0.03,"[512, 512]",95f21dff4cd5a318a519cb05a1e35fb41f49c007ca46345fd6917258be8d9d73,b046c3ca53ac27d398655bff7451b2b566c0b17466b8819f428a346cbe1fb919,gnlm,218.39999999999998,25.662132507900616,0.73388734746941,49.52543362742081,,scaled_current_nlm,,,46.32246186200064,8,8,NLM_fast_cuda_global,,,,,1.4
set50,moderate,23.gif,0,0.03,"[512, 512]",05918015ae96873f255fec3e75ace895a76214abbeffdbfff55b5cf6214224c6,2daf28aacbb63227de565cd84c202daafbc0a84772d4320a0d4213b8214207da,gnlm,310.79999999999995,30.161227840964084,0.7882354153578922,54.49238468837665,,scaled_current_nlm,,,47.34631119199912,8,8,NLM_fast_cuda_global,,,,,1.4
set50,moderate,35.gif,0,0.03,"[512, 512]",353590d221e21b53b97858fbc575a2320a10336f21bbed5dd461fa942bab100f,0fb08c5de87a5a41e52590493adbddf82a33f95b9154da10a9801c12a103de9f,gnlm,237.99999999999997,27.977313101881176,0.7676008140606687,52.36869725397403,,scaled_current_nlm,,,46.761806308000814,8,8,NLM_fast_cuda_global,,,,,1.4
set50,moderate,36.gif,0,0.03,"[512, 512]",99a41bcc709d43204ca0f73a6593656300237e5367043081c5065ca77d5e3628,ac5122e3551e0bbc5ce45212b3e5a5b0036fdaec4bb1859d21d61fc5d6d185a9,gnlm,210.0,24.46898051931637,0.6108324633558754,42.77611342745195,,scaled_current_nlm,,,46.55097611599194,8,8,NLM_fast_cuda_global,,,,,1.4
set50,moderate,26.gif,0,0.03,"[512, 512]",3efcc155fe7f35f9428c0536c9c1dc2b826188d5f0a5b0a90ecbf681233221e2,80df9d16ce4f4c986faf28bb5b520724b7cc3964f0373fd572fa16b065e88889,gnlm,271.59999999999997,29.427612146591784,0.7429306473664085,51.860338441616314,,scaled_current_nlm,,,46.39256349300558,8,8,NLM_fast_cuda_global,,,,,1.4
set50,moderate,37.gif,0,0.03,"[512, 512]",74881a36c4896c931da56c784ac35afb478dc71ae7af27894deeb074f83e518a,7173cba5345fcfbe9557abb697d95042a919f4d6122da8ce612d77d8fb82cf11,gnlm,224.0,26.40742997328885,0.554336614149628,40.92054569412582,,scaled_current_nlm,,,46.36335713400331,8,8,NLM_fast_cuda_global,,,,,1.4
set50,moderate,13.gif,0,0.03,"[512, 512]",c34b796bde09761f5bc3c358f20b72f49e020580ed0a76d5456c61f0da4499eb,a2f2a757fc1c83f9bed8ee3c789083b32351ef8857a1a102fba848a3fe7d0f2a,gnlm,256.2,26.51326358704642,0.7424206649114921,50.37766503909781,,scaled_current_nlm,,,45.91755824799475,8,8,NLM_fast_cuda_global,,,,,1.4
set50,moderate,28.gif,0,0.03,"[512, 512]",f509179793e6551fbec77f8fdd91e45d53d2dd6e0a87394377c4bb4c52eb9a43,0ec572cf93ac546cce976f078eeb44740a3e46ee9a4fce5909a4ee51526b79a3,gnlm,259.0,28.119093769886405,0.6950793837797239,48.8135160739294,,scaled_current_nlm,,,45.95072688200162,8,8,NLM_fast_cuda_global,,,,,1.4
set50,moderate,9.gif,0,0.03,"[512, 512]",8b76cd61996084e7d23b9f638b4d32839d9f6ac7965ef9b585f78bdbdaff16b3,08ebebac1d0c3f7ebfafdfa8e93fa92ed980cc02966803336351778a3d0128df,gnlm,228.2,25.513756362172675,0.7188453502245253,48.699145692312605,,scaled_current_nlm,,,46.347956769997836,8,8,NLM_fast_cuda_global,,,,,1.4
set50,moderate,18.gif,0,0.03,"[512, 512]",539caf0cced15a86b729848a1a182b75776a621cf01b5e9a62085f53b86f3407,762e6943b9437065f73e4f6277554701b84063ead3f21c15cf1e7188d5fc83c8,gnlm,218.55,21.838167199548856,0.5647086574940411,39.15451647447648,,scaled_current_nlm,,,46.99988671799656,8,8,NLM_fast_cuda_global,,,,,1.55
set50,moderate,49.gif,0,0.03,"[512, 512]",8311e02cd6238d6e74f6a9bf6fa5c250d748ceec5882a86242e2452c587cdf2b,51d6c89faaff83ef0b7b15a14c8357cccf0aa1dd8a38cf19b3dc5e7488c4f352,gnlm,221.2,21.362310143064636,0.7745459438069419,49.40845226187941,,scaled_current_nlm,,,55.495446182001615,8,8,NLM_fast_cuda_global,,,,,1.4
set50,moderate,4.gif,0,0.03,"[512, 512]",fd89b9bfe327e11c7cfbc851fff026261f2c33ef17edc9373682def6616fdc4f,90c0c67bdd6ea5e7262ae4a17200e7f45a845bcba4d8cd17bc0c12abd43e6ccf,gnlm,244.99999999999997,27.768505241535834,0.6720227641439734,47.48539082796659,,scaled_current_nlm,,,46.67518039299466,8,8,NLM_fast_cuda_global,,,,,1.4
set50,moderate,8.gif,0,0.03,"[512, 512]",fd53a01b9f6a3a02a5408efee91cfa235b1325372804d49874a677719089b14e,eb3e181f36ac425d497e384772f1bc27cbb99aaccac73affe890e3b538d1fec8,gnlm,365.4,27.361358487422287,0.6907111584357107,48.21623716549668,,scaled_current_nlm,,,46.217060908995336,8,8,NLM_fast_cuda_global,,,,,1.4
set50,moderate,39.gif,0,0.03,"[512, 512]",e43557540646572e4a7b69124c49ff2c37c4d1695507c5d64a44d09a5043958e,b18d17a3f4769d559d7b4a3cbb523afee8371b8e3419c1884514b2f407e9a4ac,gnlm,315.0,29.67379605086264,0.7755127797617647,53.61253701351956,,scaled_current_nlm,,,46.45787738899526,8,8,NLM_fast_cuda_global,,,,,1.4
set50,moderate,12.gif,0,0.03,"[512, 512]",3c3ec23125fea9974f2e94c0d93a534edf2ec60d33b6af79f9a60fef58295de4,a88e463713c8906dc55b4636147c4434d127d68a71e2e4d94601b4da5b09fa9e,gnlm,271.59999999999997,25.984720101714608,0.6862815701681236,47.30643855926348,,scaled_current_nlm,,,46.483727939994424,8,8,NLM_fast_cuda_global,,,,,1.4
set50,moderate,45.gif,0,0.03,"[512, 512]",72644242bceb1596c04ab4ddde11989c7aa206ee2094402fadeac9f9c500d55a,8f542b8722cb2b0dabbae2e6f726b67333642ec2c57fc7ddbf447d23110afc60,gnlm,273.0,26.554791804649305,0.7353238689899555,50.04358935182243,,scaled_current_nlm,,,46.737680010992335,8,8,NLM_fast_cuda_global,,,,,1.4
set50,moderate,11.gif,0,0.03,"[512, 512]",b12e0216f269d1ad8f5dfe769baf0fb60142ab5235a6d1d62707dc52ca591071,2b4a035721bdad7497c2bbf55e4f48957b4abd07b77f288442c504b9a2e5e739,gnlm,261.8,23.93143378240527,0.7435558176585679,49.14350777413104,,scaled_current_nlm,,,46.27487230999395,8,8,NLM_fast_cuda_global,,,,,1.4
set50,moderate,34.gif,0,0.03,"[512, 512]",42a4b02f48b536770f4d42c1c4884a5b2a4a662af62778249a90a16c1d9f5398,55a28dcc5b7916918ef13b18a26e0b258b3c954f785ec8c1ee8d6498ea3b939b,gnlm,236.6,25.581037514756026,0.6636409464162495,45.97256607819048,,scaled_current_nlm,,,46.528263076004805,8,8,NLM_fast_cuda_global,,,,,1.4
set50,low,19.gif,0,0.01,"[512, 512]",d17c7663feb48c0fe318904421cb04ec7e850a109d952f66a49ac464a4176a1e,4d9fcea700a23bddd85518f70e1f1a21427252e043050cf82bbd584a784dcdf2,gnlm,1.4,24.552995708745293,0.8312859351734216,53.84079461304373,,scaled_current_nlm,,,47.07862775499234,8,8,NLM_fast_cuda_global,,,,,1.4
set50,low,22.gif,0,0.01,"[512, 512]",dfe4f6c6370dbe0651bccc46e98ac3b787e8c63a3a37fb138fe6c81f3e32edd4,b2c86302dd35784935b349103eea4994bac78882b1f66fe05cbd0eff3c4f3692,gnlm,5.6,25.550143272377262,0.7745036428118875,51.50025377678301,,scaled_current_nlm,,,48.727326851003454,8,8,NLM_fast_cuda_global,,,,,1.4
set50,low,10.gif,0,0.01,"[512, 512]",e233b9bc584bbcbbdcbcbf3674e9c18c92aff37cf54afeec01dc2e7dc1811878,ed18cdba5c14f3575b15c3dbd6cb7821e1672460cf265af262fa809b2dcc9878,gnlm,230.99999999999997,29.550031025506573,0.8576612337522748,57.658077200367025,,scaled_current_nlm,,,47.32716598099796,8,8,NLM_fast_cuda_global,,,,,1.4
set50,low,14.gif,0,0.01,"[512, 512]",83fe92c5398701971c09c467a97dc4bfdb94eb4b3ded548d26e5e7fcf62e4d2a,64abc2d905aabb38864450f0af1ad424bb1689ea0666689a0a39ea98c8e6c64e,gnlm,12.6,25.173189292099604,0.873388189329804,56.256004112540005,,scaled_current_nlm,,,46.36832660601067,8,8,NLM_fast_cuda_global,,,,,1.4
set50,low,5.gif,0,0.01,"[512, 512]",49db903e1a87a0044a734fb77708aad9985011bc9ee9fb379099de1b4e946109,dbd952e46b4726c976e4c86376e9410d20bfc6334f5e9e484a536a9f0337370b,gnlm,194.6,29.717088973931887,0.7911325405361916,54.41517151377552,,scaled_current_nlm,,,46.1696543720027,8,8,NLM_fast_cuda_global,,,,,1.4
set50,low,44.gif,0,0.01,"[512, 512]",f968969e97bf6f8f47fd5940af0bd7481b61f2df6d5d553882b8938123b37289,42e3c08cf2b0cec0c123c4090e6a3f4b8b8ee6df540c5eec04ad9484bc032028,gnlm,12.6,25.22786064786215,0.941572018537876,59.69253125082487,,scaled_current_nlm,,,47.017707406994305,8,8,NLM_fast_cuda_global,,,,,1.4
set50,low,42.gif,0,0.01,"[512, 512]",f9b953242d46fc204da43e46262ac3754e9428050546213f592efb0fb7398f12,fca820cfcfd19eacbd368d0e7c81d4bf941a17e29fe10943058be3157ad7ecdd,gnlm,8.399999999999999,25.49649482882696,0.7913606268079333,52.31627875481014,,scaled_current_nlm,,,47.14024471999437,8,8,NLM_fast_cuda_global,,,,,1.4
set50,low,38.gif,0,0.01,"[512, 512]",e39779dc60dbc76330293a5fdb44dfabe4d22433c36132e18afcf31a515217b4,8a4f622d145ab8ed04f447bd3e6fea77afa39ceaa5e438fdaefe8a638cb76d4d,gnlm,1.4,25.40530573675078,0.7767510558878156,51.54020566276617,,scaled_current_nlm,,,47.37803817099484,8,8,NLM_fast_cuda_global,,,,,1.4
set50,low,48.gif,0,0.01,"[512, 512]",9b261d731fc3d639b0cc3dac391980b0c49dd558b24b95a14bb3f3eb9f3569d0,de7039382b2c716bf8b8bd9ef90136c7a8e43e3e8bdee5fa3447bde9a6becb68,gnlm,186.2,28.795327408193522,0.8036069445291449,54.578010930554,,scaled_current_nlm,,,46.971470570002566,8,8,NLM_fast_cuda_global,,,,,1.4
set50,low,17.gif,0,0.01,"[512, 512]",6f8a02e1689062bed722742a554760dd74359b35fc8b969bab8beed8e59421a0,da214e6323ceeebbcc7aa2be59f5915388fdb98dd02a39f8ca94705bae09da2a,gnlm,8.399999999999999,24.56046181649366,0.8735155662080457,55.956009218649115,,scaled_current_nlm,,,46.749433734003105,8,8,NLM_fast_cuda_global,,,,,1.4
set50,low,0.png,0,0.01,"[512, 512]",0a372ced9fd4d1f9633532a58073e3974b41da8cfc87f04ec8e9a8dc6a89bba1,580fbc14af471717cfc09261d71b2bee527d3960eb5a144e296d4af84219023d,gnlm,237.99999999999997,30.70589873550388,0.8672230051684509,58.71409962617448,,scaled_current_nlm,,,47.12137575499946,8,8,NLM_fast_cuda_global,,,,,1.4
set50,low,16.gif,0,0.01,"[512, 512]",2d68b31ae4d4c10bc0e60742ba3064c10d62113ffb3ca9a7c14b80e40b0e6170,5a34727aa846ef18673a8ed97ce9030df3297566700329ed4d9163d22c8c0e23,gnlm,12.6,24.703768996024124,0.8630658967259147,55.5051793343078,,scaled_current_nlm,,,46.83091553299164,8,8,NLM_fast_cuda_global,,,,,1.4
set50,low,32.gif,0,0.01,"[512, 512]",c3cc3fb5da093d47d6808c6219ed907c3e69ab01954b1b929a8739cbbcc26493,ee0b605cf5805cee95dec190b897d374b300762268a951bc2923c750885eb553,gnlm,11.2,24.620568851752918,0.8475056944146596,54.68556914660944,,scaled_current_nlm,,,51.50233877899882,8,8,NLM_fast_cuda_global,,,,,1.4
set50,low,30.gif,0,0.01,"[512, 512]",b1cccc0e8d64bae511f9cd0c5596628364bd1e09c90c5e793604a1f7a55f642f,8ca3d59b856fd4291a18000f1171df98f2ccda8b342a7686d3fe46cb7cbe5e9a,gnlm,2.8,24.68576690137198,0.8184045417340202,53.263110537387,,scaled_current_nlm,,,46.26936848499463,8,8,NLM_fast_cuda_global,,,,,1.4
set50,low,43.gif,0,0.01,"[512, 512]",443801cafadb33c7829b313f4efd834e70cc313567a260dd2b5554dc7ee6be98,0367df72489ecd2f6c17785be16d482c8ad0f56c301ac5135b7c597d340c320a,gnlm,210.0,28.668844092971028,0.8387589880791899,56.27237145044501,,scaled_current_nlm,,,47.14367811199918,8,8,NLM_fast_cuda_global,,,,,1.4
set50,low,47.gif,0,0.01,"[512, 512]",9005ddf994846f88305becd36c72a046818a094c026c69a8106c34b34a31a8fe,b58103ccb1517d653cbc447db4dc4d1bbfe39e12b76ae800a60c523302295055,gnlm,12.6,25.55099236670868,0.8522252789823138,55.38676013247003,,scaled_current_nlm,,,46.591826795993256,8,8,NLM_fast_cuda_global,,,,,1.4
set50,low,25.gif,0,0.01,"[512, 512]",30838b6c4e963b60da10cc6158a119a7052a4ffa1ebdcc87bcf0054f681427c6,54d84616da890c632d6a16057e9dc62f9b7d564bf73fa85bad96d32d0b8e37f3,gnlm,219.79999999999998,31.033069120850307,0.799432638977044,55.48816650927735,,scaled_current_nlm,,,49.89094323999598,8,8,NLM_fast_cuda_global,,,,,1.4
set50,low,7.gif,0,0.01,"[512, 512]",5e3769e24988284e1036ce844ee8e0f11dbe28fe111f6a962e37864dc34b60dc,64adbe011994dd5254c8b1aa9d24094637976f4c9b2c0e6b111ad13c8fd77d7f,gnlm,11.2,24.604031462425205,0.8638710860915869,55.49557003579194,,scaled_current_nlm,,,46.50293286298984,8,8,NLM_fast_cuda_global,,,,,1.4
set50,low,15.gif,0,0.01,"[512, 512]",51e2066df33af18b47bcd356b17c6cdf04f2a5fd219ace410fcabb06698c6c71,8c7914d337e62afbc812f7fa21b64172783d92b5a5d191250b56d3acae35dbbe,gnlm,8.399999999999999,25.081213969390973,0.8322936407261026,54.15528902100061,,scaled_current_nlm,,,46.86907576599333,8,8,NLM_fast_cuda_global,,,,,1.4
set50,low,41.gif,0,0.01,"[512, 512]",1569598ab7f33ee44bcf70502565ffcd7528912a2c13cd1977fe64573770f1e6,5ca718b9bf3bcbf2d15f3cbfb1bb2ef9abb4b101ff07a87ae2357f80b38f995c,gnlm,1.4,25.52077567747338,0.8039194917806541,52.9563624277694,,scaled_current_nlm,,,47.21958710500621,8,8,NLM_fast_cuda_global,,,,,1.4
set50,low,6.gif,0,0.01,"[512, 512]",ca956c8aa0ec2de8bd2e4d7545c7f969215d4f7f65cb72ee9d31cb17df0033b6,c6a47fae86a982cf63f74e711953f9f9a442abe14bf023e0693cfabf476f7cb5,gnlm,1.4,24.977403074332045,0.8078950619888218,52.88345463660711,,scaled_current_nlm,,,47.55552462799824,8,8,NLM_fast_cuda_global,,,,,1.4
set50,low,21.gif,0,0.01,"[512, 512]",74d2fa3fc2447fd331660c09f2f468f3cce983dc347509d32564e992fdebaf9a,d6fd972bca83abb88fbd0d7db771bbd0375fc9aad445e30f544c635990c9c919,gnlm,1.4,25.185816662433098,0.7754692084180499,51.366368752119044,,scaled_current_nlm,,,46.287577202994726,8,8,NLM_fast_cuda_global,,,,,1.4
set50,low,27.gif,0,0.01,"[512, 512]",bc7a1c1300b1b1bda264e18fbde62fa845194fac5839cb705a788c6ac331f517,34bf2bcdfa12b56d970deac4f2646885f4df8f2a6be51ff1c842febb5cfa07bb,gnlm,247.79999999999998,30.945944220418816,0.8472387947681378,57.8349118486163,,scaled_current_nlm,,,48.5077028789965,8,8,NLM_fast_cuda_global,,,,,1.4
set50,low,46.gif,0,0.01,"[512, 512]",14cdebcd7b2b9e534cc9717933df6ccb4861289237cde90700810e2e6e2e245f,78f82fbfe7bfe1bd10a0ec830f660de577a7abe9ec75464d1c9180c2515cc412,gnlm,7.0,25.250374940426582,0.8545196681583214,55.35117087812936,,scaled_current_nlm,,,47.15363754800637,8,8,NLM_fast_cuda_global,,,,,1.4
set50,low,20.gif,0,0.01,"[512, 512]",c3a4da195ffc62103521cd979723e50840fe46cfd989b567c826985f8b23dcf4,926c8ffad204b1af9489027ea8e92efcf84f2315c100ce06303e326031b86775,gnlm,7.0,24.993255212510785,0.8205429183270965,53.52377352261022,,scaled_current_nlm,,,46.95080012400285,8,8,NLM_fast_cuda_global,,,,,1.4
set50,low,2.gif,0,0.01,"[512, 512]",b101b795e2638a1e9dbdaa513bdc8be6090aed4d6ac294b155e5f3a2c7c0bb80,7195960aa368bfaccac8b97b6cd55bb61f7a81ada3a5c613dad979b7e2a88ecd,gnlm,1.4,25.234706762325473,0.7927578421000598,52.25524548616573,,scaled_current_nlm,,,46.50818461399467,8,8,NLM_fast_cuda_global,,,,,1.4
set50,low,40.gif,0,0.01,"[512, 512]",911cad3f1d559f196f94ed9e80a9602969b74319acb1d70da238efdb48af38e2,bb2b2ab1d2fb46491c3104537a7862d16c6540386d39c2d42b4dc0416f5fb0f1,gnlm,177.79999999999998,31.677934524185684,0.7943893091933235,55.55843272175902,,scaled_current_nlm,,,46.99027364498761,8,8,NLM_fast_cuda_global,,,,,1.4
set50,low,31.gif,0,0.01,"[512, 512]",33781418a1e6e85521011be7d450b002a8f8a8f1ba68a79c1219f3b3ba59b160,d6d7419dbd47cf4100df960a94ea3e33a9de9181970199e822813a042cca89e3,gnlm,12.6,24.66901673596262,0.876182414841378,56.14362911005021,,scaled_current_nlm,,,47.13356456300244,8,8,NLM_fast_cuda_global,,,,,1.4
set50,low,29.gif,0,0.01,"[512, 512]",1eeb76c0386fbcd563a08eb25bbeffde427bdc62658e4bcc02c8aafbf733f219,344bd3e7159aeb387f857c93bd519dbbefe06fcd40fc9b623eb0f0cfe1416ba9,gnlm,12.6,24.82348632641856,0.8738995267830947,56.106719502364015,,scaled_current_nlm,,,46.91326159800519,8,8,NLM_fast_cuda_global,,,,,1.4
set50,low,33.gif,0,0.01,"[512, 512]",7a10c4eca50167d8d459c2505f2b0f21cfb399e7b01adccaa0422695496c2e72,c217786b989c52b18af02ac4eccfe62dd596f977dca2d7b6dc1bd0986f48da81,gnlm,2.8,25.05487151525408,0.8080057891971985,52.92772521748696,,scaled_current_nlm,,,48.09154665499227,8,8,NLM_fast_cuda_global,,,,,1.4
set50,low,24.gif,0,0.01,"[512, 512]",b8f6ebed7641854cd23e807c2f78d350f1373b2fe7f96e6ea18f8531797fbc3a,23816520001755e583487cbe7dcd417d2e11a1ad056ec210acef626b034fdf36,gnlm,200.2,29.10497579325254,0.7547730665755849,52.29114122540551,,scaled_current_nlm,,,50.9395382990042,8,8,NLM_fast_cuda_global,,,,,1.4
set50,low,3.gif,0,0.01,"[512, 512]",e3e2313cc250162bd613776c7b0063891d9d56b3576c9808ac5c8c0e7e8fcb8d,cc396bbe23c5212ba6baa086bf53a40beef07fa4020fe5ace7fbfa32416f23fa,gnlm,1.4,24.83084571675213,0.7787283534618402,51.35184053146807,,scaled_current_nlm,,,46.75961059400288,8,8,NLM_fast_cuda_global,,,,,1.4
set50,low,1.gif,0,0.01,"[512, 512]",95f21dff4cd5a318a519cb05a1e35fb41f49c007ca46345fd6917258be8d9d73,be092100aa91ae017a208b593f7b1c88fc347faaded98e1691b9fbdb9bbdb3ae,gnlm,1.4,25.23382496379562,0.8170276968556143,53.46829732467852,,scaled_current_nlm,,,46.817148278991226,8,8,NLM_fast_cuda_global,,,,,1.4
set50,low,23.gif,0,0.01,"[512, 512]",05918015ae96873f255fec3e75ace895a76214abbeffdbfff55b5cf6214224c6,8825f87136cb87cb87b7ee7b3bb71b82eaa68700864d5cc6e83af9fae3f56555,gnlm,235.2,31.730286202751806,0.8418788246429495,57.95908433352338,,scaled_current_nlm,,,64.33689564400993,8,8,NLM_fast_cuda_global,,,,,1.4
set50,low,35.gif,0,0.01,"[512, 512]",353590d221e21b53b97858fbc575a2320a10336f21bbed5dd461fa942bab100f,470525874460bc637beb1f22c12cf7d95266c96ae72a58df1b8b8a45d7421dd5,gnlm,175.0,29.35111664198284,0.8083958652649069,55.09535158423677,,scaled_current_nlm,,,49.09652257099515,8,8,NLM_fast_cuda_global,,,,,1.4
set50,low,36.gif,0,0.01,"[512, 512]",99a41bcc709d43204ca0f73a6593656300237e5367043081c5065ca77d5e3628,4c9fb2ffd6c3cd4191de57133e1f175dccaa7d659a83f2db7fb68f86bfb5eab5,gnlm,5.6,24.782458655990194,0.8459347224361541,54.6879654498028,,scaled_current_nlm,,,47.26446295098867,8,8,NLM_fast_cuda_global,,,,,1.4
set50,low,26.gif,0,0.01,"[512, 512]",3efcc155fe7f35f9428c0536c9c1dc2b826188d5f0a5b0a90ecbf681233221e2,fd6e5b6bb21f31fce84588fbf0def61aa7799be96bceaf1f8f821ce91540ca55,gnlm,201.6,30.462739304060456,0.7810116991055726,54.28195460730886,,scaled_current_nlm,,,52.13997322499927,8,8,NLM_fast_cuda_global,,,,,1.4
set50,low,37.gif,0,0.01,"[512, 512]",74881a36c4896c931da56c784ac35afb478dc71ae7af27894deeb074f83e518a,d34dc52c2c08a14e007ecacf562579826f45b0b1707e067dff6b3df9968dbbaf,gnlm,5.6,25.329806937825836,0.8061603213919206,52.97291953850895,,scaled_current_nlm,,,47.3877340080071,8,8,NLM_fast_cuda_global,,,,,1.4
set50,low,13.gif,0,0.01,"[512, 512]",c34b796bde09761f5bc3c358f20b72f49e020580ed0a76d5456c61f0da4499eb,21d5f13f0aba8a02886ff598d918384e41d968bbb44abcae71af497143790552,gnlm,1.4,25.074366819172127,0.800440870273565,52.55922692326431,,scaled_current_nlm,,,46.709585211006925,8,8,NLM_fast_cuda_global,,,,,1.4
set50,low,28.gif,0,0.01,"[512, 512]",f509179793e6551fbec77f8fdd91e45d53d2dd6e0a87394377c4bb4c52eb9a43,dd3ba862107b756742d3029f750c4d7be7c1283c6fb9ff3273684e5e05640984,gnlm,1.4,25.257460980095516,0.758202901922307,50.53887558616311,,scaled_current_nlm,,,46.607637199005694,8,8,NLM_fast_cuda_global,,,,,1.4
set50,low,9.gif,0,0.01,"[512, 512]",8b76cd61996084e7d23b9f638b4d32839d9f6ac7965ef9b585f78bdbdaff16b3,4cd76b34e1053d8ac22d03bda2ce6fe4218266806e9f352d164ab9cdb6ad5b7d,gnlm,1.4,25.373749340426922,0.8116793455757544,53.27084194900118,,scaled_current_nlm,,,46.03101440900355,8,8,NLM_fast_cuda_global,,,,,1.4
set50,low,18.gif,0,0.01,"[512, 512]",539caf0cced15a86b729848a1a182b75776a621cf01b5e9a62085f53b86f3407,5873c891357876f2dbe9c9d0e5fc2da0fd371a9cf25f1268ae8f5893ee21f411,gnlm,12.6,24.450899600632496,0.8662181303290695,55.53635631676972,,scaled_current_nlm,,,47.03753671300365,8,8,NLM_fast_cuda_global,,,,,1.4
set50,low,49.gif,0,0.01,"[512, 512]",8311e02cd6238d6e74f6a9bf6fa5c250d748ceec5882a86242e2452c587cdf2b,8125d7f83fc4d3be014d6ec00247ddfe409213305964ff8d8abbcaaaf07d5131,gnlm,158.2,24.143746835912545,0.8475971501942865,54.451730927670596,,scaled_current_nlm,,,46.41641570799402,8,8,NLM_fast_cuda_global,,,,,1.4
set50,low,4.gif,0,0.01,"[512, 512]",fd89b9bfe327e11c7cfbc851fff026261f2c33ef17edc9373682def6616fdc4f,cb585c5a840cc56bfa16227eca05f3d968ee47e4d8a6d4f6a8098f24c92e5ebe,gnlm,1.4,25.347528633599154,0.7855993628739608,51.95373246049762,,scaled_current_nlm,,,47.17507888299588,8,8,NLM_fast_cuda_global,,,,,1.4
set50,low,8.gif,0,0.01,"[512, 512]",fd53a01b9f6a3a02a5408efee91cfa235b1325372804d49874a677719089b14e,959d9223c31d5d17f16e71514f09e97be2737ed240f0e73975f0bb5c91651a10,gnlm,14.0,24.430274442475103,0.8120066427931124,52.815469360893175,,scaled_current_nlm,,,46.48702705700998,8,8,NLM_fast_cuda_global,,,,,1.4
set50,low,39.gif,0,0.01,"[512, 512]",e43557540646572e4a7b69124c49ff2c37c4d1695507c5d64a44d09a5043958e,44e6529e24cceca1d712601d81f8499b0bc9587c6093ab99c831d09ccf79016a,gnlm,229.6,30.715145555989288,0.8224812678678267,56.481636171385986,,scaled_current_nlm,,,46.43114785000216,8,8,NLM_fast_cuda_global,,,,,1.4
set50,low,12.gif,0,0.01,"[512, 512]",3c3ec23125fea9974f2e94c0d93a534edf2ec60d33b6af79f9a60fef58295de4,fa9482fa551439d9f17531d42a955c1c9fb456df7a7ea0c45be4ad6a23db1c47,gnlm,1.4,24.603535266635554,0.817897566057229,53.19664593617922,,scaled_current_nlm,,,46.37504119500227,8,8,NLM_fast_cuda_global,,,,,1.4
set50,low,45.gif,0,0.01,"[512, 512]",72644242bceb1596c04ab4ddde11989c7aa206ee2094402fadeac9f9c500d55a,c3ab35a48c81121c8b48794984160850baf0a8f64d9009ea6eeefb548e11df68,gnlm,5.6,25.063912821325772,0.8089934751071614,52.981630166020956,,scaled_current_nlm,,,46.9885533869965,8,8,NLM_fast_cuda_global,,,,,1.4
set50,low,11.gif,0,0.01,"[512, 512]",b12e0216f269d1ad8f5dfe769baf0fb60142ab5235a6d1d62707dc52ca591071,8948decfdbaad42c41f6d0264883a357a35557ce680c55d8a78313aad39151af,gnlm,8.399999999999999,24.111915844945912,0.8588677732580744,54.99934658537668,,scaled_current_nlm,,,46.37378583200916,8,8,NLM_fast_cuda_global,,,,,1.4
set50,low,34.gif,0,0.01,"[512, 512]",42a4b02f48b536770f4d42c1c4884a5b2a4a662af62778249a90a16c1d9f5398,dd73eaa5ded2fd68bedf81c188a0c44f01c7edbdcbf0abdf70e7d6c10a63bf63,gnlm,9.799999999999999,24.911532962116716,0.8427107650907674,54.59130473559672,,scaled_current_nlm,,,48.821063687995775,8,8,NLM_fast_cuda_global,,,,,1.4
set12,high,02.png,0,0.1,"[512, 512]",9a0925d4efea52b4b8355baab41b735118c594bada85c1650a8c929d4bedd645,e416650380e12917a3a2eeeb4269219a30b3b8cc16efb4db753ec8cb052bd8c8,gnlm,599.85,28.451575605219325,0.7026824900979842,49.35991230750888,,scaled_current_nlm,,,47.5644088479894,8,8,NLM_fast_cuda_global,,,,,1.55
set12,high,10.png,0,0.1,"[512, 512]",fa9370ee1649c3bf2aa161f01d3d2575a2dedca729f26b78bd75d618679b9889,7164aae5d6477ab64a9b20611d6b33f74569a62d739a897485e7d12dad80435d,gnlm,469.65000000000003,24.60768572975393,0.6101119815111915,42.80944194043654,,scaled_current_nlm,,,46.45753818000958,8,8,NLM_fast_cuda_global,,,,,1.55
set12,high,09.png,0,0.1,"[512, 512]",4b3ddbef5883a30e02120d9280c878727f5282bb054525cf3a5b0fcffb889d5c,3e0d74d912d9f117e2941f19693e873a800672ebfc0237c1409a0ea272ec7872,gnlm,412.3,22.937369599069505,0.5836857435652824,40.65297197779887,,scaled_current_nlm,,,46.552151108990074,8,8,NLM_fast_cuda_global,,,,,1.55
set12,high,07.png,0,0.1,"[512, 512]",154769fc48745384ec8816fc554051b0dd5f1c55071de2669c9058bf3a96574e,2ba0d75dafd4a58439379072ed0bc3d150f40e4390b9b33d20349e9f1b29b718,gnlm,537.85,24.97617879307989,0.6714669213458786,46.061435463833874,,scaled_current_nlm,,,47.132945990990265,8,8,NLM_fast_cuda_global,,,,,1.55
set12,high,05.png,0,0.1,"[512, 512]",0a48bd94dc684e9744094acf5f9409ae1a147f367207cbcf847ffecc9506b1e3,99ebf5f91f8d5011c136e3657c039f5f484f7a9ad07790541df20dd03bf9c836,gnlm,531.65,26.495765545551116,0.7537797287513017,50.936869210340646,,scaled_current_nlm,,,47.319029731006594,8,8,NLM_fast_cuda_global,,,,,1.55
set12,high,08.png,0,0.1,"[512, 512]",2c394996c73fe787fca843f9f42014d5330dda4ad3053466b934f2c52d1c1f84,df4e8481f6afd5a29944a9cd59f15e3ba5659986829732fd430d6985cd4b7fc9,gnlm,382.85,24.401302413853124,0.5786445781552265,41.13288011468789,,scaled_current_nlm,,,47.1239143589919,8,8,NLM_fast_cuda_global,,,,,1.55
set12,high,01.png,0,0.1,"[512, 512]",0a372ced9fd4d1f9633532a58073e3974b41da8cfc87f04ec8e9a8dc6a89bba1,5c64fdfe33f4ceb5a47428c2edc3ca4f989b1078a7da5d038a7aac327de869fd,gnlm,519.25,25.493764675930244,0.6426425487768807,44.879009776809156,,scaled_current_nlm,,,47.17333655500261,8,8,NLM_fast_cuda_global,,,,,1.55
set12,high,04.png,0,0.1,"[512, 512]",7f6baec8e072815d469acd5d149f5da86b89ef26df1895c4edde2d5758900fd0,0a9fd41a69964cdee98a13387f66a0e0afec3986fcdb81bfef6cf0b952ec854c,gnlm,571.95,26.474123183109583,0.7469969333550841,50.586908259309,,scaled_current_nlm,,,47.20493246399565,8,8,NLM_fast_cuda_global,,,,,1.55
set12,high,06.png,0,0.1,"[512, 512]",aa1ae42753ac532294aa25320a62b1fb9aa4b54ad1627f3551d0532393b63c6e,d64e7d6cff0dd1480f8ba1a2df2cb1a7e53c3656ab86e3b1aaaf93b31a9edfbf,gnlm,561.1,24.37505408695018,0.6441908402291481,44.39706905493249,,scaled_current_nlm,,,47.117223214998376,8,8,NLM_fast_cuda_global,,,,,1.55
set12,high,03.png,0,0.1,"[512, 512]",ecaf4e62d02b750095b71c0828247049848c285190975276e63ef6d951b37cf4,4b3536cd26cb2a06a9257208afef360b062fd3e9ee7285ba6d4c75c0e03474d9,gnlm,542.5,27.144751303262268,0.736901403641178,50.41744583369003,,scaled_current_nlm,,,47.103629994991934,8,8,NLM_fast_cuda_global,,,,,1.55
set12,high,11.png,0,0.1,"[512, 512]",17b452cc44e876adc0d3fd3607e8c9ab9e04406fa1702d436005e99db30c6108,efb327d0e9507fdf30c7e6389581d470feab9b99fac8c2659863071b5babac8d,gnlm,418.5,23.452928266562992,0.5239898382006002,37.9259560433115,,scaled_current_nlm,,,47.33975773800921,8,8,NLM_fast_cuda_global,,,,,1.55
set12,medium,02.png,0,0.05,"[512, 512]",9a0925d4efea52b4b8355baab41b735118c594bada85c1650a8c929d4bedd645,c3f9d39a11e3011c40ec0ba98de83291f1b1fcd783cfca19fa39be37ecb6240b,gnlm,373.79999999999995,31.389594542167348,0.8097073024175088,56.18016239195911,,scaled_current_nlm,,,46.78551677300129,8,8,NLM_fast_cuda_global,,,,,1.4
set12,medium,10.png,0,0.05,"[512, 512]",fa9370ee1649c3bf2aa161f01d3d2575a2dedca729f26b78bd75d618679b9889,87d8a8c260cdb8c52551132cb0dfe95ee2f14d151af9ff4d6168d5800396b42c,gnlm,310.79999999999995,26.348509438795446,0.7021077191436,48.27964067657773,,scaled_current_nlm,,,47.212978914001724,8,8,NLM_fast_cuda_global,,,,,1.4
set12,medium,09.png,0,0.05,"[512, 512]",4b3ddbef5883a30e02120d9280c878727f5282bb054525cf3a5b0fcffb889d5c,7c56fc735c741056497fe6ad8b491244bf2746021f23f9e3f3b7401a4df3be52,gnlm,291.40000000000003,24.354929409297498,0.6756025654644663,45.95759297787206,,scaled_current_nlm,,,47.239398599995184,8,8,NLM_fast_cuda_global,,,,,1.55
set12,medium,07.png,0,0.05,"[512, 512]",154769fc48745384ec8816fc554051b0dd5f1c55071de2669c9058bf3a96574e,50403390a446b8878af128c5b5eb24f750286ab630615b3caace33849ff6c560,gnlm,372.4,27.24543521721422,0.7751091627702118,52.3781757471177,,scaled_current_nlm,,,47.37500486400677,8,8,NLM_fast_cuda_global,,,,,1.4
set12,medium,05.png,0,0.05,"[512, 512]",0a48bd94dc684e9744094acf5f9409ae1a147f367207cbcf847ffecc9506b1e3,adb057f232e03a2f58a65b65c32bd3ae831f109d80147c92d9e62f40775bc731,gnlm,345.79999999999995,29.271115951951955,0.846085936962285,56.939854824090226,,scaled_current_nlm,,,46.39959712100972,8,8,NLM_fast_cuda_global,,,,,1.4
set12,medium,08.png,0,0.05,"[512, 512]",2c394996c73fe787fca843f9f42014d5330dda4ad3053466b934f2c52d1c1f84,8e3d7b1e875d19f22c64e3044a9d0c41b820f9cfa02088458ff600eaf223eb5f,gnlm,250.6,25.847588181982797,0.6618150516886011,46.01454667542146,,scaled_current_nlm,,,47.19329213599849,8,8,NLM_fast_cuda_global,,,,,1.4
set12,medium,01.png,0,0.05,"[512, 512]",0a372ced9fd4d1f9633532a58073e3974b41da8cfc87f04ec8e9a8dc6a89bba1,95660ff47115848bd895ed7581195e91c2ab4a1746122ef36b82c4d90108493b,gnlm,350.0,27.918475321629536,0.7586142591923261,51.889950620431065,,scaled_current_nlm,,,47.072491213009926,8,8,NLM_fast_cuda_global,,,,,1.4
set12,medium,04.png,0,0.05,"[512, 512]",7f6baec8e072815d469acd5d149f5da86b89ef26df1895c4edde2d5758900fd0,1c72f71d2f5910501fba30fd6269d5a73022d2e2701365d87f47014e5f50f8e5,gnlm,376.59999999999997,28.888490429216212,0.8331956107484804,56.10402575203213,,scaled_current_nlm,,,46.1883981370047,8,8,NLM_fast_cuda_global,,,,,1.4
set12,medium,06.png,0,0.05,"[512, 512]",aa1ae42753ac532294aa25320a62b1fb9aa4b54ad1627f3551d0532393b63c6e,418ae6ffd6be74f226d8da4b414080f6be346245802a6e9c0b97dc4ff2a94400,gnlm,365.4,26.639220452054573,0.7513603908859778,50.88762977032618,,scaled_current_nlm,,,46.699364542000694,8,8,NLM_fast_cuda_global,,,,,1.4
set12,medium,03.png,0,0.05,"[512, 512]",ecaf4e62d02b750095b71c0828247049848c285190975276e63ef6d951b37cf4,0a2b74a80e9ef7c6edfd254d6abd4f21d8fc939cbcfe8e477f4c4a919f7d715d,gnlm,355.59999999999997,29.8027568141558,0.8366631459973364,56.73453570694472,,scaled_current_nlm,,,46.65629404800711,8,8,NLM_fast_cuda_global,,,,,1.4
set12,medium,11.png,0,0.05,"[512, 512]",17b452cc44e876adc0d3fd3607e8c9ab9e04406fa1702d436005e99db30c6108,599e46ff8f73bb0bcb238e7a5776355ab3a55274a6828355adfafd7ae4d55c02,gnlm,305.2,25.048384278297963,0.6315740710344555,44.102895690871755,,scaled_current_nlm,,,47.02151219799998,8,8,NLM_fast_cuda_global,,,,,1.4
set12,extreme,02.png,0,0.2,"[512, 512]",9a0925d4efea52b4b8355baab41b735118c594bada85c1650a8c929d4bedd645,49df52a59b6c929c5f31dd1d9dcd3a8cc145517e504d2433ddbe093f2ea75a04,gnlm,1088.1000000000001,24.7292815816806,0.56058662954649,40.393972268164795,,scaled_current_nlm,,,46.440970434996416,8,8,NLM_fast_cuda_global,,,,,1.55
set12,extreme,10.png,0,0.2,"[512, 512]",fa9370ee1649c3bf2aa161f01d3d2575a2dedca729f26b78bd75d618679b9889,54206e07e2533ce3cdc4f253b01d2bcf15986e6aa5edcfa3142c91d69412c383,gnlm,759.5,22.220209023919054,0.48776978772085205,35.49859389800213,,scaled_current_nlm,,,47.256421153986594,8,8,NLM_fast_cuda_global,,,,,1.55
set12,extreme,09.png,0,0.2,"[512, 512]",4b3ddbef5883a30e02120d9280c878727f5282bb054525cf3a5b0fcffb889d5c,0b3ebc1adeda4f915d78dc938f4f6754e061d4488a42511b466d50496ed3c90d,gnlm,675.8000000000001,21.018571820869425,0.4645529602103778,33.736933920953604,,scaled_current_nlm,,,47.13485353800934,8,8,NLM_fast_cuda_global,,,,,1.55
set12,extreme,07.png,0,0.2,"[512, 512]",154769fc48745384ec8816fc554051b0dd5f1c55071de2669c9058bf3a96574e,a555b68256523f4ea9a6a3a1d63d525af0a21767eb731194aeaa7d0237229d14,gnlm,881.95,21.81857585537668,0.5286133659552783,37.339956225452255,,scaled_current_nlm,,,47.92623750799976,8,8,NLM_fast_cuda_global,,,,,1.55
set12,extreme,05.png,0,0.2,"[512, 512]",0a48bd94dc684e9744094acf5f9409ae1a147f367207cbcf847ffecc9506b1e3,47e001521556c7ceb0d8f2d01af9cf5e6eedb001280a9b295e77fef79fb60244,gnlm,919.15,23.09923285574363,0.6206914869009847,42.58419077292105,,scaled_current_nlm,,,46.994848130008904,8,8,NLM_fast_cuda_global,,,,,1.55
set12,extreme,08.png,0,0.2,"[512, 512]",2c394996c73fe787fca843f9f42014d5330dda4ad3053466b934f2c52d1c1f84,b513454383e7814ea07019014f0d151fde15b5a47f3e20c6d9f3194be9c69f56,gnlm,626.2,22.458086970057494,0.4717600617889758,34.81704657447754,,scaled_current_nlm,,,47.214519083994674,8,8,NLM_fast_cuda_global,,,,,1.55
set12,extreme,01.png,0,0.2,"[512, 512]",0a372ced9fd4d1f9633532a58073e3974b41da8cfc87f04ec8e9a8dc6a89bba1,bb82ddd95a6a25e95485a996c31e0375130595fb41bbf773b1bd5b01c13959c1,gnlm,835.45,22.398744373483005,0.49264952884189694,35.831848628836354,,scaled_current_nlm,,,46.96187082900724,8,8,NLM_fast_cuda_global,,,,,1.55
set12,extreme,04.png,0,0.2,"[512, 512]",7f6baec8e072815d469acd5d149f5da86b89ef26df1895c4edde2d5758900fd0,bed36c52da9f24d3ca3fb49a29cd8e86158fb485d9e63c07e1c4acb7624e204a,gnlm,956.35,22.992101702866158,0.6163458580030446,42.31334375158531,,scaled_current_nlm,,,48.083086951999576,8,8,NLM_fast_cuda_global,,,,,1.55
set12,extreme,06.png,0,0.2,"[512, 512]",aa1ae42753ac532294aa25320a62b1fb9aa4b54ad1627f3551d0532393b63c6e,99762f4e36329a2a9ca8ae0af403f0994ac05cc0f2d8cfc948e27d609ae70bab,gnlm,920.7,21.498417359867744,0.517679123483816,36.63316485412467,,scaled_current_nlm,,,46.91923975899408,8,8,NLM_fast_cuda_global,,,,,1.55
set12,extreme,03.png,0,0.2,"[512, 512]",ecaf4e62d02b750095b71c0828247049848c285190975276e63ef6d951b37cf4,5d873642d5904df0268ba3e2ab75f110ac16583462f4036e07f029c689362f0c,gnlm,937.75,23.658222821680567,0.5960319380951593,41.63070831559825,,scaled_current_nlm,,,47.52981792300125,8,8,NLM_fast_cuda_global,,,,,1.55
set12,extreme,11.png,0,0.2,"[512, 512]",17b452cc44e876adc0d3fd3607e8c9ab9e04406fa1702d436005e99db30c6108,9a04391c3b1256307bf621b3151ddf799518fb0a981f8949a152baac9237f5bf,gnlm,607.6,20.820385409440355,0.4086804013985141,30.844212774645882,,scaled_current_nlm,,,46.8715240330057,8,8,NLM_fast_cuda_global,,,,,1.55
set12,moderate,02.png,0,0.03,"[512, 512]",9a0925d4efea52b4b8355baab41b735118c594bada85c1650a8c929d4bedd645,ee7bfd453ba8d6e6718aaf8a97d81f5f2238214fca6f66b9cd8f2e44d4e6969a,gnlm,317.79999999999995,32.83190493346363,0.8594089536917915,59.38640015132139,,scaled_current_nlm,,,46.899266214997624,8,8,NLM_fast_cuda_global,,,,,1.4
set12,moderate,10.png,0,0.03,"[512, 512]",fa9370ee1649c3bf2aa161f01d3d2575a2dedca729f26b78bd75d618679b9889,5d887063ebde1fcfbf95f8deca1ac10049d03f7db0a73c069699f665d6977104,gnlm,254.79999999999998,27.275357947999414,0.7472095174808906,50.99815484804424,,scaled_current_nlm,,,46.820824188005645,8,8,NLM_fast_cuda_global,,,,,1.4
set12,moderate,09.png,0,0.03,"[512, 512]",4b3ddbef5883a30e02120d9280c878727f5282bb054525cf3a5b0fcffb889d5c,de0042a9b572069c4805997a988a6eb7d29426746f4b470c08ec69dfefe9b523,gnlm,219.79999999999998,25.511042709748256,0.733066980031106,49.408870356429425,,scaled_current_nlm,,,46.35884367801191,8,8,NLM_fast_cuda_global,,,,,1.4
set12,moderate,07.png,0,0.03,"[512, 512]",154769fc48745384ec8816fc554051b0dd5f1c55071de2669c9058bf3a96574e,41c6793af84e33ba2ceb749b4738b40b1b3737129d2d2babeb1dd4ec40eb3ac5,gnlm,317.79999999999995,28.284256975765313,0.8229188905040339,55.28807301308435,,scaled_current_nlm,,,47.09079665900208,8,8,NLM_fast_cuda_global,,,,,1.4
set12,moderate,05.png,0,0.03,"[512, 512]",0a48bd94dc684e9744094acf5f9409ae1a147f367207cbcf847ffecc9506b1e3,9f3476abacfd546a3608bc4be56078d043e749803d48ceb9c514386cce77c211,gnlm,296.79999999999995,30.596926672746232,0.8874854686101915,59.67273676688269,,scaled_current_nlm,,,47.97273851600767,8,8,NLM_fast_cuda_global,,,,,1.4
set12,moderate,08.png,0,0.03,"[512, 512]",2c394996c73fe787fca843f9f42014d5330dda4ad3053466b934f2c52d1c1f84,b0b958f06122f7dfd86e575b45174a19c43c39d05a9f75e6d37f0d1b885e83d9,gnlm,205.79999999999998,26.710114225050727,0.7026195770094286,48.486035962996795,,scaled_current_nlm,,,46.85986025200691,8,8,NLM_fast_cuda_global,,,,,1.4
set12,moderate,01.png,0,0.03,"[512, 512]",0a372ced9fd4d1f9633532a58073e3974b41da8cfc87f04ec8e9a8dc6a89bba1,1890871d8ac6fdf241ae77566f9a0eb175baed8033bd8ffbdecf5475a45749fe,gnlm,305.2,28.99382068718131,0.8094855996217292,54.97119032467712,,scaled_current_nlm,,,48.61100192699814,8,8,NLM_fast_cuda_global,,,,,1.4
set12,moderate,04.png,0,0.03,"[512, 512]",7f6baec8e072815d469acd5d149f5da86b89ef26df1895c4edde2d5758900fd0,5aab2f4c90265de03c4286a1026b54930c9f1174f15bd4788a5cea6ddc26c27a,gnlm,316.4,29.958731530078822,0.870751577523518,58.51694464121531,,scaled_current_nlm,,,46.358012404001784,8,8,NLM_fast_cuda_global,,,,,1.4
set12,moderate,06.png,0,0.03,"[512, 512]",aa1ae42753ac532294aa25320a62b1fb9aa4b54ad1627f3551d0532393b63c6e,f6c87c3541133224f0d0b09d3ddb74251b7ff019191b5f7b5cf5f3356ce374c4,gnlm,302.4,27.766614392783474,0.8029132576488326,54.02897007883337,,scaled_current_nlm,,,48.58538893899822,8,8,NLM_fast_cuda_global,,,,,1.4
set12,moderate,03.png,0,0.03,"[512, 512]",ecaf4e62d02b750095b71c0828247049848c285190975276e63ef6d951b37cf4,231f53176f51c4b24bdc12fd9f1b4c16454140fdfe7631cec75f8301deab3824,gnlm,302.4,31.188105476380525,0.8818403662102594,59.68607104870323,,scaled_current_nlm,,,46.4776192720019,8,8,NLM_fast_cuda_global,,,,,1.4
set12,moderate,11.png,0,0.03,"[512, 512]",17b452cc44e876adc0d3fd3607e8c9ab9e04406fa1702d436005e99db30c6108,fc459f467923651b85169e1d453047db01071c2115000fa34e05ff50a6c59429,gnlm,271.59999999999997,25.735946835333962,0.6804748460230833,46.891715718821146,,scaled_current_nlm,,,46.80523486099264,8,8,NLM_fast_cuda_global,,,,,1.4
set12,low,02.png,0,0.01,"[512, 512]",9a0925d4efea52b4b8355baab41b735118c594bada85c1650a8c929d4bedd645,7d03f7624fa0aaaef532f6ccb5b007c11ecfba46dc0bf970948880603d265edc,gnlm,240.79999999999998,34.75477542468822,0.9103569522369612,62.89523532419217,,scaled_current_nlm,,,50.80273588599812,8,8,NLM_fast_cuda_global,,,,,1.4
set12,low,10.png,0,0.01,"[512, 512]",fa9370ee1649c3bf2aa161f01d3d2575a2dedca729f26b78bd75d618679b9889,d06c846ad219995869474be865acb70b5ec7d01068ecd7580cc3fde6a2889b07,gnlm,189.0,28.663116124528045,0.8022015640097712,54.44163626275258,,scaled_current_nlm,,,47.50771601499582,8,8,NLM_fast_cuda_global,,,,,1.4
set12,low,09.png,0,0.01,"[512, 512]",4b3ddbef5883a30e02120d9280c878727f5282bb054525cf3a5b0fcffb889d5c,f57c1e0803358fa46cb3fcadacd603e0bc8a9a1500621f0dea3a800d055c6fe6,gnlm,1.4,25.177315222651536,0.8212117199978209,53.64924361121682,,scaled_current_nlm,,,46.70706167900062,8,8,NLM_fast_cuda_global,,,,,1.4
set12,low,07.png,0,0.01,"[512, 512]",154769fc48745384ec8816fc554051b0dd5f1c55071de2669c9058bf3a96574e,584ba7517a59730143877939055ad6e1e59eec8663870de1e2f41b823592272b,gnlm,244.99999999999997,29.657097439861346,0.8717939991248961,58.41824867617548,,scaled_current_nlm,,,49.2769461079879,8,8,NLM_fast_cuda_global,,,,,1.4
set12,low,05.png,0,0.01,"[512, 512]",0a48bd94dc684e9744094acf5f9409ae1a147f367207cbcf847ffecc9506b1e3,d9a99fe9c66291c5480b648f63457e4e7868b0267787c7b85908acc020420910,gnlm,230.99999999999997,32.732620812380816,0.9323888453831022,62.985752675345516,,scaled_current_nlm,,,48.89827720599715,8,8,NLM_fast_cuda_global,,,,,1.4
set12,low,08.png,0,0.01,"[512, 512]",2c394996c73fe787fca843f9f42014d5330dda4ad3053466b934f2c52d1c1f84,e160bea8a7b841fbbcb9a08d2452bc47be4e0b6c86d87d1b0bea001f91693d97,gnlm,1.4,25.51799935928271,0.803901911686139,52.954095263948304,,scaled_current_nlm,,,49.02875767700607,8,8,NLM_fast_cuda_global,,,,,1.4
set12,low,01.png,0,0.01,"[512, 512]",0a372ced9fd4d1f9633532a58073e3974b41da8cfc87f04ec8e9a8dc6a89bba1,580fbc14af471717cfc09261d71b2bee527d3960eb5a144e296d4af84219023d,gnlm,237.99999999999997,30.70589873550388,0.8672230051684509,58.71409962617448,,scaled_current_nlm,,,51.215875206995406,8,8,NLM_fast_cuda_global,,,,,1.4
set12,low,04.png,0,0.01,"[512, 512]",7f6baec8e072815d469acd5d149f5da86b89ef26df1895c4edde2d5758900fd0,e8a6fc5f208fe29f03f5cbd984d49640d58559cd6c5aa49284f500b1f7ee7903,gnlm,237.99999999999997,31.575678191980252,0.9099649339912849,61.28608579555437,,scaled_current_nlm,,,53.19398039599764,8,8,NLM_fast_cuda_global,,,,,1.4
set12,low,06.png,0,0.01,"[512, 512]",aa1ae42753ac532294aa25320a62b1fb9aa4b54ad1627f3551d0532393b63c6e,e340e8d85915e482eb2fcd7c112e25b58f52ae82986a937d947c38437b40d732,gnlm,230.99999999999997,29.506750567359916,0.8571136117388609,57.609055870623,,scaled_current_nlm,,,49.63496225599374,8,8,NLM_fast_cuda_global,,,,,1.4
set12,low,03.png,0,0.01,"[512, 512]",ecaf4e62d02b750095b71c0828247049848c285190975276e63ef6d951b37cf4,18313c5d887bba3759a18d07833b66fb952544043545ed839a5d493c1c132871,gnlm,236.6,33.20300869581845,0.9273464237305673,62.968825534437585,,scaled_current_nlm,,,48.428476098997635,8,8,NLM_fast_cuda_global,,,,,1.4
set12,low,11.png,0,0.01,"[512, 512]",17b452cc44e876adc0d3fd3607e8c9ab9e04406fa1702d436005e99db30c6108,030fd588168a45176d9b0eca993f8007814b0503964557c1914c2fbae448d11f,gnlm,1.4,24.512795928693638,0.8189950880192839,53.20615236531101,,scaled_current_nlm,,,49.03887678000319,8,8,NLM_fast_cuda_global,,,,,1.4
set12,high,02.png,4,0.1,"[512, 512]",9a0925d4efea52b4b8355baab41b735118c594bada85c1650a8c929d4bedd645,fb5756b2f1977a53d6af3dcead4efb66402b9d5e985cdbdec56b32e00ffd97a7,gnlm,593.65,28.51062232613616,0.706867529223085,49.59868762422233,,scaled_current_nlm,,,47.55077346600592,8,8,NLM_fast_cuda_global,,,,,1.55
set12,high,10.png,4,0.1,"[512, 512]",fa9370ee1649c3bf2aa161f01d3d2575a2dedca729f26b78bd75d618679b9889,20cbcff47f8f1652d0beb4647260b220d5985351324e73ce58f91790a1b40bdd,gnlm,454.15000000000003,24.672037030748584,0.6136742557739235,43.01973130407047,,scaled_current_nlm,,,47.68979450700863,8,8,NLM_fast_cuda_global,,,,,1.55
set12,high,09.png,4,0.1,"[512, 512]",4b3ddbef5883a30e02120d9280c878727f5282bb054525cf3a5b0fcffb889d5c,6580f7427fae38e6900e311bc3d882abd5bbd2d3ee833d3f15f08e971f1badd3,gnlm,403.0,22.98622743161017,0.5871392771310512,40.85007757235765,,scaled_current_nlm,,,47.489199560004636,8,8,NLM_fast_cuda_global,,,,,1.55
set12,high,07.png,4,0.1,"[512, 512]",154769fc48745384ec8816fc554051b0dd5f1c55071de2669c9058bf3a96574e,6b2b7a6b103aa4415de2661efe3e7b16f3e8a8d91d505c35019889f45be2ccdf,gnlm,537.85,24.99614014106486,0.6747600256324237,46.23607135215361,,scaled_current_nlm,,,47.742388619008125,8,8,NLM_fast_cuda_global,,,,,1.55
set12,high,05.png,4,0.1,"[512, 512]",0a48bd94dc684e9744094acf5f9409ae1a147f367207cbcf847ffecc9506b1e3,0d5e8010bb26a850d7bcc7fe1db68e0f0c6af22b17fa9bc70b31b059f1079a92,gnlm,522.35,26.554453211575023,0.7573356763557593,51.14401042357547,,scaled_current_nlm,,,47.54762416299491,8,8,NLM_fast_cuda_global,,,,,1.55
set12,high,08.png,4,0.1,"[512, 512]",2c394996c73fe787fca843f9f42014d5330dda4ad3053466b934f2c52d1c1f84,0c9b60e4d12da52284c5eb24f1ad2f1c68d32c53c03585a9c05992f6df84ca1f,gnlm,384.40000000000003,24.424775405162016,0.5809521714318951,41.25999627417576,,scaled_current_nlm,,,47.74242085100559,8,8,NLM_fast_cuda_global,,,,,1.55
set12,high,01.png,4,0.1,"[512, 512]",0a372ced9fd4d1f9633532a58073e3974b41da8cfc87f04ec8e9a8dc6a89bba1,9ea25905277eaa2c13405c16af5a2bd159339f43e0d8dbc939852ca029957356,gnlm,516.15,25.525928667477334,0.6460699578439432,45.06646222593582,,scaled_current_nlm,,,47.726815358997555,8,8,NLM_fast_cuda_global,,,,,1.55
set12,high,04.png,4,0.1,"[512, 512]",7f6baec8e072815d469acd5d149f5da86b89ef26df1895c4edde2d5758900fd0,fdc436c0c8446ba46cfc24590bb554f37546781412b4b4564d6407e3391d198a,gnlm,567.3000000000001,26.509805647184606,0.7498311599577907,50.74646082148184,,scaled_current_nlm,,,47.60151312100061,8,8,NLM_fast_cuda_global,,,,,1.55
set12,high,06.png,4,0.1,"[512, 512]",aa1ae42753ac532294aa25320a62b1fb9aa4b54ad1627f3551d0532393b63c6e,a363dcecce4b7295d8e22162211f906c57f7427694cc70216f5f5b9f9c8ae75e,gnlm,551.8000000000001,24.41806214176743,0.6477234145280052,44.59520179728398,,scaled_current_nlm,,,47.569453415999305,8,8,NLM_fast_cuda_global,,,,,1.55
set12,high,03.png,4,0.1,"[512, 512]",ecaf4e62d02b750095b71c0828247049848c285190975276e63ef6d951b37cf4,85f7066b7aa1244baa2f27667095e1ea8355fef86e40ccd8d4b2514ec34fd63d,gnlm,533.2,27.204613409115524,0.7407293134407086,50.63877237659319,,scaled_current_nlm,,,47.59360150100838,8,8,NLM_fast_cuda_global,,,,,1.55
set12,high,11.png,4,0.1,"[512, 512]",17b452cc44e876adc0d3fd3607e8c9ab9e04406fa1702d436005e99db30c6108,d985d535d00b2df1afd30e645e35cfc28961b28fa786c9d6216e5ca98bb90604,gnlm,415.40000000000003,23.47969043771126,0.5257418579528697,38.02693811649911,,scaled_current_nlm,,,47.68125635299657,8,8,NLM_fast_cuda_global,,,,,1.55
set12,medium,02.png,4,0.05,"[512, 512]",9a0925d4efea52b4b8355baab41b735118c594bada85c1650a8c929d4bedd645,4e69b9926757359b28d2ba0ddea539b9b5734c1c9927cbb52997eed2c2c65a57,gnlm,373.79999999999995,31.431528740739036,0.8123195506119367,56.33174190096636,,scaled_current_nlm,,,46.428710417996626,8,8,NLM_fast_cuda_global,,,,,1.4
set12,medium,10.png,4,0.05,"[512, 512]",fa9370ee1649c3bf2aa161f01d3d2575a2dedca729f26b78bd75d618679b9889,461dc699c7e6039d3c7fbc9e361c8477afcdd41db684ad67d9d1dd1715aba45a,gnlm,306.59999999999997,26.39508885552243,0.7044960828266275,48.42234856909259,,scaled_current_nlm,,,48.0671025650081,8,8,NLM_fast_cuda_global,,,,,1.4
set12,medium,09.png,4,0.05,"[512, 512]",4b3ddbef5883a30e02120d9280c878727f5282bb054525cf3a5b0fcffb889d5c,5780430f9e94feaf25364471128f02e7454678af26c718534cb418901e5bbe6c,gnlm,286.75,24.409846360812466,0.6785643206587528,46.133139213343874,,scaled_current_nlm,,,47.85312090598745,8,8,NLM_fast_cuda_global,,,,,1.55
set12,medium,07.png,4,0.05,"[512, 512]",154769fc48745384ec8816fc554051b0dd5f1c55071de2669c9058bf3a96574e,57067cdfaec1e7cbd302b6992dd6d10ca47b25065f31c44a1bfe1573c39a6480,gnlm,368.2,27.28870047787078,0.7773356103668226,52.51113075727652,,scaled_current_nlm,,,48.705153312999755,8,8,NLM_fast_cuda_global,,,,,1.4
set12,medium,05.png,4,0.05,"[512, 512]",0a48bd94dc684e9744094acf5f9409ae1a147f367207cbcf847ffecc9506b1e3,e0fa916e823acf6effc4f3b42e72ab8a62ce26e6958e64dcd7833e8e36a12729,gnlm,338.79999999999995,29.3505775611448,0.8483505477051925,57.092816165832026,,scaled_current_nlm,,,46.98333882300358,8,8,NLM_fast_cuda_global,,,,,1.4
set12,medium,08.png,4,0.05,"[512, 512]",2c394996c73fe787fca843f9f42014d5330dda4ad3053466b934f2c52d1c1f84,e1b0f210137124047cfa6d6db5eb311ebf1bd872e71c7f34ecbce8d731865d47,gnlm,244.99999999999997,25.901092191950866,0.6645142598951559,46.176259090733225,,scaled_current_nlm,,,48.530209910008125,8,8,NLM_fast_cuda_global,,,,,1.4
set12,medium,01.png,4,0.05,"[512, 512]",0a372ced9fd4d1f9633532a58073e3974b41da8cfc87f04ec8e9a8dc6a89bba1,9379e76152d6d388d723e1eaa08d1618611906ad05b452f66e45fc46f2920222,gnlm,345.79999999999995,27.97353574031556,0.7611524870410875,52.04439222221215,,scaled_current_nlm,,,47.101548588994774,8,8,NLM_fast_cuda_global,,,,,1.4
set12,medium,04.png,4,0.05,"[512, 512]",7f6baec8e072815d469acd5d149f5da86b89ef26df1895c4edde2d5758900fd0,96b121cc217c410a07c6e8b75d018b9c2d013f47489b90382de26ad622a43a5a,gnlm,373.79999999999995,28.92327025062969,0.8349511247639759,56.20919136351364,,scaled_current_nlm,,,47.12485367699992,8,8,NLM_fast_cuda_global,,,,,1.4
set12,medium,06.png,4,0.05,"[512, 512]",aa1ae42753ac532294aa25320a62b1fb9aa4b54ad1627f3551d0532393b63c6e,5d3d90db8b69e62a740e7e86ea6a5df988b44fac6affdc46ef302b5c6eb8dce4,gnlm,359.79999999999995,26.693300598334588,0.7537882950564833,51.03606505199146,,scaled_current_nlm,,,46.58114353999554,8,8,NLM_fast_cuda_global,,,,,1.4
set12,medium,03.png,4,0.05,"[512, 512]",ecaf4e62d02b750095b71c0828247049848c285190975276e63ef6d951b37cf4,76e43ccb10d0fd50514c324d9319b070e705fa6c949ead13598cc60431e1acd1,gnlm,354.2,29.84603615216656,0.8390163047874449,56.87383331545553,,scaled_current_nlm,,,46.64009206899209,8,8,NLM_fast_cuda_global,,,,,1.4
set12,medium,11.png,4,0.05,"[512, 512]",17b452cc44e876adc0d3fd3607e8c9ab9e04406fa1702d436005e99db30c6108,d061e894c51d566e883b22e0983bc6c1f82e2c15c660fea833b8da2c916beea5,gnlm,299.59999999999997,25.090058628489615,0.6335721771864076,44.223638173565185,,scaled_current_nlm,,,47.678984394005965,8,8,NLM_fast_cuda_global,,,,,1.4
set12,extreme,02.png,4,0.2,"[512, 512]",9a0925d4efea52b4b8355baab41b735118c594bada85c1650a8c929d4bedd645,c78625d61f7341c9115095ca61bc56d13277a60903cbda9e7817dcbf3fad2403,gnlm,1097.4,24.774660237598248,0.5658663414167254,40.680647189635394,,scaled_current_nlm,,,49.435546320994035,8,8,NLM_fast_cuda_global,,,,,1.55
set12,extreme,10.png,4,0.2,"[512, 512]",fa9370ee1649c3bf2aa161f01d3d2575a2dedca729f26b78bd75d618679b9889,55df1265f85a4f395abe6fdb9f8d6ced6f37fabb2f2efbdcd9ad51de31f0f358,gnlm,754.85,22.250012717713517,0.4913427781867725,35.69214526819539,,scaled_current_nlm,,,48.04331771899888,8,8,NLM_fast_cuda_global,,,,,1.55
set12,extreme,09.png,4,0.2,"[512, 512]",4b3ddbef5883a30e02120d9280c878727f5282bb054525cf3a5b0fcffb889d5c,d5200db9a81ea1ad2851337034ec180dcba65337806d6f544c91105b701dd5a8,gnlm,651.0,21.0634717049969,0.46816595186724214,33.94003344586056,,scaled_current_nlm,,,47.84189217600215,8,8,NLM_fast_cuda_global,,,,,1.55
set12,extreme,07.png,4,0.2,"[512, 512]",154769fc48745384ec8816fc554051b0dd5f1c55071de2669c9058bf3a96574e,d658efe3236f7ef4462769d23a0c6a782ae9c9bb794297f469fb22a6a114781d,gnlm,852.5,21.867205560746804,0.5328245804721834,37.574831803982576,,scaled_current_nlm,,,48.473207399001694,8,8,NLM_fast_cuda_global,,,,,1.55
set12,extreme,05.png,4,0.2,"[512, 512]",0a48bd94dc684e9744094acf5f9409ae1a147f367207cbcf847ffecc9506b1e3,f14c438201f32887ca2958073a99c9c4367ca05aa3996a24e4a516345d4ee79d,gnlm,905.2,23.140917988038797,0.6252014771964796,42.83053285384338,,scaled_current_nlm,,,48.11225860999548,8,8,NLM_fast_cuda_global,,,,,1.55
set12,extreme,08.png,4,0.2,"[512, 512]",2c394996c73fe787fca843f9f42014d5330dda4ad3053466b934f2c52d1c1f84,a8484a10dd4d38b8a5ac055a083f83a730aeb890ecb2fff33eb9cc1791e5eb5b,gnlm,610.7,22.501088245482627,0.4750997180412864,35.00553002480564,,scaled_current_nlm,,,50.80569275599555,8,8,NLM_fast_cuda_global,,,,,1.55
set12,extreme,01.png,4,0.2,"[512, 512]",0a372ced9fd4d1f9633532a58073e3974b41da8cfc87f04ec8e9a8dc6a89bba1,65177135c7481be235c048926973169e2e8bf506e1b0926ab33339f39e25d3b0,gnlm,841.65,22.417395305072617,0.4968631720523228,36.051856255152444,,scaled_current_nlm,,,47.505943345007836,8,8,NLM_fast_cuda_global,,,,,1.55
set12,extreme,04.png,4,0.2,"[512, 512]",7f6baec8e072815d469acd5d149f5da86b89ef26df1895c4edde2d5758900fd0,9bdf88a0f1a278417dd2a591efa55b88d04dfe89bd8aaa8ad24e1443228a0a94,gnlm,943.95,23.028944000022136,0.6203826605909415,42.533605029558146,,scaled_current_nlm,,,48.34951445600018,8,8,NLM_fast_cuda_global,,,,,1.55
set12,extreme,06.png,4,0.2,"[512, 512]",aa1ae42753ac532294aa25320a62b1fb9aa4b54ad1627f3551d0532393b63c6e,3d987315aa538246f5a208b6d41f81eab45d6f505e0a6f7243927c5ad7a0fe40,gnlm,909.85,21.526573933963835,0.5216820575900143,36.847389846482635,,scaled_current_nlm,,,47.74682385800406,8,8,NLM_fast_cuda_global,,,,,1.55
set12,extreme,03.png,4,0.2,"[512, 512]",ecaf4e62d02b750095b71c0828247049848c285190975276e63ef6d951b37cf4,aad7e4eba1d0a55ac4a983788b73e9e5a66f24a767e26e93e98c74ddff8dd54a,gnlm,930.0,23.699296078273377,0.6009305012721088,41.896173102742125,,scaled_current_nlm,,,48.30920920999779,8,8,NLM_fast_cuda_global,,,,,1.55
set12,extreme,11.png,4,0.2,"[512, 512]",17b452cc44e876adc0d3fd3607e8c9ab9e04406fa1702d436005e99db30c6108,76b80ddc8c4f96ba7c3331b18a0331e1aa705a7e327f7bf24342319ad0898b04,gnlm,602.95,20.842008927054685,0.41094131490694297,30.96807020887449,,scaled_current_nlm,,,47.44764080400637,8,8,NLM_fast_cuda_global,,,,,1.55
set12,moderate,02.png,4,0.03,"[512, 512]",9a0925d4efea52b4b8355baab41b735118c594bada85c1650a8c929d4bedd645,d879986baaf42190982449d59dd5553d540eb63dbc7567ea488c75632114b5ac,gnlm,309.4,32.90777701439269,0.8614069980667861,59.52423841053565,,scaled_current_nlm,,,47.393569909996586,8,8,NLM_fast_cuda_global,,,,,1.4
set12,moderate,10.png,4,0.03,"[512, 512]",fa9370ee1649c3bf2aa161f01d3d2575a2dedca729f26b78bd75d618679b9889,434ac8f246e81cbe180927267d40fe66e3454116170de134fb46d837087c066b,gnlm,253.39999999999998,27.306532871543006,0.7487858526003782,51.09255906579041,,scaled_current_nlm,,,46.97710128300241,8,8,NLM_fast_cuda_global,,,,,1.4
set12,moderate,09.png,4,0.03,"[512, 512]",4b3ddbef5883a30e02120d9280c878727f5282bb054525cf3a5b0fcffb889d5c,197f65e812b0eeb2cf91510c2b107e0d658adcb343eaa673a6289fbe2bc4596e,gnlm,217.0,25.5712481952691,0.7355869265463162,49.56497042495036,,scaled_current_nlm,,,46.77122050100297,8,8,NLM_fast_cuda_global,,,,,1.4
set12,moderate,07.png,4,0.03,"[512, 512]",154769fc48745384ec8816fc554051b0dd5f1c55071de2669c9058bf3a96574e,b36e158819d385dc062ac7799786f1c8f4d46446b333738c6e5fa3718cffe970,gnlm,317.79999999999995,28.301705075537157,0.824266139932675,55.364159534402326,,scaled_current_nlm,,,46.93290349999734,8,8,NLM_fast_cuda_global,,,,,1.4
set12,moderate,05.png,4,0.03,"[512, 512]",0a48bd94dc684e9744094acf5f9409ae1a147f367207cbcf847ffecc9506b1e3,114a2e420e0ad99810e3e866c2b4386ab515991bfd7c5db3c2eb96d637d19c5b,gnlm,292.59999999999997,30.668759650802148,0.8890788995825832,59.788324804530234,,scaled_current_nlm,,,49.86198850400979,8,8,NLM_fast_cuda_global,,,,,1.4
set12,moderate,08.png,4,0.03,"[512, 512]",2c394996c73fe787fca843f9f42014d5330dda4ad3053466b934f2c52d1c1f84,f41575c24a908e64f17f53ab3e3de05a585eca0546392a462de5fb0793ed1ce6,gnlm,204.39999999999998,26.748030260433477,0.7044036950936006,48.59419988489677,,scaled_current_nlm,,,46.815767104999395,8,8,NLM_fast_cuda_global,,,,,1.4
set12,moderate,01.png,4,0.03,"[512, 512]",0a372ced9fd4d1f9633532a58073e3974b41da8cfc87f04ec8e9a8dc6a89bba1,8022eb92cc13c07829c548cf238b714175cd922f1b59a9ef093b7a962ea44eae,gnlm,302.4,29.039868384711145,0.8111676539886667,55.07831689178891,,scaled_current_nlm,,,47.78515589599556,8,8,NLM_fast_cuda_global,,,,,1.4
set12,moderate,04.png,4,0.03,"[512, 512]",7f6baec8e072815d469acd5d149f5da86b89ef26df1895c4edde2d5758900fd0,558b3a110914cdad728ad09d50eba68d5001d3cabe99f29756fe4a3478144a26,gnlm,310.79999999999995,30.008723887551913,0.8720597938901851,58.60735163828521,,scaled_current_nlm,,,46.77707098099927,8,8,NLM_fast_cuda_global,,,,,1.4
set12,moderate,06.png,4,0.03,"[512, 512]",aa1ae42753ac532294aa25320a62b1fb9aa4b54ad1627f3551d0532393b63c6e,0e78536a56147ba906c487c61e6164992aafc64d24893e1e756d7777e6184f16,gnlm,301.0,27.796056954590295,0.8045326144981839,54.12465920220435,,scaled_current_nlm,,,47.231280396998045,8,8,NLM_fast_cuda_global,,,,,1.4
set12,moderate,03.png,4,0.03,"[512, 512]",ecaf4e62d02b750095b71c0828247049848c285190975276e63ef6d951b37cf4,d9a7aa26403306264e3dab31bb083178514a9ce2d7e31938922d1ea09f35d416,gnlm,298.2,31.252551245768416,0.8834611311797339,59.7993321818709,,scaled_current_nlm,,,47.56394629499118,8,8,NLM_fast_cuda_global,,,,,1.4
set12,moderate,11.png,4,0.03,"[512, 512]",17b452cc44e876adc0d3fd3607e8c9ab9e04406fa1702d436005e99db30c6108,4f6af6012acab1aca32e1626772dece3f447b16d814b44a65374637178964709,gnlm,267.4,25.777240331643302,0.6821385826225893,46.99554929695111,,scaled_current_nlm,,,46.85336810699664,8,8,NLM_fast_cuda_global,,,,,1.4
set12,low,02.png,4,0.01,"[512, 512]",9a0925d4efea52b4b8355baab41b735118c594bada85c1650a8c929d4bedd645,5a06d5c62acf1b36874d17fbb7c8fbcf1bfa1a90a72f48c16e827f3f6067b418,gnlm,235.2,34.82445358038093,0.911143663537452,62.969409967063065,,scaled_current_nlm,,,46.14566376499715,8,8,NLM_fast_cuda_global,,,,,1.4
set12,low,10.png,4,0.01,"[512, 512]",fa9370ee1649c3bf2aa161f01d3d2575a2dedca729f26b78bd75d618679b9889,fe06adf3c895b40fb6b5a15eaf684dfca16946f6169b38d893ed18d3aef8cf92,gnlm,187.6,28.698722620188278,0.8032566644513603,54.51219453266216,,scaled_current_nlm,,,46.38365145100397,8,8,NLM_fast_cuda_global,,,,,1.4
set12,low,09.png,4,0.01,"[512, 512]",4b3ddbef5883a30e02120d9280c878727f5282bb054525cf3a5b0fcffb889d5c,bf4e02197794a0e21fbe08f301c6e1a7f1d9ff3ad8f7a4b371f0e200d7cb39b1,gnlm,1.4,25.287497463932965,0.8234040725878808,53.81395236136053,,scaled_current_nlm,,,46.39809297201282,8,8,NLM_fast_cuda_global,,,,,1.4
set12,low,07.png,4,0.01,"[512, 512]",154769fc48745384ec8816fc554051b0dd5f1c55071de2669c9058bf3a96574e,bebd5b94e7c8cd5e3c45a4c02eeb5c2f8901ef456e75534811f5ac6a29a3fac0,gnlm,242.2,29.699784700625848,0.872543247801706,58.47705474039823,,scaled_current_nlm,,,46.029147736990126,8,8,NLM_fast_cuda_global,,,,,1.4
set12,low,05.png,4,0.01,"[512, 512]",0a48bd94dc684e9744094acf5f9409ae1a147f367207cbcf847ffecc9506b1e3,166ad95c58f0c06dd2685ab4d5020f880563f9a5058e35aa36901da12704efa6,gnlm,229.6,32.77787119892382,0.9330019648455646,63.03903384174014,,scaled_current_nlm,,,46.368882709997706,8,8,NLM_fast_cuda_global,,,,,1.4
set12,low,08.png,4,0.01,"[512, 512]",2c394996c73fe787fca843f9f42014d5330dda4ad3053466b934f2c52d1c1f84,66926c0920534e26b939a5d9f0556865f11d7abe2870967adce74daa613116e0,gnlm,1.4,25.636685420614103,0.8061449588289109,53.125590651752596,,scaled_current_nlm,,,46.94824154498929,8,8,NLM_fast_cuda_global,,,,,1.4
set12,low,01.png,4,0.01,"[512, 512]",0a372ced9fd4d1f9633532a58073e3974b41da8cfc87f04ec8e9a8dc6a89bba1,44e11976558cb007c81a668559ae9107fdef12040d6bf3409d86e01b32bb629b,gnlm,235.2,30.762909572301858,0.8680818792504756,58.785548748674714,,scaled_current_nlm,,,47.77665564599738,8,8,NLM_fast_cuda_global,,,,,1.4
set12,low,04.png,4,0.01,"[512, 512]",7f6baec8e072815d469acd5d149f5da86b89ef26df1895c4edde2d5758900fd0,ecca96323697cb95c9b9c67fa33692a63a0bcc03cbf07eb1f49bfa5e122f8d4d,gnlm,236.6,31.605580618972272,0.9105169430002483,61.32863745949855,,scaled_current_nlm,,,46.33444800900179,8,8,NLM_fast_cuda_global,,,,,1.4
set12,low,06.png,4,0.01,"[512, 512]",aa1ae42753ac532294aa25320a62b1fb9aa4b54ad1627f3551d0532393b63c6e,17094acf9de65d3df3665b52428f406b7e9029614715969875e5da956e308411,gnlm,228.2,29.564537326026805,0.8580787033980449,57.68620383291565,,scaled_current_nlm,,,45.81173780999961,8,8,NLM_fast_cuda_global,,,,,1.4
set12,low,03.png,4,0.01,"[512, 512]",ecaf4e62d02b750095b71c0828247049848c285190975276e63ef6d951b37cf4,2d3e27d6769c28d88fcabbfa79deb4e13ee1277e06787f8cfec414322f383aed,gnlm,230.99999999999997,33.30545148728744,0.9282128028584394,63.06336588656569,,scaled_current_nlm,,,45.7028434130043,8,8,NLM_fast_cuda_global,,,,,1.4
set12,low,11.png,4,0.01,"[512, 512]",17b452cc44e876adc0d3fd3607e8c9ab9e04406fa1702d436005e99db30c6108,4d79c36b74d775043c078b1a3b12fac535b38d23f700cf6d0a06dba47d86941f,gnlm,1.4,24.60937951522567,0.820725453494056,53.340962432315635,,scaled_current_nlm,,,47.51535396599502,8,8,NLM_fast_cuda_global,,,,,1.4
